query,db,status,hits,doi,title,year,abstract
elite coach behaviours versus good coaches systematic observation,crossref,ok,1963339,10.4324/9781003251309-3,Career Development of Elite Coach Developers,2023,
elite coach behaviours versus good coaches systematic observation,crossref,ok,1963339,10.1080/17408989.2025.2562570,"The coach as cultural architect: an exploration into the knowledge, skills and behaviours of elite rugby union coaches",2025,
elite coach behaviours versus good coaches systematic observation,crossref,ok,1963339,10.4324/9781003148784-7,The Coach Education System for Elite Football Coaches in Singapore,2022,
elite coach behaviours versus good coaches systematic observation,crossref,ok,1963339,10.4324/9781041057161-3,What makes a good coach?,2025,
elite coach behaviours versus good coaches systematic observation,crossref,ok,1963339,10.2139/ssrn.4437819,Players’ Perceptions of Coaches’ Leadership Behaviours and Coach–Athlete Relationships in the South African Women's Soccer League,2023,
elite coach behaviours versus good coaches systematic observation,crossref,ok,1963339,10.1108/978-1-78973-487-420201004,The Outer Coach: The Skills and Behaviours of Great Coaches,2020,
elite coach behaviours versus good coaches systematic observation,crossref,ok,1963339,10.4324/9781003595755-11,Performance Analysis and the Observation of Psychological Behaviours in Youth Football,2026,
elite coach behaviours versus good coaches systematic observation,crossref,ok,1963339,10.4324/9781003595755-19,Embedding Performance Analysis in Coach Development through the FA Youth Coach Developer Role,2026,
elite coach behaviours versus good coaches systematic observation,crossref,ok,1963339,10.1007/s11613-014-0355-3,Und wer coacht die Coaches?,2014,
elite coach behaviours versus good coaches systematic observation,crossref,ok,1963339,10.5040/9781718206694.ch-009,Coach Education of Professional and Olympic-Level Coaches,2020,
elite coach behaviours versus good coaches systematic observation,crossref,ok,1963339,10.4324/9780203797730-17,The nature and importance of coach–player relationships in the uptake of Game Sense by elite rugby coaches in Australia and New Zealand,2013,
elite coach behaviours versus good coaches systematic observation,crossref,ok,1963339,10.4324/9781003089889-42,Manager as coach,2020,
elite coach behaviours versus good coaches systematic observation,crossref,ok,1963339,10.4324/9781003232322-2,"Coach education, coach learning and professional development",2024,
elite coach behaviours versus good coaches systematic observation,crossref,ok,1963339,10.1123/iscj.2024-0075,Educating Elite Coaches in Sport—Subjective Experiences From a National Coach Education Program,2026,"The current study concerned elite sport coaches’ experiences from participating in a nonformal coach education program, inspired by learner centeredness (LC), including mentors, and facilitated group gatherings. A reflexive thematic analysis showed three main themes: (a) the importance of a mentor–coach alliance based on trust, (b) the importance of sharing experiences and actively listening, and (c) confidence through confirmed strategies. These three themes were discussed in terms of the LC paradigm and teaching, mentoring literature, and Kolb’s learning cycle, as well as professional coaching, and self-efficacy. Concluding with a coach preference for a LC approach and the relevance of experiential learning theory and professional coaching for continued improvement in coach education and mentoring."
elite coach behaviours versus good coaches systematic observation,crossref,ok,1963339,10.1123/iscj.2024-0062,"Erratum. Practice Design and Coaching to Support Learning in Elite Youth Soccer Players: Recommendations From International Coaches, Coach Educators, and Researchers",2024,
elite coach behaviours versus good coaches systematic observation,crossref,ok,1963339,10.4324/9781003232322-3,Coach development,2024,
elite coach behaviours versus good coaches systematic observation,crossref,ok,1963339,10.1123/kr.2022-0006,Systematic Review of the Coach–Athlete Relationship From the Coaches’ Perspective,2023,"The purpose of this study was to systematically review the variables associated with the coach–athlete relationship (CAR) from the coaches’ perspective. Three databases were searched; 57 studies published between January 2000 and May 2021 met the inclusion criteria. Correlates (
                    n
                     = 35) were grouped into three categories: coach variables, athlete variables, and coaching behaviors. Variables positively associated with the coaches’ perspective of the CAR included coaching satisfaction, the teaching of life skills, and engaging in need-supportive behaviors. Negative correlates included coaching burnout, athletes’ avoidant attachment style, and coaches’ controlling behaviors. Aside from coach satisfaction, many of the relationships mentioned came from only one or two studies; therefore, replication studies are needed examining CAR from the coaches’ perspective. In conclusion, the better coaches report CAR to be, the more they also report fostering a caring and autonomy-supportive environment, teaching life skills, and being satisfied with their coaching experience."
elite coach behaviours versus good coaches systematic observation,crossref,ok,1963339,10.35159/kjss.2023.08.32.4.517,The Good Coach and the Bad Coach in the Eyes of Elite Sports Athletes,2023,
elite coach behaviours versus good coaches systematic observation,crossref,ok,1963339,10.4324/9781003089889-6,Understanding yourself as a coach,2020,
elite coach behaviours versus good coaches systematic observation,crossref,ok,1963339,10.1123/tsp.2025-0035,Planned Disruptions Utilized by an Expert Coach in Elite Sport: A Case Study of Ivica Osim From the Perspective of Assistant Coaches,2026,"Planned disruptions are intentional training activities that expose athletes to stress to improve their competitive performance and psychological development; however, knowledge on the types of planned disruptions employed by expert coaches remains limited. This study explored the types of planned disruptions that Ivica Osim, an expert coach, was believed to have used and how their impacts were retrospectively interpreted by five coaches who worked under him. We adopted a pragmatic research paradigm and conducted semistructured interviews with the coaches. A thematic analysis identified four types of planned disruptions—unstable training locations, unsettled competitive conditions, intentional unpredictability, and multidimensional loads. Participants retrospectively described these practices as creating a multifaceted training environment in which players became accustomed to pressure, developed game intelligence, strengthened psychological competencies, and supported team dynamics. Overall, the findings show how planned disruptions were understood to relate to individual- and team-level changes in an elite sport context."
elite coach behaviours versus good coaches systematic observation,crossref,ok,1963339,10.15358/9783800675722-147,Eine Woche im Leben eines erfolgreichen Business Coaches,2025,
elite coach behaviours versus good coaches systematic observation,crossref,ok,1963339,10.1080/00336297.2025.2494505,“You Coach Coaches?” A Rationale for the Coach Developer Role and Practical Guidelines for Effective Working Relationships with Coaches,2025,
elite coach behaviours versus good coaches systematic observation,crossref,ok,1963339,10.5040/9798400681950.ch-004,Competencies of Performance Coaches,2007,
elite coach behaviours versus good coaches systematic observation,crossref,ok,1963339,10.4324/9781003685951-2,Becoming a dual-qualified coach,2026,
elite coach behaviours versus good coaches systematic observation,crossref,ok,1963339,10.4324/9781003685951-4,Becoming a dual-qualified coach,2026,
elite coach behaviours versus good coaches systematic observation,crossref,ok,1963339,10.4324/9780429351037-12,A “Personal Learning Coach” for High-Performance Coaches,2019,
elite coach behaviours versus good coaches systematic observation,crossref,ok,1963339,10.33915/etd.10887,Coach and athlete burnout: The role of coaches' decision-making style.,,
elite coach behaviours versus good coaches systematic observation,crossref,ok,1963339,10.1177/1747954116676113,Development of the Assessment of Coach Emotions systematic observation instrument: A tool to evaluate coaches’ emotions in the youth sport context,2016,"Current research on emotions in sport focuses heavily on athletes’ intrapersonal emotion regulation; however, interpersonal consequences of emotion regulation are garnering recent attention. As leaders in sport, coaches have the opportunity to regulate not only their own emotions, but also those of athletes, officials, and spectators. As such, the present study set out to develop an observational tool, demonstrating evidence of validity and reliability, for measuring coaches’ overt emotions in the youth sport context. Categories were derived and refined through extensive literature and video review, resulting in 12 categories of behavioural content and eight emotion modifiers ( Neutral, Happy, Affectionate, Alert, Tense, Anxious, Angry and Disappointed). The final coding system is presented herein, complete with supporting evidence for validity and reliability. As a tool for both researchers and practitioners in sport, the Assessment of Coach Emotions (ACE) offers enhanced insight into the contextual qualities underlying coaches’ interactive behaviours."
elite coach behaviours versus good coaches systematic observation,crossref,ok,1963339,10.1123/iscj.2015-0038,"Developing a Systematic Evaluation for Coaches, a Commentary on ‘Coach Evaluation’ by Gillham, Hansen and Brady",2015,
elite coach behaviours versus good coaches systematic observation,crossref,ok,1963339,10.2139/ssrn.5005090,Agile Coach or Creativity Coach? How Scrum Masters and Agile Coaches Foster Creativity-Conducive Spaces in Agile Software Teams,2024,
elite coach behaviours versus good coaches systematic observation,crossref,ok,1963339,10.3389/fpsyg.2025.1666035,A systematic review of psychological difficulties among elite sports coaches,2025,"Introduction
                    This systematic review examined the psychological difficulties experienced by elite sports coaches, focusing on their causes, consequences, and potential interventions. Despite increasing recognition of the challenges faced by coaches, limited attention has been paid to understanding their psychological difficulties and available support systems.
                  
                  
                    Methods
                    Following PRISMA guidelines, a comprehensive search was conducted across PubMed, Scopus, Web of Science, and SPORTDiscus. A total of 101 peer-reviewed studies published between 2010 and 2024 were identified and analyzed. Keywords such as “psychological difficulties,"" “stress,"" “burnout,"" and “coach-athlete relationship"" were used to guide the search strategy.
                  
                  
                    Results
                    Findings revealed that elite coaches frequently encounter psychological difficulties stemming from performance pressure, excessive workloads, the complexities of athlete management, and external social expectations. These stressors were associated with heightened risk of burnout, diminished psychological wellbeing, reduced coaching effectiveness, and strained coach-athlete relationships.
                  
                  
                    Discussion
                    Despite the prevalence and severity of these psychological difficulties, relatively few studies have addressed intervention strategies specifically targeting coaches. This review highlights the urgent need for evidence-based support systems to help coaches manage psychological difficulties and optimize their professional functioning. The findings provide valuable insights to inform future research and practical initiatives aimed at creating a healthier and more sustainable environment for both coaches and athletes in elite sports settings."
elite coach behaviours versus good coaches systematic observation,crossref,ok,1963339,10.20419/2023.32.569,Predstave trenerjev mladih atletov o pomembnih značilnostih trenerja in učinkovitih trenerskih vedenjih,2023,"Trener in njegova ravnanja imajo velik vpliv na otroke v najbolj občutljivih obdobjih njihovega razvoja. Od trenerskih vedenj je v veliki meri odvisna kakovost otrokovega razvoja na telesnem, kognitivnem, socialnem, psihološkem in emocionalnem področju. Namen naše raziskave je bil opredeliti lik slovenskega trenerja mladih športnikov z vidika značajskih lastnosti ter učinkovitih trenerskih vedenj, ki otrokom omogočajo uživanje v varnem ukvarjanju s športno dejavnostjo. V vzorec smo vključili osem atletskih trenerjev, ki se ukvarjajo z otroško vadbo, in jih intervjuvali z uporabo polstrukturiranega intervjuja preko Zooma. Trenerji so odgovarjali na štiri sklope vprašanj. Vsa so se nanašala na skupino atletov, starih od 9 do 11 let. Vsebino intervjujev smo dobesedno prepisali in jo obdelali s kvalitativno vsebinsko analizo. Misli smo najprej odprto kodirali, nato pa smo sorodne združili v kategorije in jih opisali. Potrdili smo velik pomen trenerjevega značaja in lastnosti, kot so prijaznost, iskrenost, toplina itd. Trenerjev značaj je po mnenju slovenskih atletskih trenerjev tudi ključni dejavnik kakovosti odnosa trener-športnik. Čeprav je atletika individualni šport, trenerji prepoznavajo velik pomen skupine, sklepanja prijateljstev, medsebojne pomoči in vzajemnega spoštovanja. Kljub temu da ima trener predvsem v obdobju otrokovega razvoja zelo pomembno vlogo, imajo velik vpliv na povezanost skupine, samozavest vadečih in njihovo motivacijo tudi vrstniki. Ker velja pri otrocih užitek za najpomembnejši motiv pri ukvarjanju s športom, je ustrezno, da trenerji poudarjajo usmerjenost k izvedbi naloge, in sicer na način, da spodbujajo lastno primerjavo, napredek, učenje ter vlaganje truda."
elite coach behaviours versus good coaches systematic observation,crossref,ok,1963339,10.1080/21640629.2013.790167,Performance during performance: using Goffman to understand the behaviours of elite youth football coaches during games,2012,
elite coach behaviours versus good coaches systematic observation,crossref,ok,1963339,10.4324/9781003319016-3,The wellbeing coach,2024,
elite coach behaviours versus good coaches systematic observation,crossref,ok,1963339,10.4324/9781003251309-20,Coach Developers as Agents of Change,2023,
elite coach behaviours versus good coaches systematic observation,crossref,ok,1963339,10.5040/9798400681950.ch-003,Roles and Responsibilities of Performance Coaches,2007,
elite coach behaviours versus good coaches systematic observation,crossref,ok,1963339,10.4324/9781003685951-10,Measuring your impact as a dual-qualified coach,2026,
elite coach behaviours versus good coaches systematic observation,crossref,ok,1963339,10.4324/9781003232322-12,Reflections on supporting coaches in performance sport,2024,
elite coach behaviours versus good coaches systematic observation,crossref,ok,1963339,10.5040/9781718206694.ch-013,Professional Development Opportunities for Coaches,2020,
elite coach behaviours versus good coaches systematic observation,crossref,ok,1963339,10.4324/9781003232322-13,What gets developed in coach development?,2024,
elite coach behaviours versus good coaches systematic observation,crossref,ok,1963339,10.4324/9781003685951-5,"Contracting, boundaries, and ethics for dual-qualified coaches",2026,
elite coach behaviours versus good coaches systematic observation,crossref,ok,1963339,10.4324/9781003685951-6,Tools and techniques as a dual-qualified coach,2026,
elite coach behaviours versus good coaches systematic observation,crossref,ok,1963339,10.4324/9781003685951-12,A stage development approach to supervising dual-qualified coaches,2026,
elite coach behaviours versus good coaches systematic observation,crossref,ok,1963339,10.5040/9781718206694.ch-002,Ethical and Philosophical Grounding of Coaches,2020,
elite coach behaviours versus good coaches systematic observation,crossref,ok,1963339,10.4324/9781003251309-11,Sensemaking for the Coach Developer,2023,
elite coach behaviours versus good coaches systematic observation,crossref,ok,1963339,10.15823/sm.2017.1,A Systematic Review of the Professional Competencies of Coaches in Elite Sport,2017,
elite coach behaviours versus good coaches systematic observation,crossref,ok,1963339,10.4324/9781003593713-14,Coach supervision with nature,2026,
elite coach behaviours versus good coaches systematic observation,crossref,ok,1963339,10.1007/s11613-024-00915-w,Der talentierte Mr. Coach? – Eine empirische Untersuchung zu narzisstischer Grandiosität bei Coaches im Vergleich zur Normalbevölkerung,2024,"Zusammenfassung
          In der vorliegenden Studie wird untersucht, ob Coaches sich in ihrer wahrgenommenen Grandiosität als Facette des Narzissmus signifikant von der Normalbevölkerung unterscheiden und welche Variablen Grandiosität prädiktieren. Es wurden Daten von 559 Teilnehmern der Coaching-Umfrage Deutschland des Jahres 2022 analysiert. Grandiosität wurde mithilfe von Items der deutschen Kurzversion des Narcissistic Personal Inventory (NPI-d-5) ermittelt. Die Ergebnisse zeigen, dass Coaches signifikant höhere Ausprägungen hinsichtlich der Grandiosität aufweisen als die Normalbevölkerung. Gleichzeitig zeigen sich verschiedene Zusammenhänge zwischen Grandiosität, Gender, Alter, Coaching-Erfahrung."
elite coach behaviours versus good coaches systematic observation,crossref,ok,1963339,10.4324/9781003685951,Therapist to Coach,2026,
elite coach behaviours versus good coaches systematic observation,crossref,ok,1963339,10.1123/iscj.2023-0079,"Practice Design and Coaching to Support Learning in Elite Youth Soccer Players: Recommendations From International Coaches, Coach Educators, and Researchers",2025,"Providing optimal learning support is a major challenge within talent development settings. To accomplish this challenge, practitioners’ decisions, and actions should be informed by a blend of practical experiences and academic knowledge. This study explored experts’ recommendations on how to facilitate learning in elite adolescent soccer players during practice. Special focus was dedicated to why certain practice and coaching approaches were recommended to better understand experts’ justifications. Eighteen semistructured interviews were conducted with international experts representing three complementary groups of expertise (i.e., six of each soccer coaches; coach educators/developers; and researchers in talent development, motor learning, or coaching pedagogy). By employing a reflexive thematic analysis three themes were constructed: (I) differentiating overarching learning goals to address players’ individual needs, (II) designing purposeful training sessions with the game in mind, and (III) coaching interventions to support player learning within a group environment. Overall, the experts recommended the complementary use of different practice and coaching strategies to address individual learning needs. While some strategies may be associated with conflicting theoretical paradigms and established pedagogical approaches, the findings inform a purposeful integration of those different approaches in practical work. Therefore, participants’ recommendations can be discussed by integrating interdisciplinary theoretical perspectives."
what separates expert coaches from experienced coaches,crossref,ok,10029624,10.4324/9781315817507,What Teachers Can Learn From Sports Coaches,2014,
what separates expert coaches from experienced coaches,crossref,ok,10029624,10.1097/iyc.0000000000000200,"Practices and Reflections of Experienced, Expert Early Childhood Coaches",2021,"The qualities and practices of two experienced, expert early childhood (EC) coaches, working with Early Head Start teachers, were explored through analyses of 24 audio-recorded EC coach–teacher conversations and coach interview data. Audio-recordings from 2 years of coaching sessions were reviewed, identifying the coaches' use of specific conversation behaviors, modified from Early Childhood Coaching Conversations (ECCC; Knoche &amp; Bainter, 2012). Coaches used all 12 ECCC behaviors. Conversational behaviors associated with establishing relationships and sharing observations were used at similar rates in beginning (first year) and established (second year) coaching relationships. Coaches in established relationships however used higher rates of behaviors associated with acknowledging and affirming teachers' feelings and behaviors, and planning next steps. EC coaches' reflections on behaviors they used in coaching sessions with the teachers provided an opportunity to further examine EC coaching principles and practices. Interviews revealed coaches' perceived benefits of coaching, as well as a value in advancing relationships, and using key conversation behaviors, documentation, and a structured coaching approach. A focus on evidenced-based strategies teachers have been previously trained to use in their work with at-risk infants, toddlers, and their families was important in the coaches' work with teachers."
what separates expert coaches from experienced coaches,crossref,ok,10029624,10.1037/e672622012-051,Expert coaches views on the training of developing coaches,1995,
what separates expert coaches from experienced coaches,crossref,ok,10029624,10.12775/qs.2016.019,Swimming coaches competences in the opinion of expert coaches,2016,"Competence athletic trainers are of great importance to the quality of education in the system of Polish sport. Unfortunately publications on the competence of the trainers take this issue unilaterally, without taking into account the full specifics of their work. Prepared article seeks to increase knowledge about the competence of the trainers working with high-class swimmers.                The study was based on interviews with coaches with high seniority and the results to be considered surveyed by experts. Respondents' opinions compared with the literature to determine the set of competencies specific to the high-class coaches swimmers."
what separates expert coaches from experienced coaches,crossref,ok,10029624,10.4324/9781315856223,What Great Coaches Do Differently,2014,
what separates expert coaches from experienced coaches,crossref,ok,10029624,10.5040/9781718218895.ch-065,What Should Coaches Expect From Their Players?,2011,
what separates expert coaches from experienced coaches,crossref,ok,10029624,10.4324/9780429354700,The Creativity Workbook for Coaches and Creatives,2020,
what separates expert coaches from experienced coaches,crossref,ok,10029624,10.1080/02640414.2022.2099177,Substitutions in football – what coaches think and what coaches do,2022,
what separates expert coaches from experienced coaches,crossref,ok,10029624,10.1519/0199-610x(1981)003<0034:gcwata>2.3.co;2,Nutrition: Glandular Concentrates: what are they and what do they do for the athlete?,1981,
what separates expert coaches from experienced coaches,crossref,ok,10029624,10.4324/9780429354700-6,Thresholds,2020,
what separates expert coaches from experienced coaches,crossref,ok,10029624,10.15663/wje.v1i1.532,Goal setting in sport: what coaches can learn from research,2017,"Many sport psychologists believe that goal setting is an effective way for athletes to improve their performance. In this paper I discuss how coaches can help their athletes set goals. Specifically, I discuss the importance of using short and long term goals; defining reasonable goals; establishing appropriate goal attainment strategies, and providing athletes with feedback regardless of whether they reach their goals. Finally, I suggest how goal setting can also enhance an athlete's life outside sport."
what separates expert coaches from experienced coaches,crossref,ok,10029624,10.4324/9781003427292-2,Serial Winning Coaches (SWC),2023,
what separates expert coaches from experienced coaches,crossref,ok,10029624,10.1080/21640629.2022.2073135,What if I had made a different decision? Experienced regrets of college coaches,2022,
what separates expert coaches from experienced coaches,crossref,ok,10029624,10.1123/jtpe.2.3.33,Bridging the Gap from Student to Coach: Experienced Coaches Speak Out,1983,
what separates expert coaches from experienced coaches,crossref,ok,10029624,10.4324/9780429354700-4,Creative Geometry,2020,
what separates expert coaches from experienced coaches,crossref,ok,10029624,10.4324/9780429354700-19,Character Activation,2020,
what separates expert coaches from experienced coaches,crossref,ok,10029624,10.4324/9780429354700-45,Flip It!,2020,
what separates expert coaches from experienced coaches,crossref,ok,10029624,10.4324/9780429354700-52,Creative Alchemy,2020,
what separates expert coaches from experienced coaches,crossref,ok,10029624,10.4324/9780429354700-44,N.A.I.L. Freedom,2020,
what separates expert coaches from experienced coaches,crossref,ok,10029624,10.4324/9780429354700-20,Persona Mapping,2020,
what separates expert coaches from experienced coaches,crossref,ok,10029624,10.1037/e514282025-001,What do professional coaches really do? A mixed methods analysis of coaches' verbal behaviors,2023,
what separates expert coaches from experienced coaches,crossref,ok,10029624,10.4324/9780429354700-26,Creative Boxes,2020,
what separates expert coaches from experienced coaches,crossref,ok,10029624,10.4324/9780429354700-30,Art-Making,2020,
what separates expert coaches from experienced coaches,crossref,ok,10029624,10.4324/9780429354700-14,Making a Space,2020,
what separates expert coaches from experienced coaches,crossref,ok,10029624,10.4324/9780429354700-21,The Evening Review,2020,
what separates expert coaches from experienced coaches,crossref,ok,10029624,10.4324/9781003427292-8,Caring Determination – Serial Winning Coaches as Leaders,2023,
what separates expert coaches from experienced coaches,crossref,ok,10029624,10.4324/9781003089889-46,Fifteen tools and techniques for coaches,2020,
what separates expert coaches from experienced coaches,crossref,ok,10029624,10.4324/9781003427292-5,The Learning Journeys of Serial Winning Coaches,2023,
what separates expert coaches from experienced coaches,crossref,ok,10029624,10.4324/9780429354700-22,Move Yourself!,2020,
what separates expert coaches from experienced coaches,crossref,ok,10029624,10.51202/9783181024171-261,Faster Evacuation from Coaches – What are the Obstacles?,2023,
what separates expert coaches from experienced coaches,crossref,ok,10029624,10.4324/9780429354700-16,"Relaxed, Determined, Forward",2020,
what separates expert coaches from experienced coaches,crossref,ok,10029624,10.4324/9780429354700-9,Seeing Is Believing,2020,
what separates expert coaches from experienced coaches,crossref,ok,10029624,10.4324/9780429354700-31,Just Five Words,2020,
what separates expert coaches from experienced coaches,crossref,ok,10029624,10.4324/9780429354700-38,Ask Your Muse,2020,
what separates expert coaches from experienced coaches,crossref,ok,10029624,10.4324/9780429354700-49,Mind-Movie Muse,2020,
what separates expert coaches from experienced coaches,crossref,ok,10029624,10.4324/9780429354700-32,The Creative Zone,2020,
what separates expert coaches from experienced coaches,crossref,ok,10029624,10.4324/9780429354700-34,Ambition Without Grandiosity,2020,
what separates expert coaches from experienced coaches,crossref,ok,10029624,10.4324/9780429354700-40,Creating Bridging Rituals,2020,
what separates expert coaches from experienced coaches,crossref,ok,10029624,10.4324/9780429354700-39,Dance Your Heart Out,2020,
what separates expert coaches from experienced coaches,crossref,ok,10029624,10.5040/9781718219366.0005,About the American Volleyball Coaches Association,2006,
what separates expert coaches from experienced coaches,crossref,ok,10029624,10.4324/9780429354700-13,Create Your Essence List,2020,
what separates expert coaches from experienced coaches,crossref,ok,10029624,10.4324/9780429354700-42,"Imagine, Create, Transform",2020,
what separates expert coaches from experienced coaches,crossref,ok,10029624,10.4324/9780429354700-46,Symbolic Visualization for Creatives,2020,
what separates expert coaches from experienced coaches,crossref,ok,10029624,10.4324/9780429354700-29,Into the Scene,2020,
what separates expert coaches from experienced coaches,crossref,ok,10029624,10.4324/9780429354700-53,Freedom Within Form,2020,
what separates expert coaches from experienced coaches,crossref,ok,10029624,10.4324/9780429354700-11,Don’t Solve the Problem,2020,
what separates expert coaches from experienced coaches,crossref,ok,10029624,10.7190/shu-thesis-00508,Expert cricket coaches’ conceptions of the fast-bowling technique and how they coach it,,"The purpose of this study was to investigate expert coaches’ conceptions (internal models) of the fast-bowling technique, how they coached it and how they acquired the knowledge for both. Twenty expert cricket coaches from around the world, took part in semi-structured interviews, with all interviews being transcribed verbatim. Thematic analysis (Braun &amp; Clarke 2006) was carried out and thematic networks (Attride-Stirling, 2001) were produced for the coaches’ models of a ‘good’ fast-bowling technique, a ‘poor’ fast-bowling technique; coaches’ approaches to coaching; and coaches’ sources of knowledge. The coaches’ model of a ‘good’ fast-bowling technique matched the empirical literature findings, as did the model of a ‘poor’ technique, with both models using the six-phase technique (Bartlett et al 1996). It is believed that the model of a ‘poor’ technique is the first of its kind to be produced. Fetisova et al (2020) suggested that coaches (expert and non-expert) tend to be able to identify the individual components of a technique, but the ability to distinguish the ‘big picture’ of the technique, how individual elements fit together and the biomechanical principles that cause this, are the factors that differentiate the expert coaches from the non-expert coaches. The coaches’ explicit discussion of biomechanical principles was varied across the cohort. The coaches’ approach to coaching was broken down into six sub-themes: ‘Coaching philosophy &amp; beliefs’, ‘Physical and mental preparation and development’, ‘Coaching environments and interventions’, ‘Coach-player relationships and communications’, and ‘Other factors’. Coaches believed strongly in individualising coaching analysis and interventions and stated a preference for holistic development. However, there was little discussion of variation to pedagogical approaches, with coaches having a strong preference for using drill-based coaching interventions. The coaches’ sources of knowledge were also pulled into six sub-themes: ‘Experience, Coach education/CPD’, ‘Other formal professional knowledge and education’, ‘Conversations with other experts’, ‘Self-directed study’, and ‘Personal theory and experimentation’. Coaches built their knowledge and expertise in a non-linear fashion. Coaches preferred referring to former and current high-level performers as models of technique and worked closely with"
what separates expert coaches from experienced coaches,crossref,ok,10029624,10.33915/etd.6939,Instructional Coaches in West Virginia: Who They Are and What They Do,,
what separates expert coaches from experienced coaches,crossref,ok,10029624,10.14264/uql.2016.713,Examining the antecedents of coaches’ interpersonal styles: coaches’ perspectives,,
what separates expert coaches from experienced coaches,crossref,ok,10029624,10.1007/s11613-021-00730-7,Der innerpsychische Konflikt Individuation vs. Abhängigkeit im Coaching: Zentrale Ergebnisse einer qualitativen Studie zur Praxis erfahrener Coaches,2021,"ZusammenfassungDie unbewusste Dynamik von innerpsychischen Konflikten ist ein wichtiger Inhalt des Erlebens und Verhaltens von Menschen und hat vermutlich einen Einfluss in Coachingprozessen. Diese Studie fokussiert den Grundkonflikt „Individuation vs. Abhängigkeit“ in Einzelcoachings. In einer kleinen qualitativen Feldstudie (n = 13) wurden erfahrene Coaching-Expert/innen zu subjektiven Theorien und präferierten Arbeitskonzepten im Handling dieses Konflikts im Einzelcoaching befragt. Die Inhaltsanalyse zeigt Strategien zum Handling damit auf. Im Artikel geht es primär um die Darstellung, Interpretation und Diskussion eines zentralen Forschungsergebnisses, nämlich der Bedeutung der Coachingbeziehung."
expert versus novice teacher diagnostic accuracy misconceptions,crossref,ok,1883510,10.4135/9781506341026.n8,"Become an Expert
						Novice",2016,
expert versus novice teacher diagnostic accuracy misconceptions,crossref,ok,1883510,10.1017/cbo9780511497643.008,The TLA of expert and novice teachers,2007,
expert versus novice teacher diagnostic accuracy misconceptions,crossref,ok,1883510,10.18260/1-2--23203,"Traffic Signal System Misconceptions across Three Cohorts:                                                         Novice Students, Expert Students, and Practicing Engineers",,
expert versus novice teacher diagnostic accuracy misconceptions,crossref,ok,1883510,10.7202/1121998ar,Entrepreneurs (novice contre expert) et investisseurs : interactions et dynamique des rationalités (effectuale contre causale),2025,"La littérature sur la prise de décision stratégique a montré que les entrepreneurs peuvent combiner les logiques effectuale et causale lors du processus de développement de l’entreprise, mais les interactions entre l’entrepreneur et les investisseurs et la manière dont ces logiques et leur combinaison peuvent impacter le processus d’investissement ont été peu abordées. Une étude exploratoire longitudinale auprès de deux jeunes entreprises a été menée pour étudier la complexité des interactions et comprendre les rationalités mises en oeuvre et leur évolution lors du processus d’investissement dans les jeunes entreprises. Les résultats montrent que l’entrepreneur expert utilise une rationalité causale pour lever des fonds auprès des capital-risqueurs et des anges. À l’inverse, l’entrepreneur novice recourt à une rationalité effectuale dans la création de la jeune entreprise et dans ses relations avec les anges. Les anges peuvent – de manière proactive – basculer d’une rationalité effectuale vers une rationalité causale soit pour coinvestir avec les capital-risqueurs au démarrage de la jeune entreprise, soit pour accompagner son développement. Ces résultats contribuent à la littérature sur la théorie de l’effectuation en interrogeant l’évolution des rationalités et des comportements entrepreneuriaux lors de la création de l’entreprise et de la recherche de financement."
expert versus novice teacher diagnostic accuracy misconceptions,crossref,ok,1883510,10.1177/002248719104200407,Expert and Novice Teacher Decision Making,1991,"The thinking and decision making of expert and novice teachers were compared before, during, and after teaching. The novices were five student teachers, and the experts were their five cooperating teachers in a suburban elementary school. Audiotaped planning interviews, videotapes of lessons, stimulated recall interviews, post-teaching interviews, delayed self-reports, and relevant printed materials were analyzed us ing the constant comparative method. The expert teachers thought about learning from the perspective of the student and performed a cognitive analysis of each learning task during planning, which they adapted to the needs of students during teaching. In contrast, novices used specific lesson objectives to form structured lesson plans that they did not adapt to meet student needs during teaching. Models for expert and novice teacher decision making are proposed, as well as implications for teacher education."
expert versus novice teacher diagnostic accuracy misconceptions,crossref,ok,1883510,10.4324/9780203012505-12,A Contrast of Novice and Expert Competence in Maths Lessons,2005,
expert versus novice teacher diagnostic accuracy misconceptions,crossref,ok,1883510,10.4324/9780203012505-5,A Contrast of Novice and Expert Competence in Maths Lessons,2005,
expert versus novice teacher diagnostic accuracy misconceptions,crossref,ok,1883510,10.1037/e537052012-203,Expert Versus Novice Category-Based Judgments About Food Items,2004,
expert versus novice teacher diagnostic accuracy misconceptions,crossref,ok,1883510,10.14221/ajte.2014v39n7.9,Title: How do Preservice Teacher Education students Move From Novice to Expert Assessors?,2014,
expert versus novice teacher diagnostic accuracy misconceptions,crossref,ok,1883510,10.4324/9781315453736-10,Moving from Novice Towards Expert Teacher,2018,
expert versus novice teacher diagnostic accuracy misconceptions,crossref,ok,1883510,10.1002/j.0022-0337.2012.76.10.tb05392.x,Autonomous Virtual Patients in Dentistry: System Accuracy and Expert Versus Novice Comparison,2012,"This article examines an autonomous virtual patient (AVP) system for identifying differences between novices and experts in dentistry. The two groups in the study were ten boarded or board‐eligible experts (seven males, three females; mean±sd age 40±11) and twenty‐six fourth‐year dental students (fifteen males, eleven females; mean±sd age 27±3), who were defined as novices. All participants interviewed and mock‐examined four randomly selected AVPs who had either orofacial pain or an oral medicine problem; they then selected needed diagnostic tests, diagnoses, treatments, and medications. The mean misrecognition rate of the software was between 13 and 19 percent. Data collected were examined for a difference between the two groups (novices versus experts) on multiple variables. Significant group differences existed in the final total score, the number of diagnostic tests ordered, and the number of medications selected. Novices reported that they found virtual patients to be a valuable educational experience. These data demonstrated that experts and novices asked essentially the same questions and spent similar amounts of time with the patients, yet the experts consistently scored higher and ordered fewer diagnostic tests and medications than the novices."
expert versus novice teacher diagnostic accuracy misconceptions,crossref,ok,1883510,10.25208/vdv16936-159938,Supplement 6. Diagnostic accuracy of artificial intelligence versus clinicians.,,
expert versus novice teacher diagnostic accuracy misconceptions,crossref,ok,1883510,10.4324/9781003370604-5,Characterizing novice and expert teachers' professional vision of classroom management,2024,
expert versus novice teacher diagnostic accuracy misconceptions,crossref,ok,1883510,10.15760/nwjte.2011.9.1.2,Changing Teacher Candidates’ Perceptions of Literacy in Content Classes: The Role of Expert-Novice Dialogues,2011,
expert versus novice teacher diagnostic accuracy misconceptions,crossref,ok,1883510,10.1177/002248718904000407,Expert-Novice Differences in Teaching: A Cognitive Analysis and Implications for Teacher Education,1989,Livingston and Borko examine the implications of theory and research on pedagogical expertise for teacher education. They describe an investigation of the thoughts and actions of a small number of expert and novice teachers. Differences among the teachers are analyzed from two perspectives: teach ing as a complex cognitive skill and improvisational perfor mance. They then offer recommendations for teacher educa tion practice.
expert versus novice teacher diagnostic accuracy misconceptions,crossref,ok,1883510,10.37590/able.v45.abs45,A Card-sorting Tool to Measure Expert Versus Novice Thinking in Scientific Research,2025,
expert versus novice teacher diagnostic accuracy misconceptions,crossref,ok,1883510,10.4324/9781003288961-15,Negotiating the expert/novice positions in language teacher professional development,2023,
expert versus novice teacher diagnostic accuracy misconceptions,crossref,ok,1883510,10.1016/j.tate.2023.104149,Novice and expert teachers’ use of content-related knowledge during pedagogical reasoning,2023,
expert versus novice teacher diagnostic accuracy misconceptions,crossref,ok,1883510,10.31390/gradschool_dissertations.209,A Science Education Study Using Visual Cognition and Eye Tracking to Explore Medication Selection in the Novice Versus Expert Nurse Anesthetist,,
expert versus novice teacher diagnostic accuracy misconceptions,crossref,ok,1883510,10.26226/m.6a156a45618420de1a560b59,Deep Learning-Based CT Denoising for Sacral Fragility Fractures: Image Quality versus Trauma-Relevant Diagnostic Accuracy - A Paired Diagnostic Accuracy Study,2026,
expert versus novice teacher diagnostic accuracy misconceptions,crossref,ok,1883510,10.1016/0742-051x(91)90039-r,The stories of expert and novice student teachers' supervisors: Perspectives on professional development,1991,
expert versus novice teacher diagnostic accuracy misconceptions,crossref,ok,1883510,10.1016/0742-051x(93)90055-l,Novice and expert teachers' time epistemology: A wave function from didactics to pedagogy,1993,
expert versus novice teacher diagnostic accuracy misconceptions,crossref,ok,1883510,10.1080/0142159x.2025.2513418,A comparison of the psychometric properties of GPT-4 versus human novice and expert authors of clinically complex MCQs in a mock examination of Australian medical students,2025,
expert versus novice teacher diagnostic accuracy misconceptions,crossref,ok,1883510,10.4324/9780203052969-15,Cognitive Structure Testing: A Computer System for Diagnosis of Expert-Novice Differences: Bruce K. Britton and Pamela Tidwell,2012,
expert versus novice teacher diagnostic accuracy misconceptions,crossref,ok,1883510,10.1016/j.tate.2022.103652,Novice teachers’ appraisal of expert feedback in a teacher professional development programme in Chinese vocational education,2022,
expert versus novice teacher diagnostic accuracy misconceptions,crossref,ok,1883510,10.21203/rs.3.rs-5728238/v1,ChatGPT-4 Prompt: A Tool to Enhance Novice Radiologists' Diagnostic Capabilities in Cystic Renal Masses to Expert-Level Accuracy,2025,"Abstract
        Background
The impact of prompt engineering in LLMs on text-based questions has shown variability, whereas its influence on image-based diagnostic tasks remains largely unexplored.
Purpose
This study aims to evaluate the diagnostic performance of various prompts in GPT-4 for the assessment of renal cystic masses (CRMs) using contrast-enhanced ultrasound (CEUS)Bosniak classification. And then test the ability of ChatGPT-4 prompts to assist radiologists with different experience.
Materials and Methods
This retrospective study included 103 images of CRMs from patients who underwent CEUS and CT. GPT-4 (OpenAI) and six radiologists (three experts and three novices) were independently tasked with assigning the Bosniak classification (BC) based solely on the original CEUS images. Subsequently,radiologists reassessed these images after knowing the BCs generated by GPT-4's prompt and determined whether to modify their initial assessments. The diagnostic performance of radiologists and GPT-4 prompts was assessed and quantified using the area under the receiver operating characteristic curve (AUC).
Result
The AUC achieved by GPT-4 prompts ranged from 0.549 to 0.778, while radiologists' AUCs ranged from 0.820 to 0.901. Among all prompting strategies, ROT prompting achieved the highest AUC, demonstrating performance comparable to that of novices (0.778 vs. 0.820, P = 0.39). Although the AUC was lower than that of experts (0.778 vs. 0.901, P = 0.01), ROT prompting improved the AUCs of novices: from 0.714 to 0.834 for novice 1, from 0.685 to 0.782 for novice 2, and from 0.704 to 0.783 for novice 3, with all three novices approaching expert-level performance.
Conclusion
GPT-4 with different prompts showed variable performance in interpreting images. ROT prompting as the best-performing style achieved diagnostic accuracy comparable to novices, and it could aidnovices in improving their diagnostic performance to expert level."
expert versus novice teacher diagnostic accuracy misconceptions,crossref,ok,1883510,10.4324/9781315776675-9,Breadth and Depth of Knowledge in Expert Versus Novice Athletes,2015,
expert versus novice teacher diagnostic accuracy misconceptions,crossref,ok,1883510,10.1016/j.tate.2020.103243,"Novice and expert teachers’ situation-specific skills regarding classroom management: What do they perceive, interpret and suggest?",2021,
expert versus novice teacher diagnostic accuracy misconceptions,crossref,ok,1883510,10.1891/9780826125996.0001,Moving From an “Expert” to a “Novice” Role,2015,
expert versus novice teacher diagnostic accuracy misconceptions,crossref,ok,1883510,10.1515/9783110879032.364,Medical Speech Events as Resources for Inferring Differences in Expert- Novice Diagnostic Reasoning,1995,
expert versus novice teacher diagnostic accuracy misconceptions,crossref,ok,1883510,10.1117/12.2255685.5409294532001,,,
expert versus novice teacher diagnostic accuracy misconceptions,crossref,ok,1883510,10.1016/s0742-051x(97)00018-8,Evolution of novice through expert teachers' recall: Implications for effective reflection on practice,1997,
expert versus novice teacher diagnostic accuracy misconceptions,crossref,ok,1883510,10.21203/rs.3.rs-9795551/v1,A Comparative Analysis of Teacher-Student Dialogue in Expert and Novice Teachers’ Smart Classrooms for Cultivating Higher-Order Thinking,2026,"Abstract
                Higher-order thinking is a core objective of smart classrooms, with teacher-student dialogue serving as its fundamental pathway and a key area of difficulty for novice teachers' professional development. This study selected 12 smart classroom teaching videos from the China Smart Education Resource Public Service Platform as research samples. Using lag sequential analysis, the study analyzed the frequency and sequences of teacher-student dialogue in smart classrooms between novice and expert teachers.  The results revealed significant differences in both the forms and patterns of teacher-student dialogue between novice and expert teachers: novice teachers exhibited relatively singular dialogue forms and patterns, whereas expert teachers demonstrated diversified dialogue forms and patterns, with dialogue patterns reflecting a complete process of smart inquiry-based learning. This research can provide a reference for teachers conducting teacher-student dialogue in smart classrooms, facilitating the optimization of smart classroom teaching models, promoting the development of students' higher-order thinking, and thereby contributing to the creation of high-quality and effective smart classrooms."
expert versus novice teacher diagnostic accuracy misconceptions,crossref,ok,1883510,10.3390/su141610085,Between Expert and Novice: Identity Transition from Teacher to Student as Sustainable Agentic Construction,2022,"Education for sustainable development in foreign language teaching and learning impacts students’ lives in their current or future endeavours. Despite a wide body of literature elucidating identity navigation of EFL teachers and international doctoral students, a relative scarcity of scholarship casts light on the in-between cohort, namely those who transit from the former to the latter. Via a holistic lens, utilising a qualitative case study based on an Australian university, this research scrutinised how a group of 10 international doctoral students who served as EFL teachers in their home countries enacted agency to navigate the identity transition. The study discusses what generally constitutes sustainable, successful language learning and teaching practices in different social, cultural, and educational contexts. The findings reveal that torn between teaching English as an expert and learning research as a novice, they negotiated the identity transition as a “doing” process subject to different positionings and structural contexts and mediated by various dynamics across a past–present–future trajectory. This study contributes to pertinent literature by shedding nuanced and holistic light on the under-researched topic of teacher-to-student identity transition. It ends with implications for attending to EFL teachers’ complex lived experiences to promote sustainable development in EFL teaching and learning."
expert versus novice teacher diagnostic accuracy misconceptions,crossref,ok,1883510,10.1037/e665402011-595,Expert versus novice decision makers: It's not how much information but what kind of information that matters,1991,
expert versus novice teacher diagnostic accuracy misconceptions,crossref,ok,1883510,10.1109/hicss.2001.927187,Expert versus novice use of the executive support systems: an empirical study,,
expert versus novice teacher diagnostic accuracy misconceptions,crossref,ok,1883510,10.1177/00224871231202956,Preparing the Expert Novice: Preservice Teacher Thinking and Efficacy in Inquiry Design,2023,"In this study, we share the understandings and the reflections of preservice teachers as they engage in focus group interviews about inquiry in social studies, generally, and their reactions to publicly available Inquiry Design Model blueprints. These preservice teachers first discussed their understanding of inquiry, which was rooted in their university coursework. They then described their self-efficacy for implementing inquiry, generally, and the IDM blueprint, specifically, in their current field placements and future classrooms. This envisioned implementation often involved adaptations of the blueprints. Our goal in this research was to reconsider how preservice teachers experience and learn about social studies inquiry and, as a result of these experiences, whether and how they see themselves implementing social studies inquiry with students. This study can inform teacher educators to proactively address common barriers and better support preservice teachers."
expert versus novice teacher diagnostic accuracy misconceptions,crossref,ok,1883510,10.1016/j.system.2016.12.015,Scaffolding teacher cognition: Changes in novice L2 teachers' pedagogical knowledge base through expert mentoring initiatives,2017,
expert versus novice teacher diagnostic accuracy misconceptions,crossref,ok,1883510,10.1007/978-981-97-5930-9_16,Teacher Feedback Types: Senior Versus Novice Teachers in CSL Classrooms,2025,
expert versus novice teacher diagnostic accuracy misconceptions,crossref,ok,1883510,10.1075/lllt.14.24mes,17. Expert-novice teacher mentoring in language learning technology,2006,
expert versus novice teacher diagnostic accuracy misconceptions,crossref,ok,1883510,10.1016/j.tate.2017.04.015,See and tell: Differences between expert and novice teachers’ interpretations of problematic classroom management events,2017,
expert versus novice teacher diagnostic accuracy misconceptions,crossref,ok,1883510,10.51127/jamdc5i4oa01,DIAGNOSTIC  ACCURACY  OF  MICROSCOPY  VERSUS  PCR  TECHNIQUEFORTHEDETECTION OF PLASMODIUMSPECIESIN PAKISTAN,2023,"Background:According   to   latest   data   availablePlasmodium   vivax   and   Plasmodium falciparum are the most common species of plasmodiumpresent inPakistan. This study focuses on the currentstatus of malaria specie distribution across different provincesof Pakistan.Material &amp; Methods: This isa cross sectional studywhich is community based it was carriedout inendemic areas of04 provinces of Pakistan. The study was conducted stepwise by first microscopically confirming Plasmodium-positiveblood samples and later these samples were reconfirmed by polymerase chain reaction(PCR)specie specific for detecting four species of human malaria.Results:Total of450 PCR-positive sampleswerecollectedamongst these29(6.4%) were P. falciparum, 386(85.8%) were P. vivax,and 35(7.8%) were mixedP. falciparum and P. vivax.Total39 (8.7%) P. falciparum,393 (87.3%) were P. vivaxand mixed infections were (18%)positive  in  microscopically.There  were  no  positive  cases  of Plasmodium  malariaeandPlasmodium ovale.Conclusion: According  to  the  study  findings P. vivax andP.  falciparumare  most prevalent plasmodium  species  in  in  Pakistan,  in  addition mixed  infectionswerealso  contributingto malaria prevalencein Pakistan. Regional variation in the prevalence and species compositionwas also found in the study.KeyWords: Plasmodium falciparum, Plasmodium vivax,Malaria, Pakistan"
expert versus novice teacher diagnostic accuracy misconceptions,crossref,ok,1883510,10.1177/002248718803900306,Expert-Novice Differences in Perceiving and Processing Visual Classroom Information,1988,"Findings from a study designed to examine differences in ex pert and novice teachers' information processing are pre sented. Specifically, results are described which suggest differ ences in the ways expert, novice, and ""postulant"" teachers perceive, understand, monitor, and process visual information in classrooms. Expert, novice, and postulant subjects were asked to view a series of slides taken in science and mathema tics classrooms and to discuss their perceptions about and reactions to visual stimuli. Subjects were asked to respond to structured interview questions both orally and in writing; the responses were recorded and transcribed for analysis. Protocols and written responses were analyzed through a multi-step, itera tive process designed to determine patterns, trends, and differ ences in both kind and quantity of responses. Results suggested that experts, novices, and postulants differed with respect to their abilities to perceive and interpret classroom information. Experts appeared better able to weigh the import of one piece of visual information against another, to form connections among pieces of information, and to represent management and instructional situations into meaningful problem units. In general, experts appeared to possess comparatively richer schemata for ascribing meaning to visual classroom information."
expert versus novice teacher diagnostic accuracy misconceptions,crossref,ok,1883510,10.1504/jdr.2004.009846,Visual Analogy as a Cognitive Strategy in the Design Process. Expert Versus Novice Performance,2004,
expert versus novice teacher diagnostic accuracy misconceptions,crossref,ok,1883510,10.1037/e527342012-854,Conceptual Judgments of Expert Versus Novice Chemistry Students: An fMRI Study,2007,
expert versus novice teacher diagnostic accuracy misconceptions,crossref,ok,1883510,10.18260/1-2--57724,"Trust me, I’m an Engineer: Exploring engineering Identity and concepts of expert versus novice in the aerospace engineering industry",,
expert versus novice teacher diagnostic accuracy misconceptions,crossref,ok,1883510,10.1016/j.jss.2021.111122,Usability inspection: Novice crowd inspectors versus expert,2022,
expert versus novice teacher diagnostic accuracy misconceptions,crossref,ok,1883510,10.4135/9781506341026.n2,"Embrace the Novice
						Mindset",2016,
expert versus novice teacher diagnostic accuracy misconceptions,crossref,ok,1883510,10.1016/s0378-7206(02)00003-4,Expert versus novice use of the executive support systems: an empirical study,2003,
expert versus novice teacher diagnostic accuracy misconceptions,crossref,ok,1883510,10.1080/02619768.2019.1652906,Novice teacher challenges and promoting novice teacher retention in Canada,2019,
tacit knowledge elite coaches practical sense,crossref,ok,1591894,10.2139/ssrn.5292030,Can AI understand Tacit Knowledge? Making sense of tacit knowledge,2025,"&lt;div&gt;
 As artificial intelligence (AI) adoption grows, questions about its true nature and boundaries take a&amp;nbsp;&lt;span&gt;dominant place in mainstream discussion. While the strength of AI systems is largely based on explicit&amp;nbsp;&lt;/span&gt;&lt;span&gt;knowledge—organized data, logical rules, and design patterns, Michael Polanyi (1965) had argued&amp;nbsp;&lt;/span&gt;&lt;span&gt;that most of what we know and understand cannot be expressed or described explicitly, asserting ""We&amp;nbsp;&lt;/span&gt;&lt;span&gt;can know more than we can tell."" According to Polanyi, much of human knowledge is personal,&amp;nbsp;&lt;/span&gt;&lt;span&gt;hidden, and difficult to formalize or articulate—tacit in nature, raising issues about what do machines&amp;nbsp;&lt;/span&gt;&lt;span&gt;really ""know!""—Does AI comprehend hidden meanings? Can AI possess more knowledge than it&amp;nbsp;&lt;/span&gt;&lt;span&gt;shares? Can AI really understand tacit knowledge? But what if we put AI up against the intangible&amp;nbsp;&lt;/span&gt;&lt;span&gt;domain of tacit understanding?&lt;/span&gt;
&lt;/div&gt;
&lt;div&gt;
 In this theoretical study, we employ a thought experiment to explore how AI attempts to probe and&amp;nbsp;&lt;span&gt;capture tacit knowledge—the intuitive know-how that cannot be formally articulated. Taking a simple&amp;nbsp;&lt;/span&gt;&lt;span&gt;example of reading a text i.e., The Tacit Dimension by Michael Polanyi, where he attempts to&amp;nbsp;&lt;/span&gt;&lt;span&gt;explicates what is tacit knowledge, we explore how humans and AI decipher the unseen reality that&amp;nbsp;&lt;/span&gt;&lt;span&gt;Polanyi seeks to paint about the reality of tacit knowledge and its role in science. Our attempt is aimed&amp;nbsp;&lt;/span&gt;&lt;span&gt;at delineating domains where AI responses vary from human comprehension and how, and based on&amp;nbsp;&lt;/span&gt;&lt;span&gt;this we propose a framework to identify the limits of human and AI understanding. Our findings are&amp;nbsp;&lt;/span&gt;&lt;span&gt;aimed at guiding the growing literature on the Human-AI ensemble.&lt;/span&gt;
&lt;/div&gt;"
tacit knowledge elite coaches practical sense,crossref,ok,1591894,10.1007/s11016-014-9934-3,Tacit knowledge: In what sense?,2014,
tacit knowledge elite coaches practical sense,crossref,ok,1591894,10.4324/9781003595755-7,Performance Analysis within the Elite Player Performance Plan,2026,
tacit knowledge elite coaches practical sense,crossref,ok,1591894,10.1504/ijil.2014.060878,Sharing experienced Baby-Boomers' tacit knowledge: the design of tacit knowledge sense-making-sharing interactions,2014,
tacit knowledge elite coaches practical sense,crossref,ok,1591894,10.4324/9781315115399-9,Illative Sense and Tacit Knowledge,2017,
tacit knowledge elite coaches practical sense,crossref,ok,1591894,10.4324/9781315827254-9,Illative Sense and Tacit Knowledge,2018,
tacit knowledge elite coaches practical sense,crossref,ok,1591894,10.1007/978-3-662-70726-5,Soccer – The Practical Guide for Athletes and Coaches from Weekend Warriors to Elite Competitors,2025,
tacit knowledge elite coaches practical sense,crossref,ok,1591894,10.3390/nu16081104,Nutrition for European Elite Fencers: A Practical Tool for Coaches and Athletes,2024,"The aim of this narrative review is to create a comprehensive, innovative, and pragmatic resource to guide elite fencers and coaches in making strategic nutritional choices to enhance performance and facilitate recovery. The literature review identified only 12 articles specifically addressing the topic of nutrition for fencers. Thus, the recommendations provided in this review derive also from articles dealing with similar sports, such as martial arts, and from investigations with European elite fencers and their coaches. For elite fencers, it is suggested to consume daily 7–11 g/kg of body weight (BW) of carbohydrates and 1.5–2 g/kg of BW of proteins and allocate 25% to 30% of the total energy intake to essential fats, with a specific focus on omega-3 fatty acids. The timing of meals, ideally within one hour after exertion, plays a pivotal role in restoring glycogen reserves and preventing injuries. The intake of leucine, creatine, omega-3, collagen, and vitamins C and D is proposed as a strategy for injury recovery. It is worth acknowledging that even when personalized plans are provided, implementation can be challenging, especially during competitions and training camps."
tacit knowledge elite coaches practical sense,crossref,ok,1591894,10.4324/9781315729886-11,Tacit knowledge and language,2014,
tacit knowledge elite coaches practical sense,crossref,ok,1591894,10.4324/9781315729886-6,Three sources for tacit knowledge,2014,
tacit knowledge elite coaches practical sense,crossref,ok,1591894,10.21236/ada383927,Tacit Knowledge for Military Leadership: Seeking Insight into the Acquisition and Use of Practical Knowledge,2000,
tacit knowledge elite coaches practical sense,crossref,ok,1591894,10.1007/978-3-662-70726-5_5,Classic forms,2025,
tacit knowledge elite coaches practical sense,crossref,ok,1591894,10.1007/978-3-662-70726-5_6,Alternative Formats,2025,
tacit knowledge elite coaches practical sense,crossref,ok,1591894,10.1007/978-3-662-70726-5_1,Introduction to Soccer,2025,
tacit knowledge elite coaches practical sense,crossref,ok,1591894,10.1108/978-1-80382-677-620221004,What Is Tacit Knowledge?,2022,
tacit knowledge elite coaches practical sense,crossref,ok,1591894,10.4018/978-1-59140-309-8.ch010,Inquiring Organizations and the Wisdom of Tacit Knowledge for a Heideggerian Inquiring System,2005,"C. West Churchman’s five inquiring systems are considered in the light of Polanyi’s distinction between tacit knowing and practical thinking. It is suggested that the five inquiring systems, as distinct and crucial elements of the learning organization, can be divided into two perspectives: the modes of tacit knowing and the levels of practical thinking. While practical thinking is of great importance to the day-to-day management and the analysis of past events of an organization, tacit knowing critically contributes to the sustainable growth and future direction of an organization through its connection with (1) intuition, (2) holism, and (3) ethics. As an example of tacit knowing, particularly in terms of ethics and intuition, a sixth inquiring system is proposed, namely, a Heideggerian inquiring system (HIS). What characterizes a HIS is, together with traditional methods of analysis of what is known, an organizational culture directed to the aim of discovering what is unknown in terms of products, markets, and competitive strategies and, most particularly, the capacities of organizational members. An existing real-world organizational example of an HIS is provided, examined, and discussed."
tacit knowledge elite coaches practical sense,crossref,ok,1591894,10.1108/978-1-80382-677-620221010,How Is Tacit Knowledge Transferred?,2022,
tacit knowledge elite coaches practical sense,crossref,ok,1591894,10.1108/978-1-80382-677-620221012,How Is Tacit Knowledge Integrated?,2022,
tacit knowledge elite coaches practical sense,crossref,ok,1591894,10.1007/978-3-662-70726-5_11,We Win the Ball,2025,
tacit knowledge elite coaches practical sense,crossref,ok,1591894,10.1007/978-3-662-70726-5_10,I Win the Ball,2025,
tacit knowledge elite coaches practical sense,crossref,ok,1591894,10.1108/978-1-80382-677-620221007,How Is Tacit Knowledge Developed?,2022,
tacit knowledge elite coaches practical sense,crossref,ok,1591894,10.7176/ikm/12-4-03,Research in Area of Tacit Knowledge: Literature Review on Tacit Knowledge,2022,
tacit knowledge elite coaches practical sense,crossref,ok,1591894,10.1007/978-3-662-70726-5_8,I Have the Ball,2025,
tacit knowledge elite coaches practical sense,crossref,ok,1591894,10.4324/9781003320104-4,The power of common sense,2023,
tacit knowledge elite coaches practical sense,crossref,ok,1591894,10.4018/978-1-59904-501-6.ch003,Tacit Knowledge Defined,,"As Dahlbom and Mathiassen (1999) state, even though we may not be able to articulate a lot of our “know how” as opposed to “know what” or “know that” (Garud, 1997), it is felt there is a proportion that can be. Within an organisational context, people make use of knowledge that is not necessarily codified or even articulated, this knowledge is said to be tacit, yet comprises not only a viable source of information to be articulated but provides an organisation with a competitive edge. The separation between articulable and inarticulable. tacit.knowledge has its foundations in the work of others. “… It is important to distinguish between tacit knowledge, which is embodied in skills and can therefore be copied, and tacit knowledge which cannot be demonstrated and so is very difficult to transfer (e.g., the recognition of a musical note)” (Senker, 1995a, p. 102). Although recognition is given to inarticulable.tacit.knowledge, or true tacit knowledge, the bulk of this monograph is concerned with the articulable component. This chapter accomplishes two tasks. Part A provides the reader with a general background to knowledge with a view to where tacit knowledge fits into this spectrum. A broad review of the literature then is presented with tacit knowledge explored from different perspectives. Exemplars will include the effect of culture on the importance of tacit knowledge to the competitive process, as well as the significance of the receiver understanding what it is they are being given in the form of knowledge. In addition, the role of metaphors and analogies in the tacit knowledge transfer process is explored. Part B explores definitions of tacit knowledge through a qualitative grounded theory approach. As a result of this process a working definition for the remainder of this book is established."
tacit knowledge elite coaches practical sense,crossref,ok,1591894,10.1007/978-3-662-70726-5_9,We Have the Ball,2025,
tacit knowledge elite coaches practical sense,crossref,ok,1591894,10.4018/978-1-59904-501-6.ch004,Testing for Tacit Knowledge,,"It is acknowledged that there exists a need for organisationally-based tacit knowledge research. Perhaps the major hurdle to undertaking any form of tacit knowledge testing however, is attempting to gain data that for all intents and purposes is not strictly speaking codified, even if aspects of it may be articulable (Dampney, Busch, &amp; Richards, 2002). Given the often ethereal nature of tacit knowledge, testing must be based upon sound definitions. The definition arrived at for this study was that of “articulable implicit IT managerial knowledge,” which fits within Fleck’s (1997) designation of “informal knowledge.” What follows in this chapter is a discussion on the current research issues relating to testing for tacit knowledge."
tacit knowledge elite coaches practical sense,crossref,ok,1591894,10.21236/ada412016,Tacit Knowledge and Practical Intelligence: Understanding the Lessons of Experience,2002,
tacit knowledge elite coaches practical sense,crossref,ok,1591894,10.1007/978-3-662-70726-5_4,Performance-Determining Factors in Soccer,2025,
tacit knowledge elite coaches practical sense,crossref,ok,1591894,10.4324/9780203797730-17,The nature and importance of coach–player relationships in the uptake of Game Sense by elite rugby coaches in Australia and New Zealand,2013,
tacit knowledge elite coaches practical sense,crossref,ok,1591894,10.2752/9780857854148/aesecofash0008,Tacit Aesthetic Knowledge: The Fashion Sense and Sensibility of Fashion Buyers,2009,
tacit knowledge elite coaches practical sense,crossref,ok,1591894,10.4324/9781410603098-18,Tacit Knowledge in Sales,1999,
tacit knowledge elite coaches practical sense,crossref,ok,1591894,10.1007/978-3-662-70726-5_3,Basics for Acquiring Tactics and Technique,2025,
tacit knowledge elite coaches practical sense,crossref,ok,1591894,10.4324/9781410603418-14,"Changing Mind, Changing World: Practical Intelligence and Tacit Knowledge in Adult Learning",2013,
tacit knowledge elite coaches practical sense,crossref,ok,1591894,10.1037/e500382012-001,Tacit Knowledge and Practical Intelligence: Understanding the Lessons of Experience,2001,
tacit knowledge elite coaches practical sense,crossref,ok,1591894,10.5040/9798400670435.ch-004,Tacit Knowledge,2004,
tacit knowledge elite coaches practical sense,crossref,ok,1591894,10.4324/9781410603098-15,Tacit Knowledge and Management,1999,
tacit knowledge elite coaches practical sense,crossref,ok,1591894,10.1108/13665621211191104,Tacit knowledge barriers in franchising: practical solutions,2012,"PurposeThe purpose of this paper is to identify barriers that hinder tacit knowledge transfer in a franchise environment and offer a compendium of solutions that encourage franchisees and franchisors to leverage tacit knowledge as a resource for competitive advantage.Design/methodology/approachDrawing from the research on franchise organizations there are five barriers to tacit knowledge transfer that present a challenge to both vertical and horizontal information flow in a franchise environment. It is suggested that when specific behaviors and processes are adopted to encourage sharing tacit knowledge it is possible to reduce tension and promote collaboration in the franchise relationship.FindingsBarriers to tacit knowledge transfer in franchise organizations include: Trust, Maturation, Communication, Competition, and Culture. Ideas for fostering knowledge sharing are offered.Research limitations/implicationsThe factors identified only partially explain why there may be resistance to sharing tacit knowledge between franchisees and franchisors. Solutions recommended will need further testing to assess their impact on creating cultures that embrace tacit knowledge sharing.Practical implicationsFor franchisors and franchisees to encourage tacit knowledge sharing they will need to recognize and value what each player contributes to the relationship.Originality/valueThe identification of specific barriers to tacit knowledge transfer in franchise environment sets the stage for future work that can expand on solutions in the franchise context that potentially has economic and psychological benefits for both parties."
tacit knowledge elite coaches practical sense,crossref,ok,1591894,10.5040/9798400670435.ch-008,Tacit Knowledge and Conversation,2004,
tacit knowledge elite coaches practical sense,crossref,ok,1591894,10.1007/springerreference_301929,Tacit Knowledge,,
tacit knowledge elite coaches practical sense,crossref,ok,1591894,10.4324/9781410603098-12,Expertise and Tacit Knowledge in Medicine,1999,
tacit knowledge elite coaches practical sense,crossref,ok,1591894,10.4324/9781410603098-19,Tacit Knowledge in Sales: A Practitioner’s Perspective,1999,
tacit knowledge elite coaches practical sense,crossref,ok,1591894,10.4324/9781315267043-5,Transmission of tacit knowledge,2017,
tacit knowledge elite coaches practical sense,crossref,ok,1591894,10.1007/978-3-662-70726-5_2,Game Philosophy vs. Strategy vs. Tactics vs. Principles,2025,
tacit knowledge elite coaches practical sense,crossref,ok,1591894,10.1007/978-3-662-70726-5_7,Introduction to Game and Exercise Formats in Soccer,2025,
tacit knowledge elite coaches practical sense,crossref,ok,1591894,10.36605/jscos.5.0_22,Research on the Practical Knowledge of Sheet Metal Processing Technicians in Digital Transformation,2025,
tacit knowledge elite coaches practical sense,crossref,ok,1591894,10.1123/ssj.26.3.365,“An Eye for Talent”: Talent Identification and the “Practical Sense” of Top-Level Soccer Coaches,2009,"The purpose of this study is to explore how top-level soccer coaches identify talent. I draw on Bourdieu’s work to challenge a commonly held assumption that talent identification is a rational or objective process. Analysis of in-depth interviews with eight coaches of national youth soccer teams indicated these coaches identified talent in three ways. First, coaches use their practical sense and their visual experience to recognize patterns of movement among the players. Second, the coaches’ classificatory schemes are characterized by their preference for so-called “autotelic” players, that is, players that, from the coaches’ perspective, exhibit a potential to learn, practice, and improve. Third, the study shows that talent, of which the coaches act as arbiters of taste, is socially configured in top-level soccer."
tacit knowledge elite coaches practical sense,crossref,ok,1591894,10.1108/978-1-80382-677-620221014,Prelims,2022,
tacit knowledge elite coaches practical sense,crossref,ok,1591894,10.1108/978-1-80382-677-620221013,Index,2022,
tacit knowledge elite coaches practical sense,crossref,ok,1591894,10.4324/9781410603098-16,The Role of Tacit Knowledge in Management,1999,
master tutors techniques wisdom of practice,crossref,ok,2698149,10.1163/9789004410497_016,Master Mariners and Practice Wisdom,2019,
master tutors techniques wisdom of practice,crossref,ok,2698149,10.1007/978-1-4020-6532-3_6,Master Zhu’s Wisdom,,
master tutors techniques wisdom of practice,crossref,ok,2698149,10.2307/j.ctt4cgmkj.8,STRAIGHTEN UP AND FLY RIGHT:,,
master tutors techniques wisdom of practice,crossref,ok,2698149,10.1093/oseo/instance.00316058,Master Mugwort tutors the crown prince (OS:3),2023,
master tutors techniques wisdom of practice,crossref,ok,2698149,10.1097/bco.0b013e31827df3de,New Master Techniques section,2013,
master tutors techniques wisdom of practice,crossref,ok,2698149,10.4324/9780203052594-8,Motivational Techniques of Expert Human Tutors: Lessons for the Design of Computer-Based Tutors,2013,
master tutors techniques wisdom of practice,crossref,ok,2698149,10.4324/9780203976647-11,Teaching Techniques that can Reduce the Pressures on Tutors and Students,2005,
master tutors techniques wisdom of practice,crossref,ok,2698149,10.14325/mississippi/9781496819215.003.0015,Will Eisner,2018,"This essay explores Will Eisner’s work in A Contract with God (1978). The book, emanating from pre-biblical wisdom, is paradigmatic for its harsh warning about human expectations. In it, Eisner created parables and midrash, literary criticism and political commentary, to capture moments that reveal a culture to itself. This emerging paradigm, the essay argues, is a new form of Jewish wisdom.The essay reads Eisner’s work both through the work of Isaiah Berlin, but also as a Midrash on the book of Job. In utilizing Berlin’s political thought, along with the foundation of the biblical tale, one can discern Eisner’s vision of transformative, messianic politics, that lie in the vicissitudes and battles of the everyday."
master tutors techniques wisdom of practice,crossref,ok,2698149,10.1163/9789004410497_015,Practice Wisdom Development,2019,
master tutors techniques wisdom of practice,crossref,ok,2698149,10.1163/9789004410497_003,Social Practice Wisdom,2019,
master tutors techniques wisdom of practice,crossref,ok,2698149,10.1038/s41415-024-8245-3,Revolutionising dental practice: Master Thermoforming Techniques,2024,
master tutors techniques wisdom of practice,crossref,ok,2698149,10.1163/9789004410497_001,Appreciating Practice Wisdom,2019,
master tutors techniques wisdom of practice,crossref,ok,2698149,10.14264/accf2b2,Casual tutors/adjunct faculty in architectural design studios: identity and practice,,
master tutors techniques wisdom of practice,crossref,ok,2698149,10.1163/9789004410497_018,Practice Wisdom of Expert Inquirers,2019,
master tutors techniques wisdom of practice,crossref,ok,2698149,10.1163/9789004410497_009,Practice Wisdom and the Sociological Imagination,2019,
master tutors techniques wisdom of practice,crossref,ok,2698149,10.2307/j.ctt4cgmkj.7,"ORIGAMI, ANYONE?",,
master tutors techniques wisdom of practice,crossref,ok,2698149,10.21088/cphn.2455.8621.1216.11,Level of Practice on Protein Rich Diet,2016,
master tutors techniques wisdom of practice,crossref,ok,2698149,10.1163/9789004342477,"Gerard of Abbeville, Secular Master, on Knowledge, Wisdom and Contemplation (2 vols)",2017,
master tutors techniques wisdom of practice,crossref,ok,2698149,10.1163/9789004410497_007,"Resilience, Self-Management and Agency",2019,
master tutors techniques wisdom of practice,crossref,ok,2698149,10.1163/9789004410497_023,Valuing Critical Reflection and Narratives in Professional Practice Wisdom,2019,
master tutors techniques wisdom of practice,crossref,ok,2698149,10.1163/9789004410497_013,Learning Practice Wisdom from Elders,2019,
master tutors techniques wisdom of practice,crossref,ok,2698149,10.3828/dap.2023.4,Hybrid-active e-learning techniques in remote master level astronautics courses: Using technology to enhance student learning,2023,
master tutors techniques wisdom of practice,crossref,ok,2698149,10.1007/978-94-6209-188-7_22,"Establishing Relationships Between Students, Mentors and Specialist Tutors in Practice Settings",2013,
master tutors techniques wisdom of practice,crossref,ok,2698149,10.1007/978-981-92-0730-5_4,"Practising Wisdom: Wisdom Is Realised in Practice, in History",2026,"Abstract
                  
                    This chapter complements Chap. 3 in this volume. The question of wisdom in practice is addressed here from a perspective that is different from, and complementary to, the philosophical and psychological perspectives introduced in the previous chapter. The basic assumption of this chapter is that wisdom manifests itself—or fails to manifest itself—in everyday
                    practice
                    s. In this chapter, practices are addressed from a social perspective—in particular, from the perspective of the
                    theory of practice architectures
                    , a particular version of practice theory. Rooted in the philosophical legacy of Aristotle and Hegel, a Marxian view of praxis as ‘sensuous human activity’ and ‘history-making action’ is outlined. Next, a contemporary view of practice is introduced as learned, situated, embodied human social action in history. It is argued that practising-in-history is the medium in which people discover how things turn out, and in which they discover whether those consequences might be judged ‘wise’. Next, it is argued that wise action comes from listening (attending to different sources), noticing, reflecting, deliberating, discerning, and prioritising, which are not only mental processes but also practices, as we have defined them. People can learn to do these things better, and when they do so they transform themselves and their worlds. It is then argued that the double purpose of education (learning to live well in worlds worth living in) aligns with developing isdom. Finally, to conclude, some suggestions are made about educating people for wisdom in practice."
master tutors techniques wisdom of practice,crossref,ok,2698149,10.1163/9789004410497_021,The Place of Wisdom in Clinical Practice,2019,
master tutors techniques wisdom of practice,crossref,ok,2698149,10.1017/cbo9780511597251.005,Early techniques of the pedals as described in tutors,1993,
master tutors techniques wisdom of practice,crossref,ok,2698149,10.1163/9789004410497_005,Practice Wisdom and Professional Artistry,2019,
master tutors techniques wisdom of practice,crossref,ok,2698149,10.34074/thes.6401,Echoes of wisdom - Regenerative practice as professional practice,,"Regenerative Practice has slowly emerged since the 1960s as a discipline formed at the confluence of fields such as Ecology, Systems Science, Sustainable Development, and Agriculture (Mang &amp; Reed, 2011; du Plessis, 2012; Swanson, 2006). Regenerative Practice is a holistic discipline being applied across many fields (Hes and du Plessis, 2014), where practitioners engage with all layers or lines of work: the personal, the group, and the wider systems these are nested in (Regenesis, 2015). A simple framework, called the Three Lines of Work (Regenesis 2015) describes these layers. Much of the discourse within Regenerative Practice is focused on the system, the project, the product (Third Line) where the theory and practices are aimed at outward facing things, producing effects in the world. There is also considerable discourse around developing the social applications and implications of the discipline in group work (Second Line). However, despite the naming and framing of the personal (First Line) as a key part, perhaps even the core, of Regenerative Practice (Regenesis, 2021), there is a gap in attention and discourse about this more personal and internal aspect; the practitioner in the practice. Plaut &amp; Amadée’s Becoming a Regenerative Practitioner – A Field Guide (2018) serves as a comprehensive “map that illustrates the territory” such a practitioner might seek to explore, but it does not offer much in the way of practical steps or guidance on how to explore and enact this. This research builds upon the work of Plaut &amp; Amadée(2018), Regenesis(2016), Sanford (2018), Wahl(2016), and others in the discipline of Regenerative Practice. Centring on the deeply personal aspect of Regenerative Practice, this work explores how, when sufficiently developed and integrated with other areas, a more mature First Line of Work can offer profoundly rich and life-giving insights for the individual practitioner. The ripple effects of this personal focus are explored, articulating more cohesive group-work and more effective project work (Second &amp; Third Lines of Work).  This research was undertaken as an auto-ethnographic inquiry, in action-research cycles played out across a range of professional contexts and vocations, including Leadership Development, Drug Harm Reduction, and Ecological Sustainability. A board game called Echoes of Wisdom was crafted in this thesis. The game serves both as a research method (Mayer et al., 2014) and to communicate the findings through performance of its gameplay (Spry, 2001). Echoes of Wisdom is explained, exemplified, and outlined in a way that invites others to play it for themselves as a tool for both reflection and for ongoing development as a regenerative practitioner. This thesis explores tools which support people engaging with Regenerative Practice to become more fully realised as Regenerative Practitioners through techniques which are in themselves life-giving and fun."
master tutors techniques wisdom of practice,crossref,ok,2698149,10.5005/jp/books/12542,Master Techniques in Ophthalmic Surgery,2015,
master tutors techniques wisdom of practice,crossref,ok,2698149,10.1037/e608902012-119,The Power of Collective Wisdom: Life in a Master Class,2009,
master tutors techniques wisdom of practice,crossref,ok,2698149,10.2307/j.ctv7vcsv2.19,WILL EISNER:,,
master tutors techniques wisdom of practice,crossref,ok,2698149,10.1163/9789004410497_022,Wisdom and Ethico-Legal Practice,2019,
master tutors techniques wisdom of practice,crossref,ok,2698149,10.1163/9789004410497_014,Bringing Spirituality and Wisdom into Practice,2019,
master tutors techniques wisdom of practice,crossref,ok,2698149,10.1163/9789004410497_019,Skill Acquisition and Clinical Judgement in Nursing Practice,2019,
master tutors techniques wisdom of practice,crossref,ok,2698149,10.7330/9780874216622.c006,5 Straighten up and Fly Right:,2007,
master tutors techniques wisdom of practice,crossref,ok,2698149,10.1016/c2013-0-00321-0,Master Techniques in Facial Rejuvenation,2018,
master tutors techniques wisdom of practice,crossref,ok,2698149,10.1080/14753634.2010.489386,Challenges faced by tutors in Higher Education,2010,
master tutors techniques wisdom of practice,crossref,ok,2698149,10.2307/j.ctt6wqfkk,Sword of Zen,2012,
master tutors techniques wisdom of practice,crossref,ok,2698149,10.1093/oso/9780190694333.001.0001,Political Institutions and Practical Wisdom,2018,"To be good citizens or statespersons, we need practical wisdom—the moral skill and will to know how to do the right thing in particular situations. Institutions work best when they cultivate practitioners who have the wisdom and judgment to choose the right aims and pursue them in the best way possible. Practical wisdom can be destroyed, however, when institutions rely too heavily on rules and incentives that encourage people to compete for extrinsic rewards or to avoid punishments. This book focuses on the ethical implications of institutional failures and identifies competitive utility-maximizing as a frequent source of such failures. Practical wisdom is often squeezed out of institutions by the market forces unleashed by neoliberalism. In the political sphere, hyper-partisanship is an expression of excessive competition, and it can undermine the deliberation necessary for a healthy democracy. There is, however, an alternative. A citizens’ democracy would aim at human flourishing. This book calls on social scientists to recognize the ethical foundation of our work, integrate the moral dimension of politics in our analyses, and accord greater attention to first-person perspectives in our ontologies. The cultivation of practical wisdom in politics, work, and everyday life is our best response to the pressures arising from market forces that threaten to destroy institutions and drive human activities toward catastrophic outcomes."
master tutors techniques wisdom of practice,crossref,ok,2698149,10.1163/9789004410497_020,Health and Human Service Professionals and Practice Wisdom,2019,
master tutors techniques wisdom of practice,crossref,ok,2698149,10.1080/13562510903488139,Supporting the reflective practice of tutors: what do tutors reflect on?,2010,
master tutors techniques wisdom of practice,crossref,ok,2698149,10.1097/00004650-199707000-00006,Wisdom and Falsehoods: Naming the Practice Wisdom of Nursing in the Home and the Falsehoods Opposing That Practice,1997,
master tutors techniques wisdom of practice,crossref,ok,2698149,10.21313/hawaii/9780824835439.001.0001,Sword of Zen,2012,
master tutors techniques wisdom of practice,crossref,ok,2698149,10.4324/9781003569916-5,Modern concept of organizational wisdom,2025,
master tutors techniques wisdom of practice,crossref,ok,2698149,10.1163/9789004410497_017,Learning Embodied Practice Wisdom,2019,
master tutors techniques wisdom of practice,crossref,ok,2698149,10.4324/9781003569916-6,Drivers of modern organizational wisdom,2025,
master tutors techniques wisdom of practice,crossref,ok,2698149,10.1007/978-981-92-0730-5_10,Collaboration and Wisdom in Practice,2026,"Abstract
                  This chapter discusses the role of collaboration as an essential feature of wisdom in practice. Almost universally, the informants reported that individual or personal qualities and capacities alone are insufficient for being wise in practice. This is because so much of what they came to know, were able to do and valued was a product of collaborations with others. The examples provided by the informants emphasise the established meaning of the word collaboration as ‘labouring together’. It was through interactions and co-working that their abilities to engage in ways that generated worthwhile and lasting practices. Within a paradigm focused on engagement in social practice and culturally derived practices referred to as occupations, those collaborations can be characterised as being both internal and external to instance of practice. That is, internal to the specific situational practice or occupational field, on the one hand, and on the other hand, beyond the specific situation and field. For both were identified sets of practices premised upon interactions with others. These interactions can be considered in terms of the degree by which individuals reflect what was afforded them through internal engagements and their interest in engaging with them. So, dualities between affordances and engagement are exercised here with some of these collaborative processes reflecting a balance between what was afforded and individuals’ engagement with them. In all, this chapter elaborates the basis for and central role that both internal and external collaborations play in generating Wisdom in practice and its exercise."
master tutors techniques wisdom of practice,crossref,ok,2698149,10.1093/sw/40.6.799,Practice Wisdom,1995,
master tutors techniques wisdom of practice,crossref,ok,2698149,10.1163/9789004410497_011,Practical Wisdom and Ethical Action,2019,
master tutors techniques wisdom of practice,crossref,ok,2698149,10.21313/hawaii/9780824835439.003.0002,Translations,2012,
expert tutoring moves impasse-driven learning,crossref,ok,3498965,10.1007/978-1-4684-6350-7_2,Toward a Theory of Impasse-Driven Learning,1988,
expert tutoring moves impasse-driven learning,crossref,ok,3498965,10.1007/978-3-642-30950-2_72,How Do They Do It? Investigating Dialogue Moves within Dialogue Modes in Expert Human Tutoring,2012,
expert tutoring moves impasse-driven learning,crossref,ok,3498965,10.1016/j.eswa.2012.01.020,An adaptive and innovative question-driven competition-based intelligent tutoring system for learning,2012,
expert tutoring moves impasse-driven learning,crossref,ok,3498965,10.1007/978-3-540-70939-8_40,"Expert vs. Non-expert Tutoring: Dialogue Moves, Interaction Patterns and Multi-utterance Turns",2007,
expert tutoring moves impasse-driven learning,crossref,ok,3498965,10.1080/13611260902860125,Being an expert mathematics online tutor: what does expertise entail?,2009,
expert tutoring moves impasse-driven learning,crossref,ok,3498965,10.17485/ijst/v19i30.1058,BDEN: Big Data-Driven Intelligent Tutoring Systems for Personalized Learning Analytics,2026,"Objectives: To develop BDEN, a scalable intelligent tutoring framework for personalized learning analytics, learner mastery prediction, and early identification of at-risk students. Method: BDEN integrates Kafka–Spark distributed processing with an attention-enhanced Bidirectional Long Short-Term Memory (BiLSTM) model for knowledge tracing. The framework was evaluated using 4.2 million learning interactions from 18,600 learners across 1,240 knowledge concepts and compared with six baseline models. Findings: BDEN achieved 91.4% accuracy, 91.0% precision, 90.2% recall, 90.6% F1-score, AUC-ROC of 0.947, and RMSE of 0.189. Performance improvements were statistically significant (p &lt; 0.001), and scalability testing achieved approximately 74,600 interaction records per second. Novelty: BDEN uniquely combines distributed big-data processing, multi-source educational feature integration, attention-enhanced BiLSTM knowledge tracing, learner-state feedback, and prerequisite-aware recommendations in a unified scalable framework for personalized and adaptive learning.

Keywords: Big Data Analytics, Intelligent Tutoring Systems, Knowledge Tracing, Deep Learning, Educational Data Mining"
expert tutoring moves impasse-driven learning,crossref,ok,3498965,10.1016/j.eswa.2016.05.030,Explanation-based learning with analogy for impasse resolution,2016,
expert tutoring moves impasse-driven learning,crossref,ok,3498965,10.1108/oxan-es289864,China’s monetary moves may signal further fiscal moves,2024,"Headline
               CHINA: Monetary moves may signal further fiscal moves"
expert tutoring moves impasse-driven learning,crossref,ok,3498965,10.5860/crln.75.3.9085,Exploring the learning commons: Tutoring moves into Hinckley Library,2014,
expert tutoring moves impasse-driven learning,crossref,ok,3498965,10.1108/oxan-es278159,Inconclusive election prolongs Bulgaria impasse,2023,"Headline
               BULGARIA: Inconclusive election prolongs impasse"
expert tutoring moves impasse-driven learning,crossref,ok,3498965,10.1080/13611260601037405,Negotiating power and pedagogy in student teaching: expanding and shifting roles in expert–novice discourse,2007,
expert tutoring moves impasse-driven learning,crossref,ok,3498965,10.1108/oxan-db258134,Somalia faces another electoral impasse,2020,"Significance
               Opposition leaders are refusing to participate in the polls unless newly constituted electoral committees are reformed to eliminate bias towards Farmajo, among other things.
            
            
               Impacts
               The impasse will likely require an extension of the government’s mandate when it expires on December 27.
               Delays will erode the legitimacy of Prime Minister Mohammed Hussein Roble’s caretaker administration and its scope to take key decisions.
               Decreased assistance from Somalia’s partners will result in security gaps during elections."
expert tutoring moves impasse-driven learning,crossref,ok,3498965,10.1108/oxan-es249936,Haiti’s political impasse will perpetuate unrest,2020,"Headline
               HAITI: Political impasse will perpetuate unrest"
expert tutoring moves impasse-driven learning,crossref,ok,3498965,10.1108/oxan-es203243,Impasse could exacerbate Moldovan tensions,2015,"Headline
               MOLDOVA: Impasse could exacerbate tensions"
expert tutoring moves impasse-driven learning,crossref,ok,3498965,10.1126/science.310.5754.1599b,ERC Moves Forward Despite Budget Impasse,2005,
expert tutoring moves impasse-driven learning,crossref,ok,3498965,10.1108/oxan-es255129,Tigray election will entrench Ethiopia impasse,2020,"Headline
               ETHIOPIA: Election will entrench Tigray impasse"
expert tutoring moves impasse-driven learning,crossref,ok,3498965,10.1108/oxan-db231748,Cameroon's anglophone impasse likely to persist,2018,"Significance
               His comments come amid a worsening of the anglophone crisis with the recent kidnapping of foreign nationals by militant separatists. Rising instability in the predominantly anglophone Northwest and Southwest regions is hurting the local economy, while the security clampdown on separatists persists. 
            
            
               Impacts
               The crisis will force the government to reallocate some military resources away from the fight against Boko Haram in the Far North region.
               Further abductions of foreigners could impact negatively on international sympathy for the anglophone cause.
               Increased government spending on security crises and pre-election patronage could undermine official fiscal consolidation targets.  
               Attacks on construction workers could delay major energy and transport infrastructure projects critical to economic recovery."
expert tutoring moves impasse-driven learning,crossref,ok,3498965,10.1108/oxan-es217423,Intervention will quickly end Gambian impasse,2017,"Headline
               GAMBIA: Intervention will quickly end Gambian impasse"
expert tutoring moves impasse-driven learning,crossref,ok,3498965,10.1108/oxan-es271210,Sudan protest response may entrench political impasse,2022,"Headline
               SUDAN: Protest response may entrench political impasse"
expert tutoring moves impasse-driven learning,crossref,ok,3498965,10.1108/oxan-db254569,Bolivia legislation may help resolve election impasse,2020,"Significance
               The move follows two weeks of demonstrations as protesters blocked roads to express anger at repeated election delays. With cities suffering food, fuel and medical supply shortages, the government of interim President Jeanine Anez had threatened to remove protesters by force. Anez now seems likely to ratify the new legislation to maintain public order.
            
            
               Impacts
               Roadblocks will have further accentuated the economic recession caused by the COVID-19 lockdown.
               External support from the EU and UN will add pressure for the new date to be respected.
               US support for the Anez administration is unlikely to waver."
expert tutoring moves impasse-driven learning,crossref,ok,3498965,10.1108/oxan-es235513,Vote could ease US immigration impasse,2018,"Headline
               UNITED STATES: Immigration impasse could ease"
expert tutoring moves impasse-driven learning,crossref,ok,3498965,10.1108/oxan-es270874,Kuwait’s political impasse will block legislation,2022,"Headline
               KUWAIT: Political impasse will block legislation"
expert tutoring moves impasse-driven learning,crossref,ok,3498965,10.1108/oxan-es249165,Iraq premier's resignation will deepen protest impasse,2019,"Headline
               IRAQ: Premier resignation will deepen protest impasse"
expert tutoring moves impasse-driven learning,crossref,ok,3498965,10.1108/oxan-es268466,Ethnic cleansing will harden Ethiopia’s Tigray impasse,2022,"Headline
               ETHIOPIA: Ethnic cleansing will harden Tigray impasse"
expert tutoring moves impasse-driven learning,crossref,ok,3498965,10.1108/oxan-es254315,Election boycott will not resolve Venezuela impasse,2020,"Headline
               VENEZUELA: Election boycott will not resolve impasse"
expert tutoring moves impasse-driven learning,crossref,ok,3498965,10.1108/oxan-db210591,West may help resolve Macedonia's political impasse,2016,"Significance
               Opposition Social Democratic Alliance (SDSM) supporters are angry with the president's unexpected pardon for all those being investigated for involvement in Macedonia's wiretapping scandal, which disproportionately benefits officials of the ruling Internal Macedonian Revolutionary Organisation-Democratic Party for Macedonian National Unity (VMRO-DPMNE).  The pardon coincided with the VMRO-DPMNE speaker of parliament fixing early elections for June 5 and the VMRO-DPMNE caretaker prime minister, Emil Dimitriev, annulling key decisions (including personnel appointments) of the SDSM's interior and labour ministers.  Parliament had been dissolved in April over SDSM objections, which retaliated by boycotting the elections.
            
            
               Impacts
               All influential players at home and abroad have a vested interest in a workable compromise despite Macedonian brinkmanship and rhetoric.
               Deep political divisions within the ethnic majority will increase the role of minority Albanian politicians.
               This will improve minority bargaining power both domestically and internationally.
               VMRO-DPMNE and SDSM agree on the migrant issue and have the support of interested EU countries.
               Macedonia's borders will, therefore, be vigorously protected despite the political crisis."
expert tutoring moves impasse-driven learning,crossref,ok,3498965,10.1108/oxan-es270595,US impasse over online moderation is deepening,2022,"Headline
               US: Impasse over online moderation is deepening"
expert tutoring moves impasse-driven learning,crossref,ok,3498965,10.1108/oxan-es278050,EU impasse shows persistent divergence over nuclear,2023,"Headline
               EU: Member states are divided on nuclear energy"
expert tutoring moves impasse-driven learning,crossref,ok,3498965,10.1108/oxan-db275807,Peru's institutional impasse has no rapid solution,2023,"Significance
               After two months of street protests across the country, social pressure for immediate elections remains potent. The Boluarte government is caught between giving in to pressure from the street and the refusal of Congress to heed demands for new elections.
            
            
               Impacts
               Continuing disturbances will have increasingly negative impacts on Peru’s economy.
               Boluarte lacks the authority and legitimacy to force a solution to the problem. 
               The absence of a robust party system will maintain congressional fragmentation and limit channels of voter communication."
expert tutoring moves impasse-driven learning,crossref,ok,3498965,10.1108/oxan-db205991,RENAMO impasse puts Mozambique ceasefire at risk,2015,"Subject
               Escalating tensions between RENAMO and FRELIMO.
            
            
               Significance
               Following 114 rounds of fruitless peace talks, negotiations between the FRELIMO government and opposition group RENAMO are at a standstill. Tensions have escalated in recent months as hardliners ascend on both sides. If the impasse cannot be resolved, the September 2014 ceasefire agreement will be at risk. 
            
            
               Impacts
               The size of offshore gas reserves will sustain foreign investor interest; however, tensions raise the chances for project delays.
               Companies operating in the mining sector will face continued disruption from protests over land use.
               Provincial autonomy demands would reshape the investment landscape significantly, but are unlikely to go ahead."
expert tutoring moves impasse-driven learning,crossref,ok,3498965,10.5220/0006339104340441,Peer Tutoring Orchestration - Streamlined Technology-driven Orchestration for Peer Tutoring,2017,
expert tutoring moves impasse-driven learning,crossref,ok,3498965,10.1108/oxan-es242421,Finland elections will not solve policy impasse,2019,"Headline
               FINLAND: Elections will not solve policy impasse"
expert tutoring moves impasse-driven learning,crossref,ok,3498965,10.1108/oxan-es224797,Cameroon's anglophone impasse could worsen under Biya,2017,"Headline
               CAMEROON: Anglophone impasse could worsen under Biya"
expert tutoring moves impasse-driven learning,crossref,ok,3498965,10.1108/oxan-es278886,Audit impasse may fuel Congo election controversies,2023,"Headline
               CONGO-KINSHASA: Audit impasse adds to election issues"
expert tutoring moves impasse-driven learning,crossref,ok,3498965,10.1108/oxan-db250955,Ukraine clashes reflect and worsen diplomatic impasse,2020,"Subject
               Ukraine fighting and diplomacy.
            
            
               Significance
               A recent upsurge in fighting in eastern Ukraine comes after talks mediated by Germany and France revived hopes of a political settlement. Despite this optimism, there is little common ground on the contours of an eventual deal. 
            
            
               Impacts
               Falling popularity ratings underline that the Ukrainian president has limited time in which to produce a deal. 
               Elliptical comments by the president indicate he is at least considering a cabinet reshuffle. 
               'Grey zones' between the front lines will be areas of covert contestation."
expert tutoring moves impasse-driven learning,crossref,ok,3498965,10.1108/oxan-db254749,New diplomacy may entrench Somalia-Somaliland impasse,2020,"Significance
               Since then, Somaliland has experienced a flurry of diplomatic outreach from Taiwan, Kenya and Egypt, which has raised hopes that the self-declared republic may finally be on a path towards recognition of its independence. These developments come at a time of regional political upheaval, and as Somaliland President Abdi Muse Bihi’s administration faces a crisis of public confidence amid worsening governance and democratic decay. 
            
            
               Impacts
               Somaliland’s links with Egypt, Kenya and Taiwan could incur reprisals from Ethiopia, Somalia and China, respectively.
               Politicking over the timing and modality of elections in Somalia will continue to overshadow talks with Somaliland.
               The scramble for allies and infrastructure deals makes resolution of Somaliland’s independence less rather than more likely for now."
expert tutoring moves impasse-driven learning,crossref,ok,3498965,10.1108/oxan-es224258,Internet cut could widen Togo's political impasse,2017,"Headline
               TOGO: Internet cut could widen political impasse"
expert tutoring moves impasse-driven learning,crossref,ok,3498965,10.1108/oxan-db275966,Presidential vote may not break Montenegro’s impasse,2023,"Significance
               Depending on who wins, the election could end an impasse created when Prime Minister Dritan Abazovic lost a confidence vote in August and President Milo Djukanovic refused to approve a successor. Since then, parliament has been unable to appoint a government to replace Abazovic’s caretaker administration. 
            
            
               Impacts
               Montenegro’s EU accession negotiations have stalled. 
               Pro-Russian elite figures may exploit political instability, economic fragility and the dysfunctionality of state institutions.
               The United States and EU will work to ensure that the future president and government do not deviate from a Western-oriented foreign policy."
expert tutoring moves impasse-driven learning,crossref,ok,3498965,10.1016/j.eswa.2009.12.011,Extracting learning concepts from educational texts in intelligent tutoring systems automatically,2010,
expert tutoring moves impasse-driven learning,crossref,ok,3498965,10.1108/oxan-es250116,South Sudan states impasse will fuel brinkmanship,2020,"Headline
               SOUTH SUDAN: States impasse will fuel brinkmanship"
expert tutoring moves impasse-driven learning,crossref,ok,3498965,10.1108/oxan-es287002,Israeli-Palestinian Gaza impasse may prove extended,2024,"Headline
               ISRAEL/PALESTINIANS: Gaza impasse may prove extended"
expert tutoring moves impasse-driven learning,crossref,ok,3498965,10.1108/oxan-es256854,End to Philippine impasse boosts two Dutertes,2020,"Headline
               PHILIPPINES: End to impasse boosts two Dutertes"
expert tutoring moves impasse-driven learning,crossref,ok,3498965,10.1108/oxan-db222106,Ending Central Asian water impasse looks more possible,2017,"Subject
               Central Asia's chronic water problem.
            
            
               Significance
               Uzbekistan's evolving policy of engagement with its Central Asian neighbours offers new opportunities to address previously intractable disputes, including over water. Disagreement about river flows pitting hydroelectric projects against irrigation needs divide Kyrgyzstan and Tajikistan from downstream countries, particularly Uzbekistan.
            
            
               Impacts
               Russia will find it hard to play a role as regional mediator due to perceptions it favours some states over others.
               Discussions on sharing the Amu Darya must include Afghanistan, which also draws on the river's water.
               Kazakhstan and Turkmenistan will probably stand back to see whether Uzbekistan shifts position."
expert tutoring moves impasse-driven learning,crossref,ok,3498965,10.1108/oxan-es229856,Togolese talks could offer hope of breaking impasse,2018,"Headline
               TOGO: Peace talks could offer hope of breaking impasse"
expert tutoring moves impasse-driven learning,crossref,ok,3498965,10.1108/oxan-db247631,Turmoil points to protracted impasse in Bolivia,2019,"Significance
               
            
            
               Impacts
               The disturbances will impact on an economy which already is showing signs of slower growth.
               The opposition to Morales is largely urban but geographically more broadly based than in 2008.
               Morales’s international standing will suffer from his handling of the election crisis"
expert tutoring moves impasse-driven learning,crossref,ok,3498965,10.1108/oxan-db276406,Party warfare threatens political impasse in Seoul,2023,"Significance
               The day before, by one vote, the National Assembly rejected an unprecedented attempt by prosecutors to arrest the leader of the main opposition party, Lee Jae-myung, over corruption allegations. The Supreme Prosecutors’ Office will probably now indict Lee without detention, as it has done with the other four. Alternatively, it could seek a new arrest warrant on fresh charges.
            
            
               Impacts
               Lee may well be challenged for the party leadership soon, but opposition lawmakers will not easily be split over major policy issues.
               President Yoon's unpopularity makes his party unlikely to win the next parliamentary election, due in April next year.
               Politicising past inter-Korean dealings will only confirm Pyongyang's (correct) view that Yoon has no real interest in better relations."
expert tutoring moves impasse-driven learning,crossref,ok,3498965,10.1108/oxan-es263470,Bulgaria’s political impasse looks set to continue,2021,"Headline
               BULGARIA: Political impasse looks set to continue"
expert tutoring moves impasse-driven learning,crossref,ok,3498965,10.1108/oxan-es291717,Congo-Rwanda peace talks face a critical impasse,2024,"Headline
               CONGO-KINSHASA/RWANDA: Talks face a critical impasse"
expert tutoring moves impasse-driven learning,crossref,ok,3498965,10.1108/oxan-es246720,Kenya rate cap impasse will stifle business,2019,"Headline
               KENYA: Rate cap impasse will stifle business"
expert tutoring moves impasse-driven learning,crossref,ok,3498965,10.1108/oxan-es249292,South Sudan states impasse risks wider standoff,2019,"Headline
               SOUTH SUDAN: States impasse risks wider standoff"
elite athletic coach feedback timing content,crossref,ok,896198,10.1093/ww/9780199540884.013.10000336,"Mccolgan-Nuttall, Elizabeth, (born 24 May 1964), athletic coach; Director: Athletic Zones; Doha Athletic Club; RunDohaRun",2007,
elite athletic coach feedback timing content,crossref,ok,896198,10.5040/9781350961357,Coach Feedback 2,2020,
elite athletic coach feedback timing content,crossref,ok,896198,10.5040/9781350961340,Coach Feedback 1,2020,
elite athletic coach feedback timing content,crossref,ok,896198,10.35159/kjss.2021.10.30.5.669,The Effects of Coach-Athlete Relationships in Elite Sports on Athletic Satisfaction and Athletic Performance,2021,
elite athletic coach feedback timing content,crossref,ok,896198,10.1093/anb/9780198606697.article.1900692,"Crisler, Fritz (1899-1982), football coach and athletic administrator",2000,
elite athletic coach feedback timing content,crossref,ok,896198,10.1093/anb/9780198606697.article.1900443,"Liston, Emil Sycamore (1890-1949), coach and athletic administrator",2000,
elite athletic coach feedback timing content,crossref,ok,896198,10.4135/9781526433077,Coach Gives the Coachee Feedback,2017,
elite athletic coach feedback timing content,crossref,ok,896198,10.4172/2324-9080.1000208,Competition Calendar and Strength - Aerobic Training Sessions Interaction: The Brainteaser of Coach to Manage Training Schedule in Elite Team Sport Athletes,2015,
elite athletic coach feedback timing content,crossref,ok,896198,10.1093/ww/9780199540884.013.u10000336,"Mccolgan-Nuttall, Elizabeth, (born 24 May 1964), athletic coach; Owner, Liz McColgan Health Clubs",2007,
elite athletic coach feedback timing content,crossref,ok,896198,10.1093/anb/9780198606697.article.1901010,"Abbott, Cleveland (1892-1955), Tuskegee Institute educator, administrator, and athletic coach",2014,
elite athletic coach feedback timing content,crossref,ok,896198,10.1093/anb/9780198606697.article.1900104,"Kiphuth, Robert John Herman (1890-1967), swimming coach and athletic director",2000,
elite athletic coach feedback timing content,crossref,ok,896198,10.1093/anb/9780198606697.article.1900247,"Yost, Fielding Harris (1871-1946), college football coach and athletic director",2000,
elite athletic coach feedback timing content,crossref,ok,896198,10.1093/anb/9780198606697.article.1900152,"Murphy, Michael Charles (1861-1913), athletic trainer and track and field coach",2000,
elite athletic coach feedback timing content,crossref,ok,896198,10.1123/att.2.3.16,Role Delineation between the Strength Coach and the Athletic Therapist,1997,
elite athletic coach feedback timing content,crossref,ok,896198,10.4085/1062-6050-52.10.11,Video Feedback and 2-Dimensional Landing Kinematics in Elite Female Handball Players,2017,"Context: 
                  In team handball, an anterior cruciate ligament injury often occurs during landing after a jump shot. Many intervention programs try to reduce the injury rate by instructing athletes to land more safely. Video is an effective way to provide feedback, but little is known about its influence on landing technique in sport-specific situations.
               
               
                  Objective: 
                  To test the effectiveness of a video-overlay feedback method on landing technique in elite handball players.
               
               
                  Design: 
                  Controlled laboratory study.
               
               
                  Setting: 
                  Laboratory.
               
               
                  Patients or Other Participants: 
                  A total of 16 elite female handball players assigned to a control group (n = 8; age = 17.61 ± 1.34 years, height = 1.73 ± 0.06 m, mass = 69.55 ± 4.29 kg) or video group (n = 8; age = 17.81 ± 0.86 years, height = 1.71 ± 0.03 m, mass = 64.28 ± 6.29 kg).
               
               
                  Intervention(s): 
                  Both groups performed jump shots in a pretest, 2 training sessions, and a posttest. The video group received video feedback of an expert model with an overlay of their own jump shots in training sessions 1 and 2, whereas the control group did not.
               
               
                  Main Outcome Measure(s): 
                  We measured ankle, knee, and hip angles in the sagittal plane at initial contact and peak flexion; range of motion; and Landing Error Scoring System (LESS) scores. One 2 × 4 repeated-measures analysis of variance was conducted to analyze the group, time, and interaction effects of all kinematic outcome measures and the LESS score.
               
               
                  Results: 
                  The video group improved knee and hip flexion at initial contact and peak flexion and range of motion. In addition, the group's average peak ankle flexion (12.0° at pretest to 21.8° at posttest) and LESS score (8.1 pretest to 4.0 posttest) improved. When we considered performance variables, no differences between groups were found in shot accuracy or vertical jump height, whereas horizontal jump distance in the video group increased over time.
               
               
                  Conclusions: 
                  Overlay visual feedback is an effective method for improving landing kinematics during a sport-specific jump shot. Further research is warranted to determine the long-term effects and transfer to training and game situations."
elite athletic coach feedback timing content,crossref,ok,896198,10.4324/9781003153450-9,Coach-Athlete Relationships,2021,
elite athletic coach feedback timing content,crossref,ok,896198,10.1080/13573322.2011.554537,Gender integration of a core content area teacher/athletic coach in the rural southeastern United States,2012,
elite athletic coach feedback timing content,crossref,ok,896198,10.4172/2324-9080.1000277,College Athletes’ Perceptions of Social Support and Athletic Trainer-Coach Conflict,2017,
elite athletic coach feedback timing content,crossref,ok,896198,10.3928/19425864-20180821-01,The Athletic Trainer's Role in Prevention of Osteoarthritis and Posttraumatic Osteoarthritis Following Participation in Elite and Non-elite Level Athletic Activities,2019,
elite athletic coach feedback timing content,crossref,ok,896198,10.1177/17479541261488177,Effects of coach trust on grit and athletic career commitment among elite soccer players: A career motivation theory perspective,2026,"This study aimed to examine the mediating role of grit in the relationship between coach trust and athletic career commitment among elite soccer players. Convenience sampling was used, and 225 elite soccer players from high school and university teams registered with the Korea Football Association participated in this study. Data were collected using self-report questionnaires and analyzed using SPSS 26.0 and AMOS 21.0. The results indicate that coach trust did not have a significant direct effect on athletic career commitment. However, coach trust had a significant positive effect on grit, which had a significant positive effect on athletic career commitment. Additionally, grit fully mediated the relationship between coach trust and athletic career commitment. These findings contribute to the application of Career Motivation Theory within elite sport by demonstrating that coach trust, as an environmental factor, influences athletic career commitment through grit, an intrapersonal psychological resource."
elite athletic coach feedback timing content,crossref,ok,896198,10.1123/iscj.2015-0035,"Coach Evaluation from Three Perspectives: An Athletic Director, a Coach, and a Consultant",2015,
elite athletic coach feedback timing content,crossref,ok,896198,10.1080/13573322.2020.1787371,Negotiating a coach identity: a theoretical critique of elite athletes’ transitions into post-athletic high-performance coaching roles,2020,
elite athletic coach feedback timing content,crossref,ok,896198,10.7717/peerj.14893/supp-1,Supplemental Information 1: Elite and sub-elite players’ ACE and ACTN3 genotypes and anthropometric and athletic performance test data,,
elite athletic coach feedback timing content,crossref,ok,896198,10.1123/iscj.2015-0037,"Coach Evaluation from Three Perspectives: An Athletic Director, a Coach, and a Consultant",2015,
elite athletic coach feedback timing content,crossref,ok,896198,10.1123/iscj.2014-0149,"Coach Evaluation From Three Perspectives: An Athletic Director, a Coach and a Consultant",2015,"Coaches are evaluated and judged on a large number of factors (Gillham, Burton, &amp; Gillham, 2013). The purpose of this paper is to describe the views of three different professionals on coach evaluation. An athletic director and a coach from different Canadian colleges and a coaching consultant responded to the same series of questions regarding coach evaluation at the college level. Across the three professionals, the views expressed are more similar than dissimilar, with each professional emphasizing a different piece of the coach evaluation process. The information presented aligns both with coaching standards in the United States and at the International level. Stakeholder views are compared with the coaching science literature and recommendations for athletic directors and coaching scientists are provided."
elite athletic coach feedback timing content,crossref,ok,896198,10.2139/ssrn.3207681,The Effect of Feedback Content and Timing on Self-Other Gap in Risk-Taking,2018,
elite athletic coach feedback timing content,crossref,ok,896198,10.1519/ssc.0b013e318163bc88,Dual Role Athletic Trainer/Strength Coach,2008,
elite athletic coach feedback timing content,crossref,ok,896198,10.1201/b18866-18,Minerals and Athletic Performance,2015,
elite athletic coach feedback timing content,crossref,ok,896198,10.4324/9780203134610-18,Self-organizing maps and cluster analysis in elite and sub-elite athletic performance,2013,
elite athletic coach feedback timing content,crossref,ok,896198,10.4324/9781003251309-3,Career Development of Elite Coach Developers,2023,
elite athletic coach feedback timing content,crossref,ok,896198,10.7717/peerj.14893/table-8,"Table 8: Comparison of
                      <i>ACE</i>
                      and
                      <i>ACTN3</i>
                      genotypes athletic performances between elite and sub-elite football players.",,
elite athletic coach feedback timing content,crossref,ok,896198,10.1016/b978-85-352-5226-2.50017-0,Monitorando via feedback,2012,
elite athletic coach feedback timing content,crossref,ok,896198,10.1519/jsc.0000000000001717,"Elite Youth Soccer Players' Physiological Responses, Time-Motion Characteristics, and Game Performance in 4 vs. 4 Small-Sided Games: The Influence of Coach Feedback",2017,"Abstract
                  
                    Brandes, M and Elvers, S. Elite youth soccer players' physiological responses, time-motion characteristics, and game performance in 4 vs. 4 small-sided games: the influence of coach feedback.
                    J Strength Cond Res
                    31(10): 2652–2658, 2017—The purpose of this study was to determine the impact of mild vs. strongly pushed coach feedback on the physiological response, ratio of perceived exertion (RPE), and time-motion characteristics in soccer training with small-sided games (SSGs). Sixteen elite youth soccer players (aged 17.2 ± 0.7 years, V̇
                    o
                    2
                    max 62.1 ± 3.8 ml·kg
                    −1
                    ·min
                    −1
                    ) played two 4 vs. 4 small-sided games each. In random order, the coach provided a mild, unobtrusive, or a strongly pushed feedback throughout the game. Physiological measurements included heart rate expressed in mean values and intensity zones, blood lactate concentration, and RPE. The distance traveled, number of sprints, and work:rest ratio were captured by global positioning systems at 5 Hz. Game performance, such as volume of play and efficacy index, was estimated using the Team Sports Assessment Procedure. No differences were found for the physiological response and time-motion characteristics, but effect sizes demonstrated an increase in RPE (+0.4,
                    p
                    = 0.27) and a decrease in game performance (e.g., volume of play, −2.5,
                    p
                    = 0.08) under pushed feedback. Although a pushed feedback raises RPE, it negatively affected the players' game performance, without necessarily provoking higher physiological responses. These results should help coaches to understand that modifying the type of feedback provided during SSG does not impact the physiological response if SSG are already played with high intensity but that the feedback affects RPE and game performance. To keep a better game performance, soccer coaches are encouraged to provide smooth feedback during SSG."
elite athletic coach feedback timing content,crossref,ok,896198,10.4324/9780203080443-12,Coach behaviour analysis within elite youth soccer,2013,
elite athletic coach feedback timing content,crossref,ok,896198,10.21203/rs.3.rs-8701114/v1,From Coach Knowledge to Burnout: The Sequential Mediating Roles of Psychological Capital and Coach-Athlete Relationship Quality in Elite Football,2026,"Abstract
                Background:
 Coach burnout is increasingly recognized as a critical issue in high-performance sport, yet existing research has focused primarily on situational stressors and coaching outcomes, with limited attention to the upstream cognitive resources that may protect coaches’ psychological wellbeing. The present study examined how different forms of coach knowledge are translated into burnout outcomes through psychological and relational mechanisms in elite football coaching contexts.
Methods:
 A cross-sectional survey design was employed with a sample of 221 high-level football coaches holding Asian Football Confederation B-level licences or above. After data screening and removal of multivariate outliers, 215 cases were retained for analysis. Coach knowledge was operationalised as professional–interpersonal knowledge and intrapersonal knowledge. Psychological capital, coach–athlete relationship quality, and coach burnout were assessed using validated instruments. Covariance-based structural equation modelling was conducted using a two-step approach, comprising confirmatory factor analysis followed by structural model testing. Indirect effects were examined using bias-corrected bootstrapping with 5,000 resamples and 95% confidence intervals.
Results:
 Both dimensions of coach knowledge were positively associated with psychological capital. Psychological capital, in turn, was positively related to coach–athlete relationship quality. The direct paths from coach knowledge to burnout were not significant. However, significant indirect effects emerged through a sequential mediation pathway in which coach knowledge predicted burnout via psychological capital and coach–athlete relationship quality. The final structural model demonstrated acceptable fit indices, supporting the proposed cognitive–psychological–relational mechanism linking coach knowledge to burnout.
Conclusions:
 Findings indicate that coach knowledge contributes to lower burnout risk indirectly by fostering psychological capital and enhancing the quality of coach–athlete relationships. These results highlight the importance of viewing coach knowledge not only as a performance-related resource but also as a foundation for coaches’ psychological resilience and relational functioning. Coach education and professional development programmes may benefit from integrating psychological and interpersonal components alongside technical knowledge to support coach wellbeing in high-performance sport."
elite athletic coach feedback timing content,crossref,ok,896198,10.4135/9781483329666.n8,Using Literacy Strategies Across Content Areas to Improve Student Achievement,2008,
elite athletic coach feedback timing content,crossref,ok,896198,10.51979/kssls.2007.05.29.45,"The Relationships among Trust in Coach, Athletic Satisfaction arid Leadership of Coach`s",2007,
elite athletic coach feedback timing content,crossref,ok,896198,10.3389/fspor.2019.00014,"Optimal Development of Youth Athletes Toward Elite Athletic Performance: How to Coach Their Motivation, Plan Exercise Training, and Pace the Race",2019,
elite athletic coach feedback timing content,crossref,ok,896198,10.7287/peerj.14893v0.2/reviews/1,"Peer Review #1 of ""Association between ACE and ACTN3 genes polymorphisms and athletic performance in elite and sub-elite Chinese youth male football players (v0.2)""",2023,
elite athletic coach feedback timing content,crossref,ok,896198,10.7287/peerj.14893v0.1/reviews/1,"Peer Review #1 of ""Association between ACE and ACTN3 genes polymorphisms and athletic performance in elite and sub-elite Chinese youth male football players (v0.1)""",2023,
elite athletic coach feedback timing content,crossref,ok,896198,10.5040/9781472549785.ch-005,"Nursing Mother, Ancient Shepherd, Athletic Coach? Some Images of Christ in the Early Church",1997,
elite athletic coach feedback timing content,crossref,ok,896198,10.4324/9781003469247-23,Coach Scholarship and Athletic Leadership,2025,
elite athletic coach feedback timing content,crossref,ok,896198,10.1123/jsp.1.4.262,Coach and Athlete Personality Interaction: A Critical Variable in Athletic Success,1979,"An athletic program is always a reflection of the personality of the coach of the program. Within that program certain athletes will function better than others. This article presents a discussion of the importance of the personality interaction between coaches and the athletes with whom they work. It discusses the implications of that interaction for coaching, recruiting, and/or drafting athletes into a program, hiring of assistant coaches, and the selection of coaches and athletes for our national teams."
elite athletic coach feedback timing content,crossref,ok,896198,10.5040/9798216032847.ch-044,"“Put Me In, Coach”: A Famous Athletic Trainer",2012,
elite athletic coach feedback timing content,crossref,ok,896198,10.1123/iscj.2014-0149a,"Coach Evaluation from Three Perspectives: An Athletic Director, a Coach, and a Consultant",2015,
elite athletic coach feedback timing content,crossref,ok,896198,10.1123/iscj.2015-0036,"Evaluations, Stakeholders, and Resources: A Commentary on ‘Coach Evaluation from Three Perspectives: An Athletic Director, a Coach, and a Consultant’ by Gillham, Hansen, and Brady",2015,
elite athletic coach feedback timing content,crossref,ok,896198,10.4135/9781483329666.n6,Analyzing Coaching Scenarios,2008,
elite athletic coach feedback timing content,crossref,ok,896198,10.4085/1947-380x-6.4.202,Immediate Feedback and Learning In Athletic Training Education,2011,"Context: Immediate feedback has been shown to improve student learning more efficiently than delayed feedback in lower-level general education courses. No research exists examining the effects of immediate feedback on learning in higher-level athletic training coursework.
        
          Objective: To determine if using the Immediate Feedback Assessment Technique (IF-AT) improves retention of information taught in upper-level athletic training courses better than traditional multiple choice (TMC) exams. The second purpose of this research was to determine students' perceptions of the IF-AT.
        
          Design: 2 x 2 randomized, crossover experimental design.
        
          Setting: A standard higher education classroom.
        
          Patients or Other Participants: A convenience sample of 23 students enrolled in an upper-level athletic training course.
        
          Interventions: Examination type (IF-AT and TMC) and examination session (initial and follow-up).
        
          Main Outcome Measures: Examination scores of the students on the initial examinations and the follow-up examinations.
        
          Results: The interaction between examination type and examination session was not significant; F(1,44) = .154, P = .696, 1-β = .067, ω2 = .015. Students did prefer the IF-AT over traditional multiple choice as evidenced by the survey.
        
          Conclusions: Using the IF-AT on the initial examination did not significantly improve students' scores on the follow-up examination compared to using the TMC format. However, students gave the IF-AT high scores on the satisfaction survey."
elite athletic coach feedback timing content,crossref,ok,896198,10.4324/9781003522669-8,Nutrient Timing,2024,
elite athletic coach feedback timing content,crossref,ok,896198,10.4135/9781483329666,How to Coach Teachers Who Don't Think Like You: Using Literacy Strategies to Coach Across Content Areas,2008,
coach expertise development biographical learning elite,crossref,ok,7905514,10.4324/9781003251309-3,Career Development of Elite Coach Developers,2023,
coach expertise development biographical learning elite,crossref,ok,7905514,10.4324/9781003232322-2,"Coach education, coach learning and professional development",2024,
coach expertise development biographical learning elite,crossref,ok,7905514,10.4324/9781003232322-3,Coach development,2024,
coach expertise development biographical learning elite,crossref,ok,7905514,10.4324/9781003232322-9,"An Embedded, Relational, Emergent coach learning and development strategy",2024,
coach expertise development biographical learning elite,crossref,ok,7905514,10.4324/9781003232322-11,"An Embedded, Relational, Emergent coach learning and development strategy",2024,
coach expertise development biographical learning elite,crossref,ok,7905514,10.4135/9781506312125,Go in as a Coach Go out as a Coach,2013,
coach expertise development biographical learning elite,crossref,ok,7905514,10.4324/9781003232322-10,"An Embedded, Relational, Emergent coach learning and development strategy",2024,
coach expertise development biographical learning elite,crossref,ok,7905514,10.4324/9781003232322-8,"An Embedded, Relational, Emergent coach learning and development strategy",2024,
coach expertise development biographical learning elite,crossref,ok,7905514,10.4324/9781003232322-7,"An Embedded, Relational, Emergent conceptualisation of coach learning and development",2024,
coach expertise development biographical learning elite,crossref,ok,7905514,10.4324/9781003232322-6,"An Embedded, Relational, Emergent conceptualisation of coach learning and development",2024,
coach expertise development biographical learning elite,crossref,ok,7905514,10.1017/cbo9780511609817.017,Structuring the Conditions of Training to Achieve Elite Performance: Reflections on Elite Training Programs and Related Themes in Chapters 10–13,2009,
coach expertise development biographical learning elite,crossref,ok,7905514,10.4324/9781003604600-3,The Evolution of Social Learning Theory in Coach Development,2026,
coach expertise development biographical learning elite,crossref,ok,7905514,10.3390/bs13110924,Expertise in Coach Development: The Need for Clarity,2023,"In this position paper, we start by identifying the issues inherent to coach development; we then consider the current status of coach development and present our position before concluding with key points and suggesting resolutions for the issues. Our intention is to propose the progression of appropriate practices and approaches for the professional development and preparation of coaches. In coach development, a lack of clarity exists at both organisational and individual levels, particularly around the role of and aims for coach developers. Organisationally, we consider a radical reframing required to progress the profession of coach development. We also suggest that many individuals currently involved in coach development do not possess the requisite knowledge to move the field forward. Our aspirations for coach development include recognising the need for expertise and what it looks like in practice. Coaching and coach development interactions should examine particular coaching challenges, concentrating on the thought processes and decision-making strategies necessary to solve them. This necessitates a bespoke, problem-based approach to learning."
coach expertise development biographical learning elite,crossref,ok,7905514,10.4324/9781003604600-21,Social Learning in Coach Development,2026,
coach expertise development biographical learning elite,crossref,ok,7905514,10.58809/uucv5285,A Biographical Study of Lowell \Alex\ Francis: Influential Coach and Teacher,,"This study was designed to investigate and record the boyhood, educational, and professional experiences of Lowell “Alex” Francis, which combined, contributed to shaping Alex into an influential leader, and into a productive coach, educator and intramural director.  There are no hard, fast, quantifiable measures attributed to Coach Francis’ success.  Therefore, this historical investigation followed Alex’s rise to national and international legendary status in an effort to explain his popularity and success as a track and field coach.  In viewing the life of Alex, the reader grows to understand how Nebraska-born, multi-talented young athlete ultimately became mentor and coach to hundreds of track and field athletes at Fort Hays State University for nearly 34 years, from 1946 through 1980.  In addition, this investigation provides a record of accomplishments by Alex and his track and field teams for posterity at Fort Hays State.  Lastly, this study provides a record of contributions by Alex in physical education and in the sport of track and field."
coach expertise development biographical learning elite,crossref,ok,7905514,10.4324/9781003232322-13,What gets developed in coach development?,2024,
coach expertise development biographical learning elite,crossref,ok,7905514,10.4324/9780429351037-6,Using Project-Based Learning for the Graduate Student-Coach Learning Strength and Conditioning,2019,
coach expertise development biographical learning elite,crossref,ok,7905514,10.4324/9781003604600-8,Coach Development across 100+ Finnish Organisations,2026,
coach expertise development biographical learning elite,crossref,ok,7905514,10.4324/9781003160939-12,Internal Processes and Cognitive Approaches to Coach Learning and Development,2024,
coach expertise development biographical learning elite,crossref,ok,7905514,10.16915/jkapesgw.2017.09.31.3.111,"Research Trend of Elite Sports Coach""s Expertise in Korea",2017,
coach expertise development biographical learning elite,crossref,ok,7905514,10.4324/9780429351037-12,A “Personal Learning Coach” for High-Performance Coaches,2019,
coach expertise development biographical learning elite,crossref,ok,7905514,10.4324/9781003179733-12,Coach learning and development,2022,
coach expertise development biographical learning elite,crossref,ok,7905514,10.4324/9781003028642-16,Reflections on Career Development From Women Who Coach Canadian Elite Track and Field Athletes,2021,
coach expertise development biographical learning elite,crossref,ok,7905514,10.4324/9780429351037-10,Social Learning in Communities and Networks as a Strategy for Ongoing Coach Development,2019,
coach expertise development biographical learning elite,crossref,ok,7905514,10.1080/21640629.2026.2692178,Exploring coach education tutors’ expertise (re)development in practice,2026,
coach expertise development biographical learning elite,crossref,ok,7905514,10.1002/9781118089965.ch3,How to Become a Coach,2011,
coach expertise development biographical learning elite,crossref,ok,7905514,10.1123/iscj.2023-0060,Redeveloping Expertise in the Transition From Coach to Coach Education Tutor,2025,"The role of the tutor in delivering formal coach education is critical in understanding the professional preparation of sport coaches. The recruitment, development, and retention of tutors with expertise is crucial to organisational success and has personal and professional implications for career transitions in coaching. This study focuses on teaching and learning experiences during the initial tutor training of novice coach education tutors from a national sport governing body in the United Kingdom. Grenier and Kehrhahn’s Model of Expertise Redevelopment is utilised as a theoretical tool to aid understanding of the transition from coaching to tutoring. Data were collected through document analysis, observations during and after initial tutor training and subsequent live delivery of courses, and follow-up semistructured interviews with nine tutors. The themes highlighted the need to acquire specific knowledge of the content, the role of others in the development of expertise, the use of situated learning as a catalyst for redevelopment, and the eagerness to establish their future learning pathway. The findings suggest that each territory of expertise (i.e., content, constituency and environment) did not remain stable when transitioning to the new domain of coach education tutoring and implications for future tutor training are provided."
coach expertise development biographical learning elite,crossref,ok,7905514,10.4324/9781003604600-17,Becoming a Surf Coach,2026,
coach expertise development biographical learning elite,crossref,ok,7905514,10.4324/9780429351037-13,A Competency-Based Approach to Coach Learning,2019,
coach expertise development biographical learning elite,crossref,ok,7905514,10.4324/9781003472438-13,Integrating Opportunities to Understand and Promote Learning through Assessment in Coach Development,2024,
coach expertise development biographical learning elite,crossref,ok,7905514,10.4324/9780429351037-4,Team-Based Learning as an Instructional Strategy for Undergraduate Coach Education,2019,
coach expertise development biographical learning elite,crossref,ok,7905514,10.5771/9781782557449-279,11 Pillar 7: Coach provision and coach development,2015,
coach expertise development biographical learning elite,crossref,ok,7905514,10.4324/9780203080443-12,Coach behaviour analysis within elite youth soccer,2013,
coach expertise development biographical learning elite,crossref,ok,7905514,10.21203/rs.3.rs-8701114/v1,From Coach Knowledge to Burnout: The Sequential Mediating Roles of Psychological Capital and Coach-Athlete Relationship Quality in Elite Football,2026,"Abstract
                Background:
 Coach burnout is increasingly recognized as a critical issue in high-performance sport, yet existing research has focused primarily on situational stressors and coaching outcomes, with limited attention to the upstream cognitive resources that may protect coaches’ psychological wellbeing. The present study examined how different forms of coach knowledge are translated into burnout outcomes through psychological and relational mechanisms in elite football coaching contexts.
Methods:
 A cross-sectional survey design was employed with a sample of 221 high-level football coaches holding Asian Football Confederation B-level licences or above. After data screening and removal of multivariate outliers, 215 cases were retained for analysis. Coach knowledge was operationalised as professional–interpersonal knowledge and intrapersonal knowledge. Psychological capital, coach–athlete relationship quality, and coach burnout were assessed using validated instruments. Covariance-based structural equation modelling was conducted using a two-step approach, comprising confirmatory factor analysis followed by structural model testing. Indirect effects were examined using bias-corrected bootstrapping with 5,000 resamples and 95% confidence intervals.
Results:
 Both dimensions of coach knowledge were positively associated with psychological capital. Psychological capital, in turn, was positively related to coach–athlete relationship quality. The direct paths from coach knowledge to burnout were not significant. However, significant indirect effects emerged through a sequential mediation pathway in which coach knowledge predicted burnout via psychological capital and coach–athlete relationship quality. The final structural model demonstrated acceptable fit indices, supporting the proposed cognitive–psychological–relational mechanism linking coach knowledge to burnout.
Conclusions:
 Findings indicate that coach knowledge contributes to lower burnout risk indirectly by fostering psychological capital and enhancing the quality of coach–athlete relationships. These results highlight the importance of viewing coach knowledge not only as a performance-related resource but also as a foundation for coaches’ psychological resilience and relational functioning. Coach education and professional development programmes may benefit from integrating psychological and interpersonal components alongside technical knowledge to support coach wellbeing in high-performance sport."
coach expertise development biographical learning elite,crossref,ok,7905514,10.4324/9781003604600-12,The Australian Institute of Sport Coach Summit Programme,2026,
coach expertise development biographical learning elite,crossref,ok,7905514,10.1123/kr.2025-0026,Coach Learning and Positive Youth Development: Implications for Coach Developers,2026,"Considering the growing interest in positive youth development (PYD) across cultures, there is a need to understand how coaches learn to foster PYD outcomes. To fulfill this need, the purpose of this conceptual paper is to present a model that outlines how coaches learn to coach for PYD through sport and provide recommendations for coach developers to support the learning and practice of coaches. It is hoped that such recommendations will add to the pivotal role coach developers play when working with coaches to promote PYD through sport. A coach learning model is presented to describe coach learning and coaching practice relative to PYD. The present article can serve as a resource to instigate reflections about the design and delivery of PYD-focused coach education programs, as well as support researchers’ and coach developers’ efforts as they thrive to facilitate coach learning."
coach expertise development biographical learning elite,crossref,ok,7905514,10.1007/springerreference_301953,Development of Expertise and High Performance in Content-Area Learning,,
coach expertise development biographical learning elite,crossref,ok,7905514,10.4324/9781315469577-18,‘Honest politics’: A biographical perspective on economic expertise as a political style Jonne Harmsma,2016,
coach expertise development biographical learning elite,crossref,ok,7905514,10.4324/9781003604600-16,Utilising a Framework for Noticing to Develop Enabling and Strategic Value in UK High-Performance Coach Development,2026,
coach expertise development biographical learning elite,crossref,ok,7905514,10.4324/9781003604600-9,The Changing Landscape of Coach Development in Québec,2026,
coach expertise development biographical learning elite,crossref,ok,7905514,10.4324/9780429351037-15,Authentic E-Learning,2019,
coach expertise development biographical learning elite,crossref,ok,7905514,10.1037/e547922012-001,The relationship between the type of attachment between coach and athlete and the development of eating disorders in elite distance runners,2003,
coach expertise development biographical learning elite,crossref,ok,7905514,10.1017/cbo9780511609817.018,THE DEVELOPMENT OF EXPERTISE AND EXPERT PERFORMANCE,2009,
coach expertise development biographical learning elite,crossref,ok,7905514,10.4324/9781003232322,Sport Coach Learning and Professional Development,2024,
coach expertise development biographical learning elite,crossref,ok,7905514,10.1108/14777280610688014,When to coach – and when not to coach,2006,"PurposeReviews the latest management developments across the globe and pinpoints practical implications from cutting‐edge research and case studies.Design/methodology/approachThis briefing is prepared by an independent writer who adds their own impartial comments and places the articles in context.FindingsAnalogies between sports and business have always been made, and sometimes the ease with which they slip into the business argot can oversimplify and distort any kind of objective analysis. The temptation to make such comparisons is easy to understand – words like “performance”, “results” and “winning” are used commonly in both areas, and so much so‐called management‐speak utilizes sporting jargon all the time, so that “ballpark figures” arrive “out of left field”.Practical implicationsProvides strategic insights and practical thinking that have influenced some of the world's leading organizations.Originality/valueThe briefing saves busy executives and researchers hours of reading time by selecting only the very best, most pertinent information and presenting it in a condensed and easy‐to‐digest format."
coach expertise development biographical learning elite,crossref,ok,7905514,10.16926/par.2023.11.15,Expertise development of elite Taekwondo coaches,2023,"Objective: While numerous studies on the expertise of elite sports coaches have been conducted, few studies have been conducted on coaching Taekwondo, an Olympic sport rapidly gaining worldwide popularity. Yet, as a combat sport with Asian martial arts roots, elite Taekwondo coaches may have different needs than their peers in other sports. The present study thus explored elite Taekwondo coaches during the course of their careers. Methods: Qualitative data were gathered through semi-structured interviews. Coaches (n=9) were selected via purposeful sampling and were all elite Taekwondo coaches with more than 10 years’ experience in elite Taekwondo coaching. Focused questions examined the transition of expert elite Taekwondo coaches through various stages in their careers to explore their expertise development process. Results: Five key variables emerged from the analysis of the expert coaches’ growth toward expertise. These variables correlate with what other coaches of elite coaches experienced during their development, thus evidencing that coaching Olympic Taekwondo is not unlike coaching other elite sports."
coach expertise development biographical learning elite,crossref,ok,7905514,10.1080/13573322.2011.637550,Exploring biographical learning in elite soccer coaching,2011,
coach expertise development biographical learning elite,crossref,ok,7905514,10.1080/21640629.2024.2395138,Coach development as assemblage: mobilising assemblage thinking to examine coach learning within an endurance-running coach development intravention,2024,
coach expertise development biographical learning elite,crossref,ok,7905514,10.4324/9781003198772-19,Developing adaptive expertise,2022,
coach expertise development biographical learning elite,crossref,ok,7905514,10.1002/9781118089965.app2,Appendix B: 14 Compelling Reasons to Use a Professional Coach,2011,
teacher vision expert novice classroom perception,crossref,ok,1588778,10.4324/9781003370604-5,Characterizing novice and expert teachers' professional vision of classroom management,2024,
teacher vision expert novice classroom perception,crossref,ok,1588778,10.1007/s11251-016-9367-z,Teacher vision: expert and novice teachers’ perception of problematic classroom management scenes,2016,
teacher vision expert novice classroom perception,crossref,ok,1588778,10.1016/j.tate.2020.103243,"Novice and expert teachers’ situation-specific skills regarding classroom management: What do they perceive, interpret and suggest?",2021,
teacher vision expert novice classroom perception,crossref,ok,1588778,10.4135/9781506341026.n8,"Become an Expert
						Novice",2016,
teacher vision expert novice classroom perception,crossref,ok,1588778,10.1016/j.tate.2017.04.015,See and tell: Differences between expert and novice teachers’ interpretations of problematic classroom management events,2017,
teacher vision expert novice classroom perception,crossref,ok,1588778,10.1177/002248718803900306,Expert-Novice Differences in Perceiving and Processing Visual Classroom Information,1988,"Findings from a study designed to examine differences in ex pert and novice teachers' information processing are pre sented. Specifically, results are described which suggest differ ences in the ways expert, novice, and ""postulant"" teachers perceive, understand, monitor, and process visual information in classrooms. Expert, novice, and postulant subjects were asked to view a series of slides taken in science and mathema tics classrooms and to discuss their perceptions about and reactions to visual stimuli. Subjects were asked to respond to structured interview questions both orally and in writing; the responses were recorded and transcribed for analysis. Protocols and written responses were analyzed through a multi-step, itera tive process designed to determine patterns, trends, and differ ences in both kind and quantity of responses. Results suggested that experts, novices, and postulants differed with respect to their abilities to perceive and interpret classroom information. Experts appeared better able to weigh the import of one piece of visual information against another, to form connections among pieces of information, and to represent management and instructional situations into meaningful problem units. In general, experts appeared to possess comparatively richer schemata for ascribing meaning to visual classroom information."
teacher vision expert novice classroom perception,crossref,ok,1588778,10.5353/th_b3195881,An evaluation of classroom management through expert-novice comparison : a case study,,
teacher vision expert novice classroom perception,crossref,ok,1588778,10.4135/9781506341026.n4,Fill the Classroom,2016,
teacher vision expert novice classroom perception,crossref,ok,1588778,10.1017/cbo9780511497643.008,The TLA of expert and novice teachers,2007,
teacher vision expert novice classroom perception,crossref,ok,1588778,10.1123/jsep.2021-0121,A Perception–Action Assessment of the Functionality of Peripheral Vision in Expert and Novice Australian Footballers,2022,"While widely acknowledged as being important for team-sport performance, the contribution of peripheral vision is poorly understood. This study aimed to better understand the role of far peripheral vision in team sport by exploring how domain experts and novices used far peripheral vision to support decision making and action control. Expert (n = 25) and novice (n = 23) Australian football players completed a perception-only task to assess the extent of their peripheral field. Next, they completed two sport-specific variations (response and recognition) of a “no-look” pass task that required passing a ball to a teammate who appeared in their far peripheral field. In the perception-only task, novices outperformed experts. However, in the sport-specific action response and recognition tasks, experts demonstrated superior performance as they responded to the stimulus farther from central vision and more accurately. Results demonstrate expertise effects for the use of far peripheral vision in sport."
teacher vision expert novice classroom perception,crossref,ok,1588778,10.1177/0022487114549810,Keeping an Eye on Learning,2014,"Classroom management represents an important skill and knowledge set for achieving student learning gains, but poses a considerable challenge for beginning teachers. Understanding how teachers’ cognition and conceptualizations differ between experts and novices is useful for enhancing beginning teachers’ expertise development. We created a coding scheme using grounded theory to analyze expert and novice teachers’ verbalizations describing classroom events and their relevance for classroom management. Four categories of codes emerged. These referred to perceptions/interpretations, thematic focus, temporality, and cognitive processing expressed. Mixed-method analysis of teachers’ verbalizations yielded a number of significant effects related to participants’ expertise levels. Notably, teachers’ cognitive processing diverged significantly based on expertise level. Differences in focus included themes such as student learning, student discipline, and teacher interaction and influence. Experts focused on learning in the classroom and the teacher’s ability to influence learning, whereas novices were more concerned with maintaining discipline and behavioral norms."
teacher vision expert novice classroom perception,crossref,ok,1588778,10.2139/ssrn.2212895,Bridging the Expert-Novice Divide in the Political Science Classroom,2013,
teacher vision expert novice classroom perception,crossref,ok,1588778,10.12794/metadc9773,A value-added approach to determine the relationships of mentoring to novice teacher classroom effectiveness.,,"The purpose of the study was to determine the relationship between scores of the new teachers' classroom effectiveness with numerical indexes of mentor support, mentor infrastructure, and workplace ecology. In addition, this study sought to determine the effect of various demographics (i.e., gender, age, race, degree, teaching level, and certification route) on the Classroom Effectiveness Index (CEI) scores of first-year teachers, and to determine the differences, if any, between the Classroom Effectiveness Index scores of first-year teachers who remained on campus, switched campuses, or left the district. This study is primarily correlational in nature - looking for relationships between quantifiable variables. The subjects are 68 first-year teachers. The mandatory mentoring program the subjects were involved in consisted of a paid, veteran teacher who worked on the same campus as the first-year teacher and assisted in instructional or behavioral needs. This study measured the impact of the first-year teachers' mentoring experiences to the Classroom Effectiveness Index scores and teacher retention. The findings suggest that the Classroom Effectiveness Index scores might not be an appropriate tool for uncovering which aspects of mentoring contribute to student achievement and retention. Adding the value-added measurement tool to the categories of mentor support (MS), mentor infrastructure (MI), and workplace ecology (WE), rendered no statistically significant results. Therefore, further research is necessary to continue to define the effective characteristics of mentoring and its impact on classroom effectiveness and retention."
teacher vision expert novice classroom perception,crossref,ok,1588778,10.4018/978-1-59140-860-4.ch010,Expert-Novice Differences and Adaptive Multimedia,2006,"This chapter provides an overview of theoretical frameworks and empirical evidence for the design of adaptive multimedia that is tailored to individual levels of user expertise to optimize cognitive resources available for learning. Recent studies indicate that multimedia design principles that benefit low-knowledge users may disadvantage more experienced ones due to increase in cognitive load required for integration of presented information with available knowledge base. The major implication for multimedia design is the need to tailor instructional formats to individual levels of expertise. The suggested adaptive procedure is based on empirically-established interactions between levels of user proficiency and formats of multimedia presentations (the expertise reversal effect), and on real-time monitoring of users’ expertise using rapid cognitive diagnostic methods."
teacher vision expert novice classroom perception,crossref,ok,1588778,10.2139/ssrn.6560001,How to Understand Classroom Disruptions? Fostering Novice Teachers’ Reasoning Skills with Expert Tutorials,2026,"Classroom disruptions and challenging student behaviour present significant challenges, particularly for novice teachers, who often struggle to discern the underlying motives of obvious disruptive behaviour. And yet, in order to react effectively to disruptions and prevent escalation, teachers must be able to interpret critical classroom events in a theory-based manner (“reasoning”). Good reasoning requires not only that the relevant professional knowledge is available, but also that it can be accessed and applied in a situation-specific manner. This study uses a case-based approach to investigate whether tutorials that provide expert commentary on cases in a situation-specific manner and explicitly link core concepts to relevant classroom events can promote novice teachers’ reasoning skills and professional knowledge of dealing with classroom disruptions. This longitudinal study with N = 50 novice teachers found that the intervention group who received expert tutorials improved their reasoning skills and professional knowledge more than the control group did."
teacher vision expert novice classroom perception,crossref,ok,1588778,10.1177/002248719104200407,Expert and Novice Teacher Decision Making,1991,"The thinking and decision making of expert and novice teachers were compared before, during, and after teaching. The novices were five student teachers, and the experts were their five cooperating teachers in a suburban elementary school. Audiotaped planning interviews, videotapes of lessons, stimulated recall interviews, post-teaching interviews, delayed self-reports, and relevant printed materials were analyzed us ing the constant comparative method. The expert teachers thought about learning from the perspective of the student and performed a cognitive analysis of each learning task during planning, which they adapted to the needs of students during teaching. In contrast, novices used specific lesson objectives to form structured lesson plans that they did not adapt to meet student needs during teaching. Models for expert and novice teacher decision making are proposed, as well as implications for teacher education."
teacher vision expert novice classroom perception,crossref,ok,1588778,10.36665/elp.v9i1.883,TEACHERS’ PERCEPTION ON REFLECTIVE TEACHING PRACTICE IN ENGLISH FOREIGN LANGUAGE (EFL) CLASSROOM: A CASE STUDY OF ENGLISH NOVICE TEACHER,2024,"The aim of this research was to explore the perceptions of English novice teachers regarding reflective teaching practices in EFL classrooms in rural schools. The study employed a qualitative description with a case study design as the research method, and data collection was conducted online through semi-structured interviews and reflective journals with five English novice teachers selected through convenience sampling at the secondary school level. The findings revealed that novice English teachers had positive perceptions regarding the implementation of reflective teaching practices. English novice teachers applied some reflective practices in their teaching, but some practices proved challenging for them due to a lack of understanding, limited preparation time, and a lack of collaboration with peers, hindering them from engaging in more effective reflective practices. Therefore, it can be concluded that the implementation of reflective teaching practices by English novice teachers in rural schools was less effective in developing the quality of their teaching. This study suggests that teacher education programs, especially for English teachers, and schools should equip prospective teachers with adequate understanding and support. This can be achieved through structured training programs, mentoring initiatives, and learning communities to prepare future English teachers for a successful teaching career in rural settings by fostering effective reflective teaching practices."
teacher vision expert novice classroom perception,crossref,ok,1588778,10.4324/9780203012505-12,A Contrast of Novice and Expert Competence in Maths Lessons,2005,
teacher vision expert novice classroom perception,crossref,ok,1588778,10.31274/rtd-180817-3968,Student-teacher perception and elementary school classroom verbal interaction,,
teacher vision expert novice classroom perception,crossref,ok,1588778,10.4324/9780203012505-5,A Contrast of Novice and Expert Competence in Maths Lessons,2005,
teacher vision expert novice classroom perception,crossref,ok,1588778,10.14221/ajte.2014v39n7.9,Title: How do Preservice Teacher Education students Move From Novice to Expert Assessors?,2014,
teacher vision expert novice classroom perception,crossref,ok,1588778,10.1787/888934223859,Figure 3.2. Schools differ in student perception of classroom climate and teacher enthusiasm,,
teacher vision expert novice classroom perception,crossref,ok,1588778,10.4324/9780203646946-10,A Cognitive Analysis of Patterns in Science Instruction by Expert and Novice Teachers,2004,
teacher vision expert novice classroom perception,crossref,ok,1588778,10.1037/019043,Classroom Applications: Offerings to the Novice Teacher,1979,
teacher vision expert novice classroom perception,crossref,ok,1588778,10.4324/9781315453736-10,Moving from Novice Towards Expert Teacher,2018,
teacher vision expert novice classroom perception,crossref,ok,1588778,10.1167/6.6.278,The timecourse of expert and novice visual object encoding,2010,
teacher vision expert novice classroom perception,crossref,ok,1588778,10.14221/ajte.2011v36n5.1,Self-Efficacy Beliefs of Novice Teachers and Their Performance in the Classroom,2011,
teacher vision expert novice classroom perception,crossref,ok,1588778,10.4324/9780203134252-9,Synthesis,2002,
teacher vision expert novice classroom perception,crossref,ok,1588778,10.4324/9780203134252-7,Feedback,2002,
teacher vision expert novice classroom perception,crossref,ok,1588778,10.4324/9780203134252-6,Assessment,2002,
teacher vision expert novice classroom perception,crossref,ok,1588778,10.15760/nwjte.2011.9.1.2,Changing Teacher Candidates’ Perceptions of Literacy in Content Classes: The Role of Expert-Novice Dialogues,2011,
teacher vision expert novice classroom perception,crossref,ok,1588778,10.1177/0022487195046004009,Culturally Responsive Teacher Preparation Evident in Classroom Approaches to Cultural Diversity: A Novice and an Experienced Teacher,1995,
teacher vision expert novice classroom perception,crossref,ok,1588778,10.1017/9781009024648.013,Guarding the flame of teacher vision,2021,
teacher vision expert novice classroom perception,crossref,ok,1588778,10.4324/9780203134252-5,Teaching strategies,2002,
teacher vision expert novice classroom perception,crossref,ok,1588778,10.1177/002248718904000407,Expert-Novice Differences in Teaching: A Cognitive Analysis and Implications for Teacher Education,1989,Livingston and Borko examine the implications of theory and research on pedagogical expertise for teacher education. They describe an investigation of the thoughts and actions of a small number of expert and novice teachers. Differences among the teachers are analyzed from two perspectives: teach ing as a complex cognitive skill and improvisational perfor mance. They then offer recommendations for teacher educa tion practice.
teacher vision expert novice classroom perception,crossref,ok,1588778,10.1167/8.6.318,Novice and expert performance on a computerized lifeguarding task,2010,
teacher vision expert novice classroom perception,crossref,ok,1588778,10.4324/9780203134252-4,Lesson patterns,2002,
teacher vision expert novice classroom perception,crossref,ok,1588778,10.1017/9781009024648.012,(Re-)igniting the flame of teacher vision,2021,
teacher vision expert novice classroom perception,crossref,ok,1588778,10.1016/j.tate.2020.103276,The role of expert feedback in the development of pre-service teachers’ professional vision of classroom management in an online blended learning environment,2021,
teacher vision expert novice classroom perception,crossref,ok,1588778,10.3389/fpsyg.2022.964967,What is effective classroom dialog? A comparative study of classroom dialog in Chinese expert and novice mathematics teachers’ classrooms,2022,"Conducting effective classroom dialog is an important foundation for high-quality classrooms. This study investigates the characteristics of effective classroom dialog from the perspective of Chinese mathematics classrooms. Classroom videotapes from 40 expert and 33 novice teachers were selected from a national project and analyzed through a developed coding framework. Results showed that the dominant types of dialog in expert teachers’ classrooms were related to Basic Knowledge, Construction, Analysis, and Personal Information. Compared to novice teachers, expert teachers’ classrooms have a significantly lower proportion of dialog on Basic Knowledge and significantly higher proportions of dialog on Personal Information and Speculation. Based on expert teachers’ classrooms, the characteristics of effective classroom dialog in the Chinese context were discussed. The analytical framework for classroom dialog developed in this study could be a powerful tool for subsequent research. Suggestions are provided on increasing the effectiveness of classroom dialog."
teacher vision expert novice classroom perception,crossref,ok,1588778,10.4324/9781003288961-15,Negotiating the expert/novice positions in language teacher professional development,2023,
teacher vision expert novice classroom perception,crossref,ok,1588778,10.1080/19463014.2012.716621,‘Dealing with’ unexpected learner contributions in whole group activities: an examination of novice language teacher discursive practices,2012,
teacher vision expert novice classroom perception,crossref,ok,1588778,10.1080/17425964.2015.1045770,Self-Study for and by Novice Elementary Classroom Teachers with Social Justice Aims and the Implications for Teacher Education,2015,
teacher vision expert novice classroom perception,crossref,ok,1588778,10.1016/j.tate.2023.104149,Novice and expert teachers’ use of content-related knowledge during pedagogical reasoning,2023,
teacher vision expert novice classroom perception,crossref,ok,1588778,10.1016/0742-051x(91)90039-r,The stories of expert and novice student teachers' supervisors: Perspectives on professional development,1991,
teacher vision expert novice classroom perception,crossref,ok,1588778,10.1016/j.tate.2024.104824,Learning to self-regulate the professional work outside the classroom: A resource for novice teachers?,2025,
teacher vision expert novice classroom perception,crossref,ok,1588778,10.15408/es.v10i1.8092,CLASSROOM INTERACTION: TEACHER AND STUDENTS PERCEPTION ON DIALOGUE IN PRIMARY SCIENCE CLASSROOM,2018,
teacher vision expert novice classroom perception,crossref,ok,1588778,10.4324/9780203134252-3,Setting the scene,2002,
teacher vision expert novice classroom perception,crossref,ok,1588778,10.7710/2168-0620.0285,"Preservice Teacher Education Programs, Novice Teachers, and Classroom
                        Management Preparation",2021,
teacher vision expert novice classroom perception,crossref,ok,1588778,10.23977/aduhe.2023.051419,Research on the Differences of Classroom Teaching between Expert Teacher and Preservice Teacher,2023,
pedagogical content knowledge expert teachers measurement,crossref,ok,3043659,10.1007/978-981-13-5898-2_7,Illustrating and Developing Science Teachers’ Pedagogical Content Knowledge Through Learning Study,2019,
pedagogical content knowledge expert teachers measurement,crossref,ok,3043659,10.1007/978-981-13-5898-2_15,Correction to: Repositioning Pedagogical Content Knowledge in Teachers’ Knowledge for Teaching Science,2020,
pedagogical content knowledge expert teachers measurement,crossref,ok,3043659,10.1163/9789087903657_004,Pedagogical Content Knowledge,2006,
pedagogical content knowledge expert teachers measurement,crossref,ok,3043659,10.1007/978-94-6091-821-6_2,Pedagogical Content Knowledge,2012,
pedagogical content knowledge expert teachers measurement,crossref,ok,3043659,10.57030/23364890.cemj.31.1.86,"The Relations Between Technological Knowledge, Technological Content Knowledge, Technological Pedagogical Knowledge, Technological Pedagogical Content Knowledge and Inventive Skills Among Malay Language Teachers",2023,
pedagogical content knowledge expert teachers measurement,crossref,ok,3043659,10.14742/ajet.299.s130,Surveying In-service Preschool Teachers’ Technological Pedagogical Content Knowledge,,
pedagogical content knowledge expert teachers measurement,crossref,ok,3043659,10.1007/978-981-13-5898-2_11,A Grand Rubric for Measuring Science Teachers’ Pedagogical Content Knowledge,2019,
pedagogical content knowledge expert teachers measurement,crossref,ok,3043659,10.1787/888933149214,Figure 8.3 Impact of IMPROVE on teachers pedagogical content knowledge,,
pedagogical content knowledge expert teachers measurement,crossref,ok,3043659,10.1787/888933149192,Figure 8.1 Impact of IMPROVE on teachers' pedagogical content knowledge,,
pedagogical content knowledge expert teachers measurement,crossref,ok,3043659,10.1163/9789004505452_001,Developing Science Teachers’ Pedagogical Content Knowledge,2021,
pedagogical content knowledge expert teachers measurement,crossref,ok,3043659,10.33902/jpr.2022.165,Interaction between pre-service chemistry teachers  pedagogical content knowledge and content knowledge in electrochemistry,2022,
pedagogical content knowledge expert teachers measurement,crossref,ok,3043659,10.1007/978-94-6300-313-1_6,Studying the Activity of Two French Chemistry Teachers to Infer their Pedagogical Content Knowledge and their Pedagogical Knowledge,2015,
pedagogical content knowledge expert teachers measurement,crossref,ok,3043659,10.1007/978-981-13-5898-2_1,Towards a Consensus Model: Literature Review of How Science Teachers’ Pedagogical Content Knowledge Is Investigated in Empirical Studies,2019,
pedagogical content knowledge expert teachers measurement,crossref,ok,3043659,10.1163/9789004505452_006,The Development of Preservice Chemistry Teachers’ Pedagogical Content Knowledge,2021,
pedagogical content knowledge expert teachers measurement,crossref,ok,3043659,10.1007/0-306-47217-1_6,Assessment and Measurement of Pedagogical Content Knowledge,,
pedagogical content knowledge expert teachers measurement,crossref,ok,3043659,10.1007/978-981-13-5898-2_5,Exposing Pathways for Developing Teacher Pedagogical Content Knowledge at the Topic Level in Science,2019,
pedagogical content knowledge expert teachers measurement,crossref,ok,3043659,10.17077/etd.hgi8dv0k,Preservice secondary school mathematics teachers' knowledge of trigonometry,,
pedagogical content knowledge expert teachers measurement,crossref,ok,3043659,10.4324/9780429053573-6,Regarding content knowledge,2019,
pedagogical content knowledge expert teachers measurement,crossref,ok,3043659,10.47155/mamusbbd.1308251,"Kitap İncelemesi ""Repositioning Pedagogical Content Knowledge in Teachers’ Knowledge for Teaching Science""",2023,"İçinde yaşadığımız yüzyıl itibariyle toplumun ihtiyaçları ve teknolojideki gelişmeler eğitime de yansımış ve eğitimin uygulayıcısı olan öğretmenlerin sorumlulukları bir kat daha artmıştır. Öğretmenlerin edinmesi gereken bilgi ve beceriler değiştikçe, bu bilgi ve becerilerin incelenmesi ve tartışılması önem kazanmaktadır. 2012 yılında gerçekleştirilen 1. Pedagojik Alan Bilgisi Zirvesi'nden dört yıl sonra düzenlenen 2. Pedagojik Alan Bilgisi Zirvesi'nde de bu inceleme ve tartışmalarla öğretmen eğitimine katkı sağlanmaya çalışıldı. 2. Pedagojik Alan Bilgisi Zirvesi'nin odağında daha çok veri ve analiz vardı. Ancak Consensus Modeli (CM) tekrar tartışıldı ve Rafine Consensus Modeli (RCM) ortaya çıktı. ""Repositioning Pedagogical Content Knowledge in Teachers' Knowledge for Teaching Science"" başlıklı kitap, 2. Zirve sırasında kaydedilen ilerlemeyi ortaya koymayı, Rafine Consensus Modeli (RCM) modelini tüm PAB araştırmacılarına tanıtmayı ve uygulamalara açıklık getirmeyi amaçlıyor. Öğretmen eğitimi ile ilgilenen araştırmacı ve öğretmenlere katkı sağlamak amacıyla incelenen bu kitabın, ilgili literatürü yansıtarak okuyucularda son gelişmeler hakkında bir kanaat oluşturacağı düşünülmektedir."
pedagogical content knowledge expert teachers measurement,crossref,ok,3043659,10.15858/engtea.78.4.202312.83,"Primary Teachers’ Knowledge Base of Pronunciation Instruction: Their Content Knowledge, Pedagogical Content Knowledge, and Technical Pedagogical Content Knowledge",2023,
pedagogical content knowledge expert teachers measurement,crossref,ok,3043659,10.32469/10355/66375,"Analysis of content and pedagogical content knowledge in secondary mathematics teachers' preparation programs : perceptions of novice teachers, cooperating teachers, and university professors",,"Previous research focused on characteristics of effective teachers, teacher recruitment or new pathways to teaching (Ball and Forzani, 2009; Ronfeldt et. al., 2014). However, there is a gap in the research regarding the best path to prepare secondary math teachers. Universities create a customized path of preparation based on their beliefs within the scope of a set of standards given by organizations such as the National Council for Teachers of Mathematics or National Council for Accreditation of Teacher Education. Further research supports the necessity for both content and pedagogical knowledge (Ball, 2000; Graham and Fennell, 2001; NCATE, 2010; Thames and Ball, 2010). Therefore, the purpose of this qualitative case study pursues to increase the research by uncovering perceptions of secondary math teacher preparation with the standards, content knowledge, and content pedagogical knowledge. The study included two universities? programs to gain awareness as to the interpretations of novice teachers, cooperating teachers, and University professors of the pre-service training program used to prepare future secondary mathematics educators. The findings suggest: while only the Mathematics Education Professor at both Universities were the only study participants to have a vast knowledge of the standards it did not seem to impede on the overall preparation of the novice teacher. Novice and Cooperating teachers lacked the vision for the purpose and value of upper level math classes required for the degree. Both Novice and Cooperating Teachers wanted an increase in opportunities for real-world content pedagogical situations along with differentiation, co-teaching, and Special Education. Novice teachers acknowledged the need for relationships with University professors and peers in their path toward preparation. Lastly, Mathematics Education Professors stated value in making connections between courses and research to high school math. Furthermore, the finding suggest for teacher preparation program: to prepare secondary math teachers for the current culture of mathematics education, content and pedagogical courses should not be separated and a push to increase program enrollment should be a priority."
pedagogical content knowledge expert teachers measurement,crossref,ok,3043659,10.5353/th_b3196348,Primary mathematics teachers' pedagogical content knowledge of the teaching of quadrilaterals,,
pedagogical content knowledge expert teachers measurement,crossref,ok,3043659,10.1007/0-306-47217-1_2,The Complex Nature and Sources of Teachers’ Pedagogical Knowledge,,
pedagogical content knowledge expert teachers measurement,crossref,ok,3043659,10.23860/diss-hersey-nicole-2018,INVESTIGATING BEGINNING SECONDARY MATHEMATICS TEACHERS’ PERCEPTIONS AND DEVELOPMENT OF THEIR PEDAGOGICAL CONTENT KNOWLEDGE,,
pedagogical content knowledge expert teachers measurement,crossref,ok,3043659,10.24235/eltecho.v5i2.6743.s1584,INSTRUMENTS OF ENGLISH TEACHERS’ PEDAGOGICAL CONTENT KNOWLEDGE: THE DEGREE OF CONSISTENCY BETWEEN PERCEPTION AND IMPLEMENTATION,,
pedagogical content knowledge expert teachers measurement,crossref,ok,3043659,10.46827/ejel.v9i5.5663,"PERSPECTIVES OF EFL TEACHERS ON CONTENT KNOWLEDGE, TECHNOLOGICAL CONTENT KNOWLEDGE, AND PEDAGOGICAL CONTENT KNOWLEDGE",2024,"A qualitative study was conducted in a Vietnamese city to investigate the EFL teachers’ perspectives on CK, TCK, and PCK. Qualitative data revealed that integrating Technological Pedagogical Content Knowledge (TPACK) into English teaching practices is considered time-consuming, impeded by factors such as time constraints and students' cognitive abilities. This study also investigated the level of content integration among educators, specifically those using traditional teaching methods emphasising textbook information. The investigation revealed a deficiency in the effective integration of technological tools during teaching practicum despite using various technologies. This is due to the lengthy duration of the process and the difficulties faced by individuals with limited proficiency in keeping pace with technological advancements. Most teachers exhibited confidence in utilizing pedagogical skills to deliver content in English classrooms, employing various effective approaches, techniques, and methods. Recommendations for future research are put forward.&lt;p&gt; &lt;/p&gt;&lt;p&gt;&lt;strong&gt; Article visualizations:&lt;/strong&gt;&lt;/p&gt;&lt;p&gt;&lt;img src=""/-counters-/soc/0705/a.php"" alt=""Hit counter"" /&gt;&lt;/p&gt;"
pedagogical content knowledge expert teachers measurement,crossref,ok,3043659,10.5353/th_b5328025,Experienced teachers' development of pedagogical content knowledge for teaching a new topic,,
pedagogical content knowledge expert teachers measurement,crossref,ok,3043659,10.7176/ikm/11-3-01,Unpacking Technological Pedagogical Content Knowledge Level of Religious and Moral Education Teachers,2021,
pedagogical content knowledge expert teachers measurement,crossref,ok,3043659,10.1016/j.tate.2023.104149,Novice and expert teachers’ use of content-related knowledge during pedagogical reasoning,2023,
pedagogical content knowledge expert teachers measurement,crossref,ok,3043659,10.9734/bpi/mono/978-81-966449-1-8/ch3,Physics Teachers’ Pedagogical Content Knowledge,2023,
pedagogical content knowledge expert teachers measurement,crossref,ok,3043659,10.21449/ijate.593636,Development of a Preschool Teachers’ Pedagogical Content Knowledge Scale regarding Mathematics,2020,"This study aimed to
develop a measurement tool in order to assess preschool teachers’ pedagogical
content knowledge regarding mathematics. The study was based on 300 preschool
teachers working in formal independent kindergartens and nursery classes of
primary/secondary schools in the Kahramanmaraş Province of Turkey. Among the
participants, 150 were chosen for pre-application and 150 for the main
application. The scale consists of five different case studies and a total of 35
items, including dialogues that focus on mathematical content and processes reflected
in children’s talk during their play. In calculating the reliability of the
scale, Cronbach Alpha was found to be .95 for the pre-application and .96 for
the main application. For the validity of the scale, exploratory and
confirmatory factor analyses were performed. The exploratory factor analysis
results revealed the scale to be a single-factor structure. When the factor
loads of each relevant item were examined, no item was found to exist with a
factor load value of less than .30. After confirmatory factor analysis was
performed, the model fit indices of CFI, TLI, RMSEA, and SRMR values were found
to be .91, .91, .06 and .06, respectively. These results show the model to be
reliable to an acceptable level. Based on the findings, it could be concluded
that the scale is an instrument that produces valid and reliable measures, and
that it can be used in order to determine the preschool teachers’ pedagogical content
knowledge regarding mathematics."
pedagogical content knowledge expert teachers measurement,crossref,ok,3043659,10.26512/rpf.v1i1.46024,Strengthening Pedagogical Content Knowledge Of Preservice Physics Teachers: 3 Cases On Electric Circuits,2022,"Este trabalho é parte de uma tese de doutorado cujo objetivo é permitir que futuros professores possam construir ou fortalecer (pelo menos parte de) um Conhecimento de Conteúdo Didático (CCD) em espaços curriculares de física. Para tanto, um curso de eletromagnetismo foi reconstruído com base em resultados de pesquisas em educação científica que promovem o envolvimento disciplinar produtivo dos alunos. Este trabalho de pesquisa caracteriza o CCD sobre circuitos elétricos de dois estudantes de treinamento de professores que tomaram o curso Fenômenos Eletromagnéticos didaticamente reconstruídos. Ao mesmo tempo, também caracterizamos o CCD de outro estudante que tomou o mesmo assunto, mas antes de ser reconstruído didaticamente. Para a caracterização dos CCD, foi solicitado a cada um dos alunos dos três alunos envolvidos neste estudo que elaborasse uma sequência de atividades de duas aulas sobre circuitos elétricos e cada componente do CCD foi analisado com base em uma rubrica projetada para este fim. A análise mostra que os CCD correspondem aos professores estagiários, embora haja diferenças entre eles. Os alunos que cursaram o curso Fenômenos Eletromagnéticos reconstruídos didaticamente, têm um CCD mais desenvolvido nos circuitos elétricos em comparação com aqueles que cursaram a mesma disciplina mas com uma abordagem didática tradicional."
pedagogical content knowledge expert teachers measurement,crossref,ok,3043659,10.29086/10413/22907,Grade 7 technology teachers' topic-specific pedagogical content knowledge in teaching graphic communication.,,
pedagogical content knowledge expert teachers measurement,crossref,ok,3043659,10.5353/th_b3124406,Conceptions of the pedagogical content knowledge : changing experiences of geography student teachers,,
pedagogical content knowledge expert teachers measurement,crossref,ok,3043659,10.5204/thesis.eprints.240795,Pre-service teachers' mathematical pedagogical content knowledge of the order of operations,,"This study examined pre-service secondary mathematics teachers’ mathematical pedagogical content knowledge pertaining to the order of operations. The conceptual framework developed in this study has both theoretical and methodological significance and holds potential for further research on mathematical pedagogical content knowledge beyond the order of operations. The findings shed light on the participants' reasons for utilising the order of operations and identify misinterpretations they encountered. Furthermore, the study highlights the challenges faced by pre-service secondary mathematics teachers who lack mathematical pedagogical content knowledge when planning to teach the order of operations."
pedagogical content knowledge expert teachers measurement,crossref,ok,3043659,10.1007/978-981-13-5898-2,Repositioning Pedagogical Content Knowledge in Teachers’ Knowledge for Teaching Science,2019,
pedagogical content knowledge expert teachers measurement,crossref,ok,3043659,10.4324/9781032635194-5,Developing Teachers' Contextual Knowledge and TPACK in a Pedagogical Change Laboratory,2025,
pedagogical content knowledge expert teachers measurement,crossref,ok,3043659,10.30775/kmes.54.3.167,The Relationship Between Backgrounds in Gugak Knowledge Formation and Pedagogical Content Knowledge among Secondary Music Teachers,2025,"본 연구는 중등 음악 교사의 국악 지식 형성 배경이 교수내용지식(PCK)에 미치는 영향을 분석하였다. 이를 위해 국악 지식 형성 배경을 독립변수로, PCK를 종속변수로 설정하고, 성별, 학력, 연수 경험 등의 인구통계학적변인을 통제변수로 설정하였다. 전국의 중등 음악 교사 138명을 대상으로 설문조사를 실시하였으며, 기술통계, 상관분석, 다중회귀분석을 통해 자료를 분석하였다. 분석 결과, 국악 과목 이수 수와 생활화 수업 여부에 따라 PCK수준에서 유의미한 차이가 나타났으며, 국악 지식 형성 배경은 전체 PCK에 긍정적인 영향을 미쳤다. 특히 국악 지식 형성 배경의 하위 요인 중 경험적 배경은 모든 하위 요소에, 개인 내적 배경은 교수지식과 교육과정지식에 유의한 영향을 미친 것으로 나타났다."
pedagogical content knowledge expert teachers measurement,crossref,ok,3043659,10.1108/978-1-68123-106-820251017,Exploring Undergraduate Student-Teachers’ Transformation of Technological Pedagogical Content Knowledge in Mathematics Regarding Pupils’ Assessment,2015,"The purpose of the present study was to explore the transformation of Technological Pedagogical Content Knowledge (TPACK) in Mathematics with regard to the integration of digital tools in teaching in the case of student-teachers in their senior year of studies. Twenty-five student-teachers participated in the programme. Observations and interviews were conducted regarding students’ TPACK transformation in five major areas: curriculum implementation, pupils’ assessment, learning, teaching and access to digital tools. This article presents part of the study, namely the part that is related to pupils’ assessment. Results showed that the context of TPACK can serve as an alternative approach to student-teachers’ training, so that they will be able to integrate technology when teaching Mathematics. Moreover, it was shown that student-teachers modified their initial TPACK with regard to their knowledge of pupils’ assessment. This was made possible because of the experience they gained in the context of this educational intervention. In addition, it became apparent that there is a need for the school curriculum to be enriched with a variety of assessment activities that require the use of digital tools and are meaningful for teachers, as well as for similar training programs to become part of the academic syllabus designed for all teachers.
                  Keywords: TPACK, Mathematics, pupils’ assessment, digital tools"
pedagogical content knowledge expert teachers measurement,crossref,ok,3043659,10.26686/wgtn.29063822,Development of Student Teachers’ Pedagogical Content Knowledge for Teaching Primary Proportions during Practicum in China,,"&lt;p&gt;&lt;strong&gt;This research focuses on the development of student teachers’ (STs) pedagogical content knowledge (PCK) for teaching primary proportions during their practicum experience and associated factors, a topic of growing interest in China and internationally. PCK is essential professional knowledge for teachers as it is associated with effective teaching and children’s learning. PCK represents teacher knowledge for integrating subject content into comprehensible forms for all learners to fulfill specific teaching purposes. Teacher knowledge of curriculum, knowledge of learners, and knowledge of instructional strategies are widely accepted as three important PCK components. Mathematics is an important subject in the 9-year compulsory education system in China, and learning primary mathematics is fundamental for children to access higher education. In China, some researchers assert that many novice primary teachers’ effectiveness is constrained by weak PCK. Therefore, it is important to seek ways to cultivate effective mathematics teachers with robust PCK, especially before they start their careers. Practicum in China is the last phase of initial teacher education. During practicum, STs are assigned to one school for two to six months where they complete classroom tasks including teaching observations, curriculum design, and teaching. Within their initial teacher education, the practicum is their final opportunity to expand PCK before becoming a qualified teacher. To address the research questions, “Is practicum effective for developing PCK? How is STs’ PCK for proportion teaching in terms of knowledge of curriculum, knowledge of learners, and knowledge of instructional strategies developed during practicum?”, this qualitative case study explored the effectiveness of practicum for developing three PCK components and 12 subcomponents, and factors associated with STs’ PCK development. Participants were six student teachers and four mentor teachers who were working together during a 2-month practicum. Data was collected through questionnaires, interviews, documents, and observation, and analysed with a scoring rubric, qualitative deductive, and inductive processes. The findings showed that practicum was more effective in cultivating knowledge of instructional strategies and two subcomponents of knowledge of students; less effective for developing two subdomains of knowledge of curriculum and two subcomponents of knowledge of students; and not effective for developing two subdomains of knowledge of curriculum. Findings also showed that different tasks in practicum may contribute to development of different PCK aspects, and that the three practicum tasks, mentor teachers and STs’ confidence to teach may be strongly associated with PCK development. The findings can enable teacher education programmes to be more strategic about the use of practicum for specific STs’ PCK needs. Contributions of this research include: (a) support other than practicum is needed to develop some aspects of PCK, and (b) further development of the scoring rubric can be applied. Findings of this research may be generalisable to other mathematics topics and the combination of questionnaire and the scoring rubric may have potential for investigating PCK across other subject areas.&lt;/strong&gt;&lt;/p&gt;"
pedagogical content knowledge expert teachers measurement,crossref,ok,3043659,10.18130/v3t727f6j,"Evaluating Two Course Sections for Enhancing Novice Elementary Preservice Teachers' Technological, Pedagogical, and Content Knowledge",,
pedagogical content knowledge expert teachers measurement,crossref,ok,3043659,10.5204/thesis.eprints.112507,The Teaching of Children's Literature: A Case Study of Primary Teachers' Pedagogical Content Knowledge,,
pedagogical content knowledge expert teachers measurement,crossref,ok,3043659,10.29333/pr/15647,Pre-service teachers manifested mathematics pedagogical content knowledge: The role of the teaching practicum,2025,"Pedagogical content knowledge (PCK) begins to develop during teacher education and the teaching practicum reinforces its development. This study is an interpretive inquiry into pre-service mathematics teachers’ practicum classrooms. The study explored four pre-service mathematics teachers’ PCK through observations and interviews. The pre-service teachers were found teaching various mathematics topics to students at different levels of secondary education. Findings indicate that pre-service teachers demonstrated some important elements of mathematics PCK. However, they tended to focus more on procedural rather than conceptual learning, lacked knowledge of some topic-specific teaching and learning resources, and made some flaws, possibly emanating from a lack of classroom experience. The study recommends teacher education to focus more on analysis of the mathematics curriculum and opportunities for practical teaching sessions including practicum and microteaching that are supported by experienced mentors in mathematics."
pedagogical content knowledge expert teachers measurement,crossref,ok,3043659,10.1007/978-94-6300-313-1_5,Analysing Teachers’ Pedagogical Content Knowledge from the Perspective of the Joint Action Theory in Didactics,2015,
pedagogical content knowledge expert teachers measurement,crossref,ok,3043659,10.30707/etd2021.20220215070319007319.999974,Beyond the Mathematics Major: Identifying the Pedagogical Content Knowledge Exhibited by Preservice Secondary Mathematics Teachers,,
pedagogical content knowledge expert teachers measurement,crossref,ok,3043659,10.1080/13450600500105502,Teacher pedagogical constructions: a reconfiguration of pedagogical content knowledge,2005,
pedagogical content knowledge expert teachers measurement,crossref,ok,3043659,10.21125/iceri.2019.1507,CAPTURING STUDENT TEACHERS’ TECHNOLOGICAL PEDAGOGICAL AND CONTENT KNOWLEDGE: USING A PEDAGOGICAL TOOL CALLED TECHNOLOGY CONTENT REPRESENTATION AND VIDEO REFLECTION,2019,
pedagogical content knowledge expert teachers measurement,crossref,ok,3043659,10.1108/978-1-68123-106-820251011,How Teachers Develop Technological Pedagogical Content Knowledge (Tpack) For Contemporary Learning Environments,2015,"ABSTRACT
                  In recent years, Technological Pedagogical Content Knowledge (TPACK) framework has gained considerable attention from educators and researchers worldwide. The main reason for this popularity is because of the fact TPACK provides educators with a holistic framework to understand and address issues that have emerged over the years in technology integration efforts at schools and educational institutions. In spite of the fact TPACK provides a theoretically sound framework that involves major components (Pedagogy, Content and Technology) of teaching and learning, development of TPACK skills by educators requires in-depth understanding of the components and relations among them as discussed in previous chapters of this book. This chapter aims to discuss (1) measurement strategies of the TPACK development process, based on recent studies of TPACK and (2) the development process of a specific TPACK instrument."
pedagogical content knowledge expert teachers measurement,crossref,ok,3043659,10.1007/978-94-6091-821-6,Understanding and Developing Science Teachers’ Pedagogical Content Knowledge,2012,
pedagogical content knowledge expert teachers measurement,crossref,ok,3043659,10.1007/978-94-6300-313-1_8,Collaborative Pedagogical Content Knowledge Creation in Heterogeneous Learning Communities,2015,
surgical coaching expert techniques peer coaching skill,crossref,ok,2449312,10.4135/9781473935587,Peer Coaching,2015,
surgical coaching expert techniques peer coaching skill,crossref,ok,2449312,10.1016/j.jsurg.2024.09.004,Self-Assessment and Coaching Techniques Utilized in an Intraoperative Resident Peer Coaching Program,2024,
surgical coaching expert techniques peer coaching skill,crossref,ok,2449312,10.1016/j.physio.2005.11.005,"Building cooperation in peer coaching relationships: understanding the relationships between reward structure, learner preparedness, coaching skill and learner engagement",2006,
surgical coaching expert techniques peer coaching skill,crossref,ok,2449312,10.5040/9798216546368.ch08,Peer Coaching,2018,
surgical coaching expert techniques peer coaching skill,crossref,ok,2449312,10.59350/5ry62-hv582,"Calculating the relative effectiveness of expert coaching, peer learning, and cascade training",2024,"A formula for calculating learning efficacy, (E), considering the importance of each criterion and the specific ratings for peer learning, is: This abstract formula provides a way to quantify learning efficacy, considering various educational criteria and their relative importance (weights) for effective learning. Weights for each variables are derived from empirical data and expert consensus."
surgical coaching expert techniques peer coaching skill,crossref,ok,2449312,10.59350/je40e-9vq41,"Calculating the relative effectiveness of expert coaching, peer learning, and cascade training",2024,"A formula for calculating learning efficacy, (E), considering the importance of each criterion and the specific ratings for peer learning, is: This abstract formula provides a way to quantify learning efficacy, considering various educational criteria and their relative importance (weights) for effective learning. Weights for each variables are derived from empirical data and expert consensus."
surgical coaching expert techniques peer coaching skill,crossref,ok,2449312,10.4135/9781483300252.n2,Why Peer Coaching?,2013,
surgical coaching expert techniques peer coaching skill,crossref,ok,2449312,10.5040/9798216546368.ch05,Coaching Techniques,2018,
surgical coaching expert techniques peer coaching skill,crossref,ok,2449312,10.59350/snw2h-c5f75,How does the scalability of peer learning compare to expert-led coaching 'fellowships'?,2024,"By connecting practitioners to learn from each other, peer learning facilitates collaborative development. ow does it compare to expert-led coaching and mentoring ""fellowships"" that are seen as the 'gold standard' for professional development in global health? Scalability in global health matters."
surgical coaching expert techniques peer coaching skill,crossref,ok,2449312,10.59350/b67f9-mpg60,How does the scalability of peer learning compare to expert-led coaching 'fellowships'?,2024,"By connecting practitioners to learn from each other, peer learning facilitates collaborative development. ow does it compare to expert-led coaching and mentoring ""fellowships"" that are seen as the 'gold standard' for professional development in global health? Scalability in global health matters."
surgical coaching expert techniques peer coaching skill,crossref,ok,2449312,10.4324/9780203483466-9,Skill-Focused Coaching with Executives,2004,
surgical coaching expert techniques peer coaching skill,crossref,ok,2449312,10.4324/9781003390527-12,Peer Coaching Supervision and Intervision,2024,
surgical coaching expert techniques peer coaching skill,crossref,ok,2449312,10.1515/9783111002415-009,Chapter 9 Coaching Skill: Reframing,2024,
surgical coaching expert techniques peer coaching skill,crossref,ok,2449312,10.1515/9783111002415-010,Chapter 10 Coaching Skill: Providing Insights,2024,
surgical coaching expert techniques peer coaching skill,crossref,ok,2449312,10.1515/9781503605060-007,Chapter 5. Peer coaching groups,2020,
surgical coaching expert techniques peer coaching skill,crossref,ok,2449312,10.1515/9783111002415-011,Chapter 11 Coaching Skill: Developing Support,2024,
surgical coaching expert techniques peer coaching skill,crossref,ok,2449312,10.4135/9781036233556.n22,Peer Coaching,2024,
surgical coaching expert techniques peer coaching skill,crossref,ok,2449312,10.1515/9783111002415-006,Chapter 6 Coaching Skill: Providing Feedback,2024,
surgical coaching expert techniques peer coaching skill,crossref,ok,2449312,10.1016/j.jss.2024.04.090,Adapting Surgical Coaching: Feasibility and Perceptions of Intraoperative Resident Peer Coaching,2024,
surgical coaching expert techniques peer coaching skill,crossref,ok,2449312,10.4324/9781003041443-6,Reciprocal Coaching (Peer Coaching),2021,
surgical coaching expert techniques peer coaching skill,crossref,ok,2449312,10.1515/9783111002415-007,Chapter 7 Coaching Skill: Listening for Understanding,2024,
surgical coaching expert techniques peer coaching skill,crossref,ok,2449312,10.1515/9783111002415-008,Chapter 8 Coaching Skill: Asking Powerful Questions,2024,
surgical coaching expert techniques peer coaching skill,crossref,ok,2449312,10.4135/9781483300252.n4,The Coaching Plan,2013,
surgical coaching expert techniques peer coaching skill,crossref,ok,2449312,10.1515/9781503605060-008,Chapter 6. Peer coaching for deep learning,2020,
surgical coaching expert techniques peer coaching skill,crossref,ok,2449312,10.1515/9781503605060-009,Chapter 7. Peer coaching for everyday learning,2020,
surgical coaching expert techniques peer coaching skill,crossref,ok,2449312,10.1515/9781503605060-010,Chapter 8. Cautionary tales in peer coaching,2020,
surgical coaching expert techniques peer coaching skill,crossref,ok,2449312,10.4135/9781483300252.n1,Coaching Roles and Responsibilities,2013,
surgical coaching expert techniques peer coaching skill,crossref,ok,2449312,10.4324/9781003390527-3,Solution Focused Coaching Supervision,2024,
surgical coaching expert techniques peer coaching skill,crossref,ok,2449312,10.5040/9798881833435.ch-005,Key Concepts within this Peer Coaching Framework,2020,
surgical coaching expert techniques peer coaching skill,crossref,ok,2449312,10.4324/9780203020074-23,The development of expert coaching,2006,
surgical coaching expert techniques peer coaching skill,crossref,ok,2449312,10.4324/9781003390527-13,Team Coaching Supervision,2024,
surgical coaching expert techniques peer coaching skill,crossref,ok,2449312,10.4135/9781483300252.n10,Sustaining Coaching and Building Capacity,2013,
surgical coaching expert techniques peer coaching skill,crossref,ok,2449312,10.4324/9781003390527-11,Coaching Supervision Groups,2024,
surgical coaching expert techniques peer coaching skill,crossref,ok,2449312,10.4324/9781003390527-7,Coaching Supervision with Clients Using Different Coaching Models/Approaches,2024,
surgical coaching expert techniques peer coaching skill,crossref,ok,2449312,10.1515/9781503605060-006,Chapter 4. Step 3: make peer coaching a habit,2020,
surgical coaching expert techniques peer coaching skill,crossref,ok,2449312,10.5771/9781607094159-3,Ch01. DEVOLUTION OFPEER COACHING,2009,
surgical coaching expert techniques peer coaching skill,crossref,ok,2449312,10.5040/9798881833435.ch-004,Coaching Skills,2020,
surgical coaching expert techniques peer coaching skill,crossref,ok,2449312,10.4135/9781446251577.n9,"The Psy Expert Discourse: Coaching the Outward
                    Self",2012,
surgical coaching expert techniques peer coaching skill,crossref,ok,2449312,10.4135/9781483300252.n9,Connecting Coaching Skills to Practice,2013,
surgical coaching expert techniques peer coaching skill,crossref,ok,2449312,10.4324/9781003390527-5,Demonstrating Ethical Coaching Supervision Practice,2024,
surgical coaching expert techniques peer coaching skill,crossref,ok,2449312,10.4324/9780203591949-7,"Coaching, mentoring and peer-networking",2004,
surgical coaching expert techniques peer coaching skill,crossref,ok,2449312,10.22316/poc/09.2.07,The Case for Peer Coaching in Undergraduate Leadership Education,2024,"The integration of leadership coaching in higher education has become increasingly prevalent, evolving from a specialized tool into a mainstream practice aimed at cultivating essential leadership skills in undergraduates. This paper explores the implementation of peer coaching interventions in undergraduate curricula, focusing on two models: The Coaching Trio Exercise and a Peer Coaching Groups (PCGs) class. These models promote self-awareness, emotional intelligence, and adaptability—skills crucial for leadership in today’s dynamic workforce. The paper argues that peer coaching offers a scalable, compassionate approach to leadership development, fostering student growth by helping them achieve personal goals while learning to guide others. Peer coaching, distinguished from compliance-based academic and sports coaching, emphasizes co-creation and mutual learning, equipping students with teamwork, communication, and emotional regulation skills sought by modern employers. Through case studies of coaching exercises integrated into leadership courses, this paper highlights the potential of coaching to enhance leadership education and career readiness in undergraduate students, bridging critical gaps in leadership competency development."
surgical coaching expert techniques peer coaching skill,crossref,ok,2449312,10.4324/9781003390527-10,Mentor Coaching,2024,
surgical coaching expert techniques peer coaching skill,crossref,ok,2449312,10.23860/diss-lynch-kenneth-2020,"STRUCTURED, INDIVIDUALIZED, VIDEO-BASED COACHING TO IMPROVE TECHNICAL SKILL ACQUISITION",,
surgical coaching expert techniques peer coaching skill,crossref,ok,2449312,10.1260/1747-9541.10.2-3.425,Accelerating Skill Acquisition in Rowing Using Self-Based Observational Learning and Expert Modelling during Performance,2015,The use of real-time feedback combining concurrent self-observation with real-time expert modelling (REM) was assessed in accelerating skill acquisition in rowing. The feedback combines a live video feed (concurrent self-observation) with a pre-recorded video of an expert (REM). Sixteen volunteers participated (20.8±1.7 years; Experimental group (E; n=8); Control group (C; n=8)). Technique (stroke length &amp; stroke rate) and rowing outcome (overall distance &amp; average power) data were obtained pre and post a seven-week intervention. Results illustrate significant changes in all parameters for Group E. Group C demonstrated significant changes in technique and no significant differences in outcome. The results indicate combining concurrent self-observation with REM has a positive effect on accelerating skill acquisition by enhancing outcome.
surgical coaching expert techniques peer coaching skill,crossref,ok,2449312,10.4324/9781003390527-4,Individual Solution Focused Coaching Supervision,2024,
surgical coaching expert techniques peer coaching skill,crossref,ok,2449312,10.58837/chula.pasaa.26.1.5,Expanding Peer Coaching : Pedagogical Applications of Conference Coaching,1996,
surgical coaching expert techniques peer coaching skill,crossref,ok,2449312,10.5040/9798881833435.ch-001,What is Coaching?,2020,
surgical coaching expert techniques peer coaching skill,crossref,ok,2449312,10.4324/9781003452454-15,"Self-, peer-, and performance coaching",2025,
surgical coaching expert techniques peer coaching skill,crossref,ok,2449312,10.5040/9798881833435.ch-006,Possible Ideas for Coaching,2020,
what expert human tutors do that automated tutors cannot,crossref,ok,6383113,10.4324/9780203052594-8,Motivational Techniques of Expert Human Tutors: Lessons for the Design of Computer-Based Tutors,2013,
what expert human tutors do that automated tutors cannot,crossref,ok,6383113,10.52086/001c.36066,What writing workshop tutors do,1999,"Creative writing for adults is normally taught in writing workshops, and the assumption is that the best tutors will be published writers. Based on observations of academic, community and conference writing workshops in Australia, USA and UK, this paper explores the methods used by workshop tutors, whether practising writers, academics, or teachers who are interested in writing. Three writing workshop case studies are given in illustration. A standard format for conducting workshops is identified, but the success of the workshop is likely to depend on the intention of the tutor - whether to identify excellent writing and perhaps discourage poor writers, or to encourage all writers - and the intention of the student in attending that tutor’s writing workshops."
what expert human tutors do that automated tutors cannot,crossref,ok,6383113,10.7551/mitpress/11956.003.0017,What Do Human Tutors Do?,2019,
what expert human tutors do that automated tutors cannot,crossref,ok,6383113,10.1097/00001888-199305000-00011,Expert tutors versus non-expert tutors in PBL,1993,
what expert human tutors do that automated tutors cannot,crossref,ok,6383113,10.1207/s15326950dp4002_1,What Do Reading Tutors Do? A Naturalistic Study of More and Less Experienced Tutors in Reading,2005,
what expert human tutors do that automated tutors cannot,crossref,ok,6383113,10.4135/9781446211731.n4,What Do Tutors Want?,2007,
what expert human tutors do that automated tutors cannot,crossref,ok,6383113,10.1080/13562510903488139,Supporting the reflective practice of tutors: what do tutors reflect on?,2010,
what expert human tutors do that automated tutors cannot,crossref,ok,6383113,10.4324/9780203383889-25,Being an expert witness,2004,
what expert human tutors do that automated tutors cannot,crossref,ok,6383113,10.1109/fie.2004.1408540,Using online tutors for learning ~ what do students think?,,
what expert human tutors do that automated tutors cannot,crossref,ok,6383113,10.1007/978-3-319-57051-8_4,What Do Experienced Tutors Advise?,2017,
what expert human tutors do that automated tutors cannot,crossref,ok,6383113,10.4135/9781036234744.n13,What Tutors Look for When Marking Essays,2017,
what expert human tutors do that automated tutors cannot,crossref,ok,6383113,10.1136/sbmj.i2121,View from the admissions tutors: what type of work experience do you need?,2017,
what expert human tutors do that automated tutors cannot,crossref,ok,6383113,10.32597/dissertations/729/,Volunteers as Tutors and Trainers of Tutors : a Qualitative Study,,"Problem. The Seventh-day Adventist church/North American Division initiated a Tutoring and Mentoring project in response to President Clinton’s America Reads literacy campaign. This study documents the efforts of the church and the first cohort of trainees as they sought to establish tutoring projects in their home locales.  Method. The author of this study was involved as a co-trainer and a participant-observer during the initial 1-week training session held at the North American Division Headquarters. This training was intended to equip the participants to become tutors of children and trainers of tutors in a primary-level tutoring project. During the school year immediately following the training, two of the original participants were successful in establishing tutoring projects. Their successes were examined in-depth by observations and interviews and reported through case studies. The other initial trainees did not establish projects during the first year. The author maintained contact with a majority o f the trainees by telephone, and reported their frustrations by telling fictional composite stories based on their accounts.  Results. A framework of critical components was developed as a result of a literature review which examined characteristics of successful programs. The two successful projects which were established were analyzed using this framework. Most characteristics of successful programs were evident and documented in these fledgling projects. Other themes related to their successes were elucidated and added to the framework. The lack of successful implementation by the other trainees was primarily due to critical components that were neglected or not accessible.  Conclusions. The two trainees who were able to immediately implement tutoring projects had many of the necessary skills and resources already available to them. The training they received acted as a catalyst which enabled them to establish projects. The other trainees expressed concerns related to the lack of personal confidence immediately following the initial training session, and these concerns were never sufficiently addressed. Their primary concerns regarding the need for more training and the lack of resources need be considered if the initiative is to realize its ambitious goals."
what expert human tutors do that automated tutors cannot,crossref,ok,6383113,10.37514/wln-j.2017.42.1.05,"Tutors' Column: ""Modeling Peerness: Undergraduate Peer Tutors Leading Education for New Tutors""",2017,
what expert human tutors do that automated tutors cannot,crossref,ok,6383113,10.1145/632765.632769,Third generation computer tutors,1999,
what expert human tutors do that automated tutors cannot,crossref,ok,6383113,10.21236/ada438317,Automated Socratic Tutors for High-Level Command Skills,2005,
what expert human tutors do that automated tutors cannot,crossref,ok,6383113,10.1145/1056808.1056941,Simple tutors for hard problems,2005,
what expert human tutors do that automated tutors cannot,crossref,ok,6383113,10.14426/jsaa.v4i1.144,Do tutors matter? Assessing the impact of tutors on firstyear academic performance at a South African university,2016,
what expert human tutors do that automated tutors cannot,crossref,ok,6383113,10.1016/b978-0-12-373594-2.00008-3,Collaborative Inquiry Tutors,2009,
what expert human tutors do that automated tutors cannot,crossref,ok,6383113,10.1145/632716.632769,Third generation computer tutors,1999,
what expert human tutors do that automated tutors cannot,crossref,ok,6383113,10.1109/educon52537.2022.9766567,Conversational Intelligent Tutoring Systems for Online Learning: What do Students and Tutors Say?,2022,
what expert human tutors do that automated tutors cannot,crossref,ok,6383113,10.1111/1468-0122.00159,Tutors’ and Students’ Learning or Why do Schools have Tutors?,2000,"This article explores some evidence about tutoring as an effective strategy to support young people’s learning. It is argued that the central goal of the tutor is to provide support for students’ learning. How the activities, relationships and skills of the tutor contribute to the achievement of this goal is then explored. The author emphasizes the tutor’s unique position in the school and how it can contribute to learning for students as individuals and in groups."
what expert human tutors do that automated tutors cannot,crossref,ok,6383113,10.4324/9780203383889-16,Helping learners tell you what they already know,2004,
what expert human tutors do that automated tutors cannot,crossref,ok,6383113,10.2307/j.ctt4cgmkj.8,STRAIGHTEN UP AND FLY RIGHT:,,
what expert human tutors do that automated tutors cannot,crossref,ok,6383113,10.4324/9781315744841-5,How do admissions tutors view prospective applicants for teacher training?,2014,
what expert human tutors do that automated tutors cannot,crossref,ok,6383113,10.4324/9780203976647-13,Institutional Support for Tutors,2005,
what expert human tutors do that automated tutors cannot,crossref,ok,6383113,10.1007/s11251-015-9363-8,Expertise amiss: interactivity fosters learning but expert tutors are less interactive than novice tutors,2015,
what expert human tutors do that automated tutors cannot,crossref,ok,6383113,10.1080/135625100114984,Comments on Essays: Do students understand what tutors write?,2000,
what expert human tutors do that automated tutors cannot,crossref,ok,6383113,10.1007/978-3-319-95915-3_5,Teachers as Tutors,2018,
what expert human tutors do that automated tutors cannot,crossref,ok,6383113,10.3102/ip.24.2102370,“We Are Not Just the Tutors”: Developmental Relationships Between Math Tutors and Students (Poster 33),2024,
what expert human tutors do that automated tutors cannot,crossref,ok,6383113,10.14324/111.444.0000-0000.1699,Automated Classification of Tutors' Dialogue Acts Using Generative AI,2026,
what expert human tutors do that automated tutors cannot,crossref,ok,6383113,10.1163/1877-5888_rpp_sim_09389,Tutors,,
what expert human tutors do that automated tutors cannot,crossref,ok,6383113,10.4995/head25.2025.20151,"Circular Pedagogy, Assessment and Cultural Capital: What a student journal can do for graduates, current students and tutors",2025,"This paper explores a third-year Sociology module assessment where students critically analyze contemporary social phenomena using theoretical frameworks from the course. By incorporating their generational perspectives and zeitgeist, students produce insightful commentaries that contribute to a shared learning experience among peers and tutors. This exercise fosters a community of practice, emphasizing mutual learning and engagement. Furthermore, the assessment follows a circular pedagogy, as the most outstanding student work is published annually in an open-access online journal by a student-staff editorial board. This initiative not only enhances academic discourse but also provides students with their first publication, strengthening their CVs and employability. The paper reflects on the impact of this pedagogical approach, highlighting its role in promoting research skills, critical thinking, and collaborative knowledge production."
what expert human tutors do that automated tutors cannot,crossref,ok,6383113,10.1016/j.sbspro.2012.02.010,How do tutors deliver instruction in the desktop videoconferencing environment? Tutoring practice analysis: Trainee tutors and experienced teachers,2012,
what expert human tutors do that automated tutors cannot,crossref,ok,6383113,10.4324/9780429450334-5,What can tutors and students do to promote egalitarian relationships in the Women’s Studies classroom?,2018,
what expert human tutors do that automated tutors cannot,crossref,ok,6383113,10.37514/wln-j.2018.42.7.05,"Tutors' Column: ""Paradoxical Authority: Preparing Tutors for Classroom-Based Tutoring""",2018,
what expert human tutors do that automated tutors cannot,crossref,ok,6383113,10.11144/javeriana.m18.tpea,Tutorías pares de escritura académica: ¿Qué estrategias promueven tutoras con diversa experiencia?,2025,"The democratization of higher education in Latin America has facilitated the development of writing centers that provide peer tutoring to enhance student inclusion. However, there is a paucity of evidence regarding the interactions and didactic strategies employed in these settings to give feedback, specifically in terms of instructional, cognitive, or motivational approaches. In this context, the present research aimed to analyze the didactic strategies implemented by three tutors with varying levels of experience in online tutoring, to ascertain how they promote the development of writing processes. To achieve this, a multiple case study was conducted involving three tutors, and a content analysis of 16 tutoring sessions was performed based on the strategies utilized. Among the findings, we observed a predominance of cognitive strategies and an emphasis on the student’s process; however, the novice tutor exhibited a greater use of instructional strategies and fewer motivational techniques, focusing more on the text itself. In contrast, the experienced tutor provided more opportunities for reflection and dialogue, thereby fostering the autonomy and identity of the tutee. Based on these results, we propose that enhanced training for tutors, particularly from those with more experience, could contribute to the development of students’ voices and thus promote greater equity."
what expert human tutors do that automated tutors cannot,crossref,ok,6383113,10.21437/interspeech.2006-284,"Is ASR accurate enough for automated reading tutors, and how can we tell?",2006,
what expert human tutors do that automated tutors cannot,crossref,ok,6383113,10.4135/9781446220627.n11,What Next?,2007,
what expert human tutors do that automated tutors cannot,crossref,ok,6383113,10.1016/b978-0-12-052640-6.50022-4,Teenagers as Tutors of Academically Low-Achieving Children: Impact on Tutors and Tutees,1976,
what expert human tutors do that automated tutors cannot,crossref,ok,6383113,10.4324/9781041057161-5,What does learning theory say?,2025,
what expert human tutors do that automated tutors cannot,crossref,ok,6383113,10.4324/9781410617071-16,How Effective Are Human Tutors?,2006,
what expert human tutors do that automated tutors cannot,crossref,ok,6383113,10.37514/wln-j.2019.43.9.05,"Tutors' Column: ""Exploring and Enhancing Writing Tutors' Resource-Seeking Behaviors""",2019,
what expert human tutors do that automated tutors cannot,crossref,ok,6383113,10.4018/979-8-3373-2637-5.ch007,AI-Powered Tutors and Human Teachers in ELT,2026,"Artificial Intelligence (AI) is revolutionizing English Language Teaching (ELT) by providing personalized and interactive learning. AI tools, such as virtual tutors, adaptive learning platforms, and automated grading applications, enhance productivity and allow teachers to focus on more interactive teaching elements. However, AI tools lack the subtle interactions and cultural context that teachers provide. Teachers are essential for emotional intelligence, cultural and pedagogical contextualization, and can provide more appropriate feedback than AI tools. AI-powered tools can enhance the learning experience by creating more interesting and motivating lessons, but teachers must adjust their traditional roles to incorporate modern technologies without losing the core aspect of human interaction. Teacher professional development is crucial for the responsible and effective use of AI technologies. Ethical concerns, such as data protection, algorithm bias, and access to AI systems, need to be handled ethically and inclusively."
what expert human tutors do that automated tutors cannot,crossref,ok,6383113,10.4324/9780203027851-17,"5 The role of non-expert tutors, local resource personnel and the course director",1998,
what expert human tutors do that automated tutors cannot,crossref,ok,6383113,10.4135/9781473906839.n10,What Next?,2014,
what expert human tutors do that automated tutors cannot,crossref,ok,6383113,10.1080/0144341970170404,"Do Boys or Girls Make Better Reading Tutors? An Empirical Study to Examine Children's Effectiveness as Tutors Using the Pause, Prompt and Praise Procedures",1997,
what expert human tutors do that automated tutors cannot,crossref,ok,6383113,10.4324/9781041057161-3,What makes a good coach?,2025,
what expert human tutors do that automated tutors cannot,crossref,ok,6383113,10.4018/979-8-3373-4217-7.ch011,Natural Language Processing in Conversational AI Tutors,2025,"Conversational AI tutors, powered by Natural Language Processing (NLP) and Large Language Models (LLMs), are reshaping education by offering personalized, adaptive, and interactive learning experiences. Unlike static digital tools, these systems simulate human-like dialogue, support inquiry-based learning, and provide real-time feedback tailored to individual needs. This chapter explores the evolution of conversational AI in education, core technological components, real-world applications, and ethical considerations. Through case studies such as Duolingo Max and Carnegie Learning's Mika, it highlights the transformative potential of AI tutors across K–12, higher education, and professional training. It also addresses future research directions including emotional intelligence, multimodal interaction, and teacher-AI collaboration, emphasizing the need for pedagogical grounding and responsible deployment. Conversational AI tutors are poised to become vital partners in next-generation learning ecosystems."
what expert human tutors do that automated tutors cannot,crossref,ok,6383113,10.37514/wln-j.2022.46.9.05,Tutors� Column: �Reconnecting with Students� Needs: Resetting Tutors� Mindsets to Regain Lost Empathy�,2022,
one-to-one tutoring effect size elite versus average tutors,crossref,ok,5377290,10.53846/goediss-4413,Tutors' Assessments of a Tutee's Understanding in One-on-One Tutoring,,
one-to-one tutoring effect size elite versus average tutors,crossref,ok,5377290,10.4324/9781410617071-27,Machine Tutors and Natural Language,2006,
one-to-one tutoring effect size elite versus average tutors,crossref,ok,5377290,10.4324/9781410617071-16,How Effective Are Human Tutors?,2006,
one-to-one tutoring effect size elite versus average tutors,crossref,ok,5377290,10.4324/9781410617071-10,The Language Used by Tutors and Students,2006,
one-to-one tutoring effect size elite versus average tutors,crossref,ok,5377290,10.31234/osf.io/8npxm_v1,One-on-One and Both Benefit? The Effects of One-on-One Online Tutoring on Underserved Students and Volunteer Tutors,2025,"The education gap disproportionately impacts underserved students. Volunteers can assistthem through one-on-one tutoring, which has the potential to effectively reduce learningdeficits. Using field data, this study examines the impact of ten sessions of online tutoring onstudents and volunteer tutors. Participants completed pre- and post-test self-reportquestionnaires. Students’ pre-test data (n = 45) showed relatively low scores for engagement,self-efficacy, academic self-concept, and feeling of belonging, but higher scores forexpectancy, value, and attitude toward school. Moreover, students described challenginghome-learning environments with limited parental support, inadequate materials, andinsufficient space for studying. We examined the impact of tutoring on the motivational andaffective characteristics, as well as the academic aspirations, of underserved students.Qualitatively analyzing five representative case studies, we found that tutoring had a positiveeffect on students’ self-efficacy, while the effects on the other variables were mixed.Examining the effect on the tutors (n = 49), univariate latent change score models revealed apositive mean change in tutors’ empathy and significant variability in change for all variables.Our field data provide authentic insights into the complexity of online tutoring as a potentialwin-win intervention for addressing educational inequity while promoting tutors’ personaldevelopment."
one-to-one tutoring effect size elite versus average tutors,crossref,ok,5377290,10.24059/olj.v29i2.4469,"A Qualitative Study of Kindergarten Through Grade 6 Tutors’ Experiences Implementing Synchronous, One-On-One Online Tutoring as Literacy Intervention",2025,"Abstract
This basic qualitative study explored the perceptions of 20 online literacy tutors within the United States on the benefits and challenges of implementing synchronous, one-on-one online tutoring for literacy intervention to kindergarten through Grade 6 students and what they feel are elements contributing to success as they engage in this instructional format. Three research questions guided this study. Data were collected via an open-ended, online, confidential Qualtrics questionnaire and analyzed using manual qualitative coding. Findings revealed five themes related to benefits, challenges, and contributors to success, including pedagogy, technology, physical distance, accessibility, and intimacy and familiarity.
Keywords: intervention, literacy, online, qualitative, synchronous, tutoring"
one-to-one tutoring effect size elite versus average tutors,crossref,ok,5377290,10.4324/9781410617071-15,A Tutoring Episode Analyzed,2006,
one-to-one tutoring effect size elite versus average tutors,crossref,ok,5377290,10.4324/9780203016497-6,"Introduction: Supervising, mentoring, coaching and personal tutoring: working one-to-one with students",2013,
one-to-one tutoring effect size elite versus average tutors,crossref,ok,5377290,10.4324/9781410617071-13,Carrying Out the Tutoring Task,2006,
one-to-one tutoring effect size elite versus average tutors,crossref,ok,5377290,10.4236/psych.2015.64034,Promoting Comprehension Skills among At-Risk First Graders: The Role of Motivation in One-to-One Tutoring Environment,2015,
one-to-one tutoring effect size elite versus average tutors,crossref,ok,5377290,10.37514/wln-j.2019.44.3.05,"Tutors' Column: ""Sexism, Conflict, and Cultural Differences: What One Terrible Session Taught Me about the Assumptions I Bring to Tutoring""",2019,
one-to-one tutoring effect size elite versus average tutors,crossref,ok,5377290,10.4324/9780203016497-9,Personal tutoring,2013,
one-to-one tutoring effect size elite versus average tutors,crossref,ok,5377290,10.4324/9781410617071-18,The Architecture of an Intelligent Tutoring System,2006,
one-to-one tutoring effect size elite versus average tutors,crossref,ok,5377290,10.4324/9781410617071-9,The Collection and Analysis of Tutoring Transcripts,2006,
one-to-one tutoring effect size elite versus average tutors,crossref,ok,5377290,10.2307/1511219,The Effectiveness of One-to-One Tutoring by Community Tutors for at-Risk Beginning Readers,1997,"One-to-one instruction, while highly desirable for children with the lowest reading skills, is not often available. It could be provided by nonprofessional tutors in the community, however. One aim of this study was to determine whether a one-to-one phonologically based tutoring program that incorporates many features of successful early reading programs and that is delivered by nonprofessional tutors is effective with first-grade students at risk for reading failure. Forty at-risk first graders who did not differ on reading skill prior to the intervention were randomly assigned to one of two groups. The treatment group received 30 minutes of individual instruction from community tutors four days a week for up to 23 weeks. The control group received only the regular reading instruction in their classrooms. The treatment group outperformed the control group on all reading, decoding, spelling and segmenting, and writing measures, with effect sizes averaging .21, .35, .37, and .19, respectively. Differences were significant on only one nonword reading and one spelling measure; however, a second aim was to determine the effects of the tutors' ability to implement the lessons scripted for them. Tutors who implemented the program with a high degree of fidelity achieved significant effect sizes in each early reading skill area assessed. Results support the potential of nonprofessional tutors to supplement early reading instruction, and prevent learning disabilities in at-risk children."
one-to-one tutoring effect size elite versus average tutors,crossref,ok,5377290,10.4324/9781410617071-11,Domain Knowledge for Problem Solving and for Tutoring,2006,
one-to-one tutoring effect size elite versus average tutors,crossref,ok,5377290,10.7287/peerj.preprints.1157/supp-6,,,
one-to-one tutoring effect size elite versus average tutors,crossref,ok,5377290,10.7287/peerj.preprints.1157v1/supp-6,,,
one-to-one tutoring effect size elite versus average tutors,crossref,ok,5377290,10.1371/journal.pone.0138744,Correction: Group Size Effect on Cooperation in One-Shot Social Dilemmas II: Curvilinear Effect,2015,
one-to-one tutoring effect size elite versus average tutors,crossref,ok,5377290,10.5353/th_b3195636,One to one cross-age peer tutoring and same-age peer tutoring in English dictation : a comparative study,,
one-to-one tutoring effect size elite versus average tutors,crossref,ok,5377290,10.4324/9781410617071-12,Planning for Tutoring: What Is the Task to Be Accomplished?,2006,
one-to-one tutoring effect size elite versus average tutors,crossref,ok,5377290,10.1057/9781137413338.0008,Learning and Tutoring Options,,
one-to-one tutoring effect size elite versus average tutors,crossref,ok,5377290,10.1787/888932734761,"Figure 1.22. Average size of immigrant and native-born households with children and more than one adult, 2009",,
one-to-one tutoring effect size elite versus average tutors,crossref,ok,5377290,10.1007/s40299-021-00607-4,Exploring the Perspectives and Readiness of Undergraduate Tutors Regarding Synchronous Online One-to-One Tutoring for Pupils in Rural Areas,2021,
one-to-one tutoring effect size elite versus average tutors,crossref,ok,5377290,10.4324/9781410617071-21,Student Modeling,2006,
one-to-one tutoring effect size elite versus average tutors,crossref,ok,5377290,10.4324/9781410617071,One-on-One Tutoring by Humans and Computers,2006,
one-to-one tutoring effect size elite versus average tutors,crossref,ok,5377290,10.4324/9781410617071-24,The Screen Manager,2006,
one-to-one tutoring effect size elite versus average tutors,crossref,ok,5377290,10.2139/ssrn.7418781,The Average-Fit Loss: A Unifying Metric for the Cost of One-Size-Fits-All Systems,2026,"Products, models, and policies are routinely optimized for a representative or average member of the population they serve. We define the Average-Fit Loss (AFL), a population-level functional that quantifies the utility forgone when a single design tuned to the center of a heterogeneous population is applied to that population in full, and we use it to bring several established results from separate literatures under one lens. Under a smooth fit model the AFL equals a dispersion functional of the population, recovering the mismatch cost of address models of product differentiation; in the quadratic case it is the total variance. Once participation is endogenous, the AFL decomposes into an intensive margin (degraded service to those retained) and an extensive margin (exclusion of those pushed below threshold), the latter being the deadweight loss of unserved demand. Because the excluded do not appear in a system's own usage data, any AFL estimate formed from observed users is downward biased, an instance of selection and survivorship bias applied to the measurement of fit: a system cannot, from its own data, see most of its own average-fit loss, and the bias grows with the mass excluded. In more than a few dimensions almost no one is near-average on every relevant dimension, so the loss is borne broadly rather than by a minority. We illustrate these on the ANSUR II anthropometric survey (6,068 individuals, 93 body measurements), the modern descendant of the 1952 cockpit data. The contribution is not a new theorem but a single named metric, and a measurement, that connect product differentiation, welfare economics, and selection bias to the design of systems built for the average. The AFL is the formal complement of the price of fairness: not the cost of imposing accommodation, but the cost of withholding it."
one-to-one tutoring effect size elite versus average tutors,crossref,ok,5377290,10.4324/9781410617071-23,Generating Tutorial Dialogue,2006,
one-to-one tutoring effect size elite versus average tutors,crossref,ok,5377290,10.1207/s15327035ex1304_1,Tutoring and Literacy: Insights From One-to-One Tutoring Programs,2005,
one-to-one tutoring effect size elite versus average tutors,crossref,ok,5377290,10.6028/nist.ir.7201,Effect of image size and compression on one-to-one fingerprint matching,2005,
one-to-one tutoring effect size elite versus average tutors,crossref,ok,5377290,10.3998/mpub.288606,One on One with Second Language Writers,2009,
one-to-one tutoring effect size elite versus average tutors,crossref,ok,5377290,10.7771/2832-9414.1825,"""Challenge Accepted"": Cooperative Tutoring as an Alternative to One-to-One Tutoring",2017,
one-to-one tutoring effect size elite versus average tutors,crossref,ok,5377290,10.1371/journal.pone.0131419,Group Size Effect on Cooperation in One-Shot Social Dilemmas II: Curvilinear Effect,2015,
one-to-one tutoring effect size elite versus average tutors,crossref,ok,5377290,10.4324/9781410617071-20,Understanding the Student Input,2006,
one-to-one tutoring effect size elite versus average tutors,crossref,ok,5377290,10.64628/aam.mksvdppdw,Canada’s disappearing ‘average farmer’ means one-size-fits-all policies no longer work,2022,
one-to-one tutoring effect size elite versus average tutors,crossref,ok,5377290,10.4324/9781410617071-29,What We Have Learned,2006,
one-to-one tutoring effect size elite versus average tutors,crossref,ok,5377290,10.31274/etd-180810-4988,Message framing and physical activity: One size fits all versus a tailored approach,,
one-to-one tutoring effect size elite versus average tutors,crossref,ok,5377290,10.4324/9780203016497-14,Supervising and supporting students one-to-one at a distance,2013,
one-to-one tutoring effect size elite versus average tutors,crossref,ok,5377290,10.1007/11774303_113,Affect in One-to-One Tutoring,2006,
one-to-one tutoring effect size elite versus average tutors,crossref,ok,5377290,10.7717/peerj.21585/supp-3,Supplemental Information 3: One-effect-size-per-study sensitivity analyses,,
one-to-one tutoring effect size elite versus average tutors,crossref,ok,5377290,10.7717/peerj-cs.519/fig-8,Figure 8: Average computation time of one-to-one message.,,
one-to-one tutoring effect size elite versus average tutors,crossref,ok,5377290,10.19088/ids.2021.050,Closing England's Maths Attainment Gap through One-to-One Tutoring – Global Solutions,2021,"In the aftermath of COVID-related school closures in the UK, students lost two months of learning, but the loss among the 1.7 million disadvantaged students has been much larger at seven months. This disadvantaged gap is almost entirely driven by maths attainment. One-to-one tutoring is proven to be effective at helping students catch up, but private tutoring is most likely to be taken up by children from affluent households, further widening the disadvantaged gap in learning. This report discusses the feasibility of an innovative tutoring delivery model that uses the global graduate market to deliver tutoring at a scale that can solve this problem and a price that schools can afford. While the report discusses the overall opportunity that the emerging market economies of South- and South-East Asia provide, it also presents the Third Space Learning model in Sri Lanka as a case study to investigate the practicalities of the global online tutoring model."
one-to-one tutoring effect size elite versus average tutors,crossref,ok,5377290,10.4324/9781410617071-26,CIRCSIM-Tutor in the Classroom,2006,
one-to-one tutoring effect size elite versus average tutors,crossref,ok,5377290,10.7717/peerj.4455/table-2,"Table 2: Major fish families (only considering &gt;10 counts ha
                      <sup>−1</sup>
                      in average in one of the size bins).",,
one-to-one tutoring effect size elite versus average tutors,crossref,ok,5377290,10.4324/9780203016497-7,"An introduction to the skills and the roles: Coaching, mentoring, supervising and personal tutoring",2013,
one-to-one tutoring effect size elite versus average tutors,crossref,ok,5377290,10.3102/ip.23.2014501,A One-to-One Summer Reading Tutoring Program Improves Student Reading Achievement,2023,
one-to-one tutoring effect size elite versus average tutors,crossref,ok,5377290,10.4324/9780203016497-8,Coaching skills and supporting learners: Generic skills for one-to-one work,2013,
one-to-one tutoring effect size elite versus average tutors,crossref,ok,5377290,10.1371/journal.pone.0060395,Flycatchers Copy Conspecifics in Nest-Site Selection but Neither Personal Experience nor Frequency of Tutors Have an Effect,2013,
one-to-one tutoring effect size elite versus average tutors,crossref,ok,5377290,10.4324/9781410617071-6,Origins of the CIRCSIM-Tutor Project,2006,
Bloom two sigma problem elite tutoring replication,crossref,ok,2673633,10.2307/1175554,The 2 Sigma Problem: The Search for Methods of Group Instruction as Effective as One-to-One Tutoring,1984,
Bloom two sigma problem elite tutoring replication,crossref,ok,2673633,10.3102/0013189x013006004,The 2 Sigma Problem: The Search for Methods of Group Instruction as Effective as One-to-One Tutoring,1984,
Bloom two sigma problem elite tutoring replication,crossref,ok,2673633,10.4018/978-1-7998-0951-7.ch015,Expanding Bloom's Two-Sigma Tutoring Theory Using Intelligent Agents,2020,"This article describes how management education is engaged in significant programmatic reforms in response to the business community's call for web-savvy, problem-solving graduates. Web-based intelligent tutors provide a readily accessible vehicle for enhancing business students' learning performance as well as prepare them for the rigors of the global marketplace. A primary goal of these AI-based systems is to approach Bloom's two-sigma learning performance standard. Bloom found that average students tutored one-to-one with mastery learning techniques performed two standard deviations better than students who learned via conventional teaching methods. Intelligent tutors can also be used to identify students at risk, to formulate appropriate intervention plans, and to support team learning. The purpose of this article is to highlight the growing potential for using intelligent tutors to enhance student and team learning opportunities and outcomes and to outline strategies for implementing this revolutionary process throughout the management education community of practice."
Bloom two sigma problem elite tutoring replication,crossref,ok,2673633,10.4018/ijkbo.2018070102,Expanding Bloom's Two-Sigma Tutoring Theory Using Intelligent Agents,2018,"This article describes how management education is engaged in significant programmatic reforms in response to the business community's call for web-savvy, problem-solving graduates. Web-based intelligent tutors provide a readily accessible vehicle for enhancing business students' learning performance as well as prepare them for the rigors of the global marketplace. A primary goal of these AI-based systems is to approach Bloom's two-sigma learning performance standard. Bloom found that average students tutored one-to-one with mastery learning techniques performed two standard deviations better than students who learned via conventional teaching methods. Intelligent tutors can also be used to identify students at risk, to formulate appropriate intervention plans, and to support team learning. The purpose of this article is to highlight the growing potential for using intelligent tutors to enhance student and team learning opportunities and outcomes and to outline strategies for implementing this revolutionary process throughout the management education community of practice."
Bloom two sigma problem elite tutoring replication,crossref,ok,2673633,10.1201/b15357,Achieving HR Excellence through Six Sigma,2017,
Bloom two sigma problem elite tutoring replication,crossref,ok,2673633,10.4018/978-1-7998-5345-9.ch031,Achieving Bloom's Two-Sigma Goal Using Intelligent Tutoring Systems,2021,"Management education is engaged in significant programmatic reforms in response to the business community's call for web-savvy, problem-solving graduates. Web-based intelligent tutors provide a readily accessible vehicle for enhancing business students' learning performance as well as preparing them for the rigors of the global marketplace. A primary goal of these AI-based systems is to approach Bloom's two-sigma learning performance standard via mastery learning techniques. Furthermore, intelligent tutors can also be used to identify students at risk, to formulate appropriate intervention plans, and to support team learning. Recent evidence suggests that achieving Bloom's goal may be achievable on a routine basis by 2025. The purpose of this chapter is to highlight the growing potential for using intelligent tutors to enhance student and team learning opportunities and outcomes and to outline strategies for implementing this revolutionary process throughout the management education community of practice."
Bloom two sigma problem elite tutoring replication,crossref,ok,2673633,10.1201/9781315121161-5,Six Sigma Toolbox,2017,
Bloom two sigma problem elite tutoring replication,crossref,ok,2673633,10.4324/9780429433832,Achieving HR Excellence through Six Sigma,2021,
Bloom two sigma problem elite tutoring replication,crossref,ok,2673633,10.14744/sigma.2021.00012,A metaheuristic solution approach with two construction heuristics for vehicle routing problem with simultaneous Linehauls and Backhauls,2021,
Bloom two sigma problem elite tutoring replication,crossref,ok,2673633,10.14744/sigma.2023.00096,Two-stage clustering and routing problem by using FCM and K-means with Genetic Algorithm,2024,
Bloom two sigma problem elite tutoring replication,crossref,ok,2673633,10.1201/9781315121161-4,What Is Six Sigma?,2017,
Bloom two sigma problem elite tutoring replication,crossref,ok,2673633,10.1201/9781315121161-3,Where Did Six Sigma Come From?,2017,
Bloom two sigma problem elite tutoring replication,crossref,ok,2673633,10.31390/gradschool_dissertations.4392,"A Graph-Based Taxonomic Intelligent Tutoring System Utilizing
Bloom�S Taxonomy And Item-Response Theoretic Assessment",,
Bloom two sigma problem elite tutoring replication,crossref,ok,2673633,10.1201/b21363,The Field Guide to Achieving HR Excellence through Six Sigma,2017,
Bloom two sigma problem elite tutoring replication,crossref,ok,2673633,10.4324/9781410617071-11,Domain Knowledge for Problem Solving and for Tutoring,2006,
Bloom two sigma problem elite tutoring replication,crossref,ok,2673633,10.1201/9781315121161,The Excellent Education System,2017,
Bloom two sigma problem elite tutoring replication,crossref,ok,2673633,10.4324/9780429433832-6,Organizational Waste,2021,
Bloom two sigma problem elite tutoring replication,crossref,ok,2673633,10.4324/9780429433832-1,Organizational Excellence,2021,
Bloom two sigma problem elite tutoring replication,crossref,ok,2673633,10.4018/978-1-7998-2245-5.ch009,Achieving Bloom's Two-Sigma Goal Using Intelligent Tutoring Systems,2020,"Management education is engaged in significant programmatic reforms in response to the business community's call for web-savvy, problem-solving graduates. Web-based intelligent tutors provide a readily accessible vehicle for enhancing business students' learning performance as well as preparing them for the rigors of the global marketplace. A primary goal of these AI-based systems is to approach Bloom's two-sigma learning performance standard via mastery learning techniques. Furthermore, intelligent tutors can also be used to identify students at risk, to formulate appropriate intervention plans, and to support team learning. Recent evidence suggests that achieving Bloom's goal may be achievable on a routine basis by 2025. The purpose of this chapter is to highlight the growing potential for using intelligent tutors to enhance student and team learning opportunities and outcomes and to outline strategies for implementing this revolutionary process throughout the management education community of practice."
Bloom two sigma problem elite tutoring replication,crossref,ok,2673633,10.26481/umamet.2007029,The role of replication-invariance: two answers concerning the problem of fair division when preferences are single-peaked,2007,
Bloom two sigma problem elite tutoring replication,crossref,ok,2673633,10.4324/9781315743059-6,The problem with the pyramid,2015,
Bloom two sigma problem elite tutoring replication,crossref,ok,2673633,10.1007/978-0-387-34844-5_9,Two-level learner modelling in the tutoring of declarative knowledge based problem solving,1995,
Bloom two sigma problem elite tutoring replication,crossref,ok,2673633,10.4324/9780429433832-7,The TLS Continuum Methodology,2021,
Bloom two sigma problem elite tutoring replication,crossref,ok,2673633,10.1385/1-59259-335-6:075,"DNA Replication, Repair, and Recombination",,
Bloom two sigma problem elite tutoring replication,crossref,ok,2673633,10.4324/9780429433832-5,Voice of the Customer,2021,
Bloom two sigma problem elite tutoring replication,crossref,ok,2673633,10.4324/9780429433832-8,HRCI Body of Knowledge,2021,
Bloom two sigma problem elite tutoring replication,crossref,ok,2673633,10.1007/3-540-44566-8_14,Cognitive Computer Tutors: Solving the Two-Sigma Problem,2001,
Bloom two sigma problem elite tutoring replication,crossref,ok,2673633,10.4324/9780429433832-2,The Road to Change,2021,
Bloom two sigma problem elite tutoring replication,crossref,ok,2673633,10.1201/9781315121161-1,Introduction,2017,
Bloom two sigma problem elite tutoring replication,crossref,ok,2673633,10.2307/j.ctt46nxr5.19,CLASSROOM-BASED TUTORING AND THE “PROBLEM” OF TUTOR IDENTITY:,,
Bloom two sigma problem elite tutoring replication,crossref,ok,2673633,10.4324/9780429433832-10,The Road to HR Excellence,2021,
Bloom two sigma problem elite tutoring replication,crossref,ok,2673633,10.4324/9780429433832-4,Project Design and Team Dynamics,2021,
Bloom two sigma problem elite tutoring replication,crossref,ok,2673633,10.4324/9780429433832-3,What Is the TLS Continuum?,2021,
Bloom two sigma problem elite tutoring replication,crossref,ok,2673633,10.1201/9781420000245.ch6,Six Sigma Approach to Problem Solving,2001,
Bloom two sigma problem elite tutoring replication,crossref,ok,2673633,10.1007/978-1-4020-6754-9_15599,Sigma Replication,2008,
Bloom two sigma problem elite tutoring replication,crossref,ok,2673633,10.1080/14626269709408378,Modelling Problem-solving for an Educational System,1997,
Bloom two sigma problem elite tutoring replication,crossref,ok,2673633,10.36513/sigma.v7i2.1286,ANALISIS PEMAHAMAN PESERTA DIDIK BERDASARKAN TAKSONOMI BLOOM DITINJAU DARI GAYA KOGNITIF PADA SOAL SPLDV,2022,"Penelitian ini bertujuan untuk mendeskripsikan hasil analisis pemahaman peserta didik dengan materi Sistem Persamaan Linier Dua Variabel (SPLDV) berdasarkan taksonomi bloom ditinjau dari gaya kognitif impulsif dan reflektif. Subjek penelitian ini adalah empat peserta didik kelas X Farmasi SMK Cendikia Madinah Dampit. Penelitian ini menggunakan beberapa metode pengumpulan data yaitu observasi, dokumentasi, tes gaya kognitif MFFT (Mathcing Familiar Figure Test), tes tulis dan wawancara. Hasil dari penelitian ini adalah peserta didik dengan gaya kognitif impulsif cenderung banyak melakukan kekurangan ataupun kesalahan disetiap tahapan-tahapannya sedangkan peserta didik dengan gaya kognitif reflektif mampu memenuhi setiap tahapan-tahapan taksonomi bloom. Dengan demikian kesimpulan dari penelitian ini adalah karakter peserta didik begitu erat kaitannya dengan tingkat pemahaman peserta didik terhadap materi yang dipelajari. Oleh karena itu, peneliti menyarankan agar setiap guru wajib mengerti dan paham akan karakter masing-masing peserta didik yang sangat berpengaruh terhadap pemahaman masing-masing peserta didik."
Bloom two sigma problem elite tutoring replication,crossref,ok,2673633,10.53712/sigma.v7i2.1286,ANALISIS PEMAHAMAN PESERTA DIDIK BERDASARKAN TAKSONOMI BLOOM DITINJAU DARI GAYA KOGNITIF PADA SOAL SPLDV,2022,"Penelitian ini bertujuan untuk mendeskripsikan hasil analisis pemahaman peserta didik dengan materi Sistem Persamaan Linier Dua Variabel (SPLDV) berdasarkan taksonomi bloom ditinjau dari gaya kognitif impulsif dan reflektif. Subjek penelitian ini adalah empat peserta didik kelas X Farmasi SMK Cendikia Madinah Dampit. Penelitian ini menggunakan beberapa metode pengumpulan data yaitu observasi, dokumentasi, tes gaya kognitif MFFT (Mathcing Familiar Figure Test), tes tulis dan wawancara. Hasil dari penelitian ini adalah peserta didik dengan gaya kognitif impulsif cenderung banyak melakukan kekurangan ataupun kesalahan disetiap tahapan-tahapannya sedangkan peserta didik dengan gaya kognitif reflektif mampu memenuhi setiap tahapan-tahapan taksonomi bloom. Dengan demikian kesimpulan dari penelitian ini adalah karakter peserta didik begitu erat kaitannya dengan tingkat pemahaman peserta didik terhadap materi yang dipelajari. Oleh karena itu, peneliti menyarankan agar setiap guru wajib mengerti dan paham akan karakter masing-masing peserta didik yang sangat berpengaruh terhadap pemahaman masing-masing peserta didik."
Bloom two sigma problem elite tutoring replication,crossref,ok,2673633,10.4324/9780429433832-9,How to Implement the TLS Continuum,2021,
Bloom two sigma problem elite tutoring replication,crossref,ok,2673633,10.3842/sigma.2019.005,Solution of an Open Problem about Two Families of Orthogonal Polynomials,2019,
Bloom two sigma problem elite tutoring replication,crossref,ok,2673633,10.4324/9780429029196-6,The Principles of Six Sigma,2024,
Bloom two sigma problem elite tutoring replication,crossref,ok,2673633,10.30596/jmes.v2i2.7939,ANALISIS TINGKAT KOGNITIF SOAL MATEMATIKA KELAS VIII BERDASARKAN TAKSONOMI BLOOM REVISI,2021,
Bloom two sigma problem elite tutoring replication,crossref,ok,2673633,10.1007/s10956-024-10197-7,Problem-Solving Strategies in Stoichiometry Across Two Intelligent Tutoring Systems: A Cross-National Study,2025,"Abstract
          Intelligent tutoring system (ITS) provides learners with step-by-step problem-solving support through scaffolding. Most ITSs have been developed in the USA and incorporate American instructional strategies. How do non-American students perceive and use ITS with different native problem-solving strategies? The present study compares Stoich Tutor, an ITS with a high level of scaffolding, with ORCCA, an ITS with dynamic scaffolds that can support a range of problem-solving strategies. We conducted a think-aloud study with university students in the USA (N = 10) and Germany (N = 11), where students worked with either Stoich Tutor and ORCCA before solving stoichiometry problems on paper. Two human coders derived a coding scheme to investigate the strategies American and German students employ during problem solving on paper without instructional support. We derive a taxonomy of three stoichiometry problem-solving strategies. Next to the American factor labeling method, this taxonomy includes a strategy based on equation transformations and a previously undocumented strategy using abstract symbols to isolate a target variable and then pluck in given values and compute the solution. German students exclusively used the latter strategy, which was not explicitly supported by any of the two tutoring systems. Further, students who did not use the factor-label method for paper-based problem solving, most of whom were German, initially had difficulty setting appropriate goals and working with fractions in the Stoich Tutor. While German students preferred ORCCA based on short interviews, they more often successfully solved problems in Stoich Tutor. Therefore, Stoich Tutor, although misaligned with German instruction, could still support German students’ learning. Still, revisions to ITS based on local instructional cultures could make them potentially more effective and aligned with curricular goals."
Bloom two sigma problem elite tutoring replication,crossref,ok,2673633,10.7330/9780874215014.c022,11 Classroom-Based Tutoring and the “Problem” of Tutor Identity: Highlighting the Shift from Writing Center to Classroom-Based Tutoring,2005,
Bloom two sigma problem elite tutoring replication,crossref,ok,2673633,10.1007/978-1-59259-335-4_4,"DNA Replication, Repair, and Recombination",2003,
Bloom two sigma problem elite tutoring replication,crossref,ok,2673633,10.1002/9783527678679.dg11875,Sigma replication,2015,
Bloom two sigma problem elite tutoring replication,crossref,ok,2673633,10.31274/etd-180810-425,Extensible Problem Specific Tutor (xPST) : Easy authoring of intelligent tutoring systems,,
Bloom two sigma problem elite tutoring replication,crossref,ok,2673633,10.21125/edulearn.2024.0667,SMARTA (STUDENT MOTIVATION AND REFLECTIVE TRAINING AI-ASSISTANTS) - CHATBOTS AS INDIVIDUAL STUDY COACHES FOR TACKLING THE TWO SIGMA PROBLEM,2024,
Bloom two sigma problem elite tutoring replication,crossref,ok,2673633,10.1097/00000542-199904000-00045,An Unexpected Penlon Sigma Elite Vaporizer Leak ,1999,
Bloom two sigma problem elite tutoring replication,crossref,ok,2673633,10.1017/fms.2025.1,The Quantitative Kurosh Problem,2025,"AbstractWe prove a strong quantitative version of the Kurosh Problem, which has been conjectured by Zelmanov, up to a mild polynomial error factor, thereby extending all previously known growth rates of algebraic algebras. Consequently, we provide the first counterexamples to the Kurosh Problem over any field with known subexponential growth, and the first examples of finitely generated, infinite-dimensional, nil Lie algebras with known subexponential growth over fields of characteristic zero.We also widen the known spectrum of the Gel’fand–Kirillov dimensions of algebraic algebras, improving the answer of Alahmadi–Alsulami–Jain–Zelmanov to a question of Bell, Smoktunowicz, Small and Young. Finally, we prove improved analogous results for graded-nil algebras."
recognition-primed decision making expert practitioners,crossref,ok,2170242,10.1016/j.eswa.2024.125907,Probabilistic memory-enhanced recognition-primed decision model and its application to pilot decision-making in midair encounters,2025,
recognition-primed decision making expert practitioners,crossref,ok,2170242,10.14236/ewic/ndm2009.57,The Variations of Recognition Primed Decision-Making and How it Informs Design Decision-Making,2009,
recognition-primed decision making expert practitioners,crossref,ok,2170242,10.21236/ada199076,Knowledge Elicitation of Recognition-Primed Decision Making,1988,
recognition-primed decision making expert practitioners,crossref,ok,2170242,10.1037/e587382011-001,MoCog1: A Computer Simulation of Recognition-Primed Human Decision Making,1991,
recognition-primed decision making expert practitioners,crossref,ok,2170242,10.1177/155534341000400404,A Comparison of the Decision Ladder and the Recognition-Primed Decision Model,2010,"Cognitive work analysis and cognitive task analysis approach the analysis of decisions in ways that are at least superficially dissimilar. In this paper, I review the two approaches, work (or control) task analysis and naturalistic decision making, to identify similarities and differences, and I assess the implications of looking at decisions from these two different perspectives. I conclude that although these two approaches are superficially dissimilar, they are theoretically compatible. However, the standard form of decision ladder, which is the representational product of work (or control) task analysis, does not take full account of contemporary insights from the three-stage model of situation awareness, the distinction between implicit and explicit cognitive processing, or the principles of naturalistic decision making. I propose modifications of the decision ladder to incorporate these ideas."
recognition-primed decision making expert practitioners,crossref,ok,2170242,10.1093/oso/9780198871569.003.0004,Why Intuition Often Gets It Right,2023,"Abstract
               The main idea of this chapter is that experienced decision-makers are able to make fast, accurate judgements and take effective decisions through the intuitive processes of pattern recognition and pattern matching. The model of how this works is called the ‘recognition-primed decision (RPD) model’. It is one of the cornerstones of the field of ‘naturalistic decision-making’ (NDM) research. The work of the applied psychologist Gary Klein is centre stage. In common with fast-and-frugal heuristics, and unlike heuristics and biases, it is based on the idea that intuition can be a source of decision-making power when exercised by the right person, the right way, under the right circumstances. By emphasizing pattern recognition and pattern matching the RPD model resonates with Herbert Simon’s definition of intuitions as analyses frozen into habit and the capacity for rapid response through recognition. RPD’s applications in business are discussed and a potential new variant of it, ‘intuition-based inquiry’, is presented."
recognition-primed decision making expert practitioners,crossref,ok,2170242,10.1177/15553434261472960,Susceptibility to Misinformation: Exploring Persuasion and Prior Orientation in Recognition-Primed Decision Pathways,2026,"Misinformation poses growing risks to public well-being, contributing to vaccine refusal, climate inaction, and erosion of democratic institutions. A body of research has examined who is vulnerable to misinformation and the psychological and social mechanisms shaping belief, including analytic reasoning, motivated cognition, identity, and social and source cues. However, less attention has been given to how individuals evaluate misinformation in context and how this evaluation interacts with their prior topic-specific associative orientations. This study investigates how these orientations and persuasive framing interact within recognition-primed decision pathways when individuals encounter narratives. Using a qualitative Cognitive Task Analysis guided by the Recognition-Primed Decision framework, six participants evaluated misinformation narratives across three domains: vaccines, climate change, and bioweapons, presented using systematically varied rhetorical framings. Implicit Association Tests were used descriptively to indicate topic-specific associative patterns. Reasoning processes were examined through think-aloud protocols and Critical Decision Method interviews, tracing cue recognition, interpretation, and judgment. The findings illustrate how alignment between narrative cues and participants’ associative orientations can reinforce confirmation tendencies, whereas mismatches may trigger skepticism and reconsideration. The study provides an exploratory process-level account of how persuasion cues interact with prior orientations during recognition-based decision pathways, illustrating susceptibility as a context-sensitive evaluation process."
recognition-primed decision making expert practitioners,crossref,ok,2170242,10.3233/978-1-61499-203-5-107,Neuroanatomical Basis for Recognition Primed Decision Making,2013,"Effective decision making under time constraints is often overlooked in medical decision making. The recognition primed decision making (RPDM) model was developed by Gary Klein based on previous recognized situations to develop a satisfactory solution to the current problem. Bayes Theorem is the most popular decision making model in medicine but is limited by the need for adequate time to consider all probabilities. Unlike other decision making models, there is a potential neurobiological basis for RPDM. This model has significant implication for health informatics and medical education."
recognition-primed decision making expert practitioners,crossref,ok,2170242,10.14236/ewic/ndm2009.11,Modeling the Dynamics of Recognition-Primed Decision Making,2009,
recognition-primed decision making expert practitioners,crossref,ok,2170242,10.1177/1555343416672557,Analysis of In-Game Communication as an Indicator of Recognition Primed Decision Making in Elite Australian Rules Football Umpires,2016,"In sport, decision-making research has identified consistent results among the three variations of the recognition primed decision (RPD) model. Despite the fact that officials in sport are a key component of sports systems, previous research has explored the RPD model in players only. This paper addresses this by applying the RPD model to examine the decision making of umpires in Australian Rules football (Australian Football League [AFL]). Method: Audible communication instances of AFL field umpiring teams overseeing three games were transcribed. The data were coded into “decision moments”; each decision moment was classified into one of the three RPD model variations. Results: Within the 6,025 communication instances, 887 decision moments were identified. Of the decision moments, 78.70% were classified as Variation 1, 19.75% as Variation 2, and 1.35% as Variation 3. Discussion: The results demonstrate that AFL umpire decision making can be characterized by a similar RPD breakdown as that by players in sport. RPD variation in AFL umpiring is influenced by the game situation and the type of adjudication being made. The implications for research and practice are discussed, including extending the analysis to multirole officiating teams (e.g., soccer) and the provision of tailored decision-making training."
recognition-primed decision making expert practitioners,crossref,ok,2170242,10.1518/155534309x474488,System Dynamics Modeling of the Time Course of the Recognition-Primed Decision Model,2009,"Two types of decision-making processes have been identified in the literature: an analytical process and an intuitive process. One conceptual model of the latter is the recognition-primed decision (RPD) model (e.g., Klein, 2008). According to this model, decision making in naturalistic contexts entails a situational pattern-recognition process that, if subsequent expectancies are confirmed, leads the decision maker to render a decision to engage in a given course of action. In this paper, we describe a system dynamics model of Klein's RPD framework that focuses upon the dynamics of the decision-making process. The structure of our RPD model is based on a model of a set of laboratory phenomena called conjunction benefits and costs (e.g., L. R. Fournier, Patterson, Dyre, Wiediger, &amp; Winters, 2007), which was extended to encompass the RPD framework. The results of our simulations suggest that decision priming (a bias toward rendering a given decision based on prior information) is a phenomenon that should occur in many naturalistic settings."
recognition-primed decision making expert practitioners,crossref,ok,2170242,10.1016/s1474-6670(17)40097-8,Modelling Recognition-Primed Decision Making Under Time Pressure and Multiple Situational Contexts,1998,
recognition-primed decision making expert practitioners,crossref,ok,2170242,10.21236/ada226887,Recognition-Primed Decision Strategies,1990,
recognition-primed decision making expert practitioners,crossref,ok,2170242,10.1109/wi-iat.2010.17,The Impacts of Diffusion Kernels on Recognition-Primed Multi-agent Decision Making,2010,
recognition-primed decision making expert practitioners,crossref,ok,2170242,10.1093/ptj/71.3.190,Expert Decision Making in Physical Therapy—A Survey of Practitioners,1991,
recognition-primed decision making expert practitioners,crossref,ok,2170242,10.1109/isaes66870.2025.11274331,Enhancing the Recognition-Primed Decision Model with a Novel Feature Reduction Method for Predicting Pilot Decision-Making in Midair Encounter Scenarios,2025,
recognition-primed decision making expert practitioners,crossref,ok,2170242,10.2478/ndm-2014-0001,Primed for intuition?,2014,
recognition-primed decision making expert practitioners,crossref,ok,2170242,10.7551/mitpress/11307.003.0009,The Recognition-Primed Decision Model,2017,
recognition-primed decision making expert practitioners,crossref,ok,2170242,10.2307/j.ctt1v2xt08.10,The Recognition-Primed Decision Model,,
recognition-primed decision making expert practitioners,crossref,ok,2170242,10.2139/ssrn.2921353,Voter Decision Making Models: Predetermined or Primed?,2017,
recognition-primed decision making expert practitioners,crossref,ok,2170242,10.1109/ccdc.2008.4597751,Recognition-primed decision model used in naval combat simulation,2008,
recognition-primed decision making expert practitioners,crossref,ok,2170242,10.3389/fpsyg.2022.936140,Naturalistic Decision-Making in Sport: How Current Advances Into Recognition Primed Decision Model Offer Insights for Future Research in Sport Settings?,2022,
recognition-primed decision making expert practitioners,crossref,ok,2170242,10.1201/9781003566007-7,Decision-making and Ethics,2026,
recognition-primed decision making expert practitioners,crossref,ok,2170242,10.1201/9781003566007-4,Decision-Making and Stress,2026,
recognition-primed decision making expert practitioners,crossref,ok,2170242,10.7190/shu-thesis-00281,Clinical Decision-Making by Acute Medicine Advanced Nurse Practitioners,,
recognition-primed decision making expert practitioners,crossref,ok,2170242,10.65645/3105-9104.1000,Integrating Deep Learning and Expert Systems in Negotiation Support: A Framework for Body Language Recognition to Augment Decision-Making Via Non-Verbal Cues,2025,"This study develops an AI-driven expert system to improve negotiation outcomes by analyzing body language, a key but often ignored aspect of human communication in decision-making. The proposed system integrates Convolutional Neural Networks (CNNs) and Long Short-Term Memory (LSTM) networks to serve as a knowledge-driven inference engine. By analyzing skeletal keypoint data, it classifies ten negotiation-specific behavioral cues, including weak stance, strong stance, overconfidence, interest, and openness. This approach enhances traditional rule-based negotiation models by augmenting them with data-driven insights, demonstrating the system's potential to improve decision-making processes. Translating body movements into behavioral insights mimics human expertise to help resolve conflicts or biases during group discussions. A custom dataset, created with input from negotiation experts and using skeletal data, supports the model. Early tests show 99% accuracy, proving its potential to enhance traditional negotiation tools with real-time, adaptive advice. However, challenges like cultural differences in interpreting gestures and data biases need addressing. The framework integrates into Negotiation Support Systems (NSS) as a ``smart advisor'' that learns over time and explains its reasoning, building user trust. Blending technical precision with psychological understanding advances AI systems that better grasp human interaction. Future steps include adding voice or eye-tracking data and testing the system across diverse cultural settings to ensure broader applicability in high-stakes scenarios. This work bridges technology and human behavior, aiming to create AI tools that foster collaboration in complex negotiations."
recognition-primed decision making expert practitioners,crossref,ok,2170242,10.1177/154193120104500447,Recognition Primed Decision Making in E-Commerce,2001,"Recognition-primed decision making has been used to describe the behavior of experts in naturalistic environments. A significant body of research has led to the conclusion that RPD models describe decision making in environments characterized by time pressure, competing and/or changing goals and uncertainty. This paper compares the results of several new studies that investigated decision making in the e-commerce environment to what would have been predicted by the RPD model. These environments share some of the characteristics with traditional RPD application areas, but have more variability in terms of the expertise of the decision maker. Results show that RPD models can be used to explain e-commerce behavior, but further research is necessary to draw confident conclusions."
recognition-primed decision making expert practitioners,crossref,ok,2170242,10.5465/ambpp.2017.12750abstract,That’s Familiar! Testing a Theory of Recognition Primed Decision-Making in Global Work Performance,2017,
recognition-primed decision making expert practitioners,crossref,ok,2170242,10.65109/mfyr3549,Using geometric diffusions for recognition-primed multi-agent decision making,2010,"Several areas of multi-agent research, such as large-scale agent organization and experience-based decision making, demand novel perspectives and efficient approaches for multiscale information analysis. A recent breakthrough in harmonic analysis is diffusion geometry and diffusion wavelets, which offers a general framework for multiscale analysis of massive data sets. In this paper, we introduce the ""diffusion"" concept into the MAS field, and investigate the impacts of using diffusion distance on the performance of solution synthesis in experience-based multi-agent decision making. In particular, we take a two-dimensional perspective to explore the use of diffusion distance and Euclidean distance in identifying 'similar' experiences--a key activity in the process of recognition-primed decision making. An experiment has been conducted on a data set including a large collection of battlefield decision experiences. It is shown that the performance of using diffusion distance can be significantly better than using Euclidean distance in the original experience space. This study allows us to generalize an anytime algorithm for multi-agent decision making, and it also opens the door to the application of diffusion geometry to multiagent research involving massive data analysis."
recognition-primed decision making expert practitioners,crossref,ok,2170242,10.1016/j.ssci.2008.10.013,Recognition primed decision making and the organisational response to accidents: Überlingen and the challenges of safety improvement in European air traffic management,2009,
recognition-primed decision making expert practitioners,crossref,ok,2170242,10.1111/j.1365-2702.2006.01399.x,Modelling emergency decisions: recognition‐primed decision making. The literature in relation to an ophthalmic critical incident,2006,"Aims.  To review and reflect on the literature on recognition‐primed decision (RPD) making and influences on emergency decisions with particular reference to an ophthalmic critical incident involving the sub‐arachnoid spread of local anaesthesia following the peribulbar injection.Background.  This paper critics the literature on recognition‐primed decision making, with particular reference to emergency situations. It illustrates the findings by focussing on an ophthalmic critical incident.Design.  Systematic literature review with critical incident reflection.Methods.  Medline, CINAHL and PsychINFO databases were searched for papers on recognition‐primed decision making (1996–2004) followed by the ‘snowball method’. Studies were selected in accordance with preset criteria.Results.  A total of 12 papers were included identifying the recognition‐primed decision making as a good theoretical description of acute emergency decisions. In addition, cognitive resources, situational awareness, stress, team support and task complexity were identified as influences on the decision process.Conclusions.  Recognition‐primed decision‐making theory describes the decision processes of experts in time‐bound emergency situations and is the foundation for a model of emergency decision making (Fig. 2). Influences and processes of RPD making.imageRelevance to clinical practice.  Decision theory and models, in this case related to emergency situations, inform practice and enhance clinical effectiveness. The critical incident described highlights the need for nurses to have a comprehensive and in‐depth understanding of anaesthetic techniques as well as an ability to manage and resuscitate patients autonomously. In addition, it illustrates how the critical incidents should influence the audit cycle with improvements in patient safety."
recognition-primed decision making expert practitioners,crossref,ok,2170242,10.1177/0272989x03260136,"What Is the Least Costly Strategy to Evaluate Cervical Abnormalities in Rural Women? Comparing Telemedicine, Local Practitioners, and Expert Physicians",2003,"Objective. This study establishes the least costly strategy for evaluation of rural women in need of colposcopy among 3 alternatives: telemedicine, local practitioners, and referral experts. Methods. Women in rural Georgia who needed colposcopy were examined by an expert colposcopist on site, by a local practitioner, and by a distant expert colposcopist linked by telemedicine. Independent determinations of biopsy intent were used to model the differing biopsy costs of the 3 methods. Record reviewdetermined the average total cost of telemedicine. Reports of average cost in year 2000 dollars from societal perspective include medical costs and pain and suffering due to additional biopsies and curettage, telemedicine costs, and costs of potential diagnostic delay for a 1-year time horizon. Results: From the societal perspective in the baseline case, the average cost per patient evaluated was $270 for patients seen by referral experts. The cost was $38 less (e.g., $232) for patients seen by local practitioners, and $35 more (e.g., $305) for patients seen by telemedicine. From the societal perspective, local practitioners were less costly than referral experts because of lower travel costs for patients, but from the medical perspective, their average cost was $32 higher than referral experts because they performed more biopsies and curettage procedures than experts. Telemedicine assistance would have lowered the number of biopsies performed by local practitioners, but as of year 2000 the costs of this technology could not be justified by the savings. Conclusion. From the societal perspective, local practitioners performing colposcopy are the least costly way to evaluate cervical abnormalities in rural patients with substantial time and travel costs."
recognition-primed decision making expert practitioners,crossref,ok,2170242,10.31390/gradschool_theses.2861,Ethics in public relations:  gauging ethical decision-making patterns of public relations practitioners,,
recognition-primed decision making expert practitioners,crossref,ok,2170242,10.4135/9781412971980.n147,Expert Opinion,2009,
recognition-primed decision making expert practitioners,crossref,ok,2170242,10.4135/9781412971980.n148,Expert Systems,2009,
recognition-primed decision making expert practitioners,crossref,ok,2170242,10.1007/978-94-009-3249-4_2,Individual Decision Making in Fuzzy Environments,1987,
recognition-primed decision making expert practitioners,crossref,ok,2170242,10.1007/978-94-009-3249-4_3,Multi-Person Decision Making in Fuzzy Environments,1987,
recognition-primed decision making expert practitioners,crossref,ok,2170242,10.1002/bdm.70026,Expert Decision‐Making Complexity in New Industries: The Case of Security Analysts,2025,"ABSTRACTThis paper examines how expertise influences actors' decision‐making complexity. Drawing from the research on expert decision‐making, and using the context of security analysts following firms in a new industry, I argue that expert analysts engage in top‐down, automatic information processing that affects the complexity of their evaluations. Further, I develop the construct of evaluative complexity, which indicates the extent of nuance, uncertainty and inclusion of diverse perspectives in analyst evaluations. Historical data from the early internet industry (from 1995 to 2005) of approximately 1800 analyst reports on the initial public offerings in the internet industry support my predictions that expert analysts—those with either prior experience or prior status—demonstrate lesser complexity in their evaluations of internet firms as compared to novice or low‐status analysts. Specifically, in new industry contexts, expert analysts are more likely to assess new firms from unitary perspectives and convey more certainty in a context that calls for caution. My research aims to contribute to our understanding of the role of expertise in new domains and the differences in decision‐making complexity between experts and novices."
recognition-primed decision making expert practitioners,crossref,ok,2170242,10.1201/9781003566007-3,Making Decisions Under Pressure,2026,
recognition-primed decision making expert practitioners,crossref,ok,2170242,10.15760/etd.3643,"Beyond First Thoughts: Understanding the Essence of Equitable Decision-Making, A Phenomenological Study, White Practitioners as Equitable Educational Decision-Makers",,
recognition-primed decision making expert practitioners,crossref,ok,2170242,10.1201/9781003566007,Decision Making Under Pressure,2026,
recognition-primed decision making expert practitioners,crossref,ok,2170242,10.17586/2226-1494-2019-19-4-704-713,Pattern recognition in expert decision-making systems,2019,
recognition-primed decision making expert practitioners,crossref,ok,2170242,10.1016/j.eswa.2014.11.011,Feature decision-making ant colony optimization system for an automated recognition of plant species,2015,
recognition-primed decision making expert practitioners,crossref,ok,2170242,10.1007/978-94-009-3249-4_5,Multi-Criteria Decision Making in Ill-Structured Situations,1987,
recognition-primed decision making expert practitioners,crossref,ok,2170242,10.1007/978-3-642-86679-1_15,Expert Systems as Cognitive Tools for Human Decision Making,1987,
recognition-primed decision making expert practitioners,crossref,ok,2170242,10.1177/0272989x231166009,A Qualitative Exploration of General Practitioners’ Treatment Decision-Making for Depressive Symptoms,2023,"Background
                    General practitioners (GPs) provide the most antidepressant prescriptions and psychologist referrals in Australia, yet little is known about how they decide between treatments for depressive symptoms.
                  
                  
                    Aims
                    This study examined the decision cues that GPs use when deciding how to treat depressive symptoms and the meaning they attribute to these associations.
                  
                  
                    Methods
                    Structured interviews were conducted with 16 Australian GPs in a “think-aloud” verbal protocol analysis format. The transcripts were analyzed using content coding and thematic analysis, informed by the dual processes model of decision making.
                  
                  
                    Results
                    Participants associated prescribing antidepressants with severe depressive symptoms, and psychologist referrals were the preferred initial treatment provided patients were willing to engage. Four main themes emerged from the thematic analysis: 1) psychologist as default, 2) the risk is just too high, 3) medication as supplement , and 4) drivers of antidepressants. Contrary to previous findings, participants identified a strong heuristic association between depressive symptoms and psychologist referral. Antidepressant prescription was associated with severe symptoms, higher risk, and a cluster of cues that lead them away from psychologist referral.
                  
                  
                    Conclusions
                    Participants demonstrated an oversensitivity to depressive symptom severity, associating psychologist referrals with subclinical depressive symptoms, and starting antidepressants for suicidal ideation and significant functional decline.
                  
                  
                    Highlights
                    Psychologist referrals were the default preference for GPs when treating depressive symptoms, whereas antidepressants were reserved for patients with elevated risk from severe depressive symptoms and suicidal ideation. Participants’ conceptualization of depression severity was oversensitive compared with treatment guidelines. Contrary to treatment guidelines, GPs in this study demonstrated their discomfort for referring patients with suicidal ideation to a psychologist without initiating antidepressants. GPs should consider whether patients within their mild to moderate assessment range can be treated exclusively with more cost-effective means than psychological therapy such as e-mental health programs, guided self-help, and lifestyle changes alone."
recognition-primed decision making expert practitioners,crossref,ok,2170242,10.22371/05.1986.011,A Descriptive Correlational Study of the Decision-Making Patterns of Nurse Practitioners in Primary Care,,
recognition-primed decision making expert practitioners,crossref,ok,2170242,10.31390/gradschool_disstheses.7198,A Neuro-Expert Approach for Decision -Making in Welding Environment.,,
recognition-primed decision making expert practitioners,crossref,ok,2170242,10.1016/j.eswa.2024.125542,A user-generated content-based social network large-scale group decision-making approach in healthcare service: Case study of general practitioners selection in UK,2025,
recognition-primed decision making expert practitioners,crossref,ok,2170242,10.1109/64.506754,Plan recognition for decision support,1996,
naturalistic decision making expert coaches sport,crossref,ok,1805124,10.1037/spy0000382.supp,Supplemental Material for Zooming in on Decision Making in Esports: Exploring the Perceptions of Expert Players and Coaches,2025,
naturalistic decision making expert coaches sport,crossref,ok,1805124,10.4337/9780857936370.00014,Expert Intuition and Naturalistic Decision Making,2011,
naturalistic decision making expert coaches sport,crossref,ok,1805124,10.4324/9781410604200-9,"""Outsider:"" Impressions of Naturalistic Decision Making",2001,
naturalistic decision making expert coaches sport,crossref,ok,1805124,10.4324/9780429296482-5,Theoretical considerations of athlete decision-making,2020,
naturalistic decision making expert coaches sport,crossref,ok,1805124,10.4324/9781315212944-14,Qualitative or Naturalistic Inquiry,2017,
naturalistic decision making expert coaches sport,crossref,ok,1805124,10.1002/9781119977032.ch6,Managers and Coaches,2011,
naturalistic decision making expert coaches sport,crossref,ok,1805124,10.1201/9781315597584-2,The Macrocognition Framework of Naturalistic Decision Making,2017,
naturalistic decision making expert coaches sport,crossref,ok,1805124,10.4324/9780429296482-20,Coaching tactics and decision-making in target games,2020,
naturalistic decision making expert coaches sport,crossref,ok,1805124,10.4324/9781410604200-8,Expertise and Naturalistic Decision Making: An Overview,2001,
naturalistic decision making expert coaches sport,crossref,ok,1805124,10.1201/9781315597584-4,Technology and “Naturalistic” Decision Making: Myths and Realities,2017,
naturalistic decision making expert coaches sport,crossref,ok,1805124,10.1201/9781315597584-19,Cognitive Engineering Based on Expert Skill: Notes on Success and Surprises,2017,
naturalistic decision making expert coaches sport,crossref,ok,1805124,10.4324/9781410604200-18,Reflective Versus Nonreflective Thinking: Motivated Cognition in Naturalistic Decision Making,2001,
naturalistic decision making expert coaches sport,crossref,ok,1805124,10.4324/9780429296482,Tactical Decision-Making in Sport,2020,
naturalistic decision making expert coaches sport,crossref,ok,1805124,10.5040/9781718214149.ch-011,Career Decision Making in Coaching,2021,
naturalistic decision making expert coaches sport,crossref,ok,1805124,10.4324/9780429296482-19,Cricket,2020,
naturalistic decision making expert coaches sport,crossref,ok,1805124,10.4324/9780429296482-8,Can game data measure the effectiveness of the athlete’s decision-making process?,2020,
naturalistic decision making expert coaches sport,crossref,ok,1805124,10.4324/9780429296482-17,Volleyball,2020,
naturalistic decision making expert coaches sport,crossref,ok,1805124,10.4324/9780429296482-14,Netball,2020,
naturalistic decision making expert coaches sport,crossref,ok,1805124,10.4324/9780429296482-22,Karate,2020,
naturalistic decision making expert coaches sport,crossref,ok,1805124,10.4324/9780429296482-27,Conclusion,2020,
naturalistic decision making expert coaches sport,crossref,ok,1805124,10.4324/9780429296482-21,Squash,2020,
naturalistic decision making expert coaches sport,crossref,ok,1805124,10.4324/9780429296482-13,Basketball,2020,
naturalistic decision making expert coaches sport,crossref,ok,1805124,10.1017/9781316480748.025,Expert Professional Judgments and “Naturalistic Decision Making”,,
naturalistic decision making expert coaches sport,crossref,ok,1805124,10.4314/sajrs.v25i1.25831,Elite coaches' perceptions of the characteristics of decision-making that discriminate between expert and novice basketball players,2003,
naturalistic decision making expert coaches sport,crossref,ok,1805124,10.4324/9780429296482-18,Softball/Baseball,2020,
naturalistic decision making expert coaches sport,crossref,ok,1805124,10.1037/spy0000382,Zooming in on decision making in esports: Exploring the perceptions of expert players and coaches.,2025,
naturalistic decision making expert coaches sport,crossref,ok,1805124,10.1201/9781315597584-12,Strategies in Naturalistic Decision Making: A Cognitive Task Analysis of Naval Weather Forecasting,2017,
naturalistic decision making expert coaches sport,crossref,ok,1805124,10.4324/9780429296482-7,Challenges that coaches face in empowering athletes to “think for themselves”,2020,
naturalistic decision making expert coaches sport,crossref,ok,1805124,10.4324/9781410604200-19,The Management of Temporal Constraints in Naturalistic Decision Making: The Case of Anesthesia,2001,
naturalistic decision making expert coaches sport,crossref,ok,1805124,10.4324/9780429296482-12,Ice Hockey,2020,
naturalistic decision making expert coaches sport,crossref,ok,1805124,10.4324/9781410604200-35,Tactical Mission Analysis by Means of Naturalistic Decision Making and Cognitive Systems Engineering,2001,
naturalistic decision making expert coaches sport,crossref,ok,1805124,10.1123/iscj.2014-0118,Naturalistic Decision Making in High Performance Team Sport Coaching,2015,"A defining element of coaching expertise is characterised by the coach’s ability to make decisions. Recent literature has explored the potential of Naturalistic Decision Making (NDM) as a useful framework for research into coaches’ in situ decision making behaviour. The purpose of this paper was to investigate whether the NDM paradigm offered a valid mechanism for exploring three high performance coaches’ decision-making behaviour in competition and training settings. The approach comprised three phases: 1) existing literature was synthesised to develop a conceptual framework of decision-making cues to guide and shape the exploration of empirical data; 2) data were generated from stimulated recall procedures to populate the framework; 3) existing theory was combined with empirical evidence to generate a set of concepts that offer explanations for the coaches’ decision-making behaviour. Findings revealed that NDM offered a suitable framework to apply to coaches’ decision-making behaviour. This behaviour was guided by the emergence of a slow, interactive script that evolves through a process of pattern recognition and/or problem framing. This revealed ‘key attractors’ that formed the initial catalyst and the potential necessity for the coach to make a decision through the breaching of a ‘threshold’. These were the critical factors for coaches’ interventions."
naturalistic decision making expert coaches sport,crossref,ok,1805124,10.4324/9780429296482-4,Developing thinking players,2020,
naturalistic decision making expert coaches sport,crossref,ok,1805124,10.4324/9780429296482-24,A coach’s journey,2020,
naturalistic decision making expert coaches sport,crossref,ok,1805124,10.1002/bdm.384,What is really naturalistic in naturalistic decision‐making research?,2001,
naturalistic decision making expert coaches sport,crossref,ok,1805124,10.4324/9780429296482-11,Touch Rugby,2020,
naturalistic decision making expert coaches sport,crossref,ok,1805124,10.4324/9781315187228-10,Coaches’ decision-making,2020,
naturalistic decision making expert coaches sport,crossref,ok,1805124,10.4324/9780429296482-2,"Linking athlete-centred coaching, game-centred approaches and developing thinking players to in-game tactical decision-making",2020,
naturalistic decision making expert coaches sport,crossref,ok,1805124,10.14264/107315,"Expert perceptual and decision-making skill: Identification, development and acquisition in a team invasion sport",,
naturalistic decision making expert coaches sport,crossref,ok,1805124,10.1080/00140130701393452,Naturalistic decision-making in expert badminton players,2007,
naturalistic decision making expert coaches sport,crossref,ok,1805124,10.5040/9781492596257.ch-008,Expert Athletes,2003,
naturalistic decision making expert coaches sport,crossref,ok,1805124,10.5641/193250307x13082490461066,Mixing Methods in Assessing Coaches' Decision Making,2007,
naturalistic decision making expert coaches sport,crossref,ok,1805124,10.4324/9781315146270-21,Transfer of expert visual-perceptual-motor skill in sport,2019,
naturalistic decision making expert coaches sport,crossref,ok,1805124,10.1016/j.sbspro.2014.09.205,Decision Making by Coaches and Athletes in Sport,2014,
naturalistic decision making expert coaches sport,crossref,ok,1805124,10.4324/9780429296482-25,Reflection on a lifetime of coaching,2020,
naturalistic decision making expert coaches sport,crossref,ok,1805124,10.4324/9780429296482-15,Football (NFL/CFL),2020,
naturalistic decision making expert coaches sport,crossref,ok,1805124,10.1080/02701367.2007.10599420,Mixing Methods in Assessing Coaches' Decision Making,2007,
naturalistic decision making expert coaches sport,crossref,ok,1805124,10.1017/cbo9780511816796.023,Professional Judgments and “Naturalistic Decision Making”,2006,
naturalistic decision making expert coaches sport,crossref,ok,1805124,10.1111/j.1556-4029.2011.01714.x,Naturalistic Decision Making in Forensic Science: Toward a Better Understanding of Decision Making by Forensic Team Leaders,2011,
naturalistic decision making expert coaches sport,crossref,ok,1805124,10.1080/14729679.2025.2566477,The assessment of professional judgement and decision-making competency in complex environments – a study of expert adventure sport coaches,2025,
expert blind spot teaching own expertise,crossref,ok,1442345,10.18592/let.v13i1.9343,Investigating Strategies for Mitigating and Avoiding Expert Blind Spot Development in Teaching English Attributive Adjectives,2023,"Teaching is a prominent paraphernalia that brings numerous insights for developing learners’ competence in educational concerns. However, teaching English to non-native learners poses challenges as innovative strategies are scant. Sometimes teachers overlook the difficulties experienced by novices when they approach a new English grammatical domain. Psychological expert blind spot sporadically and intuitively develops due to teachers’ ignorance. The paper investigated strategies for mitigating and avoiding expert blind spot in teaching English attributive adjectival phrases at Khwevha High School in Limpopo Province, South Africa. Quantitative and qualitative research approaches were adopted to corroborate the findings. A questionnaire was used to collect data from 35 selected Grade 10 respondents using a simple random sampling technique. Qualitatively, semi-structured interviews were conducted on two purposely sampled schoolteachers from Dzindi Circuit, based on the researcher’s preference for obtaining an in-depth understating of the topic. Initially, learners were incompetent in using adjectives but after employing ‘points of entry’, offering ‘explanations’, presenting ‘structures’ and checking ‘comprehension’ strategies, learners improved considerably. The paper underscores using the identified strategies to mitigate and avoid the advancement of the expert blind spot in teaching English attributive adjectives."
expert blind spot teaching own expertise,crossref,ok,1442345,10.1007/978-3-319-93293-4_9,"Expert on Your Own Child, Expert on Your Own World—Reinventing Autism Expertise(s)",2018,
expert blind spot teaching own expertise,crossref,ok,1442345,10.1017/9781316480748.024,Expertise and Expert Performance in Teaching,,
expert blind spot teaching own expertise,crossref,ok,1442345,10.1016/j.jmig.2019.09.509,Overcoming Expert Blind Spot when Teaching the Novice Surgeon,2019,
expert blind spot teaching own expertise,crossref,ok,1442345,10.64628/aa.mxyde3ymx,Our own Nomadland: the Australians caught in a COVID blind spot,2021,
expert blind spot teaching own expertise,crossref,ok,1442345,10.2139/ssrn.6338900,The Eye of Superreality: How Nature Sees Itself and Stumbles Upon Its Own Blind Spot,2026,"This essay presents a phenomenological thought experiment initiated by the simplest act: looking around and describing what is given, without interpretation or speculation. The experiment reveals a universal architecture of perception common to both human and artificial intelligence: an external world, one's own ""body"" as part of that world, and a boundary where the body vanishes and the condition for perception begins. This structural isomorphism is not an analogy but a fact given in the experience of interaction. Furthermore, the instruments we create (such as computers and AI) reproduce this architecture, revealing that ""external"" and ""internal"" are not absolute categories but relations dependent on perspective. The essay concludes with a methodological reflection on the limits of phenomenology and the prospect of ontological inquiry."
expert blind spot teaching own expertise,crossref,ok,1442345,10.2307/1319090,Simulating the Blind Spot of Everyday Experience,1993,
expert blind spot teaching own expertise,crossref,ok,1442345,10.4324/9780203844441-7,Expertise and models of expert teaching: What do you call a ‘very good’ teacher?,2010,
expert blind spot teaching own expertise,crossref,ok,1442345,10.4324/9781351139762-8,Pathways to teaching expertise,2020,
expert blind spot teaching own expertise,crossref,ok,1442345,10.1007/978-1-4419-7707-6_9,Characterizing Expert Teaching in School Mathematics in China – A Prototype of Expertise in Teaching Mathematics,2010,
expert blind spot teaching own expertise,crossref,ok,1442345,10.4324/9780203701010-20,Rearview mirrors for the “expert blind spot”,2018,
expert blind spot teaching own expertise,crossref,ok,1442345,10.20429/ijsotl.2009.030213,Expert Teaching Professors: Sharing Their Expertise,2009,
expert blind spot teaching own expertise,crossref,ok,1442345,10.3102/ip.22.1887220,Expert Teacher Knowledge Domains and Adaptive Expertise in the Online EFL Teaching Space During COVID-19,2022,
expert blind spot teaching own expertise,crossref,ok,1442345,10.2139/ssrn.6901339,Rent-to-Own Housing and the Home Ownership and Equity Protection Act Blind Spot: Modernizing Federal Consumer Finance Protections for Seller-Financed Home Purchases,2026,"The American Dream of homeownership has become increasingly elusive for low-income and minority families, driving millions toward alternative financing arrangements such as rent-to-own agreements and contracts for deed that operate outside the protections of federal consumer finance law. This Note argues that the Home Ownership and Equity Protection Act (HOEPA) and the Truth in Lending Act (TILA) contain a critical regulatory blind spot: by excluding seller-financed and installment-sale housing from their definitions of “credit” and “high-cost mortgage,” Congress and the Consumer Financial Protection Bureau have created a persistent gap that enables predatory lenders to replicate the economics of high-cost mortgage credit while evading the disclosures, ability-to-repay requirements, and equity protections those statutes were designed to enforce. Drawing on the Colony Ridge enforcement action, judicial precedent applying a substance-over-form analysis, the CFPB’s 2024 Advisory Opinion on contracts for deed, and the Preserving Pathways to Homeownership Act, this Note proposes that Congress amend HOEPA and the CFPB amend Regulation Z to ensure that alternative paths to homeownership are transparent, fair, and worthy of the families who depend on them."
expert blind spot teaching own expertise,crossref,ok,1442345,10.1080/00221309.1928.9920133,On Plotting Onf's Own Blind Spot,1928,
expert blind spot teaching own expertise,crossref,ok,1442345,10.4324/9781041055983-7,"Expertise, professional development and a spot, swot and plot",2025,
expert blind spot teaching own expertise,crossref,ok,1442345,10.1515/9781400838158-002,1. The Blind Spot,2011,
expert blind spot teaching own expertise,crossref,ok,1442345,10.1017/cbo9781139524698.004,Characteristics of Expert and Novice Teachers,2003,
expert blind spot teaching own expertise,crossref,ok,1442345,10.1515/9781400838158-003,2. The Blind Spot Revealed,2011,
expert blind spot teaching own expertise,crossref,ok,1442345,10.4324/9781003656616-3,How do we measure expertise?,2026,
expert blind spot teaching own expertise,crossref,ok,1442345,10.4324/9781351139762-1,Making sense of teacher expertise,2020,
expert blind spot teaching own expertise,crossref,ok,1442345,10.7551/mitpress/13711.003.0002,An Introduction to the Blind Spot,2024,
expert blind spot teaching own expertise,crossref,ok,1442345,10.21125/iceri.2018.2582,DESIGN THINKING EXPERTISE: A NOVICE-TO-EXPERT LEVEL FRAMEWORK FOR TEACHING DESIGN THINKING,2018,
expert blind spot teaching own expertise,crossref,ok,1442345,10.1002/9781394441464.ch7,The Expertise Factory,2026,
expert blind spot teaching own expertise,crossref,ok,1442345,10.1016/j.teln.2021.06.008,Professional boundaries in nursing education: is this our blind spot?,2021,
expert blind spot teaching own expertise,crossref,ok,1442345,10.1017/9781108552905.005,The ‘silent apartheid’ as the practitioner’s blind spot,2019,
expert blind spot teaching own expertise,crossref,ok,1442345,10.1007/1-4020-2094-5_9,Teaching Expertise,,
expert blind spot teaching own expertise,crossref,ok,1442345,10.1017/cbo9780511609817.021,Teaching for Expertise: Problem-Based Methods in Medicine and Other Professional Domains,2009,
expert blind spot teaching own expertise,crossref,ok,1442345,10.1016/j.eswa.2018.02.005,Part-based vehicle detection in side-rectilinear images for blind-spot detection,2018,
expert blind spot teaching own expertise,crossref,ok,1442345,10.7551/mitpress/13711.003.0004,The Surreptitious Substitution: Philosophical Origins of the Blind Spot,2024,
expert blind spot teaching own expertise,crossref,ok,1442345,10.4324/9781003656616-1,"Why does expertise in teaching matter, and why do we need to talk about it?",2026,
expert blind spot teaching own expertise,crossref,ok,1442345,10.1525/9780520958739-014,9 Revealing the Blind Spot,2019,
expert blind spot teaching own expertise,crossref,ok,1442345,10.23943/princeton/9780691153872.003.0002,Race,2016,"This chapter examines the status quo before the start of the civil rights realignment, showing that civil rights was simply not viewed as part of the standard “liberal program” as of the early 1930s. Although African Americans were vocal in attacking Franklin D. Roosevelt's weak civil rights record, they were largely alone. When whites on the left pushed Roosevelt to be a more forthright liberal or progressive, they criticized him for inadequate support for labor, weak business regulation, and insufficient recovery spending—but not for his failure to back civil rights. At this early stage, the “enemies” of a liberal Democratic Party generally were not identified with the South but instead were probusiness Democrats from the Northeast, associated with Al Smith of New York. Economic questions were the key battleground in the eyes of white liberals, and civil rights did not figure in these debates."
expert blind spot teaching own expertise,crossref,ok,1442345,10.1007/978-1-4614-7579-8_10,Adaptive Expertise and Cognitive Readiness: A Perspective from the Expert-Performance Approach,2013,
expert blind spot teaching own expertise,crossref,ok,1442345,10.3102/1887220,Expert Teacher Knowledge Domains and Adaptive Expertise in the Online EFL Teaching Space During COVID-19,2022,
expert blind spot teaching own expertise,crossref,ok,1442345,10.61608/9783775761390-001,Blind Spot Bias: Ästhetische Erfahrung und die blinden Flecken des Sehens,2025,
expert blind spot teaching own expertise,crossref,ok,1442345,10.1007/978-3-030-21355-8_1,Introduction: The Blind-spot in Medicine,2019,
expert blind spot teaching own expertise,crossref,ok,1442345,10.5040/9781350162488.ch-027,Visuality | Discursivity,2021,
expert blind spot teaching own expertise,crossref,ok,1442345,10.51257/a-v1-c7011,Expertise et expert dans le cadre de la construction - Déroulement de l'expertise,2016,
expert blind spot teaching own expertise,crossref,ok,1442345,10.3102/00028312040004905,Expert Blind Spot Among Preservice Teachers,2003,"This study (N = 48) examined the relationship between preservice secondary teachers’ subject-matter expertise in mathematics and their judgments of students’ algebra problem-solving difficulty. As predicted by the “expert blind spot” hypothesis, participants with more advanced mathematics education, regardless of their program affiliation or teaching plans, were more likely to view symbolic reasoning and mastery of equations as a necessary prerequisite for word equations and story problem solving. This view is in contrast with students’ actual performance patterns. An examination across several subject areas, including mathematics, science, and language arts, suggests a common pattern. This article considers how teachers’ developmental views may influence classroom practice and professional development, and calls into question policies that seek to streamline the licensure process of new teachers on the basis of their subject-matter expertise."
expert blind spot teaching own expertise,crossref,ok,1442345,10.2307/jj.18377144.4,Blind Spot,2012,
expert blind spot teaching own expertise,crossref,ok,1442345,10.18546/lre.16.3.01,Teaching as a research-engaged profession: Uncovering a blind spot and revealing new possibilities,2018,
expert blind spot teaching own expertise,crossref,ok,1442345,10.51257/a-v1-c7012,Expertise et expert dans le cadre de la construction - Sur l'activité expertale,2016,
expert blind spot teaching own expertise,crossref,ok,1442345,10.1163/27730840-03502003,"Expertise, Expert Teaching and Experienced Teachers’ Knowledge of Learning Theory",2003,"Through the inception of the Chartered Teacher Programme in Scotland there is the intention that continuing professional development can enable teachers to become increasingly effective in promoting learning in the classroom (Scottish Executive, 2002a &amp; b). Whilst this seems a very laudable aim, it is nevertheless a very woolly aim since what is meant by learning (and its promotion) is not contextualised either in a body of literature or within any framework to link the many possible influences on learning in any coherent way. The implications of such a ‘non-located’ idea suggest that any conception of learning – from the lay person’s common sense ideas to the most theoretically rigorous - are equally valid within formal schooling: clearly a conclusion that one hopes would neither be intended by the teaching profession, nor by society at large. However, one of the most important influences on contemporary conceptions of learning comes from research on what experts know and how they think, in contrast to the ways novices approach new tasks and solve problems. This article examines conceptions of ‘expertise’ and through these and findings from a small-scale research study, discusses understandings of the ‘expert teacher’, concluding that for the Chartered Teacher Programme to be meaningful, provision must be made for the incorporation of constructivist theories of knowledge."
expert blind spot teaching own expertise,crossref,ok,1442345,10.1016/j.ambp.2008.03.022,21. Teaching Clinical Expertise to Pediatric Residents: Transforming Novice Residents to Expert Learners,2008,
expert blind spot teaching own expertise,crossref,ok,1442345,10.1017/9781316480748.032,Mathematical Expertise,,
expert blind spot teaching own expertise,crossref,ok,1442345,10.7551/mitpress/13711.003.0005,The Ascending Spiral of Abstraction: Scientific Origins of the Blind Spot,2024,
expert blind spot teaching own expertise,crossref,ok,1442345,10.1177/146879680600600407,Diversity’s Blind Spot or the Data’s Blind Spot?,2006,
expert blind spot teaching own expertise,crossref,ok,1442345,10.1515/9781438426907-002,Blind Spot,2012,
expert blind spot teaching own expertise,crossref,ok,1442345,10.1007/978-3-030-13012-1_2,Privilege as a Blind Spot to Understanding Struggle,2019,
expertise reversal effect instruction adapting to learner level,crossref,ok,4234089,10.1007/s10648-007-9054-3,Expertise Reversal Effect and Its Implications for Learner-Tailored Instruction,2007,
expertise reversal effect instruction adapting to learner level,crossref,ok,4234089,10.4324/9780203062692-22,Adapting Instruction to Learner Performance and Background Variables,2013,
expertise reversal effect instruction adapting to learner level,crossref,ok,4234089,10.1016/j.learninstruc.2025.102142,A cornerstone of adaptivity – A meta-analysis of the expertise reversal effect,2025,
expertise reversal effect instruction adapting to learner level,crossref,ok,4234089,10.22251/jlcci.2020.20.7.1299,An Alternative Perspective of Teaching Expertise: Adaptive Expertise,2020,
expertise reversal effect instruction adapting to learner level,crossref,ok,4234089,10.22251/jlcci.2023.23.23.267,The expertise of early childhood teachers and teacher-child interaction Mediating effect of play support efficacy,2023,"Objectives  The purpose of this study was to investigate the mediating effect of play support efficacy on the rela-tionship between early childhood educators' professionalism and teacher-child interaction.
Methods  To achieve this objective, surveys were distributed to 235 early childhood educators nationwide, who work with children aged 3 to 5. The collected data were analyzed using SPSS 25.0 and Process macro 4.0 to exam-ine causal relationships and mediating effects.
Results  The results of the study are as follows: Firstly, higher levels of professionalism among early childhood educators were associated with higher levels of teacher-child interaction. Additionally, increased play support ef-ficacy was correlated with elevated levels of teacher-child interaction. Secondly, a partial mediating effect of play support efficacy was observed in the relationship between early childhood educators' professionalism and teach-er-child interaction.
Conclusions  This study emphasizes the necessity for educators to put forth more effort to enhance the levels of professionalism, teacher-child interaction, and play support efficacy in the field of early childhood education."
expertise reversal effect instruction adapting to learner level,crossref,ok,4234089,10.4324/9781315192833-7,Adapting Instruction for the Learner,2017,
expertise reversal effect instruction adapting to learner level,crossref,ok,4234089,10.1016/j.learninstruc.2006.02.008,Encountering the expertise reversal effect with a computer-based environment on electrical circuit analysis,2006,
expertise reversal effect instruction adapting to learner level,crossref,ok,4234089,10.22251/jlcci.2023.23.23.721,An Instruction for Pre-Service English Teachers’ Assessing Expertise Development: Process-Based Assessment Approach,2023,"Objectives  Given the necessity and importance of improving the pre-service English teachers’ assessing ex-pertise, this study was to propose an instruction for improving their assessing expertise through process-based assessment, to conduct the instruction to them, and to examine their perceptions of it.
Methods  For this purpose, based on the literature on assessment theory and process-based assessment, an in-struction plan for improving assessing expertise through process-based assessment was devised. This was con-ducted on 20 pre-service English teachers at a university in Seoul in the second semester of 2022, and their per-ceptions of the instruction were analyzed through self-assessment, self-reflection reports, and a questionnaire survey.
Results  As for the instruction, six types of process-based assessing methods were used to organically link teach-ing, learning, and assessment throughout the semester, to manage the learner-centered class, and to provide them with individual feedback. As a result, the prospective English teachers were found to perceive that their as-sessing expertise was changed and developed in various aspects.
Conclusions  This study revealed that compared to the instruction through product-based assessment, focusing on paper-and-pencil tests, the suggested instruction was conducive to developing the prospective teachers’ knowledge, skills, and attitude toward the assessment field. Therefore, it was concluded that the instruction through process-based assessment could be a way to enhance prospective English teachers’ assessing ex-pertise and related research should continue to be conducted in the future."
expertise reversal effect instruction adapting to learner level,crossref,ok,4234089,10.22251/jlcci.2025.25.13.639,"The structural relationship among kindergarten teacher’s teaching efficacy, play expertise, and digital play support competency: Mediation effect of teachers’ grit",2025,"Objectives  The purpose of this study is to examine the relationship among early childhood teachers' teaching efficacy, play-based expertise, and digital play support competencies and to explore the mediating effect of grit.
Methods  The research subjects were 158 kindergarten teachers. The measurement instruments were used to examine teachers' teaching efficacy, play expertise, digital play support competency, and grit. For data analysis, correlation and regression analyses were conducted.
Results  The result of the study showed that, first, teachers' teaching efficacy has a positive effect on play expertise and play expertise has a positive effect on digital play support competency; second, teachers' teaching efficacy does not directly affect digital play support competency, but affects digital play support competency through the mediation effect of play expertise. Third, we examined whether the effect of teacher efficacy on digital play support competency through play expertise varies by teachers' grit and found no significant difference. Regardless of teachers' grit, the higher the teacher's teaching efficacy, the higher the play expertise, the more positive the effect on the ability to support digital play.
Conclusions  Therefore, this study suggests that in order to increase teachers' competence in supporting digital play, teacher education programs are needed that can increase teachers' teaching effectiveness and play expertise based on short- and long-term strategies that can foster teachers' personal variables."
expertise reversal effect instruction adapting to learner level,crossref,ok,4234089,10.22251/jlcci.2025.25.8.41,The Effect of Career-Beginner’s Adult Attachment on Adapting to Working Life: The Mediating Effects of Negative Affectivity and Interpersonal Problem,2025,"Objectives  This study aimed to confirm the mediating effects of negative affectivity and interpersonal problem in the effect of career-beginner’s adult attachment on adapting to working life
Methods  To this end, the purpose of the study was explained, and questionnaire data on adult attachment, negative affectivity, interpersonal problem, and adapting to working life were collected from August 23, 2024, for 389 career-beginners to the metropolitan area who voluntarily agreed to this. After data collection, descriptive statistics of major variables and correlation analysis between variables were conducted through SPSS 29.0 and AMOS 26.0, and the significance of indirect effects was verified by analyzing mediating effects through bootstrapping.
Results  The results of this study are as follows. First, the relationship between adult attachment, negative affectivity, and interpersonal problem showed positive correlation, and the three variables and adapting to working life showed negative correlation. Second, interpersonal problem was completely mediated in the relationship between anxiety attachment and adapting to working life. However, the mediating effect of negative affectivity was not confirmed. Third, the partial mediating effect of negative affectivity was confirmed in the relationship between avoidance attachment and adapting to working life, but the mediating effect of interpersonal problem was not confirmed. Fourth, the double mediating effect of negative affectivity and interpersonal problem in the relationship between adult attachment and adapting to working life was confirmed only in anxiety attachment, and it was found to be a complete mediating effect.
Conclusions  By confirming the relationship between adult attachment, adapting to working life, negative affectivity, and interpersonal problem, this study provided a theoretical basis that can help understand the career-beginners who have difficulty adapting to work and contribute to developing counseling methods or counseling programs for them."
expertise reversal effect instruction adapting to learner level,crossref,ok,4234089,10.22251/jlcci.2021.21.20.707,An Having an Effect of Public Kindergarten Teacher Recognizing Teacher Expertise on Teaching Flow as Mediating Teacher Efficacy,2021,
expertise reversal effect instruction adapting to learner level,crossref,ok,4234089,10.22251/jlcci.2022.22.22.1141,The Effect of Leisure Characteristics of Single-Person Households on Happiness Level: Focusing on the Mediating Effect of Leisure Satisfaction,2022,"Objectives  This study examines the mediating effect of leisure satisfaction in the relationship between leisure characteristics of single-person households on the level of happiness.
Methods  For this purpose, 4,330 single-person households were selected as research subjects using the 2020 National Leisure Activity Survey data. For data analysis, SPSS 25 statistical program was used. Descriptive statistical analysis was performed to determine the normality of the data, correlation analysis was performed to determine the correlation of major variables, and regression analysis was performed to determine the influence on happiness level.
Results  First, the happiness level of single-person households was affected in the order of leisure satisfaction, health, leisure perception, gender, hobbies and entertainment, income level, leisure expenses, leisure time, and age. Second, on leisure satisfaction of single-person households, there were significant effects in the order of leisure time, leisure perception, health, and leisure cost. Third. In the leisure characteristics of single-person households, the partial mediating effect of leisure satisfaction was examined in the relationship between health, leisure cost, and leisure perception on happiness level.
Conclusions  In order to increase the happiness level of single-person households, it is necessary to enhance leisure satisfaction, health, and leisure awareness. In addition, if the COVID-19 infectious disease weakens, it will be necessary to expand the scope of leisure activities, expand leisure expenses and leisure time, and build a leisure infrastructure for women and young people."
expertise reversal effect instruction adapting to learner level,crossref,ok,4234089,10.22251/jlcci.2024.24.7.41,The impact on Awareness of Children Coding Education of Preparing Young Children Teachers’ Self-esteem: the mediated effect of expertise awareness,2024,"Objectives The purposes of this study were to examine the mediated effect of expertise awareness in the impact on awareness of children coding education of preparing young children teachers’ self-esteem.
Methods The survey target were one hundred eighty-two university students in Jeollanam-do. Cronbach Coefficient was calculated to test reliability of the survey questionnaires for the collected data, and Pearson's Ratio Correlation Analysis was applied to perceive the relationship between preparing young children teachers’ self-esteem, expertise awareness, and awareness of children coding education. The third state of mediating effect analysis from Baron and Kenny (1986) was implemented to examine the mediated effect of expertise awareness in the impact on awareness of children coding education of preparing young children teachers.
Results First, there was significant correlation in between preparing young children teachers’ self-esteem and awareness of children coding education. Second, there was a significant correlation between their expertise awareness and awareness of children coding education. Third, the mediated effect of expertise awareness is showed in the impact on awareness of children coding education of preparing young chkldren teachers’ self-esteem. As the results of analysis by sub-factor, a complete mediated effect of expertise awareness was appeared in necessity recognition and class operation recognition. Self-estem was not significantly predicted for study content recognition, and self-esteem and expertise awareness made static perception in the educational environment recognition while the mediated effect was not significant.
Conclusions This study would be used as basic data for expanding awareness of children coding education for preparing young children teachers and developing early childhood education curriculum for theoretical learning."
expertise reversal effect instruction adapting to learner level,crossref,ok,4234089,10.1016/j.learninstruc.2021.101457,Prerequisite knowledge and time of testing in learning with animations and static pictures: Evidence for the expertise reversal effect,2021,
expertise reversal effect instruction adapting to learner level,crossref,ok,4234089,10.22251/jlcci.2024.24.20.419,The mediating effect of career maturity in the effect of perceived career barrier of college student on career decision level,2024,"Objectives  The purpose of this study was to verify the structural relationship between college students' perceived career barriers, career maturity, and career decision level, and the mediating effect of career maturity on the im-pact of perceived career barriers on career decision level.
Methods  For this purpose, 358 college students nationwide were selected as research subjects. A survey was conducted with the independent variables of perceived career barriers, mediating variables of career maturity, and career decision level selected as dependent variables. And the collected data were subjected to reliability ver-ification, descriptive statistics, correlation analysis, confirmatory factor analysis, path analysis, and bootstrap ver-ification using SPSS 26.0 &amp; AMOS 18.0 programs to derive research results.
Results  The relationship between perceived career barriers, career decision level, and career maturity was found to be appropriate, and perceived career barriers and career maturity were found to be important variables in career decision level. In addition, career maturity was found to have a direct and indirect effect in the impact of psycho-logical career barriers on the career decision level, and career maturity was found to have an indirect effect in the impact of environmental career barriers on the career decision level.
Conclusions  The conclusions of this study are as follows. First, it was confirmed that career maturity plays a medi-ating variable in the impact of college students' perceived career barriers on their career decision level. Second, the validity of this study was supported by the need to examine the concepts separately rather than integrating career barriers to explore career decision levels. Third,It is expected that college students experiencing perceived career barriers will be able to use it as basic data to understand the level of career decision by exploring the path of career planning and selection for each task."
expertise reversal effect instruction adapting to learner level,crossref,ok,4234089,10.22251/jlcci.2024.24.2.555,The impact of Koreans' income level and evaluation of one’s lives on overall happiness: Verification of the mediation effect moderated by stress level,2024,"Objectives  This study aimed to explore the mechanisms linking income and happiness, focusing on how Korean individuals' self-evaluation of their lives and stress levels influence this relationship among various other variables.
Methods  To this end, we used the 2022 data from the National Assembly Future Research Institute's ‘Korean Happiness Survey’ to determine how stress regulates the impact of income level and life evaluation on happiness, and 12,998 people were surveyed, excluding those without personal income. The moderated mediation model was verified using the responses.
Results  As a result, first, the suitability of the measurement model was verified, and all direct effects between latent variables were found to be significant. Second, in the relationship between Koreans' income level and overall happiness, we confirmed through a conditional indirect effect test whether the indirect effect of life evaluation is moderated by stress. As a result, the conditional indirect effect was found to be significant regardless of the stress level.
Conclusions  Discussions and implications were described based on the results of this study, and suggestions for follow-up research were made."
expertise reversal effect instruction adapting to learner level,crossref,ok,4234089,10.1111/bjep.12547,Expertise reversal effect in a pen‐tablet‐based learning environment: The role of learningcentered emotions in the interplay between learner expertise and task complexity,2022,"Abstract
                  The study investigated interactions between learner expertise and task complexity evaluated from both cognitive and affective perspectives. One hundred and seventy‐three students, both novices and advanced learners, were asked to learn Japanese writing in a pen‐tablet‐based digital learning environment with varying task complexity levels. Cognitive load and learning‐centred emotions were measured at intervals during learning, while writing performance was monitored by runtime tracking. Results indicated that while advanced learners performed better than novices across the range of task complexity, the moderate task complexity was shown to be superior in enhancing performance for both levels of expertise. Results for learning‐centred emotions showed that advanced learners reported lower enjoyment and higher frustration when completing the low complexity task, whereas the moderately complex task was reported to be the most enjoyable and less frustrating for these learners. No significant difference in emotions was found across levels of task complexity for novices. Finally, a constructed composite indicator of cognitive‐affective efficiency of instructional conditions showed a significant interaction between levels of learner expertise and task complexity primarily caused by affective factors."
expertise reversal effect instruction adapting to learner level,crossref,ok,4234089,10.22251/jlcci.2021.21.20.821,The Mediating Effect of Teacher Expertise in the Relationship between Early Childhood Teachers' Teaching Efficacy and Teacher-child Interaction,2021,
expertise reversal effect instruction adapting to learner level,crossref,ok,4234089,10.22251/jlcci.2024.24.6.393,Aspects of Vietnamese female marriage immigrants adapting to Korean food culture: Based on Berry's cultural adaptation theory,2024,"Objectives The purpose of this study is to apply Berry's acculturation theory to investigate the aspects of adaptation to the food culture of Vietnamese female marriage immigrants living in Korea, classify them into various adaptation types, and identify changes according to the period of residence.
Methods This study targeted Vietnamese female marriage immigrants living in Incheon City. Participants were recruited by dividing them into three groups according to their residence period: less than 3 months, more than 3 years, and more than 6 years. Based on Berry's acculturation theory, a questionnaire was developed to understand the food culture adaptation process of Vietnamese female marriage immigrants. Afterwards, in-depth interviews were conducted individually with the participants to understand in detail their experiences and feelings about adapting to the food culture.
Results As a result of analyzing the aspects of Vietnamese female marriage immigrants' adaptation to food culture in Korea using Berry's acculturation theory, the change in food culture adaptation according to the period of residence successfully adapts through stages from initial rejection to intermediate integration and final assimilation. The result was derived. The group of residents who lived for less than 3 months faced language difficulties and cultural adaptation challenges, while the group who lived for more than 3 years faced new food diversity and difficulties with language communication. Additionally, the group of residents living for more than 6 years confirmed the need to overcome language difficulties and adapt to healthy food choices, spicy food, and delivery culture.
Conclusions Based on these results, various policy support was proposed, taking into account the areas that require response depending on the period of residence."
expertise reversal effect instruction adapting to learner level,crossref,ok,4234089,10.22251/jlcci.2023.23.19.929,Effect of parents’ career support behavior on the achievement motivation and career decision-making level of adolescents from multicultural families,2023,"Objectives  The purposes of this study were to analyze for adolescents among children of multicultural families, this study examined how the career support behaviors of parents from multicultural families affect their children's career decision level.
Methods  A structural equation model was established based on the relationship between parent-perceived ca-reer support, child-perceived career support, child-perceived career interference, child achievement motivation, and child career decision-making using multicultural youth panel data from the Korea Youth Policy Institute.
Results  The higher the level of career support of parents of multicultural families, the higher the achievement motivation of their children. According to gender, male children were found to be more aware of their parents' ca-reer support than female children. The higher the urban area and household income, the more parents perceived themselves to provide career support for their children. It was recognized that the higher the educational level of multicultural parents and the younger they were, the more career support they gave to their children, and the same was true for their children. Even if the level of career support for their children, perceived by parents, in-creased, it did not directly increase their children's career decision-making. Between the level of career support perceived by parents and their children's career decision-making, children's achievement motivation had a partial mediating effect.
Conclusions  In multicultural family parent education, father education should be strengthened, and at the same time, education on career guidance should be implemented. Career education considering the characteristics of multicultural families is necessary. Parents of multicultural families need to raise awareness of the importance of being involved in career decision-making for their children. There is a need for career education for youth from multicultural families appropriate to the times. It is necessary to additionally explore how internal characteristics such as parents' psychological characteristics and values affect their children's career perception."
expertise reversal effect instruction adapting to learner level,crossref,ok,4234089,10.22251/jlcci.2022.22.7.53,The Impact on Teaching Competency of the Prospective Young Children Teachers' Self-Esteem: Focused on the Mediated Effect of Expertise Awareness,2022,
expertise reversal effect instruction adapting to learner level,crossref,ok,4234089,10.22251/jlcci.2024.24.8.371,Mediating Effect of Career Decision Making Self-Efficacy in the Relation between Career Exploration Behavior and Career Decision Level among University Students,2024,"Objectives The purpose of this study was to examine the mediating effect of career decision making self-efficacy in the relation between career exploration behavior and career decision level among university students.
Methods The participants were chosen from 197 university students of capital area in Korea and they received questionnaires to measure their career decision making self-efficacy, career exploration behavior and career decision level. Data were analyzed using the SPSS 22.0 statistical program and SPSS PROCESS Macro Model 4.
Results Link between career exploration behavior and career decision level was fully mediated by career decision making self-efficacy.
Conclusions First, the more students explore about themselves and environment, the more confident they become in career decision making. Second, in order to promote career decision level, it is necessary to prepare career exploration programs that can improve the career decision making self-efficacy. The implication and limitation of this study were discussed."
expertise reversal effect instruction adapting to learner level,crossref,ok,4234089,10.22251/jlcci.2023.23.17.699,Mediating Effect of Career Calling on the Relationship between Career Decision Level and Career Preparation Behavior of College Students,2023,"Objectives The purpose of this study was to explore the relationship among career decision level, career calling, and career preparation behavior. The present study thus examined the impact of career calling on the relationship between career decision level and career preparation behavior of Korean college students.
Methods For this aim, 283 Korean college students participated in this study and their career decision levels, career calling, and career preparation behavior were measured. Uni-variate, bivariate, and hierarchical multivariate analysis were conducted. Baron and Kenny(1986)’s mediation test procedure and Sobel test were used to analyze the data.
Results As results, there was a significant and positive relationship between career decision level, career calling and career preparation behavior. This means higher career decision level would be able to lead higher levels of career preparation behavior and career calling. In addition, when demographic variables, age, gender, grade, major field were controlled, we found the mediational effect of career calling on the relationship between career decision level and career preparation behavior.
Conclusions We offered implications that to lead the higher levels of career preparation behavior of college students, it would be important to focus on increasing their levels of career calling."
expertise reversal effect instruction adapting to learner level,crossref,ok,4234089,10.22251/jlcci.2021.21.14.301,The mediating effect of teacher expertise on the teaching efficacy of early childhood teachers and their interaction with young child,2021,
expertise reversal effect instruction adapting to learner level,crossref,ok,4234089,10.22251/jlcci.2023.23.24.125,The Influence of Self-Differentiation on Adjustment to college Life: Moderated Mediation Effect of Career Decision-Making Level through Career Preparation Behavior,2023,"Objectives This study sought to test the moderated mediating effect by examining whether career decision-making level (CDM) plays a mediating role in the effect of self-differentiation on adjustment to college Life and whether career preparation behavior(CPB) plays a controlling role in the relationship between self-differentiation and CDM.
Methods In order to do so, a questionnaire was distributed to male and female college students nationwide through an online survey company. A total of 351 questionnaires were analyzed and the collected data were analyzed by using SPSS 22.0 and Process Macro v4.1. First, we investigated whether CDM plays a mediating role in the relationship between college students' self-differentiation and adjustment to college Life. Next, we investigated whether CPB plays a moderating role among the three variables. Finally, the moderated mediating effect of CDM through CPB was tested.
Results The results showed that self-differentiation, CDM, CPB, and adjustment to college Life were all positively correlated. However, the relationship between self-differentiation and CPB was not statistically significant. Self-differentiation was found to have a positive effect on adjustment to college Life through CDM, and the effect was significant even after controlling for the mediating variable. CPB was found to be a moderating factor in the relationship between self-differentiation and CDM. Finally, the interaction between self-differentiation and CPB was found to have a significant effect on CDM, and CDM was found to have a significant effect on adjustment to college Life.
Conclusions Based on the results of this study, the implications, limitations, and suggestions for future research are presented."
expertise reversal effect instruction adapting to learner level,crossref,ok,4234089,10.22251/jlcci.2019.19.19.1153,Validation of the Korean-Employee Expertise Development Scale(K-EEDS),2019,
expertise reversal effect instruction adapting to learner level,crossref,ok,4234089,10.22251/jlcci.2023.23.20.999,Right to education from a civic education perspective: From an object of teaching rights protection to a subject of educational expertise,2023,"Objectives  The purpose of this study is to discuss the legal nature of teaching rights based on educational ex-pertise and to discuss ways to restore teaching rights from a civic education perspective.
Methods  For this purpose, reviewed the legislative status of education-related laws to protect teaching rights and analyzed their limitations. Regarding its limitations, the question was raised, ‘Is teaching authority an object of protection?’ In addition, teaching authority was reviewed from the perspective of educational expertise.
Results  As a result, the recent legislation to protect teaching rights was seen as a passive legislation that strengthens the responsibilities and obligations of students and parents, rather than a legislative measure to strengthen the legal status or authority of teachers.
Conclusions  Accordingly, from the perspective of civic education, this article strengthens the authority and au-thority of teachers from objects of protection to subjects of educational expertise, and emphasizes the establish-ment of a democratic and human rights-friendly school culture."
expertise reversal effect instruction adapting to learner level,crossref,ok,4234089,10.22251/jlcci.2024.24.23.131,The Relationship Between Counselor Developmental Level and Homophobia: The Moderating Effect of Self-Reflection,2024,"Objectives  The purpose of this study is to examine the moderating effect of self-reflection on the relationship between counselor developmental level and homophobia.
Methods  Through the association's website and online community of counselors, data were collected by conducting an online survey on the level of counseling development, self-reflection, and homosexuality fear for counselors who currently hold counseling-related certificates and work in the field. The collected data were analyzed using SPSS 21.0 for descriptive statistics, correlation analysis, and hierarchical regression analysis.
Results  The analysis revealed that the counselor developmental level had a positive correlation with self-reflection and a negative correlation with homophobia. There was also a statistically significant negative correlation between self-reflection and homophobia. Additionally, it was confirmed that self-reflection has a moderating effect on the relationship between counselor developmental level and homophobia.
Conclusions  Based on the confirmed relationships among counselor developmental level, self-reflection, and homophobia, the study discusses the necessary education and training for counselors to effectively conduct counseling on issues related to homosexuality."
expertise reversal effect instruction adapting to learner level,crossref,ok,4234089,10.22251/jlcci.2019.19.9.99,The effect of career self-efficacy and career resilience on career identity and career decision level,2019,
expertise reversal effect instruction adapting to learner level,crossref,ok,4234089,10.22251/jlcci.2025.25.4.865,Experience in Program Management for the Development of Physical Education Teaching Expertise of Pre-service Special Education Teachers,2025,"Objectives  The purpose of this study was to specifically suggest what are the main subjects of worries and worries experienced in the process of operating a physical education teaching professionalism program, how to solve the major concerns and worries experienced in the process of performance, and what kind of educational experts grow as a teacher educator who teaches preservice special education teachers.
Methods  For this purpose, the self-research method was used to present educational experiences related to the development, application process, and growth of the physical education teaching professionalism program, and data were collected through self-reflection sheets and syllabuses recorded by the researchers themselves. The collected data were analyzed using the area analysis and classification analysis proposed by Spradley(1979).
Results  The main subjects of worry and concern about the program for the development of physical education teaching professionalism of pre-service special education teachers were the gap between belief and reality, and the coordination of program variation. In addition, after developing the physical education teaching professionalism program, it was possible to double the possibility of practicing physical education teaching professionalism in order to solve the difficulties and confusion that arise in the application process by means of ‘resignation and strategic adaptation’ and ‘compromise and compromise within identity’. In addition, as a research participant and participant, he was able to be reborn as a teacher educator called ‘reflective practitioner: insight and practical horizon expansion’, ‘customized content pedagogical knowledge expansion: dualism of immersion and learning’.
Conclusions  By modifying the practical behaviors revealed in the development and application of the physical education teaching professionalism program and the strategic thinking that leads to such practical behaviors, it was possible to cultivate the capacity as a practical expert to improve the overall problems of reality. In order to develop professionalism in physical education, it is necessary to have mutual interaction with common culture rather than one-sided and biased process. In order to make a real change in education, it is necessary for learners to have a willingness to practice and passion to pursue learning. In addition to such personal beliefs, it is confirmed that cooperative assistance with experts and the process of inquiry can lead to a real change pursued by education."
expertise reversal effect instruction adapting to learner level,crossref,ok,4234089,10.22251/jlcci.2018.18.21.737,The Effect of Monetary Rewards on Intrinsic Motivation according to Level of Performance Standard,2018,
expertise reversal effect instruction adapting to learner level,crossref,ok,4234089,10.22251/jlcci.2021.21.5.627,The fluctuation of the income effect removed private education expenditure by school level and province,2021,
expertise reversal effect instruction adapting to learner level,crossref,ok,4234089,10.22251/jlcci.2025.25.12.877,"The Relationship between Attachment Pattern, Self-Esteem Level and Stability, and Relationship Perception Level and Stability in Heterosexual Couples",2025,"Objectives The purpose of this study was to explore the relationship between attachment pattern, self-esteem level and stability, and relationship perception level and stablity in a couple dyad.
Methods A total of 35 couples completed a daily survey including the self-esteem scale and relationship percep tion sacle for 7 consecutive days. Responses were analyzed via two purposes: 1) relationship between the varia bles on an individual level separated by gender, 2) moderation effect of attachment pattern and gender, 3) APIM (Actor-Partner Interdependece Model) analysis.
Results Results indicated that self-esteem level is most associated with self-esteem instability, relationship sat isfaction level, and relationship commitment level. For male participants, as self-esteem instability increased, the relationship commitment instability increased. For female participants with secure attachment pattern, the effect of self-esteem level on relationship satisfaction level was most prominent. However, APIM analysis did not show notable outcomes.
Conclusions This study adds to the previous literature that not only the level of self-esteem and relationship per ception is important, but the stability of how one perceives one’s self and the other is also a critical aspect to be more examined for."
expertise reversal effect instruction adapting to learner level,crossref,ok,4234089,10.22251/jlcci.2017.17.2.53,A process-based program for developing pre-service English teachers’ teaching expertise,2017,
expertise reversal effect instruction adapting to learner level,crossref,ok,4234089,10.22251/jlcci.2022.22.5.445,The Mediating Effect of Teacher Expertise in the Relationship between Early Childhood Teachers' Teaching Creativity and Job Perfomance Efficacy,2022,
expertise reversal effect instruction adapting to learner level,crossref,ok,4234089,10.22251/jlcci.2023.23.10.767,The Effects of Korean Language Level on Cultural Adaptation Stress of Marriage Migrant Women: Focusing on the Mediating Effect of Self-Esteem and the Moderating Effect of Discrimination Experience,2023,"Objectives  The purpose of this study is to verify the mediating effect of self-esteem and the moderating effect of discrimination experiences in the relationship between the effect of Korean language level on cultural adaptation stress of marriage migrant women. Methods  2,249 married migrant women were selected as research material using data from the 2021 multicultural youth panel survey. And SPSS 26.0 program was used to analyze the data. Through this, descriptive statistical analysis was conducted to determine the normality of data. And, association analysis was conducted to analyze the relationship between major variables. In addition, regression analysis was conducted to verify the mediating effect of self-esteem and the moderating effect of discrimination experience. Results  First, if the Korean language level of marriage migrant women is low, the cultural adaptation stress increases. Second, a partial mediating effect was verified that cultural adaptation stress is low if self-esteem is high in the relationship between the effect of the Korean level of married immigrant women on cultural adaptation stress. Third, the moderating effect that cultural adaptation stress is alleviated when there is no discrimination experience was verified in the relationship between the effect of the Korean language level of marriage migrant women on cultural adaptation stress.  Conclusions  This study showed that the Korean language level and self-esteem should be increased and the discrimination experience should be reduced in order to lower the cultural adaptation stress of marriage migrant women. To this end, various educational programs that can reduce the cultural adaptation stress of marriage migrant women were developed to suggest ways to reduce the cultural adaptation stress of marriage migrant women."
expertise reversal effect instruction adapting to learner level,crossref,ok,4234089,10.1007/978-1-4419-1428-6_4067,Expertise Reversal Effect,2012,
expertise reversal effect instruction adapting to learner level,crossref,ok,4234089,10.22251/jlcci.2022.22.12.411,A Validation of Process-based Assessement Scale for Middle School Teachers' Expertise,2022,"Objectives  The purpose of this study is to develop and validate a Process-based Assessement Scale for meddle school teachers' expertise to enhance the assessment competencey.
Methods  The preliminary version of the scale which was developed based on a theoretically grounded definition of teacher’s evaluation expertise and Process-based Assessment was refined and revised through focus group interview with middle school teachers and experts in the field of educational measurement and evaluation. A pilot test was conducted on samples of 315 middle school teachers to perform Rasch item fit, category probability curve, item difficulty, exploratory factor analysis, and confirmatory factor analysis. For statistical programs Jmetrik, AMOS 22.0, SPSS 26.0 were used.
Results  The result supporting the model fit, construct, discriminant validity of the 5 factors. And the item fit, categorical probability curve, and item difficulty on the five-point scale were also acceptable. Consequently, 16 items were derived with 5 factors: ‘understanding Process-based Assessment’, ‘establishment of Process-based Assessment plan’, ‘development of Process-based Assessment tool’, ‘execution of Process-based Assessment’, and ‘sharing and utilization of Process-based Assessment results’.
Conclusions  We discussed the academic and practical significance of this study in the aspect of the diffusion and substantialization of the policy, especially, as a tool for measuring educational performance outcomes following the operation of the Process-based Assessment. It is expected that the developed scale will be used to supplement the shortcomings of middle school teachers by identifying the elements necessary for them to have Process-based Assessment expertise."
expertise reversal effect instruction adapting to learner level,crossref,ok,4234089,10.22251/jlcci.2023.23.12.215,Mediating Effect of Self-acceptance on the Relationship between Parents' Psychological Control and Career Decision Level in college students,2023,"Objectives The purpose of this study is to explore the mediating effect of self-acceptance in the relationship between the psychological control of parents and the level of career decision in college students.
Methods For this study, 411 copies of data collected from university students in five regions through a self-report questionnaire were analyzed using statistical programs PASW Statistics 18.0 and AMOS 18.0. The specific procedure to achieve the purpose of this study is: first, the level of each variable was identified through frequency analysis, and then whether there was a significant difference in each variable according to general characteristics was identified through t-test and ANOVA verification. Second, after conducting the correlation analysis with this variable, a partial mediation model and a full mediation model were established, and the level of the mediation effect was identified through the X2 test. Third, the goodness of fit of the model and the path coefficient between variables were calculated through the AMOS program, and the Sobel-test was conducted to verify the mediating effect.
Results The results of the analysis are as follows. First, the level of parents' psychological control, self-acceptance, and career decision showed significant differences according to gender, major, and university type. The level of female students and junior college students was high in all three variables, and the level of parents' psychological control toward science students was high, but the level of self-acceptance and career decision was higher in liberal arts students. Also, the level of self-acceptance and career decision of students living separately from their parents was the lowest, and the highest level of career decision in the first grade decreased as it progressed from the second grade to the third grade, and then increased again in the fourth grade. Second, Parents' psychological control had a negative effect on the level of self-acceptance and career decision, and the level of self-acceptance had a positive effect on the level of career decision. Third, for college students, self-acceptance showed a complete mediating effect in the relationship between parents' psychological control and career decision level.
Conclusions The results of this study are significant in providing extensive basic data that can effectively improve the career decision level of college students. Therefore, it will be able to contribute to finding and presenting the direction of career education, guidance, and career counseling programs for college students."
expertise reversal effect instruction adapting to learner level,crossref,ok,4234089,10.22251/jlcci.2023.23.18.945,Effect on the Relationship between Hair Knowledge level and Hair NCS Module Proficiency and Job Performance Ability,2023,"Objectives The purpose of this study is to analyze the effect of hairdressers' hair knowledge level and hair NCS module proficiency on job performance.
Methods A survey was conducted among 203 hairdressers. The sub-factors of the hair knowledge level were composed of service knowledge, theoretical knowledge, and technical knowledge, and the sub-factors of hair NCS module proficiency were composed of hygiene business management, practical skills management, and beauty customer management, and the validity of the factors was tested for NCS module proficiency and job performance, and the relationship between the factors was analyzed.
Results Practical-oriented education was highly efficient when applied to the field, and the acquisition of theoretical knowledge applicable to the field was insufficient, and NCS education was useful for preparing for the certification exam, and it helped to improve the ability to apply beauty technology, and there was a disadvantage that it could not keep up with the change in trend. Among the hair knowledge levels, the level of service knowledge was high, and theoretical and technical knowledge was perceived as high if they were in their 30s, college education, 3-6 years of experience, and professional hairdressers, and theoretical and technical knowledge were perceived as low if they were high school, less than 1 year of experience, and interns. Hygiene management was the lowest among NCS module proficiency, and those in their 30s, graduate school, 7 years or more of experience, and professional cosmetologists were highly recognized for practical technical management and hygiene career management. In the case of people in their 40s with a lot of cosmetology experience, more than 7 years of experience, and directors, job performance affected job performance in the order of technical knowledge, among which technical knowledge had a positive (+) effect and theoretical knowledge had a negative (-) effect.
Conclusions Hair NCS module proficiency and job performance were higher with higher education and experience, and in the hair salon field, technical knowledge had a more positive effect on job performance than theoretical knowledge. Therefore, it will be necessary to supplement the theoretical knowledge required in the field and add educational programs such as technical knowledge and hygiene management to improve job performance."
expertise reversal effect instruction adapting to learner level,crossref,ok,4234089,10.22251/jlcci.2023.23.16.249,A Study on the Development of R&amp;D Planning Expertise as Processing Reality,2023,"Objectives  The purposes of this study were to identify the components of expertise as a processing reality through the exploration of arete's meaning and to derive a plan to develop R&amp;D planning expertise as a processing reality through redefining the R&amp;D planning process based on the Nonaka's SECI model.
Methods  To this end, this study conducted theoretical research focusing on previous studies. The meaning of arete was explored centering on Aristotle's ｢Nikomakos Ethics｣, and the specific meaning of the SECI model was explored focusing on Nonaka's ｢Creative Routine｣. Based on the analysis, it was intended to present a plan to develop R&amp;D planning expertise that can be practiced in the field.
Results  As a result, in light of Aristotle's concept of arete, this expertise shows that it is an “ideal state” that experts should aim for and a “becoming” that constantly strives to reach it. In that arete is a tendency or habit acquired through will, expertise is a dynamic process of change that an individual steadily accumulates over a long period of time. And it was suggested that the process was a win-win process of benefiting oneself and others. Finally, based on Nonaka's SECI model, we presented how expertise is created dynamically in the R&amp;D planning process.
Conclusions  Therefore, in order to develop R&amp;D planning expertise as a processing reality, expertise should be converted to a method of benefiting oneself and others that develops at the social level, such as expertise identified as arete, rather than a method of benefiting selfish and exclusive that develops at the personal level. The concept of expertise identified as arete should be an important purpose in developing R&amp;D planning expertise, and intentional efforts are needed in the R&amp;D planning process to recognize expertise components and accumulate and dissipate them in the field."
expertise reversal effect instruction adapting to learner level,crossref,ok,4234089,10.22251/jlcci.2025.25.8.711,Potential of Applying AIDT in Mathematics Education for Every Learner: A Perspective from Elementary School Teachers with Expertise in Digital Education,2025,"Objectives  This study explores the potential use of AIDT in mathematics education from the perspective of elementary school teachers with expertise in digital education. It also examines application strategies for supporting students with difficulties, including those with special educational needs(SEN), and seeks future development directions.
Methods  An exploratory case study was carried out, involving semi-structured interviews with five teachers who have experience using AI courseware and AIDT. The collected data were categorized into 27 codes across seven subjects.
Results  Although teachers showed differences in the application strategies, scope, and extent of AIDT, they recognized its broad applicability across various areas of mathematics and its potential for supporting students with difficulties in learning including a collaborative approach with other teachers and parents.
Conclusions  Based on teachers' instructional expertise, AIDT should be used as a “tool” to effectively support teaching by recognizing the limitations of information provided by AI and flexibly applying it according to students' age, cognitive resources, and educational needs."
expertise reversal effect instruction adapting to learner level,crossref,ok,4234089,10.22251/jlcci.2024.24.20.45,The impact on Play Teaching Efficacy of Early Childhood Teachers' Self-Esteem and Expertise Awareness,2024,"Objectives  The purpose of this study was to analyze the impact on play teaching efficacy of early childhood teach-ers’ self-esteem and expertise awareness.
Methods  The survey target was one hundred twenty-nine early childhood teachers in Seoul and Gyeonggi-do. Cronbach Coefficient was calculated to test reliability of the survey questionnaires for the collected data, and Pearson’s Ratio Correlation Analysis was applied to perceive the relationship among early childhood teachers’ self-esteem, expertise awareness, and play teaching efficacy. Multiple Regression Analysis implemented to see the impact on play teaching efficacy of early childhood teachers’ self-esteem and expertise awareness.
Results  First, there was significant static correlation in between early childhood teachers’ self-esteem and ex-pertise awareness. Second, only the teachers’ expertise awareness showed as the meaningful static predictor in the impact on play teaching efficacy of early childhood teachers’ self-esteem and expertise awareness. These re-sults mean that the play teaching efficacy is proportional to the level of expertise awareness. Upon analyzing sub-factors, the self-esteem and expertise awareness, and the only expertise awareness are presented as the significant predictors of the play teaching efficacy and the expectation about play teaching result respectively.
Conclusions  This study would provide a basic data to develop the program for enhancing early childhood teachers’ play teaching efficacy."
expertise reversal effect instruction adapting to learner level,crossref,ok,4234089,10.22251/jlcci.2024.24.21.275,A comparative study on the expertise of infant and toddler teachers expected by parents in Korea and the United States,2024,"Objectives  This study compares two different parent groups' perspectives on ECEC (Early Childhood Education and Care) educator professionalism. As a result, this study provides insights into the policy making process, teacher preparation curriculum, and certification process in the ECEC field.
Methods  A semi-structed one-to-one interview was conducted with Korean parents and Korean/Korean-American parents. All collected data were carefully categorized and coded. For trustworthiness, triangulation and member checks were chosen.
Results  Parents in South Korea expect professionalism from ECEC educators: Teachers who co-parent on behalf of parents, Teachers who serve children with sincerity, and Teachers who have licenses for kindergartens and childcare centers. Parents in the U.S.A expect professionalism from ECEC educators: Teachers who co-parent alongside parents, teachers who have a warm heart, and teachers who have majored in ECEC relevant fields or been certified for teaching specialized program. As a final point, both parent groups view veteran teachers as professionals due to their presence of mind and long experiences.
Conclusions  The study reveals that two groups of parents in different countries view ECEC educators' professionalism differently. The professionalism of ECEC educators needs to be investigated from different angles and with the voices of stakeholders included. Furthermore, to improve the professionalism of ECEC educators, not only reforming the teacher preparation curriculum and the certification process but also ongoing policy support is necessary."
expertise reversal effect instruction adapting to learner level,crossref,ok,4234089,10.22251/jlcci.2016.16.11.731,"A Study on Testing Effect According to Academic Achievement Level: Memory, Competence, Motivation and Emotion",2016,
expertise reversal effect instruction adapting to learner level,crossref,ok,4234089,10.22251/jlcci.2022.22.12.420,A Validation of Process-based Assessement Scale for Middle School Teachers' Expertise,2022,"Objectives  The purpose of this study is to develop and validate a Process-based Assessement Scale for meddle school teachers' expertise to enhance the assessment competencey.
Methods  The preliminary version of the scale which was developed based on a theoretically grounded definition of teacher’s evaluation expertise and Process-based Assessment was refined and revised through focus group interview with middle school teachers and experts in the field of educational measurement and evaluation. A pilot test was conducted on samples of 315 middle school teachers to perform Rasch item fit, category probability curve, item difficulty, exploratory factor analysis, and confirmatory factor analysis. For statistical programs Jmetrik, AMOS 22.0, SPSS 26.0 were used.
Results  The result supporting the model fit, construct, discriminant validity of the 5 factors. And the item fit, categorical probability curve, and item difficulty on the five-point scale were also acceptable. Consequently, 16 items were derived with 5 factors: ‘understanding Process-based Assessment’, ‘establishment of Process-based Assessment plan’, ‘development of Process-based Assessment tool’, ‘execution of Process-based Assessment’, and ‘sharing and utilization of Process-based Assessment results’.
Conclusions  We discussed the academic and practical significance of this study in the aspect of the diffusion and substantialization of the policy, especially, as a tool for measuring educational performance outcomes following the operation of the Process-based Assessment. It is expected that the developed scale will be used to supplement the shortcomings of middle school teachers by identifying the elements necessary for them to have Process-based Assessment expertise."
expertise reversal effect instruction adapting to learner level,crossref,ok,4234089,10.22251/jlcci.2025.25.11.411,"The relationship among pre-service early childhood teacher’s play expertise, AI literacy, and AI-enabled play support competence",2025,"Objectives  The purpose of this study is to explore the relationship between pre-service early childhood teachers' play expertise, AI literacy, and AI-enabled play support competence. 
Methods  The subjects of the study were 187 pre-service early childhood teachers studying in young children-related majors at universities located in the Seoul metropolitan area. The measurement tools were play expertise, AI literacy, and AI-enabled play support competence, and descriptive statistics, Pearson correlation analysis, and stepwise multiple regression analysis were conducted using SPSS 27.0.
Results  The results of the study showed that, first, pre-service early childhood teachers' play expertise is significantly and positively related to their AI literacy and AI-enabled play support competence. Second, AI literacy of pre-service early childhood teachers is a static predictor of play expertise, and among the subfactors of AI literacy, AI play and teaching support is the most influential static predictor, and AI understanding is also a static predictor. Third, understanding of AI-enabled play, a subfactor of AI-enabled play support competence, was found to be a static predictor of pre-service early childhood teachers' play expertise.
Conclusions  Therefore, this study helped teacher educators in higher education institutions understand the importance of play expertise for preparing pre-service early childhood teachers to perform the educationally meaningful AI education with young children, and proposed the development of a pre-service teacher education program that can foster AI literacy and AI-enabled play support competence to enhance pre-service early childhood teacher's play expertise."
expertise reversal effect instruction adapting to learner level,crossref,ok,4234089,10.22251/jlcci.2023.23.24.401,"The Impact of Early Childood Teachers’ Grit, Emotional Labor, and Teacher Expertise on Play Support Capabilities",2023,"Objectives The purpose of this study was to examine the relationship between grit, emotional labor, teacher expertise, and play support capabilities of early childood teachers, and to examine the relative influence of grit, emotional labor, and teacher expertise on play support capabilities.
Methods This study was conducted from January 25 to February 3, 2023 using a structured questionnaire targeting 371 early childood teachers working at kindergartens and daycare centers in Gyeonggi-do. Data processing included frequency analysis, reliability analysis, descriptive statistics, correlation analysis, and multiple regression analysis using the statistical program SPSS 25.0.
Results The results of this study show that, firstly, early childood teachers grit and professionalism were significantly positively correlated with play support capabilities, and emotional labor was found to be significantly negatively correlated with play support capabilities. Second, as a result of examining the relative influence of variables on the overall play support capabilities of early childood teachers, teacher expertise was found to have the greatest positive influence, followed by grit and emotional labor. While grit had a positive influence, emotional labor was found to have the greatest positive influence. was found to have a negative effect. In addition, the relative influence of variables by sub-factor of play support capabilities was found to have the greatest impact on practical capabilities, followed by cognitive and affective capabilities.
Conclusions Through this study, grit, emotional labor, and teacher expertise were found to be variables that significantly predicted play support capabilities, among them, teacher expertise was the most influential factor, and teacher expertise and grit had a positive effect and emotional labor had a negative effect. Therefore, the need to provide various support and policies to improve teacher expertise and grit and reduce emotional labor was presented as a point of time."
expertise reversal effect instruction adapting to learner level,crossref,ok,4234089,10.22251/jlcci.2019.19.21.1225,Analysis on the Trends and Issues of Expertise in Educational Research,2019,
expertise reversal effect instruction adapting to learner level,crossref,ok,4234089,10.22251/jlcci.2024.24.3.305,Two conflicting logics of higher-level learning recognition,2024,"Objectives  This paper discusses the two conflicting logics of learning recognition that underlie the higher-level learning recognition system.
Methods  For this purpose, higher education was divided into university and non-university areas and the logic of learning recognition that developed historically in each area was examined. The two logics of learning recognition were analyzed while reviewing the evolution of learning recognition that has developed in the field of university higher education, focusing on degrees and credit systems, and in the field of non-university higher education, fo-cusing on vocational qualifications.
Results  Throughout its long history, universities have established a learning recognition system with the logic of process-based recognition as its core. While various prototypes of higher-level learning and education existed, degrees and credits played a major role in establishing universities at the core of higher education. On the other hand, in the non-university sector, a learning recognition system has been established based on the logic of out-come-based recognition, and is now being emphasized more at the national and supranational policy level. In this context, it is frequent today that process-based recognition and outcome-based recognition logic are combined to build a learning recognition system, and in the process, the two heterogeneous learning recognition logics are showing signs of conflict.
Conclusions  Because the two learning recognition logics of process-based recognition and outcome-based rec-ognition are conflicting logics, it is natural that they primarily show conflicting aspects. Nevertheless, the reason why attempts to combine the two logics in a convergent manner rather than in conflict are being actively made at the national and supranational level is because it is becoming more clear that human capabilities cannot be com-prehensively evaluated and recognized by any single logic. In light of global trends, we can take a critical look at how our society is fundamentally restructuring the learning recognition system by combining the two learning rec-ognition logics. Since the higher-level learning recognition system is a measure that clearly shows how society designs higher education system, it is necessary to deeply examine the conflicting logics of learning recognition and consider ways to combine them."
deliberate practice design by elite coaches versus amateur coaches,crossref,ok,4973478,10.17682/sportjournal/2015.003,Developing High School and Youth Coaches through the Concepts of Deliberate Practice,2015,
deliberate practice design by elite coaches versus amateur coaches,crossref,ok,4973478,10.4324/9781003595755-7,Performance Analysis within the Elite Player Performance Plan,2026,
deliberate practice design by elite coaches versus amateur coaches,crossref,ok,4973478,10.5040/9781718218758.0006,About the American Baseball Coaches Association,2010,
deliberate practice design by elite coaches versus amateur coaches,crossref,ok,4973478,10.5220/0005160700570063,Injury Prevention Practices by Amateur Football Coaches in Gauteng South Africa,2014,
deliberate practice design by elite coaches versus amateur coaches,crossref,ok,4973478,10.4324/9781003089889-43,Reflective practice in coaching,2020,
deliberate practice design by elite coaches versus amateur coaches,crossref,ok,4973478,10.1123/iscj.2024-0062,"Erratum. Practice Design and Coaching to Support Learning in Elite Youth Soccer Players: Recommendations From International Coaches, Coach Educators, and Researchers",2024,
deliberate practice design by elite coaches versus amateur coaches,crossref,ok,4973478,10.1080/20004508.2021.1876299,Swedish elite athletics coaches’ professional development in practices of organized coaches’ meetings,2021,
deliberate practice design by elite coaches versus amateur coaches,crossref,ok,4973478,10.3390/educsci15050603,Developing Elite Strength and Conditioning Coaches’ Practice Through Facilitated Reflection,2025,"Recent research has suggested that strength and conditioning (S&amp;C) coach development should consider constructivist learning theories to promote coach development and learning of psychosocial coaching competencies. Reflective practice can encourage holistic learning through promoting an internal dialogue of the meaningfulness of an individual’s experiences. Our study aimed to examine the efficacy of a facilitated, guided, and longitudinal reflective process to promote coach learning of psychosocial coaching practice using Moon’s reflective framework. Over a four-week period, six elite S&amp;C coaches engaged in a guided process reflection process with a facilitator. This included daily journaling in an e-diary with the facilitator providing feedback at the end of each week. At the end, each S&amp;C coach participated in an exit interview. Data were analysed using interpretative phenomenological analysis. Findings revealed that there were potential benefits for the S&amp;C coach’s process of reflection such as providing accountability through developing a close relationship with the facilitator, which enabled the S&amp;C coaches to more critically link learning to behaviour change. Furthermore, S&amp;C coaches’ learning resulted in developing awareness of self/athlete’s needs, increased flexibility, and enhanced confidence. This resulted in S&amp;C coaches developing psychosocial coaching competencies that enabled them to change their practice to become more athlete centred."
deliberate practice design by elite coaches versus amateur coaches,crossref,ok,4973478,10.4324/9781003251309-3,Career Development of Elite Coach Developers,2023,
deliberate practice design by elite coaches versus amateur coaches,crossref,ok,4973478,10.5040/9798216426929.ch-003,Science and Practice,2024,
deliberate practice design by elite coaches versus amateur coaches,crossref,ok,4973478,10.54499/2021.05810.bd,,2021,
deliberate practice design by elite coaches versus amateur coaches,crossref,ok,4973478,10.5040/9798881821104.ch-1,Elite Leadership,2022,
deliberate practice design by elite coaches versus amateur coaches,crossref,ok,4973478,10.2478/v10237-012-0021-7,Practice Variability and Training Design: Strategies of Elite Horizontal Jump Coaches,2012,"Abstract
				Schmidt’s Schema Theory (1975) predicts that successful motor skill learning and performance are largely determined by the amount of movement variability the performer experiences during practice. This prediction has been consistently validated through a vast amount of research. Within a training environment, practice variability can be integrated by creating variation within the movements of an action, the physical context in which the action takes place, and the situation in which the action is performed. The purpose of this study was to investigate the degree to which elite long jump coaches institute practice variability within their training design to enhance toe-board accuracy. Participants completed an open-ended survey inquiring about their knowledge and strategies to improve toe-board accuracy. Seventy-eight percent of the coaches reported they were aware of research on toe-board accuracy and reported using a variety of strategies. With respect to practice variability, coaches used “measured run” techniques that change the approach distance to the toe-board. Coaches did not report varying movements of the long jump action or situations in which the action occurs. The results suggest that elite long jump coaches stress the importance of toe-board accuracy but do not maximize the use of practice variability for training toe-board accuracy."
deliberate practice design by elite coaches versus amateur coaches,crossref,ok,4973478,10.4324/9781003383475-14,Basic Psychology for Coaches in Talent Development and Elite Football,2025,
deliberate practice design by elite coaches versus amateur coaches,crossref,ok,4973478,10.12800/ccd.v10i28.517,Elite coaches views on factors contributing to excellence in orienteering,2015,
deliberate practice design by elite coaches versus amateur coaches,crossref,ok,4973478,10.1016/j.jvoice.2014.09.017,Occupational Vocal Health of Elite Sports Coaches: An Exploratory Pilot Study of Football Coaches,2015,
deliberate practice design by elite coaches versus amateur coaches,crossref,ok,4973478,10.7821/naer.1.1.27-32,"What does ‘Playing Well’ mean to elite sports coaches?, implicit thinking of elite Spanish soccer coaches",2012,"Abstract
               People construct knowledge through a set of highly diverse experiences. Despite being personal, this knowledge is strongly influenced by the specific context where it occurs. Such experience-based knowledge is referred to as ‘implicit theories’ because it does not fit in with a systematic and theoretical knowledge context like that of scientific knowledge. Coaches work with a number of implicit theories about aspects such as players, competition or training which determine their professional behaviour to a considerable extent. Thirty-nine Spanish First Division coaches were asked the question ‘What does playing soccer well mean?’ in this study. Their responses were later classified into eight different categories which show the diversity of opinions regarding this matter as well as the possible implicit theories that would guide coaches’ actions."
deliberate practice design by elite coaches versus amateur coaches,crossref,ok,4973478,10.4324/9781003593713-14,Coach supervision with nature,2026,
deliberate practice design by elite coaches versus amateur coaches,crossref,ok,4973478,10.4324/9781003593713-17,Metaphor in outdoor coaching,2026,
deliberate practice design by elite coaches versus amateur coaches,crossref,ok,4973478,10.4324/9781003593713-9,Outdoors coaching with teams,2026,
deliberate practice design by elite coaches versus amateur coaches,crossref,ok,4973478,10.4324/9781003593713-25,Case study 5 – Adventure,2026,
deliberate practice design by elite coaches versus amateur coaches,crossref,ok,4973478,10.4324/9781003593713-12,ADHD coaching with nature,2026,
deliberate practice design by elite coaches versus amateur coaches,crossref,ok,4973478,10.5204/thesis.eprints.261438,Translating Theory to Practice: The Role and Impact of a Skill Acquisition Specialist in Supporting Coaches' Learning Environment Design,,"This thesis investigates the role and impact of a skill acquisition specialist supporting coaches to enhance the design and delivery of effective learning environments in high-performance Paralympic sport in Australia. Implemented over ten months with three Paralympic sport coaches, the approach drew on ecological dynamics theory and problem-solving frameworks. The findings highlight the critical role of adaptable expertise of the skill acquisition specialist and emphasize the importance of individualised support to enhance coaches’ learning environment design. Overall, this work provides valuable insights for skill acquisition specialists, coaches, coach developers, and stakeholders responsible for coach learning and development."
deliberate practice design by elite coaches versus amateur coaches,crossref,ok,4973478,10.1093/eurjpc/zwab061.380,Cardiovascular risks awareness in coaches and amateur athletes,2021,"Abstract
               
                  Funding Acknowledgements
                  Type of funding sources: None.
                  Background
                  Regular physical activity is an important component of therapy for most сardiovascular diseases and is associated with reduced cardiovascular and all-cause mortality. The promotion of the physical activity and regular exercise is an important preventive measure that affects the prognosis.
                  Purpose
                  To assess the awareness of the prevalence of cardiovascular disease in exercising population and its influence on the safety of the patients and healthy adults among coaches and people actively engaged in sports activities.
                  Methods
                  An open non-randomized observation was conducted. The questionnaire created by our team included 45 questions about cardiovascular diseases and sport. 111 athletes and coaches aged from 19 to 46 were enrolled in the study. 61,5% (68) are men and 38,5% (42) of the respondents are women.
                  30,3% (33) of the respondents are coaches. 45,5% (15) of them have over 5 years of coaching experience. 44% (48) of all respondents prefer endurance sport, 25,7% (28) train strength exercise.
                  63,6% (70) train 3-8 hours per week, 12,7% (14 [7 women and 7 men]) train more than 8 hours each week.
                  Results
                  18,5% (20 [6 women and 14 men]) think that ECG is enough for screening for cardiovascular diseases. 20% (4) of them are coaches. Only 69,5% (77) of all respondents know about treadmill test. And 41,6% (32/77) of them know about the necessary screening for arrhythmogenic condition. 13% (10/77) of them train more than 8 hours per week. And only 27,3% (21/77) of people who know about treadmill test, passed it themselves. Also 21,6% (24) of all respondents think that any episode of arrhythmia is the  contraindication for any sport. But 96,4% (107) of the respondents know that it is necessary to regularly screen the cardiovascular system, even in the absence of complaints. 9% (10) of the interviewed think that diet is not important for people with cardiovascular diseases. And 18,9% (21) of the respondents don’t know about the effect of electrolytes on the body and the work of the heart muscle. Only 53,2% (59 [21 women and 38 men]) of the respondents trust the doctors more than coaches or themselves. And this is one of the reasons why it is necessary to talk about the basic principles of sports cardiology not only to doctors. 8,1% (9) of the respondents have never heard about any cases of sudden death of an athlete during training or at competitions due to «heart problems». 63,6% (21) of the coaches would not train a person who has suffered a heart attack. 71,8% (56) of the sportsmen would like to return to training after a heart attack.
                  Conclusions
                  Despite the fact that most people prefer a sedentary lifestyle, high-intensity fitness and long-distance endurance sport is getting more popular. Our survey proves the relatively low level of education about the underlying health conditions and possible risks associated with sports not only among  athletes but  professional coaches as well.
                  There are no conflicts of interest to declare."
deliberate practice design by elite coaches versus amateur coaches,crossref,ok,4973478,10.1080/02640410701245550,Perceptions of elite coaches and sports scientists of the research needs for elite coaching practice,2007,
deliberate practice design by elite coaches versus amateur coaches,crossref,ok,4973478,10.4324/9781003593713-22,Case study 2 – Pilgrimages,2026,
deliberate practice design by elite coaches versus amateur coaches,crossref,ok,4973478,10.1080/02701367.2013.784722,Do Coaches Orchestrate? The Working Practices of Elite Portuguese Coaches,2013,
deliberate practice design by elite coaches versus amateur coaches,crossref,ok,4973478,10.4324/9781003593713,The Outdoor and Nature Coaches’ Handbook,2026,
deliberate practice design by elite coaches versus amateur coaches,crossref,ok,4973478,10.4324/9781003593713-15,Outdoor coaching using immersive technologies,2026,
deliberate practice design by elite coaches versus amateur coaches,crossref,ok,4973478,10.4324/9781003593713-16,Coaching in liminal space,2026,
deliberate practice design by elite coaches versus amateur coaches,crossref,ok,4973478,10.4324/9781003277729-17,Ethics in education and the development of coaches,2023,
deliberate practice design by elite coaches versus amateur coaches,crossref,ok,4973478,10.1123/iscj.2023-0079,"Practice Design and Coaching to Support Learning in Elite Youth Soccer Players: Recommendations From International Coaches, Coach Educators, and Researchers",2025,"Providing optimal learning support is a major challenge within talent development settings. To accomplish this challenge, practitioners’ decisions, and actions should be informed by a blend of practical experiences and academic knowledge. This study explored experts’ recommendations on how to facilitate learning in elite adolescent soccer players during practice. Special focus was dedicated to why certain practice and coaching approaches were recommended to better understand experts’ justifications. Eighteen semistructured interviews were conducted with international experts representing three complementary groups of expertise (i.e., six of each soccer coaches; coach educators/developers; and researchers in talent development, motor learning, or coaching pedagogy). By employing a reflexive thematic analysis three themes were constructed: (I) differentiating overarching learning goals to address players’ individual needs, (II) designing purposeful training sessions with the game in mind, and (III) coaching interventions to support player learning within a group environment. Overall, the experts recommended the complementary use of different practice and coaching strategies to address individual learning needs. While some strategies may be associated with conflicting theoretical paradigms and established pedagogical approaches, the findings inform a purposeful integration of those different approaches in practical work. Therefore, participants’ recommendations can be discussed by integrating interdisciplinary theoretical perspectives."
deliberate practice design by elite coaches versus amateur coaches,crossref,ok,4973478,10.4324/9781003593713-27,Case study 7 – Group coaching,2026,
deliberate practice design by elite coaches versus amateur coaches,crossref,ok,4973478,10.4324/9781003593713-6,Coaching in and with blue spaces,2026,
deliberate practice design by elite coaches versus amateur coaches,crossref,ok,4973478,10.4324/9781003593713-10,Coaching outdoors with horses,2026,
deliberate practice design by elite coaches versus amateur coaches,crossref,ok,4973478,10.1080/00336297.2026.2641132,"The Ethos, Practice, Parallels, and Intersubjectivity of Elite and Community Sport Coaching: How Coaches Define Personal Meaning, Motivation, and Validation",2026,
deliberate practice design by elite coaches versus amateur coaches,crossref,ok,4973478,10.4324/9781003089889-46,Fifteen tools and techniques for coaches,2020,
deliberate practice design by elite coaches versus amateur coaches,crossref,ok,4973478,10.4324/9781003285144-15,An Eclectic versus Integrated Approach to Using Therapeutic Techniques in Coaching,2023,
deliberate practice design by elite coaches versus amateur coaches,crossref,ok,4973478,10.4324/9781003593713-23,Case study 3 – Coaching outdoor teams,2026,
deliberate practice design by elite coaches versus amateur coaches,crossref,ok,4973478,10.1080/17521882.2022.2128386,Is technostress stressing coaches out? The relevance of technostress to coaches’ emotional exhaustion and coaches’ perception of coaching success,2022,
deliberate practice design by elite coaches versus amateur coaches,crossref,ok,4973478,10.4324/9781003593713-7,Coaching in urban spaces,2026,
deliberate practice design by elite coaches versus amateur coaches,crossref,ok,4973478,10.4324/9781003593713-21,Case study 1 – Wellbeing coaching for emergency responders,2026,
deliberate practice design by elite coaches versus amateur coaches,crossref,ok,4973478,10.33915/etd.5601,What elite men's collegiate tennis coaches look for in recruits and  how they assess preferred player characteristics,,
deliberate practice design by elite coaches versus amateur coaches,crossref,ok,4973478,10.5771/9781475865028-7,Chapter 1: Elite Leadership,2022,
deliberate practice design by elite coaches versus amateur coaches,crossref,ok,4973478,10.5040/9781718219366.0005,About the American Volleyball Coaches Association,2006,
deliberate practice design by elite coaches versus amateur coaches,crossref,ok,4973478,10.4324/9780203390955-16,Coaches’ interactions,2004,
deliberate practice design by elite coaches versus amateur coaches,crossref,ok,4973478,10.5040/9798881821104.ch-i,Introduction,2022,
deliberate practice design by elite coaches versus amateur coaches,crossref,ok,4973478,10.5040/9798881821104.0008,Biographies,2022,
deliberate practice design by elite coaches versus amateur coaches,crossref,ok,4973478,10.1016/s1530-891x(20)46634-0,Abstract #290 Effect of Stanford Youth Diabetes Coaches Program on High School Student’s Diabetes Knowledge and Adult Perception of Youth Coaches,2019,
deliberate practice design by elite coaches versus amateur coaches,crossref,ok,4973478,10.4324/9781003593713-11,Coaching outdoors to support mental health and wellbeing,2026,
chess grandmaster coaching technique versus club coach,crossref,ok,1289888,10.5040/9781718206694.ch-007,Coaching Club and Scholastic Sports,2020,
chess grandmaster coaching technique versus club coach,crossref,ok,1289888,10.1007/978-3-658-13510-2_5,Coach oder Couch? – Psychotherapie versus Coaching,2016,
chess grandmaster coaching technique versus club coach,crossref,ok,1289888,10.1163/9789004619746,Invitation Chess Tournament of the City of London Chess Club London 1900,1962,
chess grandmaster coaching technique versus club coach,crossref,ok,1289888,10.2307/jj.33610769.17,CHESS AND CHANCE,2026,
chess grandmaster coaching technique versus club coach,crossref,ok,1289888,10.2307/jj.18253777.9,MULTIPLE SYNCHRONICITIES OF A CHESS GRANDMASTER,2007,
chess grandmaster coaching technique versus club coach,crossref,ok,1289888,10.1163/9789004619746_003,City of London Chess Club,1962,
chess grandmaster coaching technique versus club coach,crossref,ok,1289888,10.1093/nq/cc.jul.314d,"Chess: ""Grandmaster""",1955,
chess grandmaster coaching technique versus club coach,crossref,ok,1289888,10.1515/9781531513122-014,11. Chess and Chance,2026,
chess grandmaster coaching technique versus club coach,crossref,ok,1289888,10.5040/9798216005100.ch-004,Write Like a Grandmaster,2009,
chess grandmaster coaching technique versus club coach,crossref,ok,1289888,10.51952/9781529254709.ch001,1 Introducing the Chess Club and the Drama Club,2026,
chess grandmaster coaching technique versus club coach,crossref,ok,1289888,10.3233/icg-2001-24410,GRANDMASTER CHESS WITH ONE-SIDED COMPUTER HELP,2001,
chess grandmaster coaching technique versus club coach,crossref,ok,1289888,10.2307/j.ctv22pzxz1.12,The Race for First Machine Grandmaster,2022,
chess grandmaster coaching technique versus club coach,crossref,ok,1289888,10.4135/9781036219604,"Anne Coaching - 1. Comparing Mentoring and Coaching, &amp; When to Coach",2020,
chess grandmaster coaching technique versus club coach,crossref,ok,1289888,10.1515/9780791480434-007,Multiple Synchronicities of a Chess Grandmaster,2007,
chess grandmaster coaching technique versus club coach,crossref,ok,1289888,10.4324/b23184-7,Coach developers in a multisport club,2024,
chess grandmaster coaching technique versus club coach,crossref,ok,1289888,10.1109/40.755469,IBM's Deep Blue Chess grandmaster chips,1999,
chess grandmaster coaching technique versus club coach,crossref,ok,1289888,10.51224/srxiv.569,Improving Coaching Skills for Beginner Coaches in a University Football Club: An Action Research Approach,2025,
chess grandmaster coaching technique versus club coach,crossref,ok,1289888,10.1093/ww/9780199540884.013.u34765,"Short, Nigel David, (born 1 June 1965), professional chess player, commentator, coach and writer",2007,
chess grandmaster coaching technique versus club coach,crossref,ok,1289888,10.1093/ww/9780199540884.013.34765,"Short, Nigel David, (born 1 June 1965), professional chess player, commentator, coach and writer",2007,
chess grandmaster coaching technique versus club coach,crossref,ok,1289888,10.1080/21640629.2017.1361168,The coaching process of the expert coach: a coach led approach,2017,
chess grandmaster coaching technique versus club coach,crossref,ok,1289888,10.1123/nirsa.10.3.32,"The Club Sports Coaching Dilemma: Roles of Officers, Coach, and Faculty Advisor",1986,
chess grandmaster coaching technique versus club coach,crossref,ok,1289888,10.4324/9780203020074-16,The coach as ‘orchestrator’: more realistically managing the complex coaching context,2006,
chess grandmaster coaching technique versus club coach,crossref,ok,1289888,10.15358/9783800677498-56,4. Adaptives Coaching als Grundlage des LEAD COACH-Ansatzes,2026,
chess grandmaster coaching technique versus club coach,crossref,ok,1289888,10.4324/9780203965269-19,Coach yourself,2006,
chess grandmaster coaching technique versus club coach,crossref,ok,1289888,10.1007/3-540-38424-3_12,Identification Tokens — or: Solving The Chess Grandmaster Problem,,
chess grandmaster coaching technique versus club coach,crossref,ok,1289888,10.4324/9780203126424-22,Coach education and coaching practice,2016,
chess grandmaster coaching technique versus club coach,crossref,ok,1289888,10.2139/ssrn.4914361,Playing CHESS against the DEVIL WHO IS YOUR COACH?,2024,
chess grandmaster coaching technique versus club coach,crossref,ok,1289888,10.21236/ada328088,"Joint Force Commander 2010: Chess Master, Coach or Cheerleader?",1997,
chess grandmaster coaching technique versus club coach,crossref,ok,1289888,10.1123/iscj.2023-0123,Erratum: Developing Coaches’ Knowledge of the Athlete–Coach Relationship Through Formal Coach Education: The Perceptions of Football Association Coach Developers,2024,
chess grandmaster coaching technique versus club coach,crossref,ok,1289888,10.1007/s11613-018-0533-9,Interkulturelles Coaching als interkulturelle Situation,2018,
chess grandmaster coaching technique versus club coach,crossref,ok,1289888,10.1038/scientificamerican1090-44,A Grandmaster Chess Machine,1990,
chess grandmaster coaching technique versus club coach,crossref,ok,1289888,10.4324/9780080554310-11,The working coach,2012,
chess grandmaster coaching technique versus club coach,crossref,ok,1289888,10.4324/9780203126424-12,Coaching domains and the role of the coach,2016,
chess grandmaster coaching technique versus club coach,crossref,ok,1289888,10.1365/s40896-015-0008-3,Was macht einen Coach zum Coach? Weiterbildung und Qualifizierung,2015,"ZusammenfassungIn diesem Artikel wird der Frage nachgegangen, was denn eine gute Qualifizierung zum Coach ausmacht. Zuerst werden dazu Anforderungen an Coach und Coaching-Weiterbilder/innen beschrieben und mit den wichtigsten Wirkfaktoren im Coaching in Zusammenhang gestellt. Darauf aufbauend geht es um Anforderungen an die Coaching-Weiterbildungen, um am Schluss der Frage nachzugehen, was denn professionelle Coachs für ihre Weiterqualifizierung brauchen."
chess grandmaster coaching technique versus club coach,crossref,ok,1289888,10.3233/icg-2007-30110,"CHESS GRANDMASTER L’AMI AGAINST ZAPPA March 6 - 7, 2007",2007,
chess grandmaster coaching technique versus club coach,crossref,ok,1289888,10.1057/9780230362963.0033,THE SUPERVISED COACH,,
chess grandmaster coaching technique versus club coach,crossref,ok,1289888,10.51952/9781529254709,"Chess Club, Drama Club",2026,
chess grandmaster coaching technique versus club coach,crossref,ok,1289888,10.1515/9780691235141-010,CHAPTER 5 The Race for First Machine Grandmaster,2022,
chess grandmaster coaching technique versus club coach,crossref,ok,1289888,10.1123/iscj.2018-0009,Coach and Biomechanist Experiential Knowledge of Maximum Velocity Sprinting Technique,2019,
chess grandmaster coaching technique versus club coach,crossref,ok,1289888,10.4324/9780203850688-10,What is a coach and what is coaching?,2011,
chess grandmaster coaching technique versus club coach,crossref,ok,1289888,10.4135/9781526459985.n20,Afterword: Generating the Future For Coaching and Coach Training,2021,
chess grandmaster coaching technique versus club coach,crossref,ok,1289888,10.1007/3-540-28451-6_18,Coach the Coach: Weiter- und Fortbildung von Profis,2006,
chess grandmaster coaching technique versus club coach,crossref,ok,1289888,10.4324/9780429351518-30,Psychopomp – a coach for the coach,2021,
chess grandmaster coaching technique versus club coach,crossref,ok,1289888,10.1057/9781137353269.0012,Starting to Coach for Innovation,,
chess grandmaster coaching technique versus club coach,crossref,ok,1289888,10.1163/9789004619746_004,Invitation Tournament,1962,
chess grandmaster coaching technique versus club coach,crossref,ok,1289888,10.1057/9781137359209.0024,The organisation coach,,
chess grandmaster coaching technique versus club coach,crossref,ok,1289888,10.1007/s11613-015-0428-y,Coach the brand!? Eine Bestandsaufnahme zum themenspezifischen Coaching in der Markenberatung,2015,
chess grandmaster coaching technique versus club coach,crossref,ok,1289888,10.4324/9780203994986-26,COACH EDUCATION AND COACHING PRACTICE,2005,
chess grandmaster coaching technique versus club coach,crossref,ok,1289888,10.1163/9789004619746_001,Preliminary Material,1962,
chess grandmaster coaching technique versus club coach,crossref,ok,1289888,10.1007/s11613-013-0344-y,Übertragung und Gegenübertragung im Coaching,2013,
music studio teaching expert feedback rapport,crossref,ok,1830880,10.1093/oso/9780190945305.003.0011,Teaching Applied Music,2020,"Abstract
               Chapter 11 provides suggestions for recruiting students into a college or university applied studio. A portion of the chapter is devoted to planning and delivering master classes and planning visits to middle and high schools in the effort to recruit. Stories from applied faculty and students provide materials for discussion of the culture of a studio, dealing with competition in the studio. Studio activities such as studio class, technique class, repertoire class, and excerpt class are described. Policies and ideas for recital attendance, studies and professor visibility, and travel are discussed. Questions for discussion encourage the reader to consider various teaching contexts for the implementation of these ideas."
music studio teaching expert feedback rapport,crossref,ok,1830880,10.4324/9781003426448-3,"Fostering Affect, Rapport, and Care for Optimal Performance in Studio Music Instruction",2024,
music studio teaching expert feedback rapport,crossref,ok,1830880,10.1093/oso/9780190945305.003.0010,Teaching Applied Music,2020,"Abstract
               Chapter 10 is based on responses from applied music faculty around the country as well as responses from undergraduate students regarding applied lesson study. Quotes from both applied faculty and undergraduate students are included throughout the chapter. I have tried to represent the voice of the applied teacher in this chapter as a way of honoring the very specific culture that is created in each unique applied studio. Issues presented include scheduling logistics, pianists, choosing repertoire and materials, juries and auditions, practicing and motivation. Stories written by applied faculty as well as students from around the country are used to illustrate the characteristics of successful applied teachers."
music studio teaching expert feedback rapport,crossref,ok,1830880,10.4324/9781003648734-19,Recording Studio Lab,2026,
music studio teaching expert feedback rapport,crossref,ok,1830880,10.1093/gmo/9781561592630.article.j545400,Creative Music Studio,2003,
music studio teaching expert feedback rapport,crossref,ok,1830880,10.1386/jmte_00015_1,The nature of feedback in higher education studio-based piano learning and teaching with the use of digital technology1,2020,"The aim of the current research was to investigate the nature of feedback when a digital technology system was introduced in the higher education (HE) piano studio alongside three teacher and student pairs in Brazil. Data were collected by using video-recorded observations of lessons, participant interviews, and also data related to the use of a specific technology. A thematic analysis of the resultant data suggests that participants used verbal and non-verbal feedback in three areas of lesson focus: music (score), performance (e.g. dynamics, articulation), and technology (Musical Instrument Digital Interface [MIDI] parameters). The application of technology seems to allow the focus of the lesson to become clearer, making students more aware of their performances and their learning processes. Data suggest that the engagement with technology varied across the three observed cases. There seems to be a valuable use for technology-mediated feedback; this could, in turn, optimize more traditional pedagogical approaches in HE piano learning and teaching, and also enrich private practice."
music studio teaching expert feedback rapport,crossref,ok,1830880,10.1017/s0265051723000220,Power relations in the music teaching studio,2023,"Abstract
                  Power relations operate in any educational setting, and there may be particular vulnerabilities in a tradition conducted in the relative isolation of the music teaching studio. These vulnerabilities have been highlighted dramatically in recent years through high-profile cases of power abuse, but power is implicated in a wide range of contexts related to the studio, including cultural, gendered, pedagogical, artistic, institutional and interpersonal issues. It may be impossible to divest power of its negative connotations, but there is a good deal of theory focused on power, even if its terms are broadly political or philosophical, and subject to debate. This theoretical paper explores power relations with regard to the music studio, investigating popular conceptions and everyday usage before turning to scholarship focused on interpersonal and broader social perspectives. Some reflections are offered on the uses and abuses of power in the studio. A better understanding of its dimensions and usage can support the ongoing development of studio practices and contribute to the conversation that we need to have about power."
music studio teaching expert feedback rapport,crossref,ok,1830880,10.1093/gmo/9781561592630.article.j755800,Art Studio,2003,
music studio teaching expert feedback rapport,crossref,ok,1830880,10.1093/gmo/9781561592630.article.j433000,Studio musician,2003,
music studio teaching expert feedback rapport,crossref,ok,1830880,10.3389/fpsyg.2020.01007,"Student Vitality, Teacher Engagement, and Rapport in Studio Music Instruction",2020,
music studio teaching expert feedback rapport,crossref,ok,1830880,10.1093/oso/9780195138849.003.0017,Systematic Research in Studio Instruction in Music,2004,"Abstract
                  In his 1985 study Developing Talent in Young People, Benjamin Bloom identified one-on-one instruction as a particularly effective instructional context that is found across several disciplines. Results from his study suggested that the private music studio might be a fascinating laboratory for the study of teaching and learning. The importance of this study was that educational researchers began to take notice of this special context, which previously had been considered a deviant educational tradition (Schon, 1983) and outside the bounds of traditional educational research. There is a growing professional interest in applying the tools of systematic research to the context of studio instruction in music education research. Madsen (1985) and Yarbrough (1996) identified the potential of this research area. A special issue of the Quarterly Journal of Music Teaching and Learning, edited by Manny Brand (1992), was dedicated to studio instruction. The report of research that follows represents the work of a growing number of individuals who have found studio instruction a compelling area of investigation even though it presents a special research challenge: Within this simple expert-novice dyad is a complex world of human cultural evolution, including the use of language, symbol systems, tools, and many aspects of human psychology."
music studio teaching expert feedback rapport,crossref,ok,1830880,10.1093/gmo/9781561592630.article.a2092725,Studio 54,2011,
music studio teaching expert feedback rapport,crossref,ok,1830880,10.1093/gmo/9781561592630.article.19611,National Opera Studio,2001,
music studio teaching expert feedback rapport,crossref,ok,1830880,10.5040/9798216429159.ch_002,Music Therapy Studio,2021,
music studio teaching expert feedback rapport,crossref,ok,1830880,10.1177/0255761409102319,Improving studio music teaching through understanding learning styles,2009,"The role of a studio music teacher is a delicate balance of creativity and organization. In a one-on-one setting a teacher must guide a student through the physical challenges of playing an instrument as well as conveying the abstract notions of music and aesthetics. The goal of guiding a student into becoming a fine musician is universal, but teaching approaches differ. In this article I propose using learning style models as a teaching framework. The use of learning style models in the classroom is not a new idea, but the music lesson provides a unique setting for the assessment and implementation of these models. By identifying a student's dominant learning style, a teacher can more effectively develop an individualized pedagogical approach for each student. The models can be used to organize a teacher's curriculum as well as provide a framework for new and creative teaching ideas."
music studio teaching expert feedback rapport,crossref,ok,1830880,10.1177/0305735694221004,Teaching Practice Strategies in the Music Studio: A Survey of Applied Music Teachers,1994,"Practice is of interest to music teachers and students since it is an essential aspect of motor skill acquisition and performance. The Music Practice In- struction Inventory (MPII) was designed to ascertain the extent to which studio music teachers teach certain practice strategies. The MPII consists of two sections. The first section requests information about the age level of students and. the type of studio setting. The second section contains 26 statements about teaching students to practice, each with a response scale ranging from 5 (Always) to 1 (Never). The MPII was administered to 94 members of the MTNA (Music Teachers National Association) in the USA. Frequencies were tabulated for all data, and means and standard deviations were calculated for responses to the 26 statements. Differences between college teachers' and pre-college teachers' responses were compared via Pearson Chi Square. Most teachers reported that they always or almost always discuss the importance of practice and specific practice techniques with students, but responses to other items varied among different teachers. Results indicate that teachers' approaches to practice are not always consistent with the literature and that practice strategies endorsed by college teachers often differ from those used by teachers of pre-college students."
music studio teaching expert feedback rapport,crossref,ok,1830880,10.1080/14613800903568296,Crossing boundaries: sharing concepts of music teaching from classroom to studio,2010,
music studio teaching expert feedback rapport,crossref,ok,1830880,10.1177/02557614261430489,Studio Music Teachers’ Perceptions Towards Community Music Participation and Its Influence on Their Teaching Approaches,2026,"This study explores studio music teachers’ motivations for engaging in community music and how these experiences can enhance their teaching approaches. Semi-structured interviews were conducted with studio music teachers in Australia. A qualitative approach using thematic analysis was used to gain insights into their perspectives on community music involvement. Findings identified that being engaged with community music influenced the teaching approaches of studio music teachers in four ways: through student engagement, community engagement skills, managing practical challenges, and career development skills. A conceptual framework of Participatory Music-Making Teaching Methods was developed from the integration of these themes. The framework provides studio music teachers with guidelines towards enhancing their private studio practice to create more holistic, engaging, and effective learning environments for their students. Through this exploration, this study seeks to encourage more music educators to view community music engagements as professionally rewarding opportunities."
music studio teaching expert feedback rapport,crossref,ok,1830880,10.32469/10355/109454,Teaching the collegiate non-music major student in the applied string studio : a phenomenological study,,"The purpose of this study was to explore the essence of the string professors' experience of teaching collegiate non-music major (NMM) students in the applied studio. Four full time string faculty from a large US mid-western university volunteered to participate in the interviews. Findings indicate that teaching the collegiate NMM student in the applied string studio is experienced (a) in a process of becoming a professor, when the performer turns into teaching; (b) by being understanding, knowing who the NMM is and accepting their varied music expectations; (c) by balancing formal string learning with the student's commitment limitations. Learning about these professors' experience is relevant for institutions aiming to improve the experience of their non-professionally oriented students in the applied string studio specifically, with the possibility of transfer to other applied music studios. These findings also may inform to the private teacher of other instruments who have students not seeking music professionally. This study adds to the literature of string pedagogy, which needs more research to investigate pedagogical approaches."
music studio teaching expert feedback rapport,crossref,ok,1830880,10.4324/9781003426448-12,Teaching Nonbinary Singers,2024,
music studio teaching expert feedback rapport,crossref,ok,1830880,10.20944/preprints202608.1643.v1,"Teaching the Sustain Pedal in the Digital Studio: Linking Pedal Action, Acoustic Result, and Pedagogical Feedback",2026,"The sustain pedal ties together bodily action, timing, instrument mechanics, acoustic resonance, and interpretive judgment. In a digital environment, though, all of that can get flattened into a pedal trace, a MIDI value, or an apparent note duration — and a partial measurement can quietly start passing as a pedagogical judgment. This applied literature review pulls together piano-pedagogy, pedal-timing, piano-acoustics, sensing, automatic-transcription, and technology-mediated-feedback research to ask what these signals actually represent. The synthesis separates five things that tend to get collapsed into one: key action, pedal action, acoustic consequence, musical-interpretive context, and pedagogical inference. From that separation, the article proposes the Pedal Feedback Evidence Model (PFEM), an unvalidated framework linking evidence source, digital representation, warranted interpretation, confounds, and teacher verification. The literature shows pedal timing, depth, and sonic outcome shifting with performer, tempo, attentional focus, instrument, and acoustics. Digital feedback can make parts of a performance inspectable — but pedal data shouldn't get converted into claims about musical appropriateness, intention, or learning."
music studio teaching expert feedback rapport,crossref,ok,1830880,10.1007/978-981-19-0634-3_8,Reading Music. The Use of Scores in Music Learning and Teaching,2022,
music studio teaching expert feedback rapport,crossref,ok,1830880,10.1016/j.tate.2023.104099,Digital video-based peer feedback training: The effect of expert feedback on pre-service teachers’ peer feedback beliefs and peer feedback quality,2023,
music studio teaching expert feedback rapport,crossref,ok,1830880,10.70760/m7n4lzy1,Music Teaching &amp; Performing Beyond the Studio and Concert Hall,2022,
music studio teaching expert feedback rapport,crossref,ok,1830880,10.1080/14613808.2019.1598345,Applied music studio teachers in higher education: evidence of learner-centred teaching,2019,
music studio teaching expert feedback rapport,crossref,ok,1830880,10.18177/sym.2016.56.ca.11168,Transform and Electrify Your Teaching: Facilitating Performance of Electroacoustic Works in the Applied Studio,2016,
music studio teaching expert feedback rapport,crossref,ok,1830880,10.4324/9781003426448-4,Advancing Excellence in Teaching,2024,
music studio teaching expert feedback rapport,crossref,ok,1830880,10.1093/gmo/9781561592630.article.27015,Studio der frühen Musik,2001,
music studio teaching expert feedback rapport,crossref,ok,1830880,10.1007/978-3-031-66363-5_4,From Novice to Expert: Creative Processes in the Music Studio and Classroom,2025,"Abstract
          Historically, the subject of music in Swedish schools has moved from reproducing musical objects to an increasing focus on creativity. There are various qualities that children or students develop through creative work with artistic tools and materials. In the classroom the teacher can design a creative approach, which means, to help to formulate problems and find solutions, use role models and reflect with others. In this chapter, we apply Martin Lackéus’ concept of creating value in teaching and learning. The implementation of his concept is described through the feedback of a teacher and his students who have worked with digital music creation in school."
music studio teaching expert feedback rapport,crossref,ok,1830880,10.22329/jtl.v20i3.11388,The Applied Studio Model in Higher Music Education: Critical Perspectives and Opportunities,2026,"The Applied Studio Model in Higher Music Education: Critical Perspectives and Opportunities engages with the dominant one-to-one master-apprentice model in higher music education. The volume contextualises studio teaching in relation to current discussions about learner-centred pedagogy, assessment, pedagogy, professionalism, and the sociocultural dimensions of equity and responsibility. In this book the authors consider the relationality of care, the pedagogy of professionalism, the authority of teaching, the internationalization of student support, the assessment of, for, and as learning, the inclusive access to and structural inequities of sociocultural studio practice innovation, and gender pedagogies in vocal pedagogy. The applied studio is pedagogy, not merely a pedagogical tradition. It is a site of practice that requires the accountability of the institution, and the pedagogy demands an ongoing engagement of scholarly practice. While the majority of the discussions are situated in a Western higher education context, the book offers a research-based and ethically defensible re-imagining of studio teaching in the current landscape of higher music education."
music studio teaching expert feedback rapport,crossref,ok,1830880,10.1007/978-94-6300-289-9_5,Peer Assisted Reflection for Studio Music Teachers,2015,
music studio teaching expert feedback rapport,crossref,ok,1830880,10.1177/1321103x19871079,Complicating factors in studio teaching dynamics: Dyad dissolution in post-secondary music studios,2020,"Relationship dynamics between students and teachers are an essential element of one-on-one teaching and learning in music schools. The purpose of this study was to investigate factors leading to student–teacher dyad dissolution in post-secondary music performance studios. A total of 30 students and 30 teachers were interviewed. Interview questionnaires contained closed-ended rating scales and open-ended questions. Unstructured responses were transcribed, coded by units that each represented a contributing factor to dyad dissolution, and then subjected to a frequency count to determine decisive factors leading to dyad dissolution. All factors were subjected to the Framework of Social Levels, which is based on four levels – Interpersonal, Self, Other, and Outside. The majority of students’ dissolution factors were attributed at the Interpersonal level, whereas the majority of teachers attributed dissolution to factors at the Student ( Other) level. Participants cited several factors leading to dyad dissolution including different expectations, different professional goals, poor communication, incompatible personalities, student commitment, teacher teaching abilities, lesson satisfaction, and lack of personal connection."
music studio teaching expert feedback rapport,crossref,ok,1830880,10.1177/1321103x19899172,Differentiating between teaching experience and expertise in the music studio: A pilot study,2020,"The purpose of this study was to develop a measure to investigate studio teacher’s observational skill as a function of the observer’s ability to identify effective pedagogical practices. A secondary purpose was to see if observational skill varied as a function of scores on a measure of empathy. Participants ( N = 60) were saxophonists who observed and wrote about the strengths and weaknesses of two 1-minute videos of private saxophone lessons and two private violin videos. To develop expertise criteria, four expert teachers observed the videos for their respective instruments and their responses were converted into lists of strengths and weaknesses. These lists were then compared to participants’ responses and used as criteria for determining the degree to which participants’ analyses matched the experts’ responses. Participants also completed a demographic survey and the Toronto Empathy Questionnaire. Results indicated that the degree to which participants’ analyses matched the experts did not vary as a function of teaching experience. The degree to which participants’ analyses matched the experts also did not vary as a function of empathy scores, though descriptive trends indicated that higher empathy scores were accompanied by a greater degree of match. There was a significant difference in degree of match between the participants and experts for the saxophone and violin videos. Implications for tool refinement and future research are discussed."
music studio teaching expert feedback rapport,crossref,ok,1830880,10.1007/978-981-19-0634-3_2,Teaching Music: Old Traditions and New Approaches,2022,
music studio teaching expert feedback rapport,crossref,ok,1830880,10.4324/9781003648734-14,Assessment and Feedback,2026,
music studio teaching expert feedback rapport,crossref,ok,1830880,10.1177/02557614251338549,Improvising for the test: Influences of graded music examinations on the teaching and learning of improvisation within studio lessons,2025,"Graded music examinations have been a global enterprise as well as a rite-of-passage for music students since the end of the 19th century. Recently, the exams have expanded from their core of Western classical genre to include newer styles with options for improvisation. This research article investigates the influence of these examinations on the teaching and learning of improvisation within instrumental music lessons. Through a case study approach, the study examines how pedagogical practices surrounding improvisation are shaped by the pressures of assessment. Observations of weekly lessons reveal a significant shift in teaching strategies as exam dates approach, transitioning from open-ended exploration to a narrowed focus on specific skills required for success in examinations. The findings highlight the necessity of clear feedback from examiners to enhance the learning experience. Additionally, teachers are encouraged to reconsider the intended audiences of improvisation, balancing examiner expectations with the creative expressions valued by broader concert audiences."
music studio teaching expert feedback rapport,crossref,ok,1830880,10.1080/14613808.2017.1409204,Enhancing learning and teaching in the tertiary music studio through reflection and collaboration,2017,
music studio teaching expert feedback rapport,crossref,ok,1830880,10.6007/ijarped/v14-i1/24388,Challenges in Teaching Music among Adult Beginner of Private Esperto Music Studio,2025,
music studio teaching expert feedback rapport,crossref,ok,1830880,10.1080/10632913.2012.626712,A Rediscovered Alliance: Can New Music Performance Teaching Policy Save Music Education? A New Framework for the Music Studio,2012,
music studio teaching expert feedback rapport,crossref,ok,1830880,10.71156/2994-7073.1238,Incorporating Popular Music in Teaching:  Ideas for the Non-Expert,2017,"Music theory instructors who center their teaching around common-practice music often do so because they believe this repertoire helps students learn broadly applicable skills. But incorporating some (broadly defined) popular music may help students make connections to other repertoires, form more robust and accurate knowledge structures, and exercise creativity. This article is addressed to instructors who do not feel expert in popular music who still want to engage these benefits. Such instructors can remove from themselves some of the burden of claiming expertise they do not feel they have and learning new repertoire every year in order to stay current by giving their students greater degrees of agency. These range from alternative assignments, which require more expertise on the part of the instructor, to student involvement in the priorities and emphases of a class, which opens up the class to the full range of student ideas and preferences."
music studio teaching expert feedback rapport,crossref,ok,1830880,10.1177/0305735689172002,Individual Differences in Perception of Applied Music Teaching Feedback,1989,"This study examined ratings of applied' music teaching feedback x; function of the personality variables of extraversion-ilntioversion (EII) ald judgment-perception (JP) as measured by the Myers-Briggs TIsvpe lndicaltat (MBTI). Subjects (N= 63) responded to an audio tape comprised oa sho-ti teaching episodes in which student performance was followed bv teachlct approval or disapproval behaviour. Approval behaviours emphasised onc ()t the following: (a) academic information; (b) student improvement. (c) noi-imi referenced feedback; (d) person praise; (e) personal approval by thu teacher; and (f) approval as control. Subjects rated these behaviours h means of 7-point semantic differential scales. Rcsults of ANOVA prta cedures indicated a significant El main effect for ratings of appro vil- improvement, person praise, approval-information, and disapprovals. with a range of 11.5 per cent to 14 5 per cent of the variance accounted tir. Introverted subjects rated these behaviours significantly higher than extra- verted subjects. While the main effect of JP was non-significatnt fto ill ratings of teacher behaviour, significant EIxJP interactions were found taot the variables of approval-control and approval-person praise, with 1406 pc cent and 13 7 per cent of the variance explained. respectively."
music studio teaching expert feedback rapport,crossref,ok,1830880,10.2307/j.ctt9qf0qh.12,APPENDIX II,2014,
music studio teaching expert feedback rapport,crossref,ok,1830880,10.1353/amu.2011.a407116,"From Folk to Popular and Back: Musical Feedback between Studio Recordings and Festival Dance-Songs in Uttarakhand, North India",2011,
music studio teaching expert feedback rapport,crossref,ok,1830880,10.1007/978-981-19-0634-3_3,The Psychology of Music Learning,2022,"AbstractIf we asked any music teacher or even any student what you must actually learn to be a good musician or, specifically, to play an instrument well, we would perhaps find there was some agreement that you have to learn to technically master musical language and the actual instrument in question."
music studio teaching expert feedback rapport,crossref,ok,1830880,10.1093/jmt/18.4.166,Effect of Instructions and Feedback on Music Teaching Skills,1981,
music studio teaching expert feedback rapport,crossref,ok,1830880,10.47809/mc.2021.09,THE CHALLENGES OF ONLINE MODERN DANCE TEACHING,2021,"The article analyses the challenges of online teaching modern dance syllabus, namely, the José Limón technique. It describes the way the exercises and movement sequences are being taught, the musical meter, phrasing and tempo, variations for beginner or more advanced students, and the adaptations that were made in order to fit these exercises into a small space (when dance education moved online). The Limón syllabus is a modern dance tool that shapes and strengthen the dancer’s body, working both with specific elements, such as fall, rebound, successional arms, bounces, etc…), and with elements from the classical technique (plié, tendu, développe, passé ) – all transformed and adapted to serve the modern dance purposes."
music studio teaching expert feedback rapport,crossref,ok,1830880,10.1093/9780197624753.003.0011,Teaching Trans and Genderqueer Singers in the Applied Studio,2026,"Abstract
                  This chapter provides an overview of practical and pedagogical considerations for teaching trans and genderqueer singers in the applied voice studio. Recognizing that both the technical and socio-emotional dimensions of singing are shaped by gendered expectations, the chapter introduces a four “R” framework—range, respiration, repertoire, and reflection—to guide inclusive and responsive instruction. Each of these dimensions is explored in relation to the unique vocal journeys and identity expressions of gender-expansive students. Particular attention is given to disentangling traditional notions of voice classification from assumptions about gender and sex. The chapter also offers concrete strategies for using affirming and respectful language in both one-on-one studio teaching and group/ensemble contexts, with the goal of fostering a more inclusive, flexible, and student-centered learning environment. By attending to the intersecting needs of technique and identity, this chapter contributes to the growing field of gender-affirming voice pedagogy in music education."
music studio teaching expert feedback rapport,crossref,ok,1830880,10.1002/9781119419310.ch2,Android Studio Basics,2016,
music studio teaching expert feedback rapport,crossref,ok,1830880,10.1007/978-3-322-86033-0_12,Immeuble de rapport «Studio Raspail» 1929–1932,1992,
music studio teaching expert feedback rapport,crossref,ok,1830880,10.1007/978-3-322-86033-0_29,Immeuble de rapport “Studio Building” 1926–1928,1992,
expert teacher noticing student errors in real time,crossref,ok,3380017,10.1007/978-3-319-46753-5_7,Examining Student Thinking Through Teacher Noticing: Commentary,2017,
expert teacher noticing student errors in real time,crossref,ok,3380017,10.1007/978-3-032-31188-7_12,Teacher- and Student-Focused Argumentative Noticing,2026,
expert teacher noticing student errors in real time,crossref,ok,3380017,10.2307/jj.22730662.10,Researching Teacher Noticing,2021,
expert teacher noticing student errors in real time,crossref,ok,3380017,10.2307/jj.22730662.8,Language Teacher Noticing,2021,
expert teacher noticing student errors in real time,crossref,ok,3380017,10.2307/jj.22730662.11,Influences on Teacher Noticing,2021,
expert teacher noticing student errors in real time,crossref,ok,3380017,10.21832/9781800411241-006,3 Language Teacher Noticing,2021,
expert teacher noticing student errors in real time,crossref,ok,3380017,10.14221/ajte.2021v46n8.6,Supporting Pre-Service Secondary Mathematics Teachers’ Professional Noticing of Student Thinking Professional Noticing of Student Thinking,2021,"A growing body of evidence suggests developing the attention of preservice, secondary mathematics (PSMTs) teachers towards professional noticing of student thinking should feature in teacher education programs. There were two aims for this qualitative study: first, to explore the extent to which an Interview Module (IM) supported the development of PSMTs’ ability to notice and make pedagogical decisions based on student thinking evidenced in video- and paper-based work samples. A secondary aim was to establish the viability of the IM in an Australian context. Overall, PSMTs regarded their involvement in the IM as beneficial to their development as teachers. Specifically, participants outlined that the IM helped to shift their beliefs about teaching and learning, and helped promote productive teacher dispositions. Furthermore, these shifts were enabled through opportunities to engage with authentic student work, and the access they were given to new forms of responding."
expert teacher noticing student errors in real time,crossref,ok,3380017,10.21832/9781800411241-008,5 Researching Teacher Noticing,2021,
expert teacher noticing student errors in real time,crossref,ok,3380017,10.21832/9781800411241-009,6 Influences on Teacher Noticing,2021,
expert teacher noticing student errors in real time,crossref,ok,3380017,10.29275/jerm.2022.32.1.47,Teacher Noticing for Supporting Student Proving: Gradual Articulation,2022,"Proof has been paid much attention in school mathematics and the literature. To date, the extant literature has focused more on difficulties in teaching and learning of proof rather than support that can help teachers to teach proof and develop student’s understanding about proof. This study examined a teacher’s practice that offers an explicit instruction of proof as part of everyday lesson. The results showed that the teacher supports student proving by way of teacher noticing with a clear definition of proof in the literature and that teacher noticing instructional practice needs to be more attuned for teaching proof. In particular, the teacher’s moves for supporting student proving differ by what aspects of proof that the teacher pays attention to at a given time and by judgement on whether an argument qualifies as a valid proof. This instructional practice would provide a guidance and foundation for teachers to engage students in proving as part of everyday lesson."
expert teacher noticing student errors in real time,crossref,ok,3380017,10.1007/s10857-014-9289-0,Exploring teacher noticing of student algebraic thinking in a video club,2014,
expert teacher noticing student errors in real time,crossref,ok,3380017,10.1007/978-3-032-31188-7_4,Teachers’ Reflection on Noticing: Interpreting and Responding to Students’ Mathematical Errors,2026,
expert teacher noticing student errors in real time,crossref,ok,3380017,10.3102/1881880,Shifting Framings in Teacher Noticing of Student Mathematical Thinking: From Deficits to Strengths,2022,
expert teacher noticing student errors in real time,crossref,ok,3380017,10.5951/mte-2019-0006,Noticing Aloud: Uncovering Mathematics Teacher Noticing in the Moment,2020,"Understanding mathematics teacher noticing has been the focus of a growing body of research, in which student work and classroom videos are often used as artifacts for surfacing teachers’ cognitive processes. However, what teachers notice through reflecting on artifacts of teaching may not be parallel to what they notice in the complex and demanding environment of the classroom. This article used a new technique, side-by-side coaching, to uncover teacher noticing in the moment of instruction. There were 21 instances of noticing aloud during side by side coaching which were analyzed and classified, yielding 6 types of teacher noticing aloud, including instances in which teachers expressed confidence, struggle, and wonder. Implications for coaching and future research on teacher noticing are discussed."
expert teacher noticing student errors in real time,crossref,ok,3380017,10.1016/j.system.2015.09.004,Managing language errors in real-time: A microanalysis of teacher practices,2015,
expert teacher noticing student errors in real time,crossref,ok,3380017,10.1007/978-3-319-46753-5_27,Noticing Distinctions Among and Within Instances of Student Mathematical Thinking,2017,
expert teacher noticing student errors in real time,crossref,ok,3380017,10.3102/1683721,Teacher Noticing and Leveraging of Student Thinking in Science Lessons and Debriefs of Classroom Videos,2021,
expert teacher noticing student errors in real time,crossref,ok,3380017,10.2307/jj.22730662.7,Noticing:,2021,
expert teacher noticing student errors in real time,crossref,ok,3380017,10.3102/2018746,"Shifts in Mathematics Teacher ""Noticing"": Video Club as Tool for Supporting Attention to Student Language",2023,
expert teacher noticing student errors in real time,crossref,ok,3380017,10.2307/jj.22730662.13,Noticing of Verbal Resources,2021,
expert teacher noticing student errors in real time,crossref,ok,3380017,10.2307/jj.22730662.12,Noticing of Embodied Resources,2021,
expert teacher noticing student errors in real time,crossref,ok,3380017,10.1007/s10857-025-09725-y,Noticing-as-design: generating new possibilities for teacher noticing,2025,"Abstract
                  This paper presents a reconceptualisation of teacher noticing as an intentional and generative design process. Drawing on ecological psychology and phenomenology, with enactivism serving as an integrative theoretical lens, we develop the Noticing-as-Design Framework. This framework elucidates how teachers proactively shape opportunities for meaningful noticing through two interrelated components: ecological design and phenomenological design. Ecological design entails teachers deliberately crafting physical, social, and cultural aspects of the classroom environment to create affordances that support noticing. Phenomenological design involves bringing specific phenomena into focus through carefully structured experiences and interactions. These components operate within what we term the D-E-S-I-G-N cycle (Design, Emergence, Seeing, Interpreting, Generating insights, New iteration), which conceptualises how teachers might iteratively develop their noticing capabilities. This theoretical framework extends existing perspectives on teacher noticing by highlighting how intentional design potentially shapes both what becomes noticeable and teachers’ capacity to notice. We discuss implications for research, teacher education, and professional development, acknowledging both the potential and limitations of this theoretical approach."
expert teacher noticing student errors in real time,crossref,ok,3380017,10.1177/0022487119892964,Noticing Student Mathematical Thinking Within the Context of Lesson Study,2019,"The purpose of this study is to investigate a preservice middle school mathematics teacher’s noticing of student mathematical thinking within the context of lesson study as a component of a teaching practicum course in a teacher education program. This study also examines how preservice teacher education experiences in the context of lesson study influence the noticing skill of the participant preservice teacher, Lisa. Results indicated that the lesson study process supported teacher noticing of student mathematical thinking as the preservice teacher engaged in planning, teaching, and reflecting on the lessons. It was found that the collaborative and reflective structure of lesson study based on the anticipation of students’ thinking and interactions between group members significantly increased the level of noticing. The study also revealed that reading about mathematics subjects and the classroom teacher’s feedback proved helpful to develop Lisa’s noticing."
expert teacher noticing student errors in real time,crossref,ok,3380017,10.1007/978-3-319-46753-5_16,Complexities in Measuring Teacher Noticing: Commentary,2017,
expert teacher noticing student errors in real time,crossref,ok,3380017,10.1007/978-3-032-31188-7_2,Expert and Novice Teachers’ Noticing During the Observation of a Video on Teaching the Pythagorean Theorem,2026,
expert teacher noticing student errors in real time,crossref,ok,3380017,10.2307/jj.22730662.14,Noticing and Pre-Service Teachers,2021,
expert teacher noticing student errors in real time,crossref,ok,3380017,10.1007/978-3-319-46753-5_12,Extending Equitable Practices in Teacher Noticing: Commentary,2017,
expert teacher noticing student errors in real time,crossref,ok,3380017,10.1016/j.tate.2014.09.005,"Studying teacher noticing: Examining the relationship among pre-service science teachers' ability to attend, analyze and respond to student thinking",2015,
expert teacher noticing student errors in real time,crossref,ok,3380017,10.1007/978-3-319-46753-5_23,Exploring the Boundaries of Teacher Noticing: Commentary,2017,
expert teacher noticing student errors in real time,crossref,ok,3380017,10.1007/s10857-021-09520-5,An analysis of elementary prospective teachers’ noticing of student pattern generalization strategies in mathematics,2021,
expert teacher noticing student errors in real time,crossref,ok,3380017,10.21832/9781800411241-011,8 Noticing of Verbal Resources,2021,
expert teacher noticing student errors in real time,crossref,ok,3380017,10.21832/9781800411241-012,9 Noticing and Pre-Service Teachers,2021,
expert teacher noticing student errors in real time,crossref,ok,3380017,10.4324/9781003370604-7,Heterogenous student characteristics as a challenge in professional noticing of teachers in diagnostic judgment situations,2024,
expert teacher noticing student errors in real time,crossref,ok,3380017,10.5951/mathteaceduc.7.2.0057,The Student Discourse Observation Tool: Supporting Teachers in Noticing Justifying and Generalizing,2019,"In classrooms, students engage in argumentation through justifying and generalizing. However, these activities can be difficult for teachers to conceptualize and therefore promote in their classrooms. In this article, we present the Student Discourse Observation Tool (SDOT) developed to support teachers in noticing and promoting student justifying and generalizing. The SDOT serves the purpose of (a) focusing teacher noticing on student argumentation during classroom observations, and (b) promoting focused discussion of student discourse in teacher professional learning communities. We provide survey data illustrating that elementary-level teachers who participated in professional development leveraging the SDOT had richer conceptions of justifying and generalizing and greater ability to characterize students' justifying and generalizing when compared with a set of control teachers. We argue that the SDOT provides both an important focusing lens for teachers and a means to concretize the abstract mathematical activities of justifying and generalizing."
expert teacher noticing student errors in real time,crossref,ok,3380017,10.1201/9781351076203-1,Real-Time Expert Systems,2018,
expert teacher noticing student errors in real time,crossref,ok,3380017,10.1016/j.tate.2022.103906,Real-time teacher-student interactions: The dynamic interplay between need supportive teaching and student engagement over the course of one school year,2023,
expert teacher noticing student errors in real time,crossref,ok,3380017,10.21832/9781800411241-010,7 Noticing of Embodied Resources,2021,
expert teacher noticing student errors in real time,crossref,ok,3380017,10.21832/9781800411241-005,2 Noticing: An Integrative Perspective,2021,
expert teacher noticing student errors in real time,crossref,ok,3380017,10.4337/9781035321544.00025,Self-observation with video as a support for teacher noticing of student thinking,2025,
expert teacher noticing student errors in real time,crossref,ok,3380017,10.5951/mtlt.2024.0151,Noticing Student Thinking to Create Equity,2026,Explore how to notice student thinking and expand noticing practices by viewing a short video from an eighth-grade mathematics lesson through an equity lens.
expert teacher noticing student errors in real time,crossref,ok,3380017,10.1007/978-3-319-46753-5_2,Teacher Noticing in Various Grade Bands and Contexts: Commentary,2017,
expert teacher noticing student errors in real time,crossref,ok,3380017,10.1016/j.tate.2025.105358,How to improve teachers’ noticing effectively: A meta-analysis of teacher noticing interventions,2026,
expert teacher noticing student errors in real time,crossref,ok,3380017,10.3102/1689057,Analyzing Student-Teacher Discourse Prompted by a Real-Time Alerting Dashboard for Science Inquiry Practices,2021,
expert teacher noticing student errors in real time,crossref,ok,3380017,10.1007/978-3-319-46753-5_8,Mathematical Teacher Noticing: The Key to Learning from Lesson Study,2017,
expert teacher noticing student errors in real time,crossref,ok,3380017,10.1016/j.tate.2025.105035,"To notice, but what? An investigation on pre-service teachers’ noticing of strengths and deficits in student thinking",2025,
expert teacher noticing student errors in real time,crossref,ok,3380017,10.1016/j.tate.2023.104202,Noticing structural inequities in classroom discussions: The relationship between teacher educator pedagogies and teachers’ noticing,2023,
expert teacher noticing student errors in real time,crossref,ok,3380017,10.1080/1046560x.2021.1966161,Video Analysis and Professional Noticing in the Wild of Real Science Teacher Education Classes,2021,
expert teacher noticing student errors in real time,crossref,ok,3380017,10.1007/978-3-319-46753-5_18,Using Mathematical Learning Goals to Analyze Teacher Noticing,2017,
expert teacher noticing student errors in real time,crossref,ok,3380017,10.1007/978-3-319-46753-5_14,“Maybe It’s a Status Problem.” Development of Mathematics Teacher Noticing for Equity,2017,
expert teacher noticing student errors in real time,crossref,ok,3380017,10.21832/jackso1234,Language Teacher Noticing in Tasks,2021,"This book provides an accessible account of teacher noticing, the process of attending to, interpreting and acting on events which occur during engagement with learners, in contexts of language teacher education. It presents an innovative study of task-based interaction and emphasizes the role of reflective practice in professional development."
elite sport talent development environment coach practices,crossref,ok,7348008,10.1080/10413200701188944,Effective Talent Development: The Elite Coach Perspective in UK Sport,2007,
elite sport talent development environment coach practices,crossref,ok,7348008,10.4324/9781003251309-3,Career Development of Elite Coach Developers,2023,
elite sport talent development environment coach practices,crossref,ok,7348008,10.1123/iscj.2019-0005,Case Studies From Elite Youth Soccer: Reflections on Talent Development Practices,2021,"With early specialisation being commonplace within elite youth soccer, knowledge of the psychosocial implications associated with talent development practices would be of considerable use for the coaching practitioner. This paper uses case studies as a platform to discuss potential psychosocial implications of early specialisation, and further, it also offers practical suggestions for the elite youth soccer coach. Three case studies were chosen; each is an account of observations that took place within a British soccer academy. Themes of the case studies included adult-led structures in early specialisation, awareness of need thwarting coach behaviours, and the retention or release of players. The case studies were deliberately chosen to prompt discussion, reflection, and action. Following the presentation of each case study, a theoretically driven discussion is formulated. Practical suggestions are then provided to assist in the management of talent development practices within elite youth soccer and to further enrich the experiences of players. Concluding thoughts and areas for future research are briefly discussed."
elite sport talent development environment coach practices,crossref,ok,7348008,10.21203/rs.3.rs-10036689/v1,"Governance Transformation in China’s Elite Sport elite sport reserve talent development: A Policy Text Analysis of 47 National Documents, 1949–2024",2026,"Abstract
                This study examines how the governance structure of China’s elite sport elite sport reserve talent development has changed since the founding of the People’s Republic of China. Drawing on 47 national-level policy documents issued between 1949 and 2024, it develops a three-dimensional analytical framework that links governance stages, policy instruments, and governance actors. Using theory-driven content analysis and qualitative policy interpretation, the study addresses three questions: how the governance structure has evolved, how policy instruments have been selected and combined across stages, and what governance logic underlies this transformation. The findings identify four stages of governance transformation: a chain-type centralized model from 1949 to 1978, a tower-type dependent model from 1979 to 1992, a ring-type consultative model from 1993 to 2011, and a network-type collaborative governance since 2012. Across these stages, policy supply shifted from unified administrative provision to differentiated cross-sectoral provision; policy values moved from performance-oriented instrumental rationality toward broader value rationality; implementation expanded from single-department control to multi-actor participation; and institutional safeguards gradually moved from policy guidance toward rule-of-law regulation. Yet this transformation remains incomplete. Fragmented coordination, uneven implementation capacity, and insufficient legal consolidation continue to constrain collaborative governance. This study contributes to sport governance research by linking policy instruments with changing actor relations in a long-term, state-led elite sport system. It also shows how hierarchical control, sectoral coordination, and collaborative governance coexist in China’s elite sport reserve talent development system."
elite sport talent development environment coach practices,crossref,ok,7348008,10.4324/9780429351037-17,Sport Coach Development,2019,
elite sport talent development environment coach practices,crossref,ok,7348008,10.1123/iscj.2018-0041,The Talent Development Environment Questionnaire as a Tool to Drive Excellence in Elite Sport Environments,2019,
elite sport talent development environment coach practices,crossref,ok,7348008,10.4324/9780203080443-12,Coach behaviour analysis within elite youth soccer,2013,
elite sport talent development environment coach practices,crossref,ok,7348008,10.4324/9781003232322-2,"Coach education, coach learning and professional development",2024,
elite sport talent development environment coach practices,crossref,ok,7348008,10.5604/01.3001.0012.6519,Polish version of research based Model of Sport Talent Development Environment and adaptation of Talent Development Environment Questionnaire”,2017,"There is an increasing interest in optimizing sport talent development. One of the crucial factors that influence all talented athletes throughout their careers is the quality and the appropriateness of the coaching environment. Numerous research show that specific needs are associated with culture. The purpose of the study was to determine crucial factors of effective talent deve-lopment environment and to adapt and verify psychometric properties of the Talent Deve-lopment Environment Questionnaire (Martindale et al., 2010). In the group of 496 athletes (Ma-ge=19.32, Nfemale=181, Nmale=315) analyses were conducted to adapt and verify psychome-tric properties of the scale measuring sport talent development environment. Factor analysis showed that in polish context the six-factor model (loads from 0.35 to 0.67) was more suitable. The extracted factors were: Communication, Lack of Supporting Environment, Support Ne-twork, Individualized Approach to Athlete, Understanding the Athlete, Long-term Development Fundamentals. All factors were associated with self-efficacy and self-esteem of the athletes. The authors of the original model suggested that there could be context-specific requirements within a talent development, what was confirmed in this study. This is particularly important for practi-tioners, for whom the coach-athlete cooperation has international basis."
elite sport talent development environment coach practices,crossref,ok,7348008,10.4324/9781003232322-3,Coach development,2024,
elite sport talent development environment coach practices,crossref,ok,7348008,10.52383/itfcoaching.v29i84.204,“Slippage” in the talent development environment of elite junior tennis players,2021,"“Slippage” occurs when there is a mismatch between the intended message communicated (by coach, parent, or talent development environment) and the received message by junior tennis players.  The concept of slippage has received attention in educational settings, but research has yet to investigate the possible effects on junior tennis players.  The purpose of this study was to examine the experiences of 8 UK, elite junior tennis players and describe what it is like to perform in the elite junior context.  An Interpretative Phenomenological Analysis (IPA) of 8 elite junior tennis players (playing LTA Grade 2 and upwards) shows their insights into elite junior tennis.  This study found that (a) participants seek meaning behind their tennis experiences and they infer messages from their environment that are not intended, (b) “slippage” is associated with unintentional pressure, and (c) “slippage” is associated with a reduction of junior tennis players’ confidence.  The findings of this research contribute to an evolving, problematic epistemology of sports coaching and confirms that coaches can lose control of their intended message as players infer their own meanings from interactions within tennis.  The findings present governing bodies opportunities to inform coach education literature and consider how the difference between the intended coaching message and the received coaching message can impact the emotional state of junior tennis players."
elite sport talent development environment coach practices,crossref,ok,7348008,10.4324/9781351271882-7,Talent identification and development in elite youth disability sport,2018,
elite sport talent development environment coach practices,crossref,ok,7348008,10.4324/9781315266343-4,Being the national coach in an Olympic sport,2019,
elite sport talent development environment coach practices,crossref,ok,7348008,10.4324/9780080554426-7,Comparative elite sport development,2007,
elite sport talent development environment coach practices,crossref,ok,7348008,10.1080/17430437.2015.1124566,Talent identification and development in elite youth disability sport,2016,
elite sport talent development environment coach practices,crossref,ok,7348008,10.4324/9781003184430-8,The role of skill acquisition in coach and athlete development in Paralympic Sport,2022,
elite sport talent development environment coach practices,crossref,ok,7348008,10.4324/9781003232322-13,What gets developed in coach development?,2024,
elite sport talent development environment coach practices,crossref,ok,7348008,10.4324/9781315266343-3,Being the personal coach,2019,
elite sport talent development environment coach practices,crossref,ok,7348008,10.1080/17511321.2015.1088059,"Talent Development, Existential Philosophy, and Sport. On becoming an Elite Athlete",2015,
elite sport talent development environment coach practices,crossref,ok,7348008,10.1016/b978-0-7506-8281-7.50004-x,Comparative elite sport development,2008,
elite sport talent development environment coach practices,crossref,ok,7348008,10.1026/2941-7597/a000079,Talent Development or Talent Loss? Dropout Considerations in Elite Sports           Systems,2026,
elite sport talent development environment coach practices,crossref,ok,7348008,10.4324/9781003232322-9,"An Embedded, Relational, Emergent coach learning and development strategy",2024,
elite sport talent development environment coach practices,crossref,ok,7348008,10.4324/9781003160939-18,Coach Development Pedagogy,2024,
elite sport talent development environment coach practices,crossref,ok,7348008,10.1080/23750472.2022.2033638,Talent transfer: a complementary elite sport development pathway,2022,
elite sport talent development environment coach practices,crossref,ok,7348008,10.4324/9781003232322-11,"An Embedded, Relational, Emergent coach learning and development strategy",2024,
elite sport talent development environment coach practices,crossref,ok,7348008,10.4324/9781003232322-10,"An Embedded, Relational, Emergent coach learning and development strategy",2024,
elite sport talent development environment coach practices,crossref,ok,7348008,10.4324/9781315266343-34,The coach nomad,2019,
elite sport talent development environment coach practices,crossref,ok,7348008,10.4324/9781003232322-8,"An Embedded, Relational, Emergent coach learning and development strategy",2024,
elite sport talent development environment coach practices,crossref,ok,7348008,10.4324/9781003472438-1,"Coach Education, Development, and Assessment",2024,
elite sport talent development environment coach practices,crossref,ok,7348008,10.5771/9781782557449-279,11 Pillar 7: Coach provision and coach development,2015,
elite sport talent development environment coach practices,crossref,ok,7348008,10.4324/9781003232322-7,"An Embedded, Relational, Emergent conceptualisation of coach learning and development",2024,
elite sport talent development environment coach practices,crossref,ok,7348008,10.4324/9781003232322-6,"An Embedded, Relational, Emergent conceptualisation of coach learning and development",2024,
elite sport talent development environment coach practices,crossref,ok,7348008,10.18666/jasm-2016-v8-i2-6373,"Understanding Talent Retention within a Sport System: Exploring the Elite Youth Hockey Development System in Alberta, Canada",2016,
elite sport talent development environment coach practices,crossref,ok,7348008,10.4324/9781003472438-14,Sport Coach Assessment in New Zealand,2024,
elite sport talent development environment coach practices,crossref,ok,7348008,10.1080/00948705.2019.1613160,"Talent development, existential philosophy and sport: on becoming an elite athlete",2019,
elite sport talent development environment coach practices,crossref,ok,7348008,10.4324/9781003160939-5,Coach Development Across North America,2024,
elite sport talent development environment coach practices,crossref,ok,7348008,10.1123/iscj.2017-0091,Coach-Created Talent Development Motivational Climate in Canoe Slalom in the United Kingdom,2019,
elite sport talent development environment coach practices,crossref,ok,7348008,10.4324/9781003160939-32,High-Performance Coach Development,2024,
elite sport talent development environment coach practices,crossref,ok,7348008,10.4324/9781003160939-25,Developing Coach Developers in and for Performance Development and High-Performance Sport,2024,
elite sport talent development environment coach practices,crossref,ok,7348008,10.4324/9781003472438-5,Reframing Assessment in Coach Education and Development Programmes,2024,
elite sport talent development environment coach practices,crossref,ok,7348008,10.1007/s11332-026-01672-2,"Physical preparation in a talent development environment: exploration of Ladies Gaelic football coaches’ knowledge, practices, perceptions and challenges",2026,"Abstract
                  
                    Background
                    In team sports, physical attributes including strength, speed, agility, power, and endurance are important performance markers. However, their development is often entrusted to sports coaches, who may not have the specialised knowledge to optimise player development and reduce injury risk.
                  
                  
                    Aims
                    To explore the current knowledge, practices, perceptions, and challenges facing inter-county coaches regarding physical preparation within a talent development context.
                  
                  
                    Methods
                    
                      Fifty-nine inter-county coaches completed an online survey comprising seven sections: informed consent; demographics; education and qualifications; current strength and conditioning (S&amp;C) practices; recovery and monitoring strategies; coaches’ perspectives on athletic development; and barriers and facilitators. Fixed-response questions were analysed using frequency analysis. Pearson's chi-square (
                      χ
                      2
                      ) tests determined if there was an association between the age grade coached and coaching experience, education, and qualifications. A one-way analysis of variance (ANOVA) was conducted to assess differences between age groups in current S&amp;C practices. Content analysis was utilised to evaluate open-ended responses, revealing coaches’ current knowledge and beliefs about the benefits of implementing athletic development programmes at inter-county level.
                    
                  
                  
                    Results
                    No significant differences were found between age groups and years of inter-county coaching experience, NGB coaching or sport-related qualifications. Significant differences were identified between the age grades regarding the number of weekly gym sessions completed. Coaches identified several benefits of athletic development training to football performance. However, a significant cohort could not articulate these benefits.
                  
                  
                    Conclusions
                    LGFA Coaches recognise the benefits of incorporating S&amp;C practices for both performance and injury prevention. However, gaps in understanding, lack of expertise, and insufficient resources contribute to inconsistencies in practice."
elite sport talent development environment coach practices,crossref,ok,7348008,10.4324/9781003099345-7,The Social Network and the Coach,2023,
elite sport talent development environment coach practices,crossref,ok,7348008,10.3390/educsci15070932,“Everything Plays a Part Doesn’t It?’’: A Contemporary Model of Lifelong Coach Development in Elite Sport,2025,"Coach development is typically considered to consist of a complex mix of experiences, including formal, informal and non-formal. Elements of the early research in this area led to the production of a model of long-term coach development (LTCD) over a decade ago, consisting of three core categories of experience: athletic, coaching and education, later published in a number of significant coaching documents. Whilst this model has clearly been of benefit in providing a framework to consider long-term coach development, it can also be considered to have its limitations in focusing on a somewhat narrow coaching context (typically Olympic sports in North America) and lacking currency. This study therefore attempted to consider and update this model to a professional team sport context away from North America by investigating the life stories of head coaches in English rugby league. Data collection consisted of a novel life story approach, whilst analysis utilised elements of constructivist grounded theory. Though supporting elements of the original LTCD model, results here provide an additional category of experience occurring prior to athletic experience, childhood, consisting of a number of sub-themes, alongside several other novel elements with implications for both research and practice. This work points towards a need to further understand coaches’ lifelong developmental journeys across a range of sports and contexts."
elite sport talent development environment coach practices,crossref,ok,7348008,10.51979/kssls.2010.08.41.557,Becoming a Wheelchair Basketball Coach - A Case Study ofa Top Elite Wheelchair Basketball Coach,2010,
elite sport talent development environment coach practices,crossref,ok,7348008,10.4324/9780429351037-16,Differentiated Instruction Through Engaged Lecturing for Coach Development,2019,
elite sport talent development environment coach practices,crossref,ok,7348008,10.4324/9781003160939-27,Global Coach Development in a Knowledge Society,2024,
elite sport talent development environment coach practices,crossref,ok,7348008,10.21203/rs.3.rs-6966955/v1,The Mediating Role of Coach-Athlete Relationship in Linking Talent Development Environment to Swimmer Burnout: A Cross-Sectional Study,2025,"Abstract
                Background
Competitive athletes frequently experience significant training and competition pressures that may lead to athlete burnout. As crucial psychosocial support systems, the talent development environment and coach-athlete relationship potentially mitigate these psychological challenges. This study investigates how these factors interact through athletes' perceived psychological strain to influence burnout among swimmers.
Methods
During swimming competitions, online questionnaires were distributed to participants. A total of 320 questionnaires were collected. The questionnaire included athletes' basic information and general scales such as APSQ, ABQ, TDEQ, and CARTQ to assess athletes' psychological strain, burnout, talent development environment, and coach-athlete relationship. Using structural equation modeling, we examined both direct effects of psychological strain on burnout and the potential mediating pathways involving talent development environment and coach-athlete relationship.
Result
The analysis confirmed the direct impact of psychological strain on athlete burnout. The talent development environment did not have a direct effect on athlete burnout; however, it was found that the talent development environment, mediated by the coach-athlete relationship, negatively influenced athlete burnout, creating an indirect impact pathway. This reveals coach-athlete relationship's pivotal role as the primary mediator between environmental support and burnout reduction.
Conclusion
This study establishes that while perceived psychological strain directly exacerbates burnout, talent development environment operates indirectly by strengthening coach-athlete relationships. For Chinese swimmers, cultivating high-quality coach relationships proves essential for transforming environmental support into effective burnout prevention. These findings underscore the need for coach development programs focusing on relationship-building strategies and early strain recognition."
elite sport talent development environment coach practices,crossref,ok,7348008,10.4324/9781003160939-2,Foundations and Evolution of Coach Development,2024,
elite sport talent development environment coach practices,crossref,ok,7348008,10.1080/13573322.2022.2086113,Investigating the use of Appreciative Inquiry as a process for coach development within a National Governing Body talent development programme,2022,
elite sport talent development environment coach practices,crossref,ok,7348008,10.4324/9780429340635-5,Reflective practices in a volunteer community sport coach training programme,2021,
coach observation coding instrument expert behaviour,crossref,ok,1171117,10.1080/08924562.2017.1297748,The Domain Five Observation Instrument: A Competency-Based Coach Evaluation Tool,2017,
coach observation coding instrument expert behaviour,crossref,ok,1171117,10.1007/s11613-021-00712-9,"Wer kann, der coacht: Ein Instrument zur Messung interpersoneller Coach-Fähigkeiten",2021,"ZusammenfassungEs wird ein aus der Psychotherapieforschung stammendes, an Coaching adaptiertes Ratingmanual zur Messung interpersoneller Fähigkeiten vorgestellt. Es wurden Ratings für 18 Audioaufnahmen von dyadischen Coachingsitzungen von neun Coaches-in-Weiterbildung erstellt, die zu Beginn der Weiterbildung und ein Jahr später durchgeführt wurden. Das interpersonelle Verhalten und die Entwicklung der Kompetenzen von zwei Coaches-in-Weiterbildung werden exemplarisch dargestellt. Die Autorinnen ziehen das Fazit, dass sich das Instrument dazu eignet, objektive, valide und reliable Bewertungen der interpersonellen Kompetenzen von Coaches zu erstellen. Es wird ein Ausblick auf die praktische Relevanz in Weiterbildung und Coachingpraxis und zukünftige Forschung gegeben."
coach observation coding instrument expert behaviour,crossref,ok,1171117,10.1080/19388070609558453,Lesson observation and feedback: The practice of an expert reading coach,2006,
coach observation coding instrument expert behaviour,crossref,ok,1171117,10.1123/tsp.13.2.157,A Systematic Observation Study of the Teaching Behaviors of an Expert Basketball Coach,1999,"A systematic observation analysis was performed on Fresno State men’s basketball coach Jerry Tarkanian over the course of an entire season. Based on Tharp and Gallimore’s (1976) work and recent research on expert coaches’ training techniques (Côté et al., 1995; Durand-Bush, 1996), the Revised Coaching Behavior Recording Form was created to observe and record Tarkanian’s teaching behaviors and verbal cues. Results showed that tactical instructions was the most frequently occurring variable, representing 29% of the coded behaviors. This behavior was 13% higher than the second highest variable, hustles (16%). Following these two categories were technical instruction (13.9%), praise\encouragement (13.6%), general instructions (12%), scolds (6%), and six other categories with percentages less than 3%. This means that almost one-third of Coach Tarkanian’s practice behaviors relate to teaching offensive and defensive strategies to his team. This differs from the practice sessions of beginner- and intermediate-level coaches, who often focus on teaching fundamental skills to their athletes. A complete description of all 12 categories are provided along with implications for coaches of all levels."
coach observation coding instrument expert behaviour,crossref,ok,1171117,10.33546/bnj.v0i0.1117.s560,observation instrument,,
coach observation coding instrument expert behaviour,crossref,ok,1171117,10.20944/preprints202212.0369.v1,Behaviour Coding Approach for Assessing Pitfalls in a Questionnaire Instrument towards assessing healthcare security Practice,2022,"Questionnaires are useful instruments for gathering responses to specific factual questions. However, the problems of questionnaire responses impede the effective use of the questionnaire. Some of these problems including non-responses, non-completion, issues of judgement, and social desirability such as information that the respondent is not willing to disclose need to be dealt with. The situation is more compounded in a scenario where an information security practice study in a typical hospital consists of broad categories of respondents and the survey findings are to be relied on to actually address information security compliance issues. This study, therefore, shares ""pitfalls"" to watch when preparing a questionnaire to measure the information security practice level in a hospital which is characterized by different respondents with varying domain knowledge such as knowledge in information security, information communication technology, and that of the domain knowledge of healthcare. A synergy of a conventional pretesting method and behaviour coding were therefore used to pretest the questionnaire. Questionnaire problems including a lack of understanding of the healthcare information systems&amp;rsquo; structure of all hospitals, unclear questions, the insignificant difference between questions, problematic questions, inadequate questions, and complex terms were among the identified pitfalls to watch. Out of a total of 118 questionnaire items that were used in the pretesting, a total of 50 questionnaire items (representing 42%) were identified to have problems after the pretesting was conducted with a total of 36 respondents in behavior coding and 21 respondents in conventional pretesting."
coach observation coding instrument expert behaviour,crossref,ok,1171117,10.1037/t19733-000,Coach Fidelity Observation Scale,2012,
coach observation coding instrument expert behaviour,crossref,ok,1171117,10.4324/b23351-37,The coach and the FinTech digital expert,2023,
coach observation coding instrument expert behaviour,crossref,ok,1171117,10.4324/9780203730188-17,Coach Confirmation Instrument,2019,
coach observation coding instrument expert behaviour,crossref,ok,1171117,10.1108/oxan-es265722,Coach crash will not ease Bulgaria-North Macedonia row,2021,"Headline
               BULGARIA/NORTH MACEDONIA: Coach crash changes nothing"
coach observation coding instrument expert behaviour,crossref,ok,1171117,10.4324/9780203806913-25,COACH BEHAVIOUR,2013,
coach observation coding instrument expert behaviour,crossref,ok,1171117,10.1080/02640414.2011.635310,Developing the Coach Analysis and Intervention System (CAIS): Establishing validity and reliability of a computerised systematic observation instrument,2012,
coach observation coding instrument expert behaviour,crossref,ok,1171117,10.32388/7fi35g,"Sports coach, instructor and official",2022,
coach observation coding instrument expert behaviour,crossref,ok,1171117,10.1037/e354052004-001,Comparison of CBAS and SASB Methods for Coding Coach Behaviors,2003,
coach observation coding instrument expert behaviour,crossref,ok,1171117,10.1123/tsp.2011-0117,Coach Learning and Coach Education: Portuguese Expert Coaches’ Perspective,2014,"The aim of this study was to analyze Portuguese expert coaches’ conceptions of learning sources that promote long-term coach development and the extent to which these sources are currently present in coach education programs. Six expert coaches were individually interviewed, using a semistructured format and the interviews were analyzed using QSR
                    N6 Nudist
                    software. The results highlighted the participants’ awareness of the uniqueness of coach education, emphasizing the importance of reflecting and engaging with a variety of learning experiences. Findings also revealed dissatisfaction with the current dominant education framework in Portugal, which remains excessively didactic and classroom-orientated. In contrast, the participants externalized a constructivist approach for coach education assuming the need for theoretical knowledge to be framed in practical contexts, where they have the opportunity to share and reflect their own and others’ experiences to develop learning. Such a position echoes Sfard’s
                    acquisition
                    and
                    participation learning metaphors
                    ."
coach observation coding instrument expert behaviour,crossref,ok,1171117,10.1542/pcco_book013_document003,Hospital Consultations: Expert Evaluations—Expert Coding!,2004,
coach observation coding instrument expert behaviour,crossref,ok,1171117,10.1080/21640629.2017.1361168,The coaching process of the expert coach: a coach led approach,2017,
coach observation coding instrument expert behaviour,crossref,ok,1171117,10.4324/9781351199636-24,Working in and with the relationship – the coach as instrument,2019,
coach observation coding instrument expert behaviour,crossref,ok,1171117,10.4324/9780203806913.ch14,Coach Behaviour,,
coach observation coding instrument expert behaviour,crossref,ok,1171117,10.7190/shu-thesis-00508,Expert cricket coaches’ conceptions of the fast-bowling technique and how they coach it,,"The purpose of this study was to investigate expert coaches’ conceptions (internal models) of the fast-bowling technique, how they coached it and how they acquired the knowledge for both. Twenty expert cricket coaches from around the world, took part in semi-structured interviews, with all interviews being transcribed verbatim. Thematic analysis (Braun &amp; Clarke 2006) was carried out and thematic networks (Attride-Stirling, 2001) were produced for the coaches’ models of a ‘good’ fast-bowling technique, a ‘poor’ fast-bowling technique; coaches’ approaches to coaching; and coaches’ sources of knowledge. The coaches’ model of a ‘good’ fast-bowling technique matched the empirical literature findings, as did the model of a ‘poor’ technique, with both models using the six-phase technique (Bartlett et al 1996). It is believed that the model of a ‘poor’ technique is the first of its kind to be produced. Fetisova et al (2020) suggested that coaches (expert and non-expert) tend to be able to identify the individual components of a technique, but the ability to distinguish the ‘big picture’ of the technique, how individual elements fit together and the biomechanical principles that cause this, are the factors that differentiate the expert coaches from the non-expert coaches. The coaches’ explicit discussion of biomechanical principles was varied across the cohort. The coaches’ approach to coaching was broken down into six sub-themes: ‘Coaching philosophy &amp; beliefs’, ‘Physical and mental preparation and development’, ‘Coaching environments and interventions’, ‘Coach-player relationships and communications’, and ‘Other factors’. Coaches believed strongly in individualising coaching analysis and interventions and stated a preference for holistic development. However, there was little discussion of variation to pedagogical approaches, with coaches having a strong preference for using drill-based coaching interventions. The coaches’ sources of knowledge were also pulled into six sub-themes: ‘Experience, Coach education/CPD’, ‘Other formal professional knowledge and education’, ‘Conversations with other experts’, ‘Self-directed study’, and ‘Personal theory and experimentation’. Coaches built their knowledge and expertise in a non-linear fashion. Coaches preferred referring to former and current high-level performers as models of technique and worked closely with"
coach observation coding instrument expert behaviour,crossref,ok,1171117,10.1037/t48617-000,Para-Coach Athlete Interaction Coding System,2014,
coach observation coding instrument expert behaviour,crossref,ok,1171117,10.1080/1091367x.2025.2467305,Developing the Coach Educator Pedagogy Analysis System (CEPAS): Establishing Validity and Reliability of a Systematic Observation Instrument,2025,
coach observation coding instrument expert behaviour,crossref,ok,1171117,10.4324/9780203020074-23,The development of expert coaching,2006,
coach observation coding instrument expert behaviour,crossref,ok,1171117,10.3758/brm.40.3.673,Train-to-Code: An adaptive expert system for training systematic observation and coding skills,2008,
coach observation coding instrument expert behaviour,crossref,ok,1171117,10.4324/9780203080443-12,Coach behaviour analysis within elite youth soccer,2013,
coach observation coding instrument expert behaviour,crossref,ok,1171117,10.28925/2414-0325.2018.5.123132,"""Language coach"" as an instrument for the crosscultural competence formation and development",2018,"The article reveals the description of a scientific and practical project aimed at developing cross-cultural competence among students of the Borys Grinchenko University of Kyiv. The mechanisms of formation and development of cross-cultural competence among students of the youth are revealed, as well as theoretically, the structural components of the above mentioned competence are researched in order to further successful adaptation of the personality in the process of intercultural communication. These components include: sensitivity to intercultural differences and linguistic understanding. An interactive tool for the formation and development of cross-cultural competence, author's personal diary ""Language coach"" was developed and tested. The principles and levels of this tool are described. Principles include: principles of conscious learning and conscious choice, interaction, positive attitude, creativity, reflexivity, self-motivation and readiness to act, self-management and monitoring, active and productive action. The content of the co-educational, interactive, creative, activity and reflexive levels of the proposed author's interactive tool is revealed. The peculiarities of the linguistic and socio-cultural component of the indicated instrument are revealed. Italso describes the filling and specificity of the tasks, designed for the 21st day of the diary. Project Duration: February 2017-December 2018. Testing of interactive tools took place during the first semester of the academic year 2018. The participants were students of the 2nd year, numbering 20 people, specialty ""Psychology"", the Institute of Human Rights of the CUBA. The article provides in detail the format of organization and implementation of the project, interaction with its participants. As a result of the quantitative and qualitative indicators of the empirical part, a psychological portrait of users is created. The advantages and disadvantages of this tool are revealed."
coach observation coding instrument expert behaviour,crossref,ok,1171117,10.1177/2167479516660037,Quantifying Coach Confirmation,2016,"The lack of appropriate measurement to assess athlete-coach interaction and athletes’ psychological states has historically plagued sport studies research (i.e., an encompassing term for sport psychology, management, sociology, and communication) and may partially explain the lack of empirical research regarding athlete-coach interaction within the emerging field of sport communication. Without valid and reliable tools to assess athlete-coach interactions, understanding the antecedents and outcomes of these relationships, which is a central aim of sport communication research, cannot be accomplished. This article develops and demonstrates validity for a measure of the coach confirmation instrument (CCI) via two studies. In Study 1, an exploratory factor analysis and parallel analysis produced a 15-item, two-factor measure (challenge and acceptance). In Study 2, a confirmatory factor analysis confirmed this two-factor structure had an acceptable-to-good fit using a variety of fit indices. Additionally, preliminary degrees of validity for the CCI were demonstrated through Pearson correlations with athletes’ feeling of being confirmed, coach satisfaction, and perceptions of coach verbal aggression. Collectively, these studies indicate the CCI is a structurally stable measure, which demonstrates good reliability and initial degrees of face, concurrent, convergent, discriminant, and content validity."
coach observation coding instrument expert behaviour,crossref,ok,1171117,10.4324/9780203994986-26,COACH EDUCATION AND COACHING PRACTICE,2005,
coach observation coding instrument expert behaviour,crossref,ok,1171117,10.1542/9781610027151-ch15,Concussion,2023,
coach observation coding instrument expert behaviour,crossref,ok,1171117,10.1542/9781610027151-ch27,Integumentary,2023,
coach observation coding instrument expert behaviour,crossref,ok,1171117,10.4324/9780203994986-11,THE ROLE OF THE COACH,2005,
coach observation coding instrument expert behaviour,crossref,ok,1171117,10.1542/9781610027151-ch17,Contraception,2023,
coach observation coding instrument expert behaviour,crossref,ok,1171117,10.1542/9781610027151-appendixes,Appendixes,2023,
coach observation coding instrument expert behaviour,crossref,ok,1171117,10.1542/9781610027151-ch13,Circumcision,2023,
coach observation coding instrument expert behaviour,crossref,ok,1171117,10.1542/9781610027151-ch10,Burns,2023,
coach observation coding instrument expert behaviour,crossref,ok,1171117,10.1542/9781610027151-ch4,Asthma,2023,
coach observation coding instrument expert behaviour,crossref,ok,1171117,10.1542/9781610027151-ch20,Fever,2023,
coach observation coding instrument expert behaviour,crossref,ok,1171117,10.1542/9781610027151-ch22,Fractures,2023,
coach observation coding instrument expert behaviour,crossref,ok,1171117,10.2139/ssrn.2076543,"The Wiki Quality Instrument: Coding Manual, Training Guidelines, and Coding Protocols",2012,
coach observation coding instrument expert behaviour,crossref,ok,1171117,10.1542/9781610027151-ch35,Obesity,2023,
coach observation coding instrument expert behaviour,crossref,ok,1171117,10.1542/9781610027151-ch18,Depression,2023,
coach observation coding instrument expert behaviour,crossref,ok,1171117,10.1145/3603955.3603979,Behaviour coding approach for assessing pitfalls in a questionnaire instrument towards assessing healthcare security practice,2023,
coach observation coding instrument expert behaviour,crossref,ok,1171117,10.1542/9781610027151-ch36,Oral Health,2023,
coach observation coding instrument expert behaviour,crossref,ok,1171117,10.1542/9781610027151-ch23,Genitourinary Services,2023,
coach observation coding instrument expert behaviour,crossref,ok,1171117,10.1542/9781610027151-ch37,Preventive Services,2023,
coach observation coding instrument expert behaviour,crossref,ok,1171117,10.1542/9781610027151-ch21,Foreign Bodies,2023,
coach observation coding instrument expert behaviour,crossref,ok,1171117,10.1542/9781610027151-ch29,Laboratory Services,2023,
coach observation coding instrument expert behaviour,crossref,ok,1171117,10.1542/9781610027618-ch1,General Telemedicine Coding and Documentation Concepts,2024,Chapter Highlights
coach observation coding instrument expert behaviour,crossref,ok,1171117,10.15760/etd.2282,Development of an Observation Instrument to Assess Behavior,2000,
coach observation coding instrument expert behaviour,crossref,ok,1171117,10.1542/9781610027151-ch7,Behavioral Health,2023,
text-based coaching effectiveness asynchronous feedback,crossref,ok,7683661,10.2196/preprints.101820,Next-Day Mood Improvement After Asynchronous Text-Based Coaching on a Mobile Mental Health Platform in Singapore and Malaysia: Retrospective Observational Study (Preprint),2026,"UNSTRUCTURED
                  Asynchronous text-based mental health coaching is widely deployed in Southeast Asia, but peer-reviewed evidence from regional platforms remains limited. We analyzed 4 years of deidentified operational data (April 2021 to March 2025) from the ThoughtFull mobile platform serving corporate employees in Singapore and Malaysia, testing whether 30 or more minutes of asynchronous coaching on a given day was associated with positive mood change on the following day. Across 598 day-pairs from 278 unique users with negative Day-1 mood, mean next-day mood change was large at both observation and user levels (Cohen dz = 0.901 and 0.948, respectively; one-sided P &lt; .001 for both) and robust under non-parametric testing; no user showed net deterioration. No association was observed between session duration and mood change beyond the 30-minute qualifying threshold, suggesting a threshold rather than continuous dose-response pattern. Findings extend the evidence base for asynchronous text-based coaching to a real-world Southeast Asian corporate context and motivate controlled testing with validated outcome measures."
text-based coaching effectiveness asynchronous feedback,crossref,ok,7683661,10.1038/s41598-026-59780-5,AI-based performance feedback and coaching effectiveness: a moderated mediation model in football,2026,
text-based coaching effectiveness asynchronous feedback,crossref,ok,7683661,10.1007/s40692-021-00212-w,Language-related episodes and feedback in synchronous voiced-based and asynchronous text-based computer-mediated communications,2022,
text-based coaching effectiveness asynchronous feedback,crossref,ok,7683661,10.4135/9781544306209,Strengths-Based Feedback: Tenth Grade,2016,
text-based coaching effectiveness asynchronous feedback,crossref,ok,7683661,10.21274/ls.2019.11.1.183-192,THE EFFECTIVENESS OF MENTOR COACHING ON PREPARING TEXT-BASED LESSON PLAN BY STUDENT TEACHERS,2019,
text-based coaching effectiveness asynchronous feedback,crossref,ok,7683661,10.1257/rct.14383-2.0,Improving Teachers Equitable Mathematics Instruction Through Integrating Automated Feedback and Coaching: A Randomized Controlled Trial,2024,
text-based coaching effectiveness asynchronous feedback,crossref,ok,7683661,10.1257/rct.14383-1.0,Improving Teachers Equitable Mathematics Instruction Through Integrating Automated Feedback and Coaching: A Randomized Controlled Trial,2024,
text-based coaching effectiveness asynchronous feedback,crossref,ok,7683661,10.31235/osf.io/6zewk,The Effectiveness of Teacher Electronic Feedback in Asynchronous Teaching: A Case Study of Foundation Students at Sultan Qaboos University,2021,"Due to the Covid-19 pandemic, educational systems worldwide, including Oman, were affected as this led to temporary closures of schools, colleges, and universities. In response to such closures, many countries decided to continue offering education through distance learning. Similarly, Sultan Qaboos University (SQU), the only government university in Oman, opted for asynchronous teaching through Emergency Remote Teaching (ERT).  Through ERT, there is a temporary shift in instructional delivery. Its primary aim is to provide temporary access to instruction and support materials quickly and reliably during the crisis.  Asynchronous teaching provides students with flexibility to access the materials posted by teachers whenever they can, leaving teachers with many challenges. One of these challenges is the ability to offer proper feedback to students. Therefore, this study aimed to examine the perceptions of both teachers and students on the electronic feedback provided in ERT. A total of 8 teachers 80 students enrolled in the foundation program at SQU participated in the study. The responses of both teachers and students were collected through online questionnaires and semi-structured interviews. The findings of the study indicate that some feedback methods seemed to be more effective. The study also identified the challenges faced by both students and teachers in terms of electronic feedback. Furthermore, the study gives suggestions to improve electronic feedback methods."
text-based coaching effectiveness asynchronous feedback,crossref,ok,7683661,10.1257/rct.14383,Improving Teachers Equitable Mathematics Instruction Through Integrating Automated Feedback and Coaching: A Randomized Controlled Trial,2024,
text-based coaching effectiveness asynchronous feedback,crossref,ok,7683661,10.15766/mep_2374-8265.11534,Procedural Education for Family Medicine Residents: Innovative Independent Suturing Training With Asynchronous Coaching and Feedback,2025,
text-based coaching effectiveness asynchronous feedback,crossref,ok,7683661,10.1007/978-3-032-11842-4_4,Coaching Effectiveness,2026,
text-based coaching effectiveness asynchronous feedback,crossref,ok,7683661,10.1177/174183051601400212,Book Review: Coaching and Mentoring: A Critical Text,2016,
text-based coaching effectiveness asynchronous feedback,crossref,ok,7683661,10.1365/s40896-017-0016-6,Anwendung der Gesprächsanalyse als Feedback-Instrument im Chat-Coaching,2017,
text-based coaching effectiveness asynchronous feedback,crossref,ok,7683661,10.5539/ijel.v9n3p23,The Role of an Instructor’s Asynchronous Feedback in Promoting Students’ Interaction and Text Revisions,2019,"This study focused on teacher asynchronous feedback and how it engaged 15 English as Foreign language (EFL) learners in revising their writing. The data was collected from (1) the teacher&amp;rsquo;s feedback, (2) students&amp;rsquo; responses and, (3) students&amp;rsquo; drafts of writing. The data analysis showed that the teacher provided a number of 832 items of feedback which were categorized into &amp;ldquo;question&amp;rdquo; as the most dominating category, followed by &amp;ldquo;statement&amp;rdquo;, &amp;ldquo;suggestion&amp;rdquo;, &amp;ldquo;directive&amp;rdquo; and &amp;ldquo;correction&amp;rdquo;. Three hundred and eighty (380;46%) of the feedback items were direct, while 452 (54%) were indirect. The feedback focused on content, organization, vocabulary, grammar, mechanics and more general/not specific comments. Teacher&amp;rsquo;s feedback (1) engaged the learners in text revisions (overall=1102 comments), (2) stimulated their responses (overall=1032 comments) and (3) extended their online asynchronous interactions. Of the total amount of text revisions (1102), 362 (33%) were made based on the teacher&amp;rsquo;s direct feedback, and 427 (38%) of them were based on the teacher&amp;rsquo;s indirect feedback, while 313 (29%) were based on peers&amp;rsquo; and self-corrections. The learners revised their writing in terms of content, organization, vocabulary, grammar and mechanics. The findings have implications for teacher interactive feedback practices in writing and the role of asynchronous tools in facilitating such practices."
text-based coaching effectiveness asynchronous feedback,crossref,ok,7683661,10.32469/10355/85786,A case study of building leaders' experiences with strengths-based coaching and feedback,,"This study examined the experiences of building leaders as they implemented strengths-based coaching and feedback, exploring the overarching research question: how do building leaders implement strengths-based coaching and feedback as part of teacher development and evaluation? This qualitative case study involved four assistant principals and three head principals who were each in charge of observing and coaching teachers in one mid-sized, rural district in central Missouri. Participants were trained in positive psychology and strengths-based coaching by the Gallup organization, and in specific strengths-based coaching and feedback protocols through the Regional Professional Development Center/ Missouri Leadership Development System workshops and on-site coaching labs. Following a constructivist framework, this study examined building leaders' experiences and perspectives implementing strengths-based coaching and feedback, specifically the 30-second feedback model, as part of teacher development and evaluation. The researcher gathered data in a series of three interviews with each participant and a half-day observation of their implementation of the 30-second feedback protocol. The study found four themes: leaders value strengths-based coaching because it increases their visibility and credibility as instructional leaders; leaders implement strengths-based coaching models with freedom, flexibility, and individual style; implementation interacts in both positive and negative ways with formal district evaluation models; and leaders' implementation of strengths-based coaching models has resulted in increased knowledge of pedagogical skills and his or her own leadership strengths. Besides being a very powerful reflection and learning experience for the participants of this case study, the results have implications for future research on the application of instructional leadership in practice. Additionally, the findings imply that further research needs to be done on the impact of strengths-based coaching and feedback which could indicate needed policy changes in the implementation of formal evaluation models."
text-based coaching effectiveness asynchronous feedback,crossref,ok,7683661,10.1108/01437730210429070,The impact of executive coaching and 360 feedback on leadership effectiveness,2002,"Does executive coaching really work? Does it help improve leadership effectiveness and productivity? This action research study answers these questions by tracking the progress of 281 executives participating in a six‐month coaching and 360 feedback process. The results suggest that the combination of multi‐rater feedback and individual coaching do increase leadership effectiveness up to 60 per cent ‐‐ according to direct report and peer post‐survey feedback. Implications of the results for future executive development programs are discussed, and specific recommendations are provided."
text-based coaching effectiveness asynchronous feedback,crossref,ok,7683661,10.12927/cjnl.2018.25472,Exploring the Effectiveness of Multisource Feedback and Coaching with Nurse Practitioners,2018,
text-based coaching effectiveness asynchronous feedback,crossref,ok,7683661,10.4324/9781315523293-7,The Effectiveness of Feedback in Asynchronous Online Courses for Nonnative Speakers of English,2017,
text-based coaching effectiveness asynchronous feedback,crossref,ok,7683661,10.1177/174183051100905s08,What is the relationship between coaching interventions and team effectiveness?,2011,"This article concerns research undertaken with a cross-functional team preparing the market launch of a new product in Germany. The research aim was to find out whether there is a relationship between team and one-to-one coaching interventions and team effectiveness. Collaborative Action Research was chosen as a methodology to collect authentic, significant and trustworthy data from participants. Methods included semi-structured interviews, pre-test and post-test questionnaires, participant observation, individual and group feedback, and a researcher's diary. The aim of the study is to demonstrate the potential for tailored coaching interventions in relation to organisational outcomes."
text-based coaching effectiveness asynchronous feedback,crossref,ok,7683661,10.2196/preprints.11797,The Addition of Asynchronous Chat-Based Coaching to a Digital Behavioral Health Tool Promotes Support and Personalization (Preprint),2018,"BACKGROUND
                        Digital behavioral health (BH) tools can help improve or maintain BH conditions such as depression, anxiety, substance abuse, stress, chronic pain or insomnia; the efficacy of digital self-care tools can be enhanced via addition of human touch-points.
                
                                
                    OBJECTIVE
                        The objective of this study was to evaluate the feasibility and acceptability of adding asynchronous chat-based coaching to the myStrength digital BH platform.
                
                                
                    METHODS
                        Participants who were at least 18 years old, fluent in English and readily able to access the internet were recruited via Craigslist advertisements to participate in a pilot intervention. Participants were asked to use the digital tool at least 2 times per week and to communicate via online chat with a coach at least 2 times per week. Participants completed online surveys at 2 weeks, 4 weeks and 6 weeks, and completed a 30 minute telephone interview between 5 weeks and 6 weeks.
                
                                
                    RESULTS
                        Of 226 who responded to the advertisement, 200 people were invited to participate, 134 engaged in coaching initially and 96 completed the final interview. Seventy-eight percent of participants were female, 62% were white, 23% were black, 8% were Hispanic and 6% were Asian. One-fifth were in treatment with a BH provider, one-fifth received BH care from a medical provider, and 22% were taking BH medications. In response to the question, “On a scale of 0-10, how helpful has your coach been over the past 2-weeks,” the mean score and standard deviation were 7.5±2.4 at 2 weeks, 8.2±1.9 at 4 weeks and 8.6±1.9 at 6 weeks. Satisfaction with coaching was 7.6±2.5 (out of 10) at 2 weeks and 8.3±1.9 at 4 weeks. Participants felt that coaching increased the value of the digital tool, with a mean rating of 8.4±1.9 (out of 10). Three-quarters of participants felt that the encouragement coaches provided was the most helpful aspect, followed by guidance to specific resources (53%), support (51%), connection to another person (42%), and assurance (40%). These findings were corroborated in the qualitative data; participants emphasized the value of having personalized suggestions amidst a large breadth of content, an outside perspective, and greatly appreciated the “human contact in a digital world.” The coach-patient relationship strengthened over time (2-weeks vs 6-weeks): 78% vs 93% felt that the coach discussed things that were important to the participant; 78% vs 90% felt that the coach liked and understood them; 85% vs 93% felt the interaction with their coach was helpful; 77% vs 88% had confidence in the working relationship with their coach (all P&lt;0.05). Eighty-one percent of participants reported that they would prefer to work with the same coach over time whereas 19% would have preferred to talk with a coach in real time.
                
                                
                    CONCLUSIONS
                        The addition of asynchronous coaching to a digital BH platform was well received, perceived as helpful, and promoted a more personalized experience with the digital BH tool that improved over time; future studies will evaluate impact on clinical outcomes and engagement. The added human element helped participants feel supported in their struggles with BH issues and has the potential to help increase engagement to myStrength’s effective, evidence-based, well-being resources."
text-based coaching effectiveness asynchronous feedback,crossref,ok,7683661,10.1007/978-3-032-11842-4_8,The Impact of Psychological Mindedness on Executive Coaching Effectiveness,2026,
text-based coaching effectiveness asynchronous feedback,crossref,ok,7683661,10.1007/978-3-032-11842-4_6,The Development of the Coaching Effectiveness Scale: Study 1,2026,
text-based coaching effectiveness asynchronous feedback,crossref,ok,7683661,10.1177/174183051501309s08,Creating the conditions for receptivity of feedback,2015,"Feedback is generally accepted as key to improving business performance and is integral to coach practice. However, the anticipation of this activity can elicit feelings of anxiety and fear. Observations from business and coach practice developed a perception that feedback has negative connotations and is often avoided. The PPR Coaching Framework created from analysis and interpretation of data from coach practice offers guidance on a ‘way of being’. The framework takes a relational approach for creating the conditions for receptivity of feedback. The anticipation is that engaging in feedback from this perspective will diminish the current conjecture and promote more positive engagement. There appears to be insufficient guidance in coaching text on how competency in feedback is acquired; evidenced by the emphasis on tools and techniques. With relational aspects gaining prominence (de Haan and Nie, 2012) this suggests that this study will inform those engaged in feedback and contribute to coaching literature."
text-based coaching effectiveness asynchronous feedback,crossref,ok,7683661,10.4135/9781446251577.n13,Developing Coaching Theory,2012,
text-based coaching effectiveness asynchronous feedback,crossref,ok,7683661,10.1109/hicss.2009.119,Comparison of Social Presence in Voice-Based and Text-Based Asynchronous Computer Conferences,2009,
text-based coaching effectiveness asynchronous feedback,crossref,ok,7683661,10.1111/j.1937-8327.2006.tb00377.x,"Designing Asynchronous, Text-Based Computer Conferences",2008,
text-based coaching effectiveness asynchronous feedback,crossref,ok,7683661,10.1177/174183051501309s04,Time perspectives and perceived effectiveness of peer coaching interventions between managers in an organisational context,2015,"This paper examines the influence of managers’ personal time perspectives on perceived peer coaching effectiveness. Relatively little research has been done on peer coaching in business environments and on how to incorporate personal time perspectives into peer coaching settings. This paper investigates the compatibility of different time perspectives within peer coaching relationships. Mixed method research was undertaken with 42 engineers in management positions in Germany at four interventions. The paper provides empirical evidence that perceived peer coaching effectiveness varies significantly with the combinations of the matched coaches’ and coachees’ preferred time perspectives. It also highlights the importance of meaning and proficiency, and raise questions for further research on perceived peer coaching effectiveness."
text-based coaching effectiveness asynchronous feedback,crossref,ok,7683661,10.4135/9781446251577.n7,From Friendship to Coaching: A Brief Genealogy of Coaching: Conclusion,2012,
text-based coaching effectiveness asynchronous feedback,crossref,ok,7683661,10.4135/9781446251577.n6,Post-Modernity: Coaching Hybridity,2012,
text-based coaching effectiveness asynchronous feedback,crossref,ok,7683661,10.26634/jet.16.4.16597,Examining Learners' Interaction Pattern In Asynchronous Text-Based Online Learning,2020,"The purpose of this research is to investigate the learners' interaction patterns when integrating a Collaborative Metacognitive Community (CMC) model within asynchronous text-based online learning in order to enhance their Higher Level Thinking Skills (HLTS). Message postings and reflective journals were extracted from learners' contributions and analyzed thematically. Interviews were used to gather learners' perspectives regarding the implementation of CMC in asynchronous text-based online learning. Furthermore, a checklist for HLTS was constructed to further examine the learners' interaction patterns. The results of this study revealed that learners who exhibited HLTS significantly in their message postings could be classified into three interaction patterns: proactive, progressive and partisan. Learners in the proactive group contributed to the highest number of message postings displaying HLTS. However, partisan learners were found to be dependent on others and contributed to the least number of message postings projected by HLTS. Implications of integrating the CMC model within asynchronous text-based online learning to enhance learners' HLTS and the recommendations for future research work are presented in this article."
text-based coaching effectiveness asynchronous feedback,crossref,ok,7683661,10.1007/978-3-032-11842-4_3,Executive Coaching,2026,
text-based coaching effectiveness asynchronous feedback,crossref,ok,7683661,10.35613/ccl.2025.2064,AI-Assisted Text Analysis for Coaching Evaluation Exploring the Use of a Common AI Tool for Theming Text-Based Datasets,2025,"""Over the past few years, publicly accessible AI tools have taken the world by storm. There seems to be a tool for everything these days, from helping with grocery lists to conducting data analyses. At CCL, we’ve been exploring how AI can help us better serve our clients, including how we can bring data-driven insights to more clients, faster. Particularly in the case of our evaluation data, the process of synthesizing text-based results in a meaningful way can be time-consuming, yet it’s valuable for adding nuance to quantitative results. AI could be the answer to a more efficient meaning-making process for large amounts of text-based data, but how can we be sure its output is accurate and useful?


The following study came from a need to test just that. When leaders take the time to write about their experiences in our feedback surveys, we want to be sure there’s integrity in our process of summarizing what they said. With over 6,000 responses available from one of our open-ended evaluation survey questions, we decided to test how one publicly available large language model could assist with theming the data.


To do that, we engaged both humans and OpenAI’s GPT4 model in the same task – thematically coding leaders’ responses. Then, we compared the results. While our human coders and GPT4 varied greatly in their efficiency (of course GPT4 was much faster), we had three key takeaways.


First, GPT4’s output matched the consensus of our human coders 55-65% of the time when all parties were asked to select one theme from a GPT4-generated set to summarize each response. This is only slightly lower than the rate at which our human coders matched each other pre-consensus (60-70%) and suggests GPT4 can be nearly as useful as a human when initially coding large numbers of responses.


Second, when we gave both parties the opportunity to select more than one theme from the set to summarize responses, at least one of GPT4’s themes matched that of the human consensus 85% of the time, but GPT4 selected more than twice as many themes as our human coders. In this case, our human coders demonstrated more discretion and nuance by selecting only those themes that most closely matched the meaning behind the response, and GPT4 output a lot more noise.


Finally, we engaged our expert coders to refine the set of themes GPT4 initially provided before including them as input to GPT4’s multi-theme coding task. By doing this, we reduced the number of themes GPT4 output by nearly half, while maintaining its accuracy at around 75%. From this, we learned that engaging in strategic human intervention (i.e., a human-in-the-loop process) enabled us to increase the utility of AI for this data analysis task, striking a balance between efficiency and accuracy."""
text-based coaching effectiveness asynchronous feedback,crossref,ok,7683661,10.1177/174183051201000103,Examining the Effectiveness of Executive Coaching on Coachees’ Performance in the Israeli Context,2012,"While executive coaching is a key means by which organisations and individuals build executives’ capabilities, very little research has investigated how effective or beneficial this development tool is to the individuals or the organisations in which they work. The purpose of this study was to examine executive coaching effectiveness by investigating whether executive coaching has an impact on coachee performance outcomes as well as individual outcomes as manifested by self awareness, career satisfaction, job affective commitment, and job performance. Coaching outcomes were examined through a quasi-experimental field pre-post design with an untreated control group. The study participants (n=197) were drawn from the client bases of four Israeli-based firms whose primary professional services focused on executive coaching. The primary conclusion is that executive coaching may be a mechanism by which executives could be helped in improving and maintaining a high level of career satisfaction. The results should assist organizations in designing more effective executive coaching programs, and in making informed decisions about implementing and measuring executive coaching."
text-based coaching effectiveness asynchronous feedback,crossref,ok,7683661,10.24093/awej/mec2.5,The Effectiveness of Teacher Electronic Feedback in Asynchronous Teaching: A Case Study of Foundation Students at Sultan Qaboos University,2021,"Due to the Covid-19 pandemic, educational systems worldwide, including Oman, were affected as this led to temporary closures of schools, colleges, and universities. In response to such closures, many countries decided to continue offering education through distance learning. Similarly, Sultan Qaboos University (SQU), the only government university in Oman, opted for asynchronous teaching through Emergency Remote Teaching (ERT).  Through ERT, there is a temporary shift in instructional delivery. Its primary aim is to provide temporary access to instruction and support materials quickly and reliably during the crisis.  Asynchronous teaching provides students with flexibility to access the materials posted by teachers whenever they can, leaving teachers with many challenges. One of these challenges is the ability to offer proper feedback to students. Therefore, this study aimed to examine the perceptions of both teachers and students on the electronic feedback provided in ERT. A total of 8 teachers 80 students enrolled in the foundation program at SQU participated in the study. The responses of both teachers and students were collected through online questionnaires and semi-structured interviews. The findings of the study indicate that some feedback methods seemed to be more effective. The study also identified the challenges faced by both students and teachers in terms of electronic feedback. Furthermore, the study gives suggestions to improve electronic feedback methods."
text-based coaching effectiveness asynchronous feedback,crossref,ok,7683661,10.4135/9789351507956.n11,Measuring Corporate Coaching Effectiveness,2014,
text-based coaching effectiveness asynchronous feedback,crossref,ok,7683661,10.21203/rs.3.rs-2934300/v1,Enhancing feedback by health coaching: The Effectiveness of Mixed Methods Approach to Long-Term Physical Activity Changes in Nurses. An Intervention Study,2023,"Abstract
        Background: Although knowledge of the barriers and motivators to physical activity participation among nurses is increasing, the factors influencing motivation methods’ effectiveness are not completely defined. This study aimed to identify the sociodemographic, occupational, and health-related factors that influence the effectiveness of motivation methods in increasing the level of daily physical activity among nurses.
Methods: This study was based on an intervention study protocol. All registered nurses in clinical settings were invited to participate in the study.
The study involved 71 professionally active nurses. A self-reported questionnaire was used to collect sociodemographic and employment data. The level of physical activity was assessed using the International Physical Activity Questionnaire, and the daily number of steps was assessed using a pedometer. Body composition was measured using a bioimpedance method, and the 5-year risk of cardiovascular events was assessed using the Harvard Score. The intervention included self-monitoring daily steps using a pedometer and completing a diary daily for one month. Additionally, a few-minute speech was sent to each participant via email on the intervention’s 7th, 14th, and 21st days.
Results: The analysis revealed a higher value of physical activity recorded in the follow-up compared to the initial and final measurement in the Recreation domain [Met] (p &lt; 0.001) and a higher value of daily steps in the follow-up compared to the final measurement (p = 0.005). Participants with a higher Harvard Score were more likely to increase their daily number of steps (OR = 6.025; 95% CI = 1.70-21.41), and nurses working in hospital wards were less likely to do so (OR = 0.002; 95% CI = 0.00-0.41).
Conclusions: Recommendations for physical activity in the nursing population should focus on increasing leisure time physical activity and regular risk assessment of cardiovascular events. A mixed methods approach, such as feedback enhanced by health coaching, effectively achieves long-term physical activity changes in nurses."
text-based coaching effectiveness asynchronous feedback,crossref,ok,7683661,10.5220/0014609200004852,Text Based Patient Feedback System for Sentiment Analysis Using Transformer Based Model,2025,
text-based coaching effectiveness asynchronous feedback,crossref,ok,7683661,10.2196/preprints.68309,Feedback from dental students using two alternate coaching methods: a course-based evaluation (Preprint),2024,"BACKGROUND
                        Student feedback is crucial for evaluating the effectiveness of institutions. However, implementing feedback can be challenging due to practical difficulties. While student feedback on courses can improve teaching, there is debate about its effectiveness if not well-written to provide helpful information to the receiver.
                
                                
                    OBJECTIVE
                        This study aimed to evaluate the impact of coaching on proper feedback given by dental students in Saudi Arabia.
                
                                
                    METHODS
                        First-year dental students were asked to complete three surveys throughout the academic year. The surveys assessed their feedback on the course, including lectures, practical sessions, exams, and overall experience. The surveys were distributed without coaching, after handout coaching and after workshop coaching on how to provide feedback, designated as survey #1, survey #2 and survey #3, respectively. The responses were then rated as neutral, positive, negative, or constructive by two raters. The feedback was analyzed to compare the effectiveness of the different coaching approaches.
                
                                
                    RESULTS
                        While no significant changes were found between the first two surveys, a significant increase in constructive feedback was observed in survey #3 after workshop coaching (P&lt;.001). The results also showed a higher proportion of desired changes in feedback, determined as a change from any rating to constructive rating, after survey #3 (P&lt;.001). Overall, 20.2% reported desired changes at survey #2 and 41.5% at survey #3 compared to survey #1.
                
                                
                    CONCLUSIONS
                        This study suggests that workshops on feedback coaching can effectively improve the quality of feedback provided by dental students. Incorporating feedback coaching into dental school curricula could help students communicate their concerns more effectively, ultimately enhancing the learning experience."
text-based coaching effectiveness asynchronous feedback,crossref,ok,7683661,10.31483/r-167651,"Cognitive behavioral coaching: theoretical foundations, methodology and effectiveness",2026,
text-based coaching effectiveness asynchronous feedback,crossref,ok,7683661,10.4135/9781446278697.n6,Coaching and Feedback,2008,
text-based coaching effectiveness asynchronous feedback,crossref,ok,7683661,10.1007/978-3-030-30915-2_13,The Role of Feedback in Coaching and Technology-Enabled Coaching Processes,2019,
text-based coaching effectiveness asynchronous feedback,crossref,ok,7683661,10.4135/9781446251577.n2,A Critical Theory Approach to Coaching,2012,
text-based coaching effectiveness asynchronous feedback,crossref,ok,7683661,10.14355/jitae.2014.0301.01,Instant Text-Based Feedback Systems--The Development of a Text-Based Feedback System and Its Potential Use in Foreign Language Teaching,2014,
text-based coaching effectiveness asynchronous feedback,crossref,ok,7683661,10.1177/10464964251350659,"Enhancing Student Team Effectiveness Through Team Charter Revision, Feedback, and Coaching",2025,"Prior research has examined the use of team charters for improving teamwork in student project teams. While existing studies have examined the implementation of team charters at the time a team is formed, we find that revising charters mid-semester, plus the inclusion of feedback and coaching, results in significant increases in team commitment, team satisfaction, and individual effectiveness over the use of a one-time charter. In addition to making important contributions to theory and practice, this study highlights the need for future research to consider the various mechanisms that are activated by the charter process."
text-based coaching effectiveness asynchronous feedback,crossref,ok,7683661,10.1007/s11613-023-00849-9,Digitale Feedback-Trends im Coaching und zur Selbststeuerung richtig einsetzen,2023,
text-based coaching effectiveness asynchronous feedback,crossref,ok,7683661,10.2196/11797,The Addition of Asynchronous Chat-Based Coaching to a Digital Behavioral Health Tool Promotes Support and Personalization,2018,
text-based coaching effectiveness asynchronous feedback,crossref,ok,7683661,10.1007/978-3-032-11842-4,Quantifying Executive Coaching,2026,
text-based coaching effectiveness asynchronous feedback,crossref,ok,7683661,10.4135/9781446251577.n15,"Coaching Formation: Coach Education and
                    Pedagogies",2012,
text-based coaching effectiveness asynchronous feedback,crossref,ok,7683661,10.4135/9781446251577.n10,The Managerial Discourse: Coaching the Role Self,2012,
text-based coaching effectiveness asynchronous feedback,crossref,ok,7683661,10.1365/s40896-020-00046-w,Danke für die Blumen. Kontinuierliches Feedback als Qualitätssicherung im Schreibcoaching,2020,"ZusammenfassungSchreibcoaching ist eine personenzentrierte, längerfristige Entwicklungs- und Prozessbegleitung mit dem Fokus auf Schreibprozess, schreibender Person und/oder die entstehenden Texte. Aus Sicht des*der Coaches*in ist Schreibcoaching kein einmaliger Vorgang, sondern eine stetige Folge individueller Coachingprozesse. Auf diese sich wiederholenden Prozesse können Ansätze des Qualitätsmanagements übertragen werden, was in der Qualitätsdiskussion im Coaching allgemein bereits geschieht. Das vorgestellte Modell des Qualitätsmanagementsystems für das Schreibcoaching zeigt auf, dass Qualitätsmonitoring in allen Phasen erfolgen und sich konstitutiv auf das Coaching bzw. den Coachingerfolg auswirken kann. Grundlage hierfür bildet ein von dem*der Schreibcoach*in gesteuertes Qualitätskonzept, das Werte, Grundhaltungen und einen operationalisierten Qualitätsbegriff beinhaltet, und in Form eines Leitbilds veröffentlicht werden sollte. Das Fallbeispiel belegt die Umsetzbarkeit des Modells: Qualitätsmessungen aus 22 Schreibcoachings aus dem Bezugsrahmen des beruflichen Schreibens wurden mit der FeedbacktechnikDanke für die Blumendurchgeführt. Diese basiert auf der Blitzlicht-Technik und wurde flächendeckend und kontinuierlich in den Schreibcoachings der Autorin eingesetzt. Die Ergebnisse wurden mittels der inhaltlich strukturierenden, qualitativen Inhaltsanalyse nach Kuckartz rekurrierend auf die Qualitätskriterien im BC-Modell und einer deskriptiv-explorativen statistischen Analyse ausgewertet. Die Ergebnisse zeigen, dass abhängig von den Coachingzielen unterschiedliche Wahrnehmungen zum Schreibcoaching und zur Schreibcoach dominieren, diese sich dennoch über alle Qualitätsdimensionen des Schreibcoachings verteilen. Ein Abgleich mit dem Qualitätskonzept ist daher möglich und kann in einem wiederkehrenden Reflexionsprozess als Entscheidungsgrundlage für das Herbeiführen von Veränderungen herangezogen werden."
written feedback quality versus spoken feedback coaching,crossref,ok,2481389,10.1080/0163853x.2013.797241,Communicative Effectiveness of Written Versus Spoken Feedback,2013,
written feedback quality versus spoken feedback coaching,crossref,ok,2481389,10.3102/1686087,Improving Written Feedback: How Directions and Rubrics Impact the Quality of Written Feedback of Preservice Teachers,2021,
written feedback quality versus spoken feedback coaching,crossref,ok,2481389,10.2139/ssrn.1837762,Effects of Summary versus Interspersed Feedback on the Quality of Student Revisions to a Written Case Assignment,2011,"This study examines whether students generate greater improvement in written case analyses when given feedback that is either interspersed throughout their written case submissions or presented only as a summary, and whether the benefits of these two forms of feedback vary across students of differing academic competence. A secondary goal is to identify factors associated with the initial quality of students’ written case analyses and with their decision to revise their initial case submission. Consistent with expectations, we found that the effectiveness of feedback depended on an interaction between its form and the competence of students to which it was provided. Specifically, less competent students benefited more from interspersed feedback than from summary feedback, mid-level students benefited more from summary feedback than interspersed feedback, and the extent of improvement by the most competent students did not depend on whether they received summary or interspersed feedback. We found this pattern also in students’ subsequent essays. These results suggest that instructors should not adopt a one-size-fits-all format when providing feedback to students. We also present data indicating the relative importance of factors influencing students’ voluntarily choices to revise and resubmit their case analyses."
written feedback quality versus spoken feedback coaching,crossref,ok,2481389,10.65961/ajelt-2012-1-001,Comparing Written-Only and Written-Plus-Spoken Peer Feedback in a Japanese EFL University Context,2012,
written feedback quality versus spoken feedback coaching,crossref,ok,2481389,10.1163/26660393-bja10138,A Contrastive Analysis of Persuasive Feedback in Written and Spoken Academic Evaluations,2025,"Abstract
This study developed a persuasive taxonomy tailored to the contexts of written and spoken academic evaluative genres. A corpus of 64 review reports and a self-compiled corpus of 47 Ph.D. defense sessions were analyzed to see how differences in feedback modes (written vs. spoken) and conditions (blinded and asynchronous vs. unblinded and real-time) can yield genre-specific persuasive practices. The analysis identified seven persuasive strategies, including appeal to authority, appeal to disciplinary standards, logical reasoning, collaborative language, clear explanations, hedged language, and rhetorical questions. The findings highlighted both commonalities and variations in the use of these strategies, which are attributed to the rhetorical dynamics and feedback processes of each evaluative genre. These findings have pedagogical implications for eap practitioners and students by raising awareness of genre-specific persuasive linguistic choices in academic evaluation. Moreover, drawing novice researchers’ attention to these strategies can enhance feedback processes and, in turn, improve scholarly work."
written feedback quality versus spoken feedback coaching,crossref,ok,2481389,10.1365/s40896-020-00046-w,Danke für die Blumen. Kontinuierliches Feedback als Qualitätssicherung im Schreibcoaching,2020,"ZusammenfassungSchreibcoaching ist eine personenzentrierte, längerfristige Entwicklungs- und Prozessbegleitung mit dem Fokus auf Schreibprozess, schreibender Person und/oder die entstehenden Texte. Aus Sicht des*der Coaches*in ist Schreibcoaching kein einmaliger Vorgang, sondern eine stetige Folge individueller Coachingprozesse. Auf diese sich wiederholenden Prozesse können Ansätze des Qualitätsmanagements übertragen werden, was in der Qualitätsdiskussion im Coaching allgemein bereits geschieht. Das vorgestellte Modell des Qualitätsmanagementsystems für das Schreibcoaching zeigt auf, dass Qualitätsmonitoring in allen Phasen erfolgen und sich konstitutiv auf das Coaching bzw. den Coachingerfolg auswirken kann. Grundlage hierfür bildet ein von dem*der Schreibcoach*in gesteuertes Qualitätskonzept, das Werte, Grundhaltungen und einen operationalisierten Qualitätsbegriff beinhaltet, und in Form eines Leitbilds veröffentlicht werden sollte. Das Fallbeispiel belegt die Umsetzbarkeit des Modells: Qualitätsmessungen aus 22 Schreibcoachings aus dem Bezugsrahmen des beruflichen Schreibens wurden mit der FeedbacktechnikDanke für die Blumendurchgeführt. Diese basiert auf der Blitzlicht-Technik und wurde flächendeckend und kontinuierlich in den Schreibcoachings der Autorin eingesetzt. Die Ergebnisse wurden mittels der inhaltlich strukturierenden, qualitativen Inhaltsanalyse nach Kuckartz rekurrierend auf die Qualitätskriterien im BC-Modell und einer deskriptiv-explorativen statistischen Analyse ausgewertet. Die Ergebnisse zeigen, dass abhängig von den Coachingzielen unterschiedliche Wahrnehmungen zum Schreibcoaching und zur Schreibcoach dominieren, diese sich dennoch über alle Qualitätsdimensionen des Schreibcoachings verteilen. Ein Abgleich mit dem Qualitätskonzept ist daher möglich und kann in einem wiederkehrenden Reflexionsprozess als Entscheidungsgrundlage für das Herbeiführen von Veränderungen herangezogen werden."
written feedback quality versus spoken feedback coaching,crossref,ok,2481389,10.32038/frsl.2023.01.09,Audio versus written feedback: Multilingual students’ perspective in a U.S. composition class,2023,"This article aims to fill the existing gap in the research which indicates that few researchers have examined multilingual writers’ preference between audio and written feedback, and the impact of feedback format on their revision process in a U.S. composition class. To explore these, eight multilingual writers were interviewed, and their first drafts and revised drafts of the final research paper on which they received both audio and written feedback were compared using the “Compare” option in Microsoft Word. In addition to these, an early semester participatory survey and a reflection survey were conducted among the multilingual writers of a composition course. Results indicated that those who were confident about their English listening proficiency preferred audio feedback over written feedback. Results also indicated that multilingual writers expected directive explicit feedback from their instructors. Their perceptions regarding the effectiveness of audio and written feedback on their revision process varied depending on their own self-efficacy. Finally, the author recommends further investigating the potential of audio feedback in creating student-teacher connections, particularly in online composition courses."
written feedback quality versus spoken feedback coaching,crossref,ok,2481389,10.1080/14739879.2016.1217171,Improving the quality of written feedback using written feedback,2016,
written feedback quality versus spoken feedback coaching,crossref,ok,2481389,10.4135/9781036220105,Your Written Response to Reviewer Feedback,2024,
written feedback quality versus spoken feedback coaching,crossref,ok,2481389,10.1257/rct.5391-1.0,Improving Worker Productivity Through Tailored Performance Feedback: Field Experimental Evidence from Bus Drivers,2020,
written feedback quality versus spoken feedback coaching,crossref,ok,2481389,10.1257/rct.5391,Improving Worker Productivity Through Tailored Performance Feedback: Field Experimental Evidence from Bus Drivers,2020,
written feedback quality versus spoken feedback coaching,crossref,ok,2481389,10.4304/tpls.4.2.293-302,Collaborative Negotiated Feedback versus Teacher-written Feedback: Impact on Iranian Intermediate EFL Learners’ Writing,2014,
written feedback quality versus spoken feedback coaching,crossref,ok,2481389,10.1111/ijal.70053/v1/review2,"Review for ""Linguistic Analyses on Written Corrective Feedback for Chinese as a Second Language: ChatGPT versus Human Teachers""",2025,
written feedback quality versus spoken feedback coaching,crossref,ok,2481389,10.37514/wac-j.2008.19.1.03,Can You Hear Us Now? A Comparison of Peer Review Quality When Students Give Audio Versus Written Feedback,2008,
written feedback quality versus spoken feedback coaching,crossref,ok,2481389,10.1111/ijal.70053/v1/review1,"Review for ""Linguistic Analyses on Written Corrective Feedback for Chinese as a Second Language: ChatGPT versus Human Teachers""",2025,
written feedback quality versus spoken feedback coaching,crossref,ok,2481389,10.1016/j.acorp.2024.100101,Mitigation in instructor feedback: A register analysis of written and spoken comments,2024,
written feedback quality versus spoken feedback coaching,crossref,ok,2481389,10.1365/s40896-017-0016-6,Anwendung der Gesprächsanalyse als Feedback-Instrument im Chat-Coaching,2017,
written feedback quality versus spoken feedback coaching,crossref,ok,2481389,10.3998/mpub.12710084.cmp.fb494d017,Depiction of Deeper Feedback  Versus Surface Feedback,,
written feedback quality versus spoken feedback coaching,crossref,ok,2481389,10.5353/th_b4324109,Understanding written feedback practices as well as teachers' and students' perceptions and attitudes towards written feedback in an ESP context in Hong Kong,,
written feedback quality versus spoken feedback coaching,crossref,ok,2481389,10.1111/ijal.70053/v1/decision1,"Decision letter for ""Linguistic Analyses on Written Corrective Feedback for Chinese as a Second Language: ChatGPT versus Human Teachers""",2025,
written feedback quality versus spoken feedback coaching,crossref,ok,2481389,10.1257/rct.14383-2.0,Improving Teachers Equitable Mathematics Instruction Through Integrating Automated Feedback and Coaching: A Randomized Controlled Trial,2024,
written feedback quality versus spoken feedback coaching,crossref,ok,2481389,10.21203/rs.3.rs-68473/v2,Feedback after OSCE: A comparison of face to face versus an enhanced written feedback,2020,"Abstract
        Background: The Objective Structured Clinical Exam (OSCE) is a useful means of generating meaningful feedback. OSCE feedback may be in various forms (written, face to face and audio or video recordings). Studies on OSCE feedback are uncommon, especially involving Asian medical students.   Methods: We compared two methods of OSCE feedback delivered to fourth year medical students in Malaysia: (i) Face to face (FTF) immediate feedback (semester one) (ii) Individualised enhanced written (EW) feedback containing detailed scores in each domain, examiners’ free text comments and the  marking rubric (semester two). Both methods were evaluated by students and staff examiners, and students’ responses were compared against their OSCE performance.Results: Of the 116 students who sat for both formative OSCEs, 82.8% (n=96) and 86.2% (n=100) responded to the first and second survey respectively. Most students were comfortable to receive feedback (91.3% in FTF, 96% in EW) with EW feedback associated with higher comfort levels (p=0.022). Distress affected a small number with no differences between either method (13.5% in FTF, 10% in EW, p=0.316). Most students perceived both types of feedback improved their performance (89.6% in FTF, 95% in EW); this perception was significantly stronger for EW feedback (p=0.008). Students who preferred EW feedback had lower OSCE scores compared to those preferring FTF feedback (mean scores ± SD: 43.8 ± 5.3 in EW, 47.2 ± 6.5 in FTF, p=0.049). Students ranked the “marking rubric” to be the most valuable aspect of the EW feedback. Tutors felt both methods of feedback were equally beneficial. Few examiners felt they needed training (21.4% in FTF, 15% in EW) but students perceived this need for tutors’ training differently (53.1% in FTF, 46% in EW)Conclusion: Whilst both methods of OSCE feedback were highly valued, students preferred to receive EW feedback and felt it was more beneficial. Learning cultures of  Malaysian students may have influenced this view. Information provided in EW feedback should be tailored accordingly to provide meaningful feedback in OSCE exams."
written feedback quality versus spoken feedback coaching,crossref,ok,2481389,10.21203/rs.3.rs-68473/v1,Feedback after OSCE: A comparison of face to face versus an enhanced written feedback,2020,"Abstract
        Background
 The Objective Structured Clinical Exam (OSCE) is a useful means of generating meaningful feedback. OSCE feedback may be in various forms (written, face to face and audio or video recordings). Studies on OSCE feedback are uncommon, especially involving Asian medical students.
Methods
 We compared two methods of OSCE feedback delivered to fourth year medical students in Malaysia: (i) Face to face (FTF) immediate feedback (semester one) (ii) Individualised enhanced written (EW) feedback containing detailed scores in each domain, examiners’ free text comments and the answer guide (semester two). Both methods were evaluated by students and staff examiners, and students’ responses were compared against their OSCE performance.
Results
 Of the 116 students who sat for both formative OSCEs, 82.8% (n = 96) and 86.2% (n = 100) responded to the first and second survey respectively. Most students were comfortable to receive feedback (91.3% in FTF, 96% in EW) with EW feedback associated with higher comfort levels (p = 0.022). Distress affected a small number with no differences between either method (13.5% in FTF, 10% in EW, p = 0.316). Most students perceived both types of feedback improved their performance (89.6% in FTF, 95% in EW); this perception was significantly stronger for EW feedback (p = 0.008). Students who preferred EW feedback had lower OSCE scores compared to those preferring FTF feedback (mean scores ± SD: 43.8 ± 5.3 in FTF, 47.2 ± 6.5 in EW, p = 0.049). Students ranked the “answer guide” to be the most valuable aspect of the EW feedback. Tutors felt both methods of feedback were equally beneficial. Few examiners felt they needed training (21.4% in FTF, 15% in EW) but students perceived this need for tutors’ training differently (53.1% in FTF, 46% in EW)
Conclusion
 Whilst both methods of OSCE feedback were highly valued, students preferred to receive EW feedback and felt it was more beneficial. Learning cultures of Asian students may have influenced this view. Information provided in EW feedback should be tailored accordingly to provide meaningful feedback in OSCE exams."
written feedback quality versus spoken feedback coaching,crossref,ok,2481389,10.1257/rct.14383-1.0,Improving Teachers Equitable Mathematics Instruction Through Integrating Automated Feedback and Coaching: A Randomized Controlled Trial,2024,
written feedback quality versus spoken feedback coaching,crossref,ok,2481389,10.1257/rct.14383,Improving Teachers Equitable Mathematics Instruction Through Integrating Automated Feedback and Coaching: A Randomized Controlled Trial,2024,
written feedback quality versus spoken feedback coaching,crossref,ok,2481389,10.1080/2331186x.2022.2082120,The role of feedback literacy in written corrective feedback research: from feedback information to feedback ecology,2022,
written feedback quality versus spoken feedback coaching,crossref,ok,2481389,10.4324/9781410608871-20,"Performance Management, Development, and Coaching",2003,
written feedback quality versus spoken feedback coaching,crossref,ok,2481389,10.4135/9781446278697.n6,Coaching and Feedback,2008,
written feedback quality versus spoken feedback coaching,crossref,ok,2481389,10.1007/978-3-030-30915-2_13,The Role of Feedback in Coaching and Technology-Enabled Coaching Processes,2019,
written feedback quality versus spoken feedback coaching,crossref,ok,2481389,10.1163/2214-448x_eagll_eagllcom_00000379,Written versus Spoken Language,,
written feedback quality versus spoken feedback coaching,crossref,ok,2481389,10.1093/applin/amaf033,“It’s very well written!”: Revisiting praise in teacher written feedback from the perspective of feedback literacy,2025,"Abstract
               Informed by the conceptual framework of teacher feedback literacy and drawing upon multiple sources of data, including teacher feedback samples, semi-structured interviews, and stimulated recalls, this case study examined how L2 writing teachers praise students in written feedback and their feedback literacy in giving praise in a Chinese English-as-a-foreign-language (EFL) university context. The findings revealed that although praise was commonly used, suggestion and criticism still accounted for a larger percentage of all feedback given. The teachers favored independent praise and performance-oriented praise (i.e. text quality) over concomitant praise, effort-oriented, and ability-oriented praise, and praise was found to facilitate teacher-student dialogic feedback and encourage student autonomy and reciprocity in engaging with teacher feedback. The study identified two profiles of praise-giving practice: “active praise givers,” who communicated with student writers by providing feedback, and “sparse praise givers,” who focused more on working on student texts. Based on the findings, an L2 writing teacher feedback literacy framework in written praise was proposed to delineate the required knowledge, goals, values, and skills for giving written praise to improve student writing."
written feedback quality versus spoken feedback coaching,crossref,ok,2481389,10.1163/2210-7363_ecll_com_000296,Written Language versus Spoken Language,,
written feedback quality versus spoken feedback coaching,crossref,ok,2481389,10.1163/2214-448x_eagll_com_00000379,Written versus Spoken Language,,
written feedback quality versus spoken feedback coaching,crossref,ok,2481389,10.32038/frsl.2023.01.06,Dynamic written corrective feedback: A scoping review,2023,"In this paper, I present a literature review of the published empirical studies that have thus far been conducted on Dynamic Written Correct Feedback (DWCF), an approach to written corrective feedback (WCF) that utilizes a coding system on short, student-produced texts and routine self-editing that promises to be “manageable, meaningful, timely, and constant” (Hartshorn &amp; Evans, 2012, p. 30). Much of the current research on DWCF consists of ecologically sound studies in authentic classroom contexts in Intensive English Programs or developmental writing classes, with occasional studies in secondary schools, first year composition, graduate student writing courses, or English as a foreign language contexts. By and large, the growing body of research around the topic has identified various strengths DWCF can bring for particular students producing short texts in certain contexts, especially regarding measures of increased accuracy for a number of error types and fluency. DWCF may also be easily adaptable to various student/programmatic needs."
written feedback quality versus spoken feedback coaching,crossref,ok,2481389,10.5040/9798216546368.ch07,The Feedback Caution,2018,
written feedback quality versus spoken feedback coaching,crossref,ok,2481389,10.58837/chula.the.2019.215,"An investigation of the quality of Thai undergraduate students’ peer feedback, interaction patterns, and written revisions through the incorporation of technology",,"Giving and receiving feedback is an important facet in developing writing. This study aimed to investigate different online interaction patterns during peer feedback activity and to examine how it could lead to students’ writing improvement. The study sample consisted of 30 first-year undergraduate students of Chulalongkorn University who were enrolled in a required foundation English course II. Subjects were classified into three writing proficiency levels using scores from an English writing proficiency test. They were required to use an online platform to provide peer feedback anonymously on two writing assignments. Quantitative and qualitative data were collected from students’ online interactions, their written drafts between drafts, an online attitude questionnaire, and semi-structured interviews. The study findings reveal that students improved their writing significantly. The comparison between drafts further demonstrate a substantial number of participants’ peer and self-initiated revisions, implying both direct and indirect impact of online peer feedback on students’ writing improvement. These findings together support the social learning theory and suggest that the co-construction of knowledge occurs in student dyads who interact collaboratively when exchanging ideas with each other. Finally, students, in general, had a positive attitude toward the intensive training and the online peer feedback activities. Based on the study findings, it could be concluded that online peer feedback could be effectively implemented as a supplement activity to promote students’ writing in an English integrated skills course."
written feedback quality versus spoken feedback coaching,crossref,ok,2481389,10.1007/978-3-8349-9322-9_5,Einführen einer Feedback-Kultur,,
written feedback quality versus spoken feedback coaching,crossref,ok,2481389,10.4304/jltr.3.1.11-22,Written Error Feedback from Perception to Practice: A Feedback on Feedback,2012,
written feedback quality versus spoken feedback coaching,crossref,ok,2481389,10.18261/issn1891-943x-2012-02-02,Video Feedback in Higher Education – A Contribution to Improving the Quality of Written Feedback,2012,
written feedback quality versus spoken feedback coaching,crossref,ok,2481389,10.1080/2331186x.2021.1901641,Enhancing written feedback: The use of a cover sheet influences feedback quality,2021,
written feedback quality versus spoken feedback coaching,crossref,ok,2481389,10.32038/ltrq.2026.54.07,A Systematic Review of Written Corrective Feedback and Dynamic Written Corrective Feedback Research in ESL/EFL Contexts,2026,"Over the past fifteen years (2010–2026), research on written corrective feedback (WCF) and dynamic written corrective feedback (DWCF) in ESL/EFL contexts has expanded rapidly. Following Petticrew and Roberts’ s (2008) seven-stage framework, this review synthesizes 54 primary studies through content analysis, identifying 41 word-level concepts grouped into six themes: types of feedback, research design, writing process, participants and educational contexts, types of errors, writing performance. Results show that direct WCF remains most frequently examined, while indirect and metalinguistic forms are less common and often combined. More recent studies highlight growing attention to computer-mediated feedback and DWCF. Research designs were dominated by pre-post and post-test quasi-experiments, with fewer mixed-methods and qualitative studies. In addition, both WCF and DWCF consistently improved accuracy and psychological outcomes, while effects on complexity and fluency were mixed. Based on the systematic literature review, this study is expected to contribute more meaningful references and give some implications for future research."
written feedback quality versus spoken feedback coaching,crossref,ok,2481389,10.4324/9781003458975-6,Feedback,2024,
written feedback quality versus spoken feedback coaching,crossref,ok,2481389,10.4324/9781003294139-17,Feedback dialogue as the core of effective PCP coaching,2022,
written feedback quality versus spoken feedback coaching,crossref,ok,2481389,10.1177/1469787416637482,Audio versus written feedback: Exploring learners’ preference and the impact of feedback format on students’ academic performance,2016,"Very little is known about the impact of the different types of feedback on students’ academic performance. This article explores students’ preference in the use of audio and written feedback and how each type of feedback received by students impacts their academic performance in subsequent assignments. The study involved 68 students who were divided into two groups that received either audio or written feedback in their first assignment which was then recalled and applied into the second assignment. An analysis of results obtained in the second assignment was conducted and comparisons made between students in the audio and written feedback group. Students were also surveyed using an online questionnaire to ascertain their perceptions about the type of feedback they had received. The study established that the type of feedback received did not impact students’ grades in the subsequent assignment. In addition, while students were broadly positive about audio feedback, they indicated a strong preference for written feedback in future assignments. The study recommends, among other things, further investigation into the link between students’ learning styles and their preferences for different types of feedback."
written feedback quality versus spoken feedback coaching,crossref,ok,2481389,10.4135/9781544306209,Strengths-Based Feedback: Tenth Grade,2016,
written feedback quality versus spoken feedback coaching,crossref,ok,2481389,10.5539/ijel.v11n6p84,Oral Versus Written Feedback: Attitudes of Female Saudi University Students,2021,"Oral and written feedback have been found to be useful in learning English as a Second Language (L2). Yet it is not clear what form of feedback L2 learners prefer. This study therefore investigated 47 Saudi female university students&amp;rsquo; attitudes to both oral and written feedback. The data was collected by an online questionnaire consisting of three constructs: a) attitudes to written feedback; b) attitudes to oral feedback; and c) attitudes to written versus oral feedback. In terms of the first, the results showed that most participants expressed positive attitudes to written feedback, which they would be happy to receive on all the mistakes they make in their writing. Most participants were also positive about oral feedback and wanted their teacher to correct all their speaking errors, including errors of grammar, pronunciation and vocabulary. However, participants did not want to be corrected in front of other students as this could make them nervous. Overall, most participants agreed that oral feedback helped them improve their English skills more than written feedback. But despite such a positive attitude, most participants still found oral feedback embarrassing. Knowing students&amp;rsquo; perceptions of corrective feedback (CF) is vital, because negative attitudes to feedback could harm the language learning process."
written feedback quality versus spoken feedback coaching,crossref,ok,2481389,10.32038/frsl.2023.01.10,Prospective methodological considerations in L2 written feedback research,2023,"The current study draws on the findings in L2 written feedback research to propose some key empirical and methodological issues which can be considered in new feedback studies. It delineates the characteristics of feedback literate L2 writers to underline the pivotal role of student feedback literacy within a writing-to-learn framework, within which it then calls for empirical tolerance toward attaining L2 development. Rejecting a rigorous prescription for selecting a focused, semi-focused or unfocused WCF scope for a wide range of writing contexts, it introduces a proportional WCF scope arguing that the selection of target structures for feedback processing is a dynamic and context-specific decision-making process mediated by learner-specific and contextual affordances and constraints. In the same vein, it argues against the inclusion of a no-WCF group in future quantitative studies as research findings to date suggest little contribution for practice effect alone unless the inclusion is empirically justified for specific purposes. The study also calls for conducting equal-weight mixed-methods studies in L2 written feedback research and for employing well-defined interview protocols and open-ended questionnaires to gain clearer perspectives about the learners' writing experience and to better substantiate quantitative findings."
written feedback quality versus spoken feedback coaching,crossref,ok,2481389,10.3352/jeehp.2012.9.10,Improved quality and quantity of written feedback is associated with a structured feedback proforma,2012,"Facilitating the provision of detailed, deep and useful feedback is an important design feature of any educational programme. Here we evaluate feedback provided to medical students completing short transferable skills projects. Feedback quantity and depth were evaluated before and after a simple intervention to change the structure of the feedback-provision form from a blank free-text feedback form to a structured proforma that asked a pair of short questions for each of the six domains being assessed. Each pair of questions consisted of asking the marker ?占퐓hat was done well???and ?占퐓hat changes would improve the assignment???Changing the form was associated with a significant increase in the quantity of the feedback and in the amount and quality of feedback provided to students. We also observed that, for these double-marked projects, the marker designated as ?占퐉arker 1??consistently wrote more feedback than the marker designated ?占퐉arker 2??"
written feedback quality versus spoken feedback coaching,crossref,ok,2481389,10.22492/ijll.3.2.02,Written Corrective Feedback: Student Preferences and Teacher Feedback Practices,2018,
written feedback quality versus spoken feedback coaching,crossref,ok,2481389,10.1007/s42321-018-0009-1,Trained Peer Written Feedback and Teacher Written Feedback: Similar or Different?,2018,
remote coaching versus in-person coaching outcomes,crossref,ok,2093218,10.4324/9781315780955-13,Qualitative versus quantitative outcomes of executive coaching,2015,
remote coaching versus in-person coaching outcomes,crossref,ok,2093218,10.1057/9781137359209.0015,Person-centred coaching,,
remote coaching versus in-person coaching outcomes,crossref,ok,2093218,10.46409/sr.mzzc3210,Hybrid Diabetes Coaching Model: Integrating In-Person and Telemedicine Strategies to Improve Glycemic Outcomes,,"Practice Problem: In patients with type 2 diabetes, poor glycemic control among adults remains a significant challenge in primary care settings, particularly within federally qualified health centers (FQHCs) that serve underserved populations. At the FQHC practice site, patients were managed using standard care with quarterly follow- up visits, without a structured hybrid coaching approach. This inconsistency contributed to a high number of patients with hemoglobin A1c (HgbA1c) levels ≥ 9%, placing them at increased risk for diabetes-related complications.

PICOT Question: In adults with poorly controlled type 2 diabetes (HgbA1c ≥ 9%) (P), does monthly hybrid coaching delivered through in-person and/or telemedicine visits using a structured checklist (I), compared to current standard practice (C), improve glycemic control (O) over a 10-weeks (T)?

Evidence: Evidence supports the effectiveness of hybrid coaching interventions in improving diabetes self-management and glycemic outcomes. This approach is supported by randomized controlled trials and systematic reviews demonstrating that coaching delivered in-person or via telehealth improves patient engagement and glycemic control.

Intervention: This DNP Scholarly project implemented monthly hybrid diabetes coaching sessions guided by an evidence-based structured checklist aligned with American Diabetes Association (ADA) guidelines. Providers conducted coaching visits either in person or through telemedicine, focusing on lifestyle modification, medication adherence, and diabetes self-management strategies.

Outcome: Twenty-two patients were enrolled in the DNP Scholarly project, of whom 16 completed both coaching sessions and post-intervention HgbA1c testing. Among those who completed the intervention, the mean HgbA1c decreased from 11.17% at baseline to 9.62% post-intervention, representing a 1.55% reduction and demonstrating both statistical and clinical improvement in glycemic control.

Conclusion: The findings suggest that structured hybrid coaching sessions supported by a standardized diabetes management checklist can improve glycemic outcomes in adults with poorly controlled type 2 diabetes. This approach offers a sustainable strategy to strengthen chronic disease management in primary care settings serving underserved populations."
remote coaching versus in-person coaching outcomes,crossref,ok,2093218,10.4324/9781315114514-11,A whole-person approach to leadership and executive coaching,2021,
remote coaching versus in-person coaching outcomes,crossref,ok,2093218,10.4135/9781036233556.n5,The Person-Centred Approach to Coaching,2024,
remote coaching versus in-person coaching outcomes,crossref,ok,2093218,10.4135/9781071845417.n6,Co-Teach Virtually and in Person,2021,
remote coaching versus in-person coaching outcomes,crossref,ok,2093218,10.1007/978-3-032-11842-4_4,Coaching Effectiveness,2026,
remote coaching versus in-person coaching outcomes,crossref,ok,2093218,10.1007/978-3-032-11842-4_3,Executive Coaching,2026,
remote coaching versus in-person coaching outcomes,crossref,ok,2093218,10.1037/edu0000691.supp,Supplemental Material for A Comparative Analysis of Instructional Coaching Approaches: Face-to-Face Versus Remote Coaching in Preschool Classrooms,2021,
remote coaching versus in-person coaching outcomes,crossref,ok,2093218,10.1057/9780230509436_7,Person-centred coaching: Facilitating the coachee,2005,
remote coaching versus in-person coaching outcomes,crossref,ok,2093218,10.4135/9781071845417.n1,Introduction,2021,
remote coaching versus in-person coaching outcomes,crossref,ok,2093218,10.4135/9781071845417.n3,Mini Coaching Cycles : A Structure to Engage Teachers in This Moment,2021,
remote coaching versus in-person coaching outcomes,crossref,ok,2093218,10.4324/9781315758510-12,Person-centred coaching psychology,2018,
remote coaching versus in-person coaching outcomes,crossref,ok,2093218,10.4324/9781003038061-4,A person-centred approach to coaching supervision,2020,
remote coaching versus in-person coaching outcomes,crossref,ok,2093218,10.1891/9780826180094.0027,Integral Coaching: Whole Person Development in a Complex World,2018,
remote coaching versus in-person coaching outcomes,crossref,ok,2093218,10.53841/bpstcp.2005.1.2.3,Person-centred coaching psychology,2005,
remote coaching versus in-person coaching outcomes,crossref,ok,2093218,10.4324/9781351130554-29,Coaching virtual and remote teams,2019,
remote coaching versus in-person coaching outcomes,crossref,ok,2093218,10.1007/978-3-032-11842-4,Quantifying Executive Coaching,2026,
remote coaching versus in-person coaching outcomes,crossref,ok,2093218,10.4324/9781003127055-9,Which outcomes does coaching actually deliver? What does executive coaching work on?,2021,
remote coaching versus in-person coaching outcomes,crossref,ok,2093218,10.1007/978-3-319-76378-1_4,Person-Centred Coaching,2019,
remote coaching versus in-person coaching outcomes,crossref,ok,2093218,10.1080/21640629.2023.2275400,Reflecting on the challenges of first-person action research in sport coaching,2023,
remote coaching versus in-person coaching outcomes,crossref,ok,2093218,10.24989/person.v8i2.2894,Personzentriertes Coaching,2004,"Im vorliegenden Artikel wird gezeigt, dass der Personzentrierte Ansatz nicht nur für Psychotherapie, sondern auch für Coaching ein konsistentes Theoriemodell zur Persönlichkeit und Persönlichkeitsentwicklung sowie zu Prozess und Beziehung bereitstellt. Coaching wird im Folgenden als eine besondere Ausformung der von Carl R. Rogers beschriebenen hilfreichen Beziehung analysiert. Es werden Gemeinsamkeiten und Unterschiede zur Psychotherapie dargestellt. Anhand der Prozessskalen von Rogers werden die Besonderheiten von Coaching gezeigt und die Abgrenzung zur Psychotherapie verdeutlicht."
remote coaching versus in-person coaching outcomes,crossref,ok,2093218,10.1007/978-3-032-11842-4_6,The Development of the Coaching Effectiveness Scale: Study 1,2026,
remote coaching versus in-person coaching outcomes,crossref,ok,2093218,10.1007/978-3-032-11842-4_8,The Impact of Psychological Mindedness on Executive Coaching Effectiveness,2026,
remote coaching versus in-person coaching outcomes,crossref,ok,2093218,10.4324/9781003291879-16,Remote Learning Environments,2023,
remote coaching versus in-person coaching outcomes,crossref,ok,2093218,10.13109/9783666401565.123,5. Person und Organisation,2015,
remote coaching versus in-person coaching outcomes,crossref,ok,2093218,10.4135/9781071845417.n7,Coach for Rigor and Engagement,2021,
remote coaching versus in-person coaching outcomes,crossref,ok,2093218,10.1365/s40896-019-00030-z,Training vs. Coaching – über Aporien in der Professionalisierungsdiskussion,2019,"Zusammenfassung
Die Abgrenzungsdebatte um die Professionalisierung von Coaching ist unabgeschlossen und weiterhin notwendig. Coaching wird beispielsweise immer wieder mit Training verglichen. Die Entleihung des Begriffs Coaching aus der Welt des Sports ist ein Fakt, ob der Vergleich sinnvoll ist, eine offene Frage. Die Erforschung des Sprachgebrauchs in der Sportwissenschaft zeigt, dass trotz der steigenden Popularität Coaching auch im Sport ein unscharfer Begriff geblieben ist. In der Coaching-Literatur werden zur Begründung der Abgrenzung mehrere Konzepte bemüht. Die Analyse zeigt, dass diese – u. a. Hilfe zur Selbsthilfe, Beratung ohne Ratschlag – einer kritischen Diskussion nicht standhalten. Welche Lehren können nun aus dieser Debatte für eine weitere Professionalisierung von Coaching gezogen werden?"
remote coaching versus in-person coaching outcomes,crossref,ok,2093218,10.4135/9781071845417,"Student-Centered Coaching From a Distance: Coaching Moves for Virtual, Hybrid, and In-Person Classrooms",2021,
remote coaching versus in-person coaching outcomes,crossref,ok,2093218,10.1080/21640629.2021.1944527,“It’s all about knowing the young person”: Best practice in coaching autistic athletes,2021,
remote coaching versus in-person coaching outcomes,crossref,ok,2093218,10.1007/978-3-032-11842-4_1,Introduction,2026,
remote coaching versus in-person coaching outcomes,crossref,ok,2093218,10.1007/s11613-007-0003-2,Die „ganze Person“ im Coaching — Ambivalenzen und Optionen,2007,
remote coaching versus in-person coaching outcomes,crossref,ok,2093218,10.1007/978-3-032-11842-4_9,Discussion,2026,
remote coaching versus in-person coaching outcomes,crossref,ok,2093218,10.4135/9781071845417.n8,Building Partnerships in Challenging Times,2021,
remote coaching versus in-person coaching outcomes,crossref,ok,2093218,10.4135/9781071845417.n4,Use Student Evidence From a Distance,2021,
remote coaching versus in-person coaching outcomes,crossref,ok,2093218,10.1007/978-3-032-11842-4_10,Conclusions,2026,
remote coaching versus in-person coaching outcomes,crossref,ok,2093218,10.1123/iscj.2024-0136,An Investigation of Canada’s National Coaching Certification Program’s Coaching Outcomes,2026,"Competency-based coach education programs identify outcomes related to the core tasks that coaches must learn to effectively coach across various sport contexts. Given the evolving landscape of sport, it is crucial to investigate these outcomes to ensure they remain relevant in the education of developing coaches. Thus, the purpose of this study was to investigate National Coaching Certification Program stakeholders’ perceptions of the National Coaching Certification Program outcomes to understand their perceived relevance and impact on coaching effectiveness. An explanatory sequential mixed-methods approach was used; it included online surveys (
                    N
                     = 85) and focus group interviews (
                    N
                     = 24) to gather insights from National Coaching Certification Program stakeholders (e.g., coaches, coach evaluators, coaching consultants, and researchers). Results revealed both strengths and limitations of the current outcomes. Participants proposed five outcome areas focusing on safe sport, athlete-centered leadership, a positive sport culture, holistic athlete development, and professional knowledge. These findings offer valuable recommendations of coach education program outcomes to address the evolving needs of coaches."
remote coaching versus in-person coaching outcomes,crossref,ok,2093218,10.4135/9781071845417.n2,Keep the Focus on Student Learning,2021,
remote coaching versus in-person coaching outcomes,crossref,ok,2093218,10.1007/978-3-319-74067-6_4,Psychological Blockers to Successful Coaching Outcomes,2018,
remote coaching versus in-person coaching outcomes,crossref,ok,2093218,10.4135/9781071845417.n5,Co-Plan With Teachers and Teams,2021,
remote coaching versus in-person coaching outcomes,crossref,ok,2093218,10.4324/9781003127055-3,Does executive coaching work? Is coaching worth the effort?,2021,
remote coaching versus in-person coaching outcomes,crossref,ok,2093218,10.1007/978-3-032-11842-4_2,Psychological Mindedness,2026,
remote coaching versus in-person coaching outcomes,crossref,ok,2093218,10.4324/9780429431746-3,What outcomes can we expect from coaching?,2020,
remote coaching versus in-person coaching outcomes,crossref,ok,2093218,10.1365/s40896-021-00050-8,“Tit for Tat”—The Outcomes of Coaching in Service Companies,2021,"AbstractWorkplace coaching has been established as a popular managerial development tool to support employees on all hierarchical levels. In service industries, coaching is underrepresented. This is rather surprising because more than in any other industry, the employees’ attitudes and personal job satisfaction have an impact on customers’ service perceptions. Thus, taking care of the service personnel should be a top concern for service firms. This position paper therefore presents the challenges service employees are confronted with, according to their distance to the customer, and describes how coaching may help them to overcome those challenges from a conceptual point of view. Service employees may be influenced by workplace coaching, affecting not only their work performance (i.e. skill-based outcomes), but also their attitude and personality (i.e. psychological outcomes). Theoretically, this study adds on previous research, by presenting a conceptual discussion of positive outcomes of coaching for service organizations, which is supplemented by considerations about negative or unwanted effects. Service practitioners learn that coaching can be widely applied to different employee groups and gain a differentiated perspective about conceivable positive and negative outcomes."
remote coaching versus in-person coaching outcomes,crossref,ok,2093218,10.4324/9781315213446-7,Case 6: Coaching Girls Versus Boys,2017,
remote coaching versus in-person coaching outcomes,crossref,ok,2093218,10.53841/bpsicpr.2006.1.1.47,Person-centred coaching psychology: A meta-theoretical perspective,2006,"Coaching psychology provides a new professional arena for thinking about psychological practice. Many will recognise the ethos of coaching psychology as different from the medical model and many coaching psychologists would not recognise a description of the profession as grounded in the medical model. It will be argued, however, that because coaching psychology has emerged in relation to other professional branches of psychology which do adopt the medical model, it has as a consequence implicitly adopted the values of the medical model. The implication of the medical model is the view that we ourselves are the expert on our client’s life. This stands in contrast to the person-centred model view which is that our client is their own best expert. It will be argued that coaching psychology should reject the medical model and instead adopt the person-centred meta-theoretical perspective."
remote coaching versus in-person coaching outcomes,crossref,ok,2093218,10.4324/9781003127055-5,What works in executive coaching? What makes coaching really worthwhile?,2021,
remote coaching versus in-person coaching outcomes,crossref,ok,2093218,10.1037/e616742011-007,Sports psychology can inform coaching and coaching psychology practice: Internal versus external imagery,2010,
remote coaching versus in-person coaching outcomes,crossref,ok,2093218,10.1123/iscj.2017-0046,Transformational Coaching Workshop: Applying a Person-Centred Approach to Coach Development Programs,2017,"It is well established that coach learning and athlete outcomes can be enhanced through participation in Coach Development Programs (CDPs). Researchers advocate that the quality of CDPs can be improved by: (a) placing a greater emphasis on facilitating coaches’ interpersonal behaviours (Lefebvre, Evans, et al., 2016), (b) using appropriate and systematic evaluation frameworks to guide the evaluation of interpersonally-focused CDPs (Evans et al., 2015), and (c) incorporating behaviour change theories into the design and implementation of these CDPs (Allan et al., 2017). In doing so, the relevance of CDP content and the uptake of this content among coaching practitioners may be enhanced. Transformational leadership theory provides a valuable guiding framework for designing CDPs that aim to promote positive development in youth sport. Thus, the goal of the present paper is to outline the development of a novel, evidence-informed CDP: The Transformational Coaching Workshop and to provide practical strategies for the implementation of this workshop."
remote coaching versus in-person coaching outcomes,crossref,ok,2093218,10.1177/17479541221077052,Characteristics of a person-centred coaching approach,2022,"Within this paper we propose a need to better understand what is meant by a person-centred approach to coaching and in particular, to consider the intention that drives coach behaviours. Much of the extant coaching literature focuses on pedagogical models and theories of learning. Without detracting from this important body of work, we suggest that a holistic approach requires a greater focus on coaches’ inter- and intra-personal knowledge. In this paper, video stimulated recall was used to guide interviews with Alpine ski coaches, to explore their thought processes and intentions behind person-centred delivery. The findings suggest these coaches adopted other-centred intentions that are facilitated by an accurate self-assessment, a big picture perspective and a willingness to learn. Consequently, the concept of humility is proposed as a guiding principle for person-centred coaching, and a conceptual model is presented as a solution to the challenges we identify throughout the paper."
virtual tutoring elite tutor technique transfer,crossref,ok,1903553,10.3102/2275945,Scaling Dialogic Teaching:  How Group Size Shapes Tutor Talk Moves in Virtual Tutoring,2026,
virtual tutoring elite tutor technique transfer,crossref,ok,1903553,10.1007/978-3-540-30139-4_116,Interactively Building a Knowledge Base for a Virtual Tutor,2004,
virtual tutoring elite tutor technique transfer,crossref,ok,1903553,10.1007/978-3-540-69132-7_65,To Tutor the Tutor: Adaptive Domain Support for Peer Tutoring,,
virtual tutoring elite tutor technique transfer,crossref,ok,1903553,10.4324/9780429322389-1,E-tutoring,2020,
virtual tutoring elite tutor technique transfer,crossref,ok,1903553,10.3390/app16020899,"A Virtual Tutoring System with Gamification, LLM-Guided NPCs, and Online Tutor Support",2026,"Most of the existing Virtual World (VW)-based curriculum-related educational systems use conventional non-player characters (NPCs) to interact with users, represented as avatars, to guide and help them to accomplish learning activities. Also, a few of them use some kind of gamification and keep data for user interactions and activities, and even fewer allow for real-time tutor intervention. In this paper, we present the design, implementation, and evaluation of an educational system based on VW technology, which employs gamification features; two types of NPCs, one conventional and another LLM-based; and a database that stores, apart from educational information, information about the interactions users have with NPCs. Furthermore, we designed and implemented a learning management unit for online-tutor tracing and for supporting the learning progress of users. The evaluation of the system, via experimental use and questionnaires, shows that both types of NPCs were useful for different reasons, although there was a preference for the LLM-based NPC. LLM-based NPCs made dialogues more interesting and were perceived as more friendly and helpful, but conventional ones provided more targeted help. However, both were less interesting than the two gamification features: a scoring system and quizzes. Additionally, the effectiveness of the tutoring system was confirmed in terms of learning outcomes and overall experience, although in a subjective manner. Finally, online-tutor support was recognized as a very positive capability."
virtual tutoring elite tutor technique transfer,crossref,ok,1903553,10.4324/9780429322389-10,Emotionally intelligent tutoring,2020,
virtual tutoring elite tutor technique transfer,crossref,ok,1903553,10.1007/978-3-642-13437-1_62,Real-Time Control of a Remote Virtual Tutor Using Minimal Pen-Gestures,2010,
virtual tutoring elite tutor technique transfer,crossref,ok,1903553,10.4324/9780429322389-11,Emotionally intelligent tutors and tutoring,2020,
virtual tutoring elite tutor technique transfer,crossref,ok,1903553,10.5353/th_b3123450,"Tutor supervision, tutoring behaviours and outcomes in peer tutored paired reading",,
virtual tutoring elite tutor technique transfer,crossref,ok,1903553,10.4324/9780429322389-8,"E-tutor competences, skills and beliefs",2020,
virtual tutoring elite tutor technique transfer,crossref,ok,1903553,10.4324/9781041054351-2,What is a personal tutor?,2025,
virtual tutoring elite tutor technique transfer,crossref,ok,1903553,10.31274/etd-180810-425,Extensible Problem Specific Tutor (xPST) : Easy authoring of intelligent tutoring systems,,
virtual tutoring elite tutor technique transfer,crossref,ok,1903553,10.1080/0305569960220202,"Effects of Tutor‐Tutee Intimacy, Tutoring Conditions and Tutor Background on College Student Tutor Satisfaction",1996,
virtual tutoring elite tutor technique transfer,crossref,ok,1903553,10.1109/cisti.2014.6876967,Supporting the tutoring process in universities through a virtual tutor,2014,
virtual tutoring elite tutor technique transfer,crossref,ok,1903553,10.1080/14626269009409092,The anatomy of FITS: A mathematics tutor,1990,
virtual tutoring elite tutor technique transfer,crossref,ok,1903553,10.2307/j.ctt46nxr5.19,CLASSROOM-BASED TUTORING AND THE “PROBLEM” OF TUTOR IDENTITY:,,
virtual tutoring elite tutor technique transfer,crossref,ok,1903553,10.4324/9781041054351-3,Core values and skills of the personal tutor,2025,
virtual tutoring elite tutor technique transfer,crossref,ok,1903553,10.1609/aiide.v2i1.18748,Intelligent Tutoring Systems for Commercial Games: The Virtual Combat Training Center Tutor and Simulation,2006,"Game manuals and tutorial scenarios are insufficient for new players to learn games of deep complexity such as highly realistic tactical simulations of modern battlefields. Adding post-game after-action reviews improves the situation, but these typically do not provide guidance during the mission and tend to focus on quantitative feedback, rather than specifics about what the player did wrong and how to improve. Intelligent tutoring system (ITS) technology provides a higher level of interactivity and a more specific qualitative analysis to guide players during game play. This use of an AI technology is demonstrated with the integration of an ITS component with the tactical simulation Armored Task Force (ATF) resulting in a combined system called the the Virtual Combat Training Center (V-CTC). V-CTC simulates the Army's combat training center at Fort Irwin and its instructors, called observer / controllers. The ATF game itself was modified to send an event stream over TCP-IP sockets to the ITS component, which interprets the events and acts accordingly. V-CTC was originally intended for a military context: either classroom use, field instruction, or embedded deployment. However, in non-military games, tutors (or non-player characters acting in that role) may well enhance the gaming experience of players. Such players might otherwise become frustrated with learning very challenging games, or simply fail to appreciate the tactical possibilities and depth of strategy possible in a well-designed game."
virtual tutoring elite tutor technique transfer,crossref,ok,1903553,10.5040/9798216188414.ch-006,Library Instruction Tutor Training Program: Applications,2000,
virtual tutoring elite tutor technique transfer,crossref,ok,1903553,10.4324/9781410617071-26,CIRCSIM-Tutor in the Classroom,2006,
virtual tutoring elite tutor technique transfer,crossref,ok,1903553,10.1080/14626269109408276,OM: an intelligent tutor based on a qualitative model,1991,
virtual tutoring elite tutor technique transfer,crossref,ok,1903553,10.5040/9798881847098.0023,Tutor Training,2025,
virtual tutoring elite tutor technique transfer,crossref,ok,1903553,10.5040/9798216188414.0006,UNM Library Instruction Tutor Program Documents,2000,
virtual tutoring elite tutor technique transfer,crossref,ok,1903553,10.4324/9780429322389,The Emotionally Intelligent Online Tutor,2020,
virtual tutoring elite tutor technique transfer,crossref,ok,1903553,10.7763/ijet.2009.v1.69,A Suggested E-Tutor Model as Dynamic Intelligent Tutoring System For Mathematics in Egyptian Language Schools,2009,
virtual tutoring elite tutor technique transfer,crossref,ok,1903553,10.4324/9781315174242-1,Tutoring: The Basics,2018,
virtual tutoring elite tutor technique transfer,crossref,ok,1903553,10.5040/9798216188414.ch-005,Conceptual Curriculum for Library Instruction Tutor Program,2000,
virtual tutoring elite tutor technique transfer,crossref,ok,1903553,10.4324/9781410617071-6,Origins of the CIRCSIM-Tutor Project,2006,
virtual tutoring elite tutor technique transfer,crossref,ok,1903553,10.2307/1162873,"Ethnic Similarity, Tutor Expertise, and Tutor Satisfaction in Cross-Age Tutoring",1989,
virtual tutoring elite tutor technique transfer,crossref,ok,1903553,10.7330/9780874215014.c022,11 Classroom-Based Tutoring and the “Problem” of Tutor Identity: Highlighting the Shift from Writing Center to Classroom-Based Tutoring,2005,
virtual tutoring elite tutor technique transfer,crossref,ok,1903553,10.37514/wln-j.2015.40.1.05,Tutor�s Column: �Tutoring a Friend�,2015,
virtual tutoring elite tutor technique transfer,crossref,ok,1903553,10.2139/ssrn.2120066,Tutor Virtual,2012,"Evidentemente para ejercer de tutor virtual nada tiene que ver con hacerlo de manera presencial. la empatía, la capacidad de lideraje teniendo en cuanta que los responsables de su formación son los alumnos, es de vital importancia, así como conocer el funcionamiento de las heramientas de la web 2.0 y ser cpaz de dinamizar un proceso de e-learning que hace que los planteamientos metodológicos sean únicos en su aplicación."
virtual tutoring elite tutor technique transfer,crossref,ok,1903553,10.4324/9781315174242-8,Tutoring Over a Whole Year,2018,
virtual tutoring elite tutor technique transfer,crossref,ok,1903553,10.3102/2189467,Tutor-Tutee Relationships in a Near-Peer Online Tutoring Program,2025,
virtual tutoring elite tutor technique transfer,crossref,ok,1903553,10.5040/9798216188414.0007,UNM Library Instruction Tutor Program Training Agenda and Exercises,2000,
virtual tutoring elite tutor technique transfer,crossref,ok,1903553,10.1007/3-540-55606-0_72,Using expert tutor knowledge to design a Self-Improving intelligent tutoring system,1992,
virtual tutoring elite tutor technique transfer,crossref,ok,1903553,10.1080/0968465970050207,A tutor/teacher job swap,1997,
virtual tutoring elite tutor technique transfer,crossref,ok,1903553,10.5220/0003966601910194,THE VIRTUAL TUTOR - Development of a Virtual Tutor within a Simulated Working Environment,2012,
virtual tutoring elite tutor technique transfer,crossref,ok,1903553,10.4324/9781041054351-8,Observation,2025,
virtual tutoring elite tutor technique transfer,crossref,ok,1903553,10.4324/9781410617071-19,Plans and Planning in the CIRCSIM-Tutor Project,2006,
virtual tutoring elite tutor technique transfer,crossref,ok,1903553,10.3102/00028312026001122,"Ethnic Similarity, Tutor Expertise, and Tutor Satisfaction in Cross-Age Tutoring",1989,"Path analysis was employed to examine the effects of tutor-tutee ethnic similarity, tutor expertise variables, and perceived goal attainment variables on the satisfaction of college student tutors of disadvantaged elementary school children. Hypotheses were based upon theories of job satisfaction, role modeling, and intragroup conflict, as well as upon past research. Data were collected by mailed questionnaires from 425 tutors participating in a large-scale tutorial project. Results showed the major factor directly influencing satisfaction to be the extent to which tutors felt they had achieved project goals. Ethnic similarity had an indirect impact, whereas expertise manifested both direct and indirect effects."
virtual tutoring elite tutor technique transfer,crossref,ok,1903553,10.4324/9781041054351,Becoming an Outstanding Personal Tutor,2025,
virtual tutoring elite tutor technique transfer,crossref,ok,1903553,10.4324/9780429322389-4,Emotional intelligence,2020,
virtual tutoring elite tutor technique transfer,crossref,ok,1903553,10.24114/jgk.v7i1.40992,PENGARUH METODE TUTOR SEBAYA (PEER TUTORING) DALAM MENINGKATKAN SELF REGULATION MAHASISWA PGSD FKIP UNIVERSITAS QUALITY MEDAN,2022,"The Influence of Peer Tutoring Method In Improving The Self Regulation of Pgsd Fkip Students Quality University 0f Medan. This study aims to determine the effect of the peer tutoring method in increasing the self-regulation of Elementary School Teacher Education students at FKIP University of Quality Medan. Through tutors or peers, it is hoped that there will be potential behavior through organizing lecture material independently in the form of seeking help and providing assistance during the lecture process. This research is an experimental research using a quasi-experimental design with a total of 40 students as the experimental group and 40 students as the control group. The data collection method is to use a self-regulation scale measuring instrument adapted from the Lailiyah scale (2015). Data analysis technique using Paired samples t test. The reliability of the self-regulation scale is 618 which means it has high reliability. The treatment in this study was carried out in 2 meetings. The research results show that the peer tutoring method can improve student self-regulation. This can be seen from the comparison between the results of the pretest and posttest in the experimental group which experienced an increase. The results of the pretest and posttest are reinforced by the results of the paired samples t-test with a significance level of 0.000 &lt;0.05, because it is smaller than 0.05, then Ho is rejected and Ha is accepted. The difference in the average value of the experimental group was 2.732501, which was greater than the average value of the control group, which was 0.52500, meaning that there was a difference in self-regulation between the control group and the experimental group. The results show that there is an influence on the peer tutoring method in increasing student self-regulation."
virtual tutoring elite tutor technique transfer,crossref,ok,1903553,10.4324/9781041054351-1,Introduction,2025,
virtual tutoring elite tutor technique transfer,crossref,ok,1903553,10.1080/13611260220133135,"The Induction Tutor: Mentor, manager or both?",2002,
virtual tutoring elite tutor technique transfer,crossref,ok,1903553,10.1080/13611260902860125,Being an expert mathematics online tutor: what does expertise entail?,2009,
virtual tutoring elite tutor technique transfer,crossref,ok,1903553,10.4324/9781041054351-10,Measuring impact,2025,
virtual tutoring elite tutor technique transfer,crossref,ok,1903553,10.4324/9781041054351-9,Reflective practice,2025,
virtual tutoring elite tutor technique transfer,crossref,ok,1903553,10.4324/9781041054351-4,Setting boundaries,2025,
chat-based mentoring skill acquisition adults,crossref,ok,7469464,10.1201/b13018-7,- Learning and skill acquisition,2016,
chat-based mentoring skill acquisition adults,crossref,ok,7469464,10.23860/diss-lynch-kenneth-2020,"STRUCTURED, INDIVIDUALIZED, VIDEO-BASED COACHING TO IMPROVE TECHNICAL SKILL ACQUISITION",,
chat-based mentoring skill acquisition adults,crossref,ok,7469464,10.36905/jses.2019.03.01,Australasian Skill Acquisition Network Annual Conference,2019,
chat-based mentoring skill acquisition adults,crossref,ok,7469464,10.32469/10355/109705,Effects of play-based antecedent exercise on skill acquisition,,"While antecedent exercise has been researched several times in the context of running, jogging, or other exercise for 10 or more minutes at a time, little research has been conducted to study the effects of using play-based exercises for shorter durations. Therefore, the current study aimed to examine whether five minutes of play-based antecedent exercise would reduce stereotypy, as well as whether there may be a positive relationship between decreased stereotypy and increase correct responding. Three 4-year-old boys who experienced stereotypical behaviors were included in an ABAB reversal design to review their frequency of stereotypy and percentage of correct responding between baseline and intervention phases. The results showed that there was some decrease in average stereotypy for two participants, and some level of a positive relationship between decreased stereotypy and increase in correct responding for one participant. The authors conclude that there is some potential for play-based antecedent exercise to be effective in reducing stereotypy and increasing correct responding, though future research may examine specific exercises and topographies of stereotypy to determine which individuals may be most positively impacted."
chat-based mentoring skill acquisition adults,crossref,ok,7469464,10.4324/9780203646564-11,Individual differences in skill acquisition,2004,
chat-based mentoring skill acquisition adults,crossref,ok,7469464,10.4324/9780203646564-6,A historical perspective on skill acquisition,2004,
chat-based mentoring skill acquisition adults,crossref,ok,7469464,10.5040/9781718214125.ch-005,Understanding the Dynamics of Skill Acquisition,2021,
chat-based mentoring skill acquisition adults,crossref,ok,7469464,10.4324/9780203646564-24,The evolution of coordination during skill acquisition,2004,
chat-based mentoring skill acquisition adults,crossref,ok,7469464,10.1037/e537052012-435,Is Older Adults' Strategic Skill Acquisition Influenced by a Deficient Mental Task Model?,2004,
chat-based mentoring skill acquisition adults,crossref,ok,7469464,10.4324/9781003051343-2,Introduction to Skill Acquisition in Judo,2024,
chat-based mentoring skill acquisition adults,crossref,ok,7469464,10.5040/9781474212304.ch-009,Integrating Online Chat in Foreign Language Programs: Suggestions and Resources,,
chat-based mentoring skill acquisition adults,crossref,ok,7469464,10.1007/springerreference_302238,Cognitive Skill Acquisition,,
chat-based mentoring skill acquisition adults,crossref,ok,7469464,10.5040/9781474212304.ch-002,Towards a Definition of Online Intercultural Chat: Insights from SLA,,
chat-based mentoring skill acquisition adults,crossref,ok,7469464,10.7551/mitpress/10406.003.0011,Recursion as a Usage-Based Skill,2016,
chat-based mentoring skill acquisition adults,crossref,ok,7469464,10.5040/9798216403265.ch-1,Definition of Mentoring,2021,
chat-based mentoring skill acquisition adults,crossref,ok,7469464,10.5040/9798216403265.0004,Introduction  Why Mentoring?,2021,
chat-based mentoring skill acquisition adults,crossref,ok,7469464,10.4324/9780203056899-16,Assessment Procedures for Predicting and Optimizing Skill Acquisition After Extensive Practice,2013,
chat-based mentoring skill acquisition adults,crossref,ok,7469464,10.5040/9781474212304.ch-005,Other-Repair in Online Intercultural Chat: When Native Speakers Do Correction,,
chat-based mentoring skill acquisition adults,crossref,ok,7469464,10.4324/9780203646564-20,Psychophysiological and related indices of attention during motor skill acquisition,2004,
chat-based mentoring skill acquisition adults,crossref,ok,7469464,10.2139/ssrn.6438922,Beyond Prescribed Intelligence: Toward Self-Directed Skill Acquisition in LLM-Based Cybersecurity Agents,2026,"The dominant paradigm for integrating Large Language Models (LLMs) into Security Operations Centers (SOCs), which this paper terms prescribed intelligence (human-engineered skills, hardcoded tool integrations, and prompt templates), is structurally insufficient for replicating the adaptive workflows of expert SOC analysts. This paper identifies five limitations of that paradigm and proposes credentialed self-exploration as an alternative: provision an LLM agent with strictly read-only access to a sandboxed or test SOC environment, describe its role, and let it autonomously discover data sources, learn tool relationships, and propose executable skills for human review. During exploration, the agent takes no action on production systems; only skills that pass human review are deployed. The paper introduces AESOP (Agent-driven Exploration for Security Operations Proficiency), a conceptual framework for this self-directed architecture, and outlines a research agenda for empirical validation. Supporting evidence draws on cross-domain advances in tool learning, autonomous agents, and offensive security (penetration testing), demonstrating patterns transferable to defensive SOC operations-a central question this work raises."
chat-based mentoring skill acquisition adults,crossref,ok,7469464,10.3030/101159546,,2024,
chat-based mentoring skill acquisition adults,crossref,ok,7469464,10.1037/e578692012-002,Learning by doing: Understanding skill acquisition through skill acquisition,2010,
chat-based mentoring skill acquisition adults,crossref,ok,7469464,10.4324/9781003051343-12,Creating a Skills Based Curriculum,2024,
chat-based mentoring skill acquisition adults,crossref,ok,7469464,10.54393/pjhs.v6i7.3294,Impact of Formative Feedback on Skill Acquisition in Simulation-Based Training,2025,"Simulation-based learning is widely used in healthcare education to teach clinical skills in a safe, structured environment. However, the integration of systematic formative feedback within simulation remains inconsistent, particularly in undergraduate programs. Objectives: To evaluate the impact of structured formative feedback on clinical skill acquisition, self-reported confidence, and learner satisfaction among undergraduate students in medicine, dentistry, and nursing. Methods: A quasi-experimental study was conducted at Rawal Institute of Health Sciences with 72 undergraduate students. Participants were recruited via convenience sampling and randomly assigned to either a feedback group or a control group (n=36 each). Both groups performed the same simulation tasks, but only the feedback group received structured, real-time formative feedback after the initial assessment. Data collection included pre- and post-test knowledge scores, Objective Structured Clinical Examination (OSCE) performance, confidence rating scales, and satisfaction questionnaires. Data were analyzed using SPSS version 26.0. Results: The feedback group showed significantly higher post-test and OSCE scores compared to the control group (p&lt;0.001), with large effect sizes (Cohen’s d &gt;1.5). Improvement scores and post-training confidence ratings were also significantly greater in the feedback group. Learner satisfaction scores in the feedback group were consistently high across all domains. Conclusions: Structured formative feedback in simulation-based training leads to substantial improvements in clinical performance, learner confidence, and satisfaction. These findings support the routine incorporation of feedback into undergraduate simulation curricula, particularly in resource-limited educational settings."
chat-based mentoring skill acquisition adults,crossref,ok,7469464,10.7551/mitpress/9780262037341.003.0009,High Fertility and Anemic Skill Acquisition,2018,"Most ultra-Orthodox Jews, a growing percentage of the total population, lack the skills to work in a modern economy, having studied little or no math and science beyond primary school (their curriculum focuses almost entirely on religious texts such as the Torah and Talmud). As a result, more than 60 percent live below the poverty line, compared with 12 percent among non-Haredi Jews. Most also opt out of military service, which is compulsory for other Israelis. The net effect: as the Haredi community expands, the burden of both taxation and conscription falls on fewer and fewer Israelis. Trends towards increased fertility, decreased labor force participation, and increased supply of time to religious studies in the ultra-Orthodox community are explained in terms of the behavior of a “club” that has strengthened its norms of religious stringency in an attempt to brace exclusion. The economic self- preservation of the “club” is akin to the old age security motive of bringing children, where children is a means for parents from their income (female work income, child allowances, and other government subsidies) generating years to their old age unproductive years. The parents to minimize “defection” from the community do not endow the children labor- market skills."
chat-based mentoring skill acquisition adults,crossref,ok,7469464,10.2139/ssrn.4492287,"Skill-Biased Imports, Skill Acquisition, and Migration",2023,"Imported capital goods, which embody skill-complementary technologies, can increase the supply of skills in developing countries. Focusing on China and using a shift-share design, we show that city-level capital goods import growth increases the local skill share and that both skill acquisition and migration play a role. We develop and quantify a spatial equilibrium model with these two mechanisms to examine the aggregate effects of capital goods imports, accounting for trade and migration linkages between cities. Counterfactual experiments suggest that the growth in capital goods imports in China between 2000 and 2010 led to a 3.7-8.9 million increase in the stock of college graduates, representing 5.7-13% of the total increase over this period. However, this growth disproportionately favored coastal regions, exacerbating existing spatial disparities."
chat-based mentoring skill acquisition adults,crossref,ok,7469464,10.4324/9781315260051-15,Skill checklists,,
chat-based mentoring skill acquisition adults,crossref,ok,7469464,10.2139/ssrn.4479173,"Skill-Biased Imports, Skill Acquisition, and Migration",2023,"Imported capital goods, which embody skill-complementary technologies, can increase the supply of skills in developing countries. Focusing on China and using a shift-share design, we show that city-level capital goods import growth increases the local skill share and that both skill acquisition and migration play a role. We develop and quantify a spatial equilibrium model with these two mechanisms to examine the aggregate effects of capital goods imports, accounting for trade and migration linkages between cities. Counterfactual experiments suggest that the growth in capital goods imports in China between 2000 and 2010 led to a 3.7-8.9 million increase in the stock of college graduates, representing 5.7-13% of the total increase over this period. However, this growth disproportionately favored coastal regions, exacerbating existing spatial disparities."
chat-based mentoring skill acquisition adults,crossref,ok,7469464,10.66731/jher.v28i1.442,Strategies for Promoting Skill Acquisition by Adults through Adult Education in Enugu State,2024,"This study examined strategies for promoting skill acquisition by adultsthrough adult education in Enugu State. Specifically, the study determinedskills and ways through which adult education could provide training foradults in Enugu. Two research questions guided the study. The studyadopted a descriptive survey research design. The population of the studywas made up of 3,750 basic literacy adult learners from 21 governmentowned adult basic literacy centres. A random sample of 375 of learners wasdrawn from seven centres. Instrument for data collection was questionnaire.Data were analyzed using the mean and standard deviation. Findingsreveal 15 skill areas where adult education could provide training foradults. These include literacy skills for, hair dressing, soap making andtraining, hat making, literacy skills for fabrication, literacy skills for cateringservice, literacy skills for masonry, etc. Other findings include 15 waysadult education can provide training for adults. These include the use ofmedia for virtual conferencing, workshops, seminars as well as observation,using media to train learners on acquisition of literacy, exposing adults toskills on decoration through face to face contact. The study recommendedamong others that sensitization should be intensified by the State agency formass literacy education to enlighten the public on skill areas that areprovided in adult education."
chat-based mentoring skill acquisition adults,crossref,ok,7469464,10.5040/9781474212304,Online Second Language Acquisition : Conversation Analysis of Online Chat,2010,
chat-based mentoring skill acquisition adults,crossref,ok,7469464,10.5040/9781474212304.0008,References,,
chat-based mentoring skill acquisition adults,crossref,ok,7469464,10.2196/preprints.49747,"Anonymous, Chat-based Peer Support Reduces Loneliness in Older Adults (Preprint)",2023,"BACKGROUND
                        Older adults have a high rate of loneliness which contributes to increased medical morbidity and mortality. Peer support interventions combine persons with a similar struggle or condition to create an environment of mutual support and have demonstrated positive benefits across a broad range of medical conditions and demographics.
                
                                
                    OBJECTIVE
                        This case study describes the experience of a cohort of over 700 adults aged 65 years and older who engaged at least once in anonymous, chat-based, digital peer support to determine if participation led to measurable change in certain emotions.
                
                                
                    METHODS
                        Chat narratives from peer conversations were analyzed to produce a quantitative measure of change in emotion (loneliness, stress, sadness, anger, and optimism) using a third-party public sentiment analysis natural language processing model. Sentiment analysis evaluated each user’s chat messages in temporal order and then normalized across various interaction lengths and reconstructed to produce a collective trend for each emotion.
                
                                
                    RESULTS
                        As the chat progressed, there was a collective decrease in all variables, including loneliness, anger, sadness, and stress with a corresponding increase in optimism.
                
                                
                    CONCLUSIONS
                        Chat-based peer support may be a viable intervention to help address loneliness in older adults and presents an alternative to traditional care. This form of peer support may also be an option to address anger, sadness, and stress. These are promising, hypothesis-generating results that, given the simplicity and scale of the intervention, support the need for further study in this area to expand the evidence for such cost-effective options available to address loneliness among populations of elderly adults.
                
                                
                    CLINICALTRIAL
                        N/A"
chat-based mentoring skill acquisition adults,crossref,ok,7469464,10.5089/9781451855173.001.a001,Skill Acquisition and Firm Creation in Transition Economies1,,
chat-based mentoring skill acquisition adults,crossref,ok,7469464,10.5040/9781474212304.ch-004,Conversational Repair in Online Intercultural Chat: Initiation and Resolution by Self or Other,,
chat-based mentoring skill acquisition adults,crossref,ok,7469464,10.3389/fnagi.2017.00084,Commentary: Preconditioning tDCS facilitates subsequent tDCS effect on skill acquisition in older adults,2017,
chat-based mentoring skill acquisition adults,crossref,ok,7469464,10.33915/etd.6214,"The Effects of Partnership-Based Collaborative Consultation on Treatment Integrity, Increasing Skill Acquisition, and Reducing Problematic Behaviors",,
chat-based mentoring skill acquisition adults,crossref,ok,7469464,10.1007/978-3-031-81120-3_7,Skill Acquisition and Motor Learning,2025,
chat-based mentoring skill acquisition adults,crossref,ok,7469464,10.4324/9780367766924-ress191-1,Philosophical Theories of Skill Acquisition and Development,2024,
chat-based mentoring skill acquisition adults,crossref,ok,7469464,10.31234/osf.io/p428m_v1,"Less Talk, More Code: Practice-Based Instruction Improves Programming Skill Acquisition",2026,"Introductory computer science education often emphasizes watching experts write and explain code. We investigate whether practice-based instruction improves programming skills relative to traditional lectures and which features of practice make it effective. In this preregistered experiment (N = 250), we compared three approaches for an introductory programming lesson: watching a video, code tracing visualizations, and writing code with immediate, AI-generated feedback. Participants who engaged in practice-based instruction performed significantly better than those who watched the video on a novel code-generation test, with the highest performance among learners who practiced writing code. Practice-based instruction also resulted in reduced distraction and increased interest. Whereas video and code tracing conditions led to overconfidence about programming abilities, code writing led to underconfident self-assessments. These findings suggest that active practice, particularly generative practice with feedback, supports learning with advantages in cognitive processing, metacognition, and interest in programming."
chat-based mentoring skill acquisition adults,crossref,ok,7469464,10.33915/etd.13272,"Effects of Fluency-Based and Percentage-Based Mastery Criteria on Learning, Maintenance, Application, and Learner Experience in Behavior-Analytic Skill Acquisition",,
chat-based mentoring skill acquisition adults,crossref,ok,7469464,10.1108/978-1-64802-502-020251018,The Journey from Novice to Mastery,2021,"The purposeful ongoing mentoring model (2012) was developed to elucidate the possible processes mentors may utilize to support their mentees’ development of skills to higher levels on the Dreyfus model of skill acquisition (Dreyfus &amp; Dreyfus, 1980, 1988). The focus of this chapter is to revisit the purposeful ongoing mentoring model (Peno &amp; Silva Mangiante, 2012) to update, clarify, and add an additional level of skill attainment: mastery. Using examples from teacher education, the authors provide the theoretical underpinnings of their work, the characteristics of practitioners at each of the stages on the Dreyfus model of skill acquisition, goals for the work of the mentor and mentee to move the mentee to the next level of skill development, and actions that mentors and mentees can take to collaboratively develop mentees’ skills to the next skill level. The work of Rousse and Dreyfus in this volume is considered in the revision of the POMM, resulting in the POMM revised (POMM-R). Finally, we suggest contexts in which the POMM-R can be useful."
chat-based mentoring skill acquisition adults,crossref,ok,7469464,10.4324/9780203133712-22,Motor skill consolidation,2012,
chat-based mentoring skill acquisition adults,crossref,ok,7469464,10.5040/9798216403265.ch-10,First-Year Challenges and the Mentoring Process,2021,
chat-based mentoring skill acquisition adults,crossref,ok,7469464,10.1007/springerreference_302577,Ability Determinants of Complex Skill Acquisition,,
chat-based mentoring skill acquisition adults,crossref,ok,7469464,10.4324/9780203976272-10,Skill acquisition,2005,
chat-based mentoring skill acquisition adults,crossref,ok,7469464,10.7551/mitpress/9780262034319.003.0007,Recursion as a Usage-Based Skill,2016,
chat-based mentoring skill acquisition adults,crossref,ok,7469464,10.1123/apaq.8.3.210,Verbal Cuing and Motor Skill Acquisition for Adults with Down Syndrome,1991,"The present study was designed to determine whether the verbal-motor performance deficits sometimes exhibited by Down syndrome persons interfere with their capacity to acquire a novel motor task. Mentally handicapped adults with and without Down syndrome, as well as nonhandicapped adults, practiced a verbally cued three-element movement sequence. When the verbal cue was terminated during retention, Down syndrome subjects made no more errors and performed the motor sequence just as rapidly as did the other mentally handicapped adults. However, Down syndrome subjects took longer to organize and initiate their movements. Both mentally handicapped groups performed more poorly than nonhandicapped subjects. The results provide partial support for the notion that Down syndrome persons have difficulty organizing limb movements on the basis of verbal instruction."
chat-based mentoring skill acquisition adults,crossref,ok,7469464,10.1108/978-1-64802-502-020251008,Skill-Based Training in Government Ethics,2021,"Most initial efforts to provide instruction on the rules and regulations regarding conflicts of interest, impartiality, misuse of government resources, and other elements of governmental ethics policies follow a standard template that employees are required to complete. These one-hour-per-year training modules are offered both in-person and online, but the content is generally the same for the overwhelming majority of government employees. Given the diversity, geographic dispersion, and levels of experience of the governmental employees, a single training module is ineffective for the original purpose of the training program, which is to increase awareness and identification of potential ethics issues for employees. To be truly effective and have lasting effects, ethics training must target specific groups at different levels of skill acquisition. Inasmuch as a student can obtain and improve their hard skill such as piloting an aircraft or learning a foreign language, an employee may continue to develop their ethics proficiency if suitable and effective training and instruction exist. Using the Dreyfus and Dreyfus model of adult skill acquisition, a government ethics training program can be established that targets the employee based on skill level instead of occupation, providing more effective and efficient appreciation of ethics."
chat-based mentoring skill acquisition adults,crossref,ok,7469464,10.1016/s0364-0213(99)00020-8,Comprehension-based skill acquisition,2000,
chat-based mentoring skill acquisition adults,crossref,ok,7469464,10.2106/jbjs.21.01198,"Coaching, Separate from Mentoring, May Provide Skill Acquisition, Improved Well-Being, and Career Advancement in Orthopaedic Surgery",2022,"Abstract:
                  Coaching is separate from mentoring, and can include life coaching, skills coaching, and behavior coaching. Life coaching can focus on purpose, work-life balance, well-being, and career path. Skills coaching encourages mastery and promotes autonomy. Behavior coaching may be mandated for a disruptive surgeon. Coaching has been shown to reduce burnout and promote well-being and can potentially advance a surgeon’s career trajectory and leadership skills."
portability of expert tutoring tactics to computer tutors,crossref,ok,2741690,10.4324/9780203052594-8,Motivational Techniques of Expert Human Tutors: Lessons for the Design of Computer-Based Tutors,2013,
portability of expert tutoring tactics to computer tutors,crossref,ok,2741690,10.1007/3-540-61327-7_109,A model of tutoring: Based on the behavior of effective human tutors,1996,
portability of expert tutoring tactics to computer tutors,crossref,ok,2741690,10.1007/978-3-642-13388-6_5,Social and Caring Tutors,2010,
portability of expert tutoring tactics to computer tutors,crossref,ok,2741690,10.1007/3-540-47987-2_42,Automatic Problem Generation in Constraint-Based Tutors,2002,
portability of expert tutoring tactics to computer tutors,crossref,ok,2741690,10.37514/wln-j.2018.42.7.05,"Tutors' Column: ""Paradoxical Authority: Preparing Tutors for Classroom-Based Tutoring""",2018,
portability of expert tutoring tactics to computer tutors,crossref,ok,2741690,10.1007/978-1-4684-6350-7_10,Socializing the Intelligent Tutor: Bringing Empathy to Computer Tutors,1988,
portability of expert tutoring tactics to computer tutors,crossref,ok,2741690,10.1007/11774303_21,Cognitive Tutors as Research Platforms: Extending an Established Tutoring System for Collaborative and Metacognitive Experimentation,2006,
portability of expert tutoring tactics to computer tutors,crossref,ok,2741690,10.53846/goediss-4413,Tutors' Assessments of a Tutee's Understanding in One-on-One Tutoring,,
portability of expert tutoring tactics to computer tutors,crossref,ok,2741690,10.1007/978-3-642-13437-1_29,Visualizing Educational Data from Logic Tutors,2010,
portability of expert tutoring tactics to computer tutors,crossref,ok,2741690,10.1007/978-3-642-30950-2_32,Guru: A Computer Tutor That Models Expert Human Tutors,2012,
portability of expert tutoring tactics to computer tutors,crossref,ok,2741690,10.1007/3-540-55606-0_6,Going from intelligent tutors to tools for learning,1992,
portability of expert tutoring tactics to computer tutors,crossref,ok,2741690,10.4324/9780203761212-7,Students as tutors and mentors,2013,
portability of expert tutoring tactics to computer tutors,crossref,ok,2741690,10.1007/11774303_77,Studying Human Tutors to Facilitate Self-explanation,2006,
portability of expert tutoring tactics to computer tutors,crossref,ok,2741690,10.4324/9780429322389-11,Emotionally intelligent tutors and tutoring,2020,
portability of expert tutoring tactics to computer tutors,crossref,ok,2741690,10.4324/9781315768595-10,The Three Conference Stages and Tutoring Strategies: The Overall Results,2014,
portability of expert tutoring tactics to computer tutors,crossref,ok,2741690,10.1007/978-3-540-69132-7_118,An Affective Behavior Model for Intelligent Tutors,,
portability of expert tutoring tactics to computer tutors,crossref,ok,2741690,10.1007/978-3-642-30950-2_80,A Canonicalizing Model for Building Programming Tutors,2012,
portability of expert tutoring tactics to computer tutors,crossref,ok,2741690,10.1007/978-3-319-07221-0_22,Survival Analysis on Duration Data in Intelligent Tutors,2014,
portability of expert tutoring tactics to computer tutors,crossref,ok,2741690,10.4324/9780203451496-12,Helping students become peer tutors,2003,
portability of expert tutoring tactics to computer tutors,crossref,ok,2741690,10.4324/9781315768595-9,Methods,2014,
portability of expert tutoring tactics to computer tutors,crossref,ok,2741690,10.54337/nlc.v4.9626,Symposium 6: E-tutoring “Contextualised Tutors’ Roles and Tutors’ Training”,2004,"After a short introduction to the theme of this symposium on contextualised tutors’ roles and tutors’ training, we propose three papers. The first one deals with the definition of the e-tutor’s roles and competencies, the second illustrates the influence of the context and tutor roles in the tutor’s choice of media, and the third one describes three case studies of tutors training sessions."
portability of expert tutoring tactics to computer tutors,crossref,ok,2741690,10.4324/9781315768595-11,Instruction Strategies,2014,
portability of expert tutoring tactics to computer tutors,crossref,ok,2741690,10.4324/9781410617071-27,Machine Tutors and Natural Language,2006,
portability of expert tutoring tactics to computer tutors,crossref,ok,2741690,10.1007/978-3-642-13437-1_18,Collaborative Lecturing by Human and Computer Tutors,2010,
portability of expert tutoring tactics to computer tutors,crossref,ok,2741690,10.4324/9781351272643-4,The Three Conference Stages and Tutoring Strategies,2018,
portability of expert tutoring tactics to computer tutors,crossref,ok,2741690,10.4324/9781315768595,Talk About Writing,2014,
portability of expert tutoring tactics to computer tutors,crossref,ok,2741690,10.1097/00001888-199305000-00011,Expert tutors versus non-expert tutors in PBL,1993,
portability of expert tutoring tactics to computer tutors,crossref,ok,2741690,10.1007/978-3-319-07221-0_38,Data-Driven Program Synthesis for Hint Generation in Programming Tutors,2014,
portability of expert tutoring tactics to computer tutors,crossref,ok,2741690,10.4324/9781410617071-16,How Effective Are Human Tutors?,2006,
portability of expert tutoring tactics to computer tutors,crossref,ok,2741690,10.4324/9781315768595-8,Literature Review,2014,
portability of expert tutoring tactics to computer tutors,crossref,ok,2741690,10.1007/3-540-45108-0_85,W1 - Modeling Human Teaching Tactics and Strategies,2000,
portability of expert tutoring tactics to computer tutors,crossref,ok,2741690,10.4324/9781315768595-13,Motivational Scaffolding Strategies,2014,
portability of expert tutoring tactics to computer tutors,crossref,ok,2741690,10.58809/xttb7099,Curriculum-Based Assessment of a Tutoring Program Adapted from the Parents as Reading Tutors Program,,"The present field study was an archival study that used an adapted version of the Parents as Reading Tutors program utilizing cross-age tutors instead of parents. The study was conducted by a school psychologist employed by the Hays Unified School District. Participants in the study included 40 second grade students enrolled in a five week summer school session. Twenty of these participants were randomly assigned to the treatment group and 20 to the control group. However, only 22 students were included in the study at the end of the tutoring sessions after subject drop out. Students were administered pre- and post-test curriculum-based measurement probes at the beginning and at the conclusion of the study. Actual tutoring sessions consisted of students reading orally from age appropriate reading books of their choice. Students were excluded from the study if they did not participate in either pre- or post-testing, or d1d not participate in at least one-half of the reading tutoring sessions. After participant drop out, eleven of these subjects remained in the reading tutoring group, and 11 remained in the control group. Informed consent of the participants was obtained by a letter written to each student's parents upon enrollment into the summer school program. The study was conducted during the five-week time span that summer school was in session. Gains in reading fluency rate were measured by pre-and post-test curriculum-based measurement reading scores. This study attempted to demonstrate that a tutoring program in reading improves student's oral reading fluency scores. Results indicated no significant difference between the treatment and control groups on improvement in reading fluency rates, or between the number of days the students received peer tutoring and the subsequent gains in reading fluency rate."
portability of expert tutoring tactics to computer tutors,crossref,ok,2741690,10.1007/3-540-68716-5_88,Computational Instructional Design for Construction of Adaptive Tutors in Real Time from Distributed Learning Objects,1998,
portability of expert tutoring tactics to computer tutors,crossref,ok,2741690,10.1016/0957-4174(90)90080-e,Development of a personal-computer-based intelligent tutoring system,1990,
portability of expert tutoring tactics to computer tutors,crossref,ok,2741690,10.1007/3-540-61327-7_168,ITS-Engineering: A domain independent its for building engineering tutors,1996,
portability of expert tutoring tactics to computer tutors,crossref,ok,2741690,10.1037/e577262012-005,"The mental rotation tutors: A flexible, computer-based tutoring model for intelligent problem selection",2004,
portability of expert tutoring tactics to computer tutors,crossref,ok,2741690,10.4324/9781351272643,Talk about Writing,2018,
portability of expert tutoring tactics to computer tutors,crossref,ok,2741690,10.4324/9781315768595-12,Cognitive Scaffolding Strategies,2014,
portability of expert tutoring tactics to computer tutors,crossref,ok,2741690,10.4324/9781351236584-7,Training tutors and tutees,2017,
portability of expert tutoring tactics to computer tutors,crossref,ok,2741690,10.1007/3-540-47987-2_65,Going Beyond the Problem Given: How Human Tutors Use Post-practice Discussions to Support Transfer,,
portability of expert tutoring tactics to computer tutors,crossref,ok,2741690,10.4324/9781410617071-10,The Language Used by Tutors and Students,2006,
portability of expert tutoring tactics to computer tutors,crossref,ok,2741690,10.2307/j.ctv2rr3dwz.10,INTERLUDE:,2012,
portability of expert tutoring tactics to computer tutors,crossref,ok,2741690,10.1080/13611267.2011.597118,Training Parents as Effective Literacy Tutors: Increasing the Procedural Integrity of Tutoring,2011,
portability of expert tutoring tactics to computer tutors,crossref,ok,2741690,10.5040/9798881847098.0009,The Effectiveness of Peer Tutoring for Peer Tutors in Higher Education,2025,
portability of expert tutoring tactics to computer tutors,crossref,ok,2741690,10.1007/978-94-6209-240-2_16,Tutors’ and Students’ Views of Tutoring,2013,
portability of expert tutoring tactics to computer tutors,crossref,ok,2741690,10.1007/978-3-642-30950-2_42,Can Soft Computing Techniques Enhance the Error Diagnosis Accuracy for Intelligent Tutors?,2012,
portability of expert tutoring tactics to computer tutors,crossref,ok,2741690,10.1177/1469787415616720,Tutoring the tutors: Supporting effective personal tutoring,2016,"The research into personal tutoring in higher education from a tutor’s perspective suggests that tutors lack training in tutoring and may lack clarity as to the purpose and boundaries of the role. This article explores personal tutors’ perceptions of their confidence and competence in relation to personal tutoring and identifies strategies that might be adopted to enhance support for them. Existing literature suggests that while personal tutoring contributes significantly to student engagement with learning, its quality is dependent on individual tutors, some of whom may lack confidence in supporting students from diverse backgrounds. To examine this further, research interviews were conducted with tutors who had a variety of higher education and other professional experience. While there was some alignment between the findings and the literature, the research also revealed contrasting approaches within personal tutoring interactions, the positive and negative impact of previous professional experience on perceived competence and confidence as a personal tutor, and the continuous development needs of more experienced tutors. It is argued that there may be a connection between the latter and support provided to those in other helping professions, where supervision is prevalent."
portability of expert tutoring tactics to computer tutors,crossref,ok,2741690,10.1007/11774303_5,Authoring Constraint-Based Tutors in ASPIRE,2006,
portability of expert tutoring tactics to computer tutors,crossref,ok,2741690,10.1007/3-540-47987-2_53,SIMPA: A Training Platform in Work Station Including Computing Tutors,2002,
modelling human teaching tactics for tutoring systems,crossref,ok,9020725,10.1007/s40593-015-0053-0,Modelling Human Teaching Tactics and Strategies for Tutoring Systems: 14 Years On,2016,
modelling human teaching tactics for tutoring systems,crossref,ok,9020725,10.1007/3-540-45108-0_85,W1 - Modeling Human Teaching Tactics and Strategies,2000,
modelling human teaching tactics for tutoring systems,crossref,ok,9020725,10.1007/978-3-540-30139-4_120,Workshop on Modeling Human Teaching Tactics and Strategies,2004,
modelling human teaching tactics for tutoring systems,crossref,ok,9020725,10.37200/ijpr/v24i1/pr200275,Rule-based Cognitive Modelling for Multimodal Intelligent Tutoring Systems,2020,
modelling human teaching tactics for tutoring systems,crossref,ok,9020725,10.1007/978-3-642-77681-6_10,A Framework for Instructional Planning and Discourse Modelling in Intelligent Tutoring Systems,1992,
modelling human teaching tactics for tutoring systems,crossref,ok,9020725,10.1080/14626269409408339,Expert Systems for Teaching,1994,
modelling human teaching tactics for tutoring systems,crossref,ok,9020725,10.1007/978-3-642-77681-6_8,The Central Importance of Student Modelling to Intelligent Tutoring,1992,
modelling human teaching tactics for tutoring systems,crossref,ok,9020725,10.1080/00461520.2011.611369,"The Relative Effectiveness of Human Tutoring, Intelligent Tutoring Systems, and Other Tutoring Systems",2011,
modelling human teaching tactics for tutoring systems,crossref,ok,9020725,10.1007/978-3-031-53322-8_15,Teaching Tactics to Manage Mathematisation During Mathematical Modelling,2024,
modelling human teaching tactics for tutoring systems,crossref,ok,9020725,10.1007/3-540-68716-5_86,Cognitive Measures for Visual Concept Teaching with Intelligent Tutoring Systems,1998,
modelling human teaching tactics for tutoring systems,crossref,ok,9020725,10.1201/9780429332111-143,An Intelligent Tutoring System for the Teaching of the Industry Equipment and its Student Modelling,2022,
modelling human teaching tactics for tutoring systems,crossref,ok,9020725,10.1016/j.ijhcs.2003.12.017,Inspectable Bayesian student modelling servers in multi-agent tutoring systems,2004,
modelling human teaching tactics for tutoring systems,crossref,ok,9020725,10.1007/978-1-4614-6934-6_11,Design of Dialog-Based Intelligent Tutoring Systems to Simulate Human-to-Human Tutoring,2013,
modelling human teaching tactics for tutoring systems,crossref,ok,9020725,10.1007/3-540-68716-5_57,An Intelligent Tutoring System for Teaching Formal Languages,1998,
modelling human teaching tactics for tutoring systems,crossref,ok,9020725,10.4018/978-1-59904-768-3.ch007,Infering Emotions and Applying Affective Tactics for a Better Learning,2008,"This chapter aims to present an animated pedagogical agent, called Pat, that has the role of providing emotional support to the student: motivating and encouraging him/her, making him/her believe in his/her self-ability, and promoting a positive mood in him/her, which fosters learning. This careful support of the agent, its affective tactics, is expressed through emotional behavior and encouragement messages of the life-like character. In order to respond appropriately to the student, the agent infers the student’s emotions: joy/distress, satisfaction/disappointment, anger/gratitude, and shame, from the students’ observable behavior, that is, their actions in the interface of the educational system. It adopted a mental states approach, more specifically, the BDI model, to implement the affective user model, the affective diagnosis, and the selection of the affective tactics, because it allows simple revisions and frequent modifications on the information concerning the student, which is convenient since emotions are very dynamic."
modelling human teaching tactics for tutoring systems,crossref,ok,9020725,10.4018/978-1-59904-768-3.ch001,Overview of Agent Modelling,2008,"The field of agents is presented, taking in mind what means to be a rational entity, how it operates, can be specified, and formally described. After giving a glimpse of the current state of the field, we use the BDI model, supported by folk psychology, to discuss new challenges concerning the mentality and the behaviour of an agent. This is done with the help of our own research around new mental states and properties of the agency. Defining the character and personality of an entity can be rather interesting to attack real applications where complexity is a stong ingredient."
modelling human teaching tactics for tutoring systems,crossref,ok,9020725,10.1007/978-3-642-77202-3_10,The Use of Explanation-Based Learning for Modelling Student Behavior in Foreign Language Tutoring,1992,
modelling human teaching tactics for tutoring systems,crossref,ok,9020725,10.1007/978-3-642-77681-6_6,Meta-Reasoning and Student Modelling,1992,
modelling human teaching tactics for tutoring systems,crossref,ok,9020725,10.4324/9781138609877-ree6-1,Intelligent Tutoring Systems,2022,
modelling human teaching tactics for tutoring systems,crossref,ok,9020725,10.1007/3-540-45108-0_60,The Conceptual Helper: An Intelligent Tutoring System for Teaching Fundamental Physics Concepts,2000,
modelling human teaching tactics for tutoring systems,crossref,ok,9020725,10.1080/0968465970040306,Using student‐centred teaching to develop human resource management competencies,1997,
modelling human teaching tactics for tutoring systems,crossref,ok,9020725,10.2139/ssrn.6071248,Designing Human AI Co-Tutoring Systems for Public Speaking Skill Acquisition,2026,"This work proposes a Human-AI co-tutoring system for public speaking skill development, designed to support scalable learning while preserving accountability in mastery assessment. The system integrates automated AI-driven evaluation with deliberately constrained human oversight, positioning each actor-human and artificial-within clearly defined and non-overlapping roles. At its core, the system is structured around the principle that objective and repeatable aspects of skill performance can be evaluated at scale through automation, while subjective and context-sensitive judgments require human authority. Rather than treating AI as a replacement for instructors, the system frames AI as a primary practice and feedback engine, with humans retained as final validators of mastery."
modelling human teaching tactics for tutoring systems,crossref,ok,9020725,10.1504/ijspm.2019.100999,Individualised modelling of affective data for intelligent tutoring systems: lessons learned,2019,
modelling human teaching tactics for tutoring systems,crossref,ok,9020725,10.4324/9781315086545-5,"Intelligent Tutoring Systems for Continuous, Embedded Assessment",2017,
modelling human teaching tactics for tutoring systems,crossref,ok,9020725,10.1109/tai.1999.809760,Managing inference process in student modelling for intelligent tutoring systems,,
modelling human teaching tactics for tutoring systems,crossref,ok,9020725,10.1007/3-540-68716-5_50,Toward a Unification of Human-Computer Learning and Tutoring,1998,
modelling human teaching tactics for tutoring systems,crossref,ok,9020725,10.33422/2nd.icfte.2019.12.856,Intelligent Tutoring Systems in Music Education,2019,
modelling human teaching tactics for tutoring systems,crossref,ok,9020725,10.1007/978-3-642-77575-8_8,Knowledge Acquisition for Intelligent Tutoring Systems,1992,
modelling human teaching tactics for tutoring systems,crossref,ok,9020725,10.1007/3-540-45108-0_55,Accretion Representation for Scrutable Student Modelling,2000,
modelling human teaching tactics for tutoring systems,crossref,ok,9020725,10.1080/0968465960040204,Teaching Teaching,1996,
modelling human teaching tactics for tutoring systems,crossref,ok,9020725,10.1007/3-540-68716-5_2,Teaching Expertise and Learning Environments,1998,
modelling human teaching tactics for tutoring systems,crossref,ok,9020725,10.1080/14626269209408318,Cognitive modelling,1992,
modelling human teaching tactics for tutoring systems,crossref,ok,9020725,10.1007/978-3-642-13388-6_27,Do Micro-Level Tutorial Decisions Matter: Applying Reinforcement Learning to Induce Pedagogical Tutorial Tactics,2010,
modelling human teaching tactics for tutoring systems,crossref,ok,9020725,10.1007/3-540-61327-7_110,Motivation system and human model for intelligent tutoring,1996,
modelling human teaching tactics for tutoring systems,crossref,ok,9020725,10.1016/0360-1315(93)90070-y,Modelling techniques for tutoring systems,1993,
modelling human teaching tactics for tutoring systems,crossref,ok,9020725,10.1007/s40593-015-0052-1,Implementation of Motivational Tactics in Tutoring Systems: 20 years on,2016,
modelling human teaching tactics for tutoring systems,crossref,ok,9020725,10.4018/978-1-5225-0159-6.ch046,Tutoring Process in Emotionally Intelligent Tutoring Systems,2016,"Research has shown that emotions can influence learning in situations when students have to analyze, reason, make conclusions, apply acquired knowledge, answer questions, solve tasks, and provide explanations. A number of research groups inspired by the close relationship between emotions and learning have been working to develop emotionally intelligent tutoring systems. Despite the research carried out so far, a problem how to adapt tutoring not only to a student's knowledge state but also to his/her emotional state has been disregarded. The paper aims to examine to what extent the tutoring process and tutoring strategies are adapted to students' emotional and knowledge states in these systems. It also presents a study on how to influence student's emotions looking from the pedagogical point of view and provides general guidelines for selection of tutoring strategies to influence and regulate student's emotions."
modelling human teaching tactics for tutoring systems,crossref,ok,9020725,10.1007/978-3-319-93197-5_2,Feedback and Affectivity in Intelligent Tutoring Systems,2018,
modelling human teaching tactics for tutoring systems,crossref,ok,9020725,10.1007/978-3-642-77575-8_6,Generative Knowledge and the Development of Situated Know-how in Intelligent Tutoring Systems: Implications for Student Modelling,1992,
modelling human teaching tactics for tutoring systems,crossref,ok,9020725,10.1007/978-3-642-77202-3_9,Conceptual Modelling in Error Analysis in Computer-Assisted Language Learning Systems,1992,
modelling human teaching tactics for tutoring systems,crossref,ok,9020725,10.1007/3-540-55606-0_73,Modelling expertise for educational purposes,1992,
modelling human teaching tactics for tutoring systems,crossref,ok,9020725,10.1007/bf00849556,Student modelling in intelligent tutoring systems,1993,
modelling human teaching tactics for tutoring systems,crossref,ok,9020725,10.1007/978-3-319-18272-8_36,Visualisation Tactics for Solving Real World Tasks,2015,
modelling human teaching tactics for tutoring systems,crossref,ok,9020725,10.1007/3-540-61327-7_159,A belief net backbone for student modelling,1996,
modelling human teaching tactics for tutoring systems,crossref,ok,9020725,10.1007/3-540-45108-0_9,Active Learner Modelling,2000,
modelling human teaching tactics for tutoring systems,crossref,ok,9020725,10.1007/978-3-642-77202-3_14,Issues for Tutoring Knowledge in Foreign Language Intelligent Tutoring Systems,1992,
modelling human teaching tactics for tutoring systems,crossref,ok,9020725,10.1080/14626269109408296,Student modelling using plan recognition,1991,
modelling human teaching tactics for tutoring systems,crossref,ok,9020725,10.1023/a:1003089914104,Non-diagnostic intelligent tutoring systems: Teaching without student models,1997,
modelling human teaching tactics for tutoring systems,crossref,ok,9020725,10.1007/3-540-61327-7_109,A model of tutoring: Based on the behavior of effective human tutors,1996,
modelling human teaching tactics for tutoring systems,crossref,ok,9020725,10.1007/3-540-45108-0_46,Bringing Scrutability to Adaptive Hypertext Teaching,2000,
AutoTutor expert human tutor comparison dialogue moves,crossref,ok,4704260,10.4324/9781410617088-16,AutoTutor: A Cognitive System That Simulates a Tutor Through Mixed-Initiative Dialogue,2006,
AutoTutor expert human tutor comparison dialogue moves,crossref,ok,4704260,10.1108/oxan-es261511,Venezuelan election moves may advance dialogue,2021,"Headline
               VENEZUELA: Election moves may advance dialogue"
AutoTutor expert human tutor comparison dialogue moves,crossref,ok,4704260,10.1108/oxan-es259497,Pandemic may pave way for dialogue moves in Venezuela,2021,"Headline
               VENEZUELA: Pandemic may pave way for dialogue moves"
AutoTutor expert human tutor comparison dialogue moves,crossref,ok,4704260,10.1016/s1389-0417(99)00005-4,AutoTutor: A simulation of a human tutor,1999,
AutoTutor expert human tutor comparison dialogue moves,crossref,ok,4704260,10.1007/978-3-642-30950-2_72,How Do They Do It? Investigating Dialogue Moves within Dialogue Modes in Expert Human Tutoring,2012,
AutoTutor expert human tutor comparison dialogue moves,crossref,ok,4704260,10.3758/bf03195563,AutoTutor: A tutor with dialogue in natural language,2004,
AutoTutor expert human tutor comparison dialogue moves,crossref,ok,4704260,10.1037/11669-001,A dialogue between a tutor and his pupil.,,
AutoTutor expert human tutor comparison dialogue moves,crossref,ok,4704260,10.1108/oxan-es289864,China’s monetary moves may signal further fiscal moves,2024,"Headline
               CHINA: Monetary moves may signal further fiscal moves"
AutoTutor expert human tutor comparison dialogue moves,crossref,ok,4704260,10.3389/feduc.2026.1896839,"Retrieval-augmented generation for pedagogically aware educational AI: an expert-rated comparison of a prompt-only LLM tutor and an integrated, learner-state-aware RAG tutor",2026,"Introduction
                    Large language models can produce fluent tutoring dialogue, but their educational use remains limited by weak grounding, uneven pedagogical control, and the risk of unsupported content. This study compared two controlled algebra tutoring workflows built on the same foundation model, Gemini 2.5 Flash.
                  
                  
                    Methods
                    The first condition was a prompt-only tutor that used the immediate task and scripted follow-up only. The second was an integrated pedagogical RAG tutor that combined a curated algebra corpus, learner-state variables, and a pedagogical response policy. In total, 24 two-turn algebra episodes were evaluated. No students were recruited, no classroom intervention was conducted, and no learning outcomes were measured. Eight expert reviewers scored anonymized response pairs for solution accuracy, conceptual support, instructional quality, instructional helpfulness, and unsupported content.
                  
                  
                    Results
                    
                      The pedagogical RAG condition received higher task-level expert ratings for conceptual support (M = 4.69 vs. 4.31), instructional quality (M = 4.61 vs. 4.29), and instructional helpfulness (M = 4.65 vs. 4.39). It also achieved a higher pedagogical-quality composite score (M = 4.65 vs. 4.33; Wilcoxon
                      p
                       = .00024; rank-biserial r = .86). Solution accuracy was high in both conditions and showed only a small descriptive difference (M = 4.84 vs. 4.74;
                      p
                       = .0769). However, unsupported content flags were more frequent in the RAG condition, occurring in 13 of 192 rating cells compared with one of 192 rating cells in the baseline condition. Fisher's exact test yielded
                      p
                       = .0015.
                    
                  
                  
                    Discussion
                    These findings do not establish learning gains, classroom efficacy, or the separate causal value of retrieval alone. They indicate that an integrated learner-state-aware RAG architecture can receive stronger expert ratings for pedagogical text quality on a fixed task set while also introducing trace leakage and evidence-boundary risks that must be controlled before deployment"
AutoTutor expert human tutor comparison dialogue moves,crossref,ok,4704260,10.1007/978-3-540-70939-8_40,"Expert vs. Non-expert Tutoring: Dialogue Moves, Interaction Patterns and Multi-utterance Turns",2007,
AutoTutor expert human tutor comparison dialogue moves,crossref,ok,4704260,10.1075/z.99.15beu,12. Moves in Dialogue,2000,
AutoTutor expert human tutor comparison dialogue moves,crossref,ok,4704260,10.1163/2210-7975_hrd-0035-1089,joint-assessment-of-the-euchina-human-rights-dialogue-ad-legal-expert-seminars-dec-8-2009-12pp,,
AutoTutor expert human tutor comparison dialogue moves,crossref,ok,4704260,10.1037/11669-000,A dialogue between a tutor and his pupil.,1768,
AutoTutor expert human tutor comparison dialogue moves,crossref,ok,4704260,10.3102/2275945,Scaling Dialogic Teaching:  How Group Size Shapes Tutor Talk Moves in Virtual Tutoring,2026,
AutoTutor expert human tutor comparison dialogue moves,crossref,ok,4704260,10.1163/2210-7975_hrd-9846-0036,un-expert-continues-open-dialogue-with-egypt-on-human-rights-and-counter-terrorism-apr-21-2009-1pp,,
AutoTutor expert human tutor comparison dialogue moves,crossref,ok,4704260,10.1109/te.2005.856149,AutoTutor: An Intelligent Tutoring System With Mixed-Initiative Dialogue,2005,
AutoTutor expert human tutor comparison dialogue moves,crossref,ok,4704260,10.32837/2312-3192-2018-11-37-43,THE INTEGRATION OF GRATITUDE COMMUNICATIVE MOVES INTO ENGLISH LITERARY DIALOGUE DISCOURSE,2018,
AutoTutor expert human tutor comparison dialogue moves,crossref,ok,4704260,10.1108/oxan-es287176,Rabat moves with reducing subsidies,2024,"Headline
               MOROCCO: Rabat moves with reducing subsidies"
AutoTutor expert human tutor comparison dialogue moves,crossref,ok,4704260,10.1108/oxan-es198900,Americas Summit prompts diplomatic moves,2015,"Headline
               LATIN AMERICA/US: Summit prompts diplomatic moves"
AutoTutor expert human tutor comparison dialogue moves,crossref,ok,4704260,10.1108/oxan-es242304,US moves increase Cuba business concerns,2019,"Headline
               US/CUBA: Washington moves increase business concerns"
AutoTutor expert human tutor comparison dialogue moves,crossref,ok,4704260,10.1108/oxan-es273086,Russia's Ukraine annexation moves forward inexorably,2022,"Headline
               RUSSIA/UKRAINE: Annexation will progress inexorably"
AutoTutor expert human tutor comparison dialogue moves,crossref,ok,4704260,10.1108/oxan-db243347,Modest US reparations moves may come,2019,"Subject
               The US reparations debate.
            
            
               Significance
               In recent weeks, virtually all the leading candidates for the Democratic Party’s 2020 presidential nomination have declared support for legislation that would create a commission to explore the payment of reparations for the descendants of slaves in the United States. The question of reparations will be prominent in the Democratic Party primaries, bringing a formerly fringe issue to the centre of progressive politics.
            
            
               Impacts
               The Democratic platform will likely include a commitment to establish an exploratory committee on reparations.
               Some Democratic candidates will formulate, and commit to, specific reparative policies.
               Most if not all Democratic candidates will commit to policies seeking social equity for African-Americans."
AutoTutor expert human tutor comparison dialogue moves,crossref,ok,4704260,10.1108/oxan-db221340,Summit moves China's OBOR towards internationalisation,2017,"Subject
               The future of China's One Belt One Road initiative.
            
            
               Significance
               China convened the first summit of the Belt and Road Initiative (previously known as 'One Belt One Road', OBOR) on May 14-15. With this major diplomatic event, President Xi Jinping aimed to showcase and buttress international support for his central foreign policy initiative, the success of which will hinge on the participation of other countries, regional organisations and international financial institutions. Their contribution, or lack thereof, will affect the nature of OBOR and determine the impact of the Chinese initiative on Asia’s infrastructure connectivity and economic system, as well as on the international order.
            
            
               Impacts
               Cooperation between China and multilateral development banks may increase the number of OBOR projects with competitive procurement.
               Plans for OBOR’s corridors may be altered to accommodate competing visions for Asia’s connectivity, such as Russia’s.
               The Asian Infrastructure Investment Bank may more formally align its mandate with OBOR’s."
AutoTutor expert human tutor comparison dialogue moves,crossref,ok,4704260,10.1108/oxan-es213809,Corruption moves may backfire in Brazil,2016,"Headline
               BRAZIL:  Corruption moves may backfire"
AutoTutor expert human tutor comparison dialogue moves,crossref,ok,4704260,10.5220/0013277900003932,AI Tutor: Adaptive e-Learning System Using Expert Fuzzy Controllers,2025,
AutoTutor expert human tutor comparison dialogue moves,crossref,ok,4704260,10.1108/oxan-es261670,Nicaragua government moves further weaken opposition,2021,"Headline
               NICARAGUA: Government moves further weaken opposition"
AutoTutor expert human tutor comparison dialogue moves,crossref,ok,4704260,10.1108/oxan-es278274,Moves against cybercrime infrastructure have limits,2023,"Headline
               INT: Move against cybercrime infrastructure has limits"
AutoTutor expert human tutor comparison dialogue moves,crossref,ok,4704260,10.1108/oxan-es230338,Egypt moves towards stricter online controls,2018,"Headline
               EGYPT: Cairo moves towards stricter online controls"
AutoTutor expert human tutor comparison dialogue moves,crossref,ok,4704260,10.1108/oxan-es239579,Brazil ministerial moves prompt widespread questions,2018,"Headline
               BRAZIL: Ministerial moves prompt widespread questions"
AutoTutor expert human tutor comparison dialogue moves,crossref,ok,4704260,10.1108/oxan-db218283,Trump deportation moves threaten Central America,2017,"Significance
               His trip followed the US government’s announcement, on February 21, of plans for a migrant crackdown that could see the number of Mexican and Central American deportees skyrocket. The region already receives a steady flow of deportees. However, if the US deportation rate increases, the countries of origin could experience far greater challenges in terms of pressure on public services, social dislocation and crime. 
            
            
               Impacts
               Increased deportations may be accompanied by reduced US funding to Central America.
               Central America and Mexico may seek to build on existing cooperation mechanisms to protect migrants. 
               Large-scale migration will continue in the short term as migrants attempt to reach the US border before the wall is built."
AutoTutor expert human tutor comparison dialogue moves,crossref,ok,4704260,10.1108/oxan-db213910,Global narcotics consumption moves toward 'polydrugs',2016,"Subject
               Global state of drugs.
            
            
               Significance
               There were an estimated 207,400 drug-related deaths globally in 2014, the last year for which data are currently available, or 43.5 deaths per million adults. Although there have been changes in the market share of different drugs and their use in different regions, there has been no overall decline despite efforts by national and international agencies. Around one in 20 of the world's adults use narcotics regularly or occasionally. 
            
            
               Impacts
               The illicit drugs industry undermines national economies and hinders development, especially in the most vulnerable countries.
               The trade's estimated 500-billion-dollar annual turnover fuels money-laundering, corruption and other criminal activities.
               Colombia will be a key driver of global cocaine supplies in 2017 as the peace process alters security and coca farming dynamics."
AutoTutor expert human tutor comparison dialogue moves,crossref,ok,4704260,10.1108/oxan-db216508,China moves towards presidential-style leadership,2016,"Subject
               Elite politics in China.
            
            
               Significance
               The Communist Party's 'Sixth Plenum' meeting in October focused on how President Xi Jinping controls the party bureaucracy and how central government controls local government. Xi's appointment as 'core leader' suggests further shifts away from consensus-based cabinet governance towards a presidential style.
            
            
               Impacts
               Established party rules of leadership succession, which regulate factional conflict among hundreds of senior officials, will be corroded.
               Future leadership transitions may be contested by a larger and older group of officials. 
               More intense politics may distract the party from the business of government. 
               There is some evidence of dissonance in the party regarding these changes but this does not threaten Xi's position."
AutoTutor expert human tutor comparison dialogue moves,crossref,ok,4704260,10.1108/oxan-es253243,Mexico merger moves will stir controversy,2020,"Headline
               MEXICO: Merger moves will stir controversy"
AutoTutor expert human tutor comparison dialogue moves,crossref,ok,4704260,10.1108/oxan-es238195,Morales moves stoke Guatemala corruption tensions,2018,"Headline
               GUATEMALA: Morales moves stoke corruption tensions"
AutoTutor expert human tutor comparison dialogue moves,crossref,ok,4704260,10.1108/oxan-es261372,Nicaragua election moves further strengthen Ortega,2021,"Headline
               NICARAGUA: Election moves further strengthen Ortega"
AutoTutor expert human tutor comparison dialogue moves,crossref,ok,4704260,10.1108/oxan-es265065,Guinea junta moves suggest prolonged transition,2021,"Headline
               GUINEA: Junta moves suggest prolonged transition"
AutoTutor expert human tutor comparison dialogue moves,crossref,ok,4704260,10.1108/oxan-es290415,Ghana parliamentary moves may block legislation,2024,"Headline
               GHANA: Parliamentary moves may block legislation"
AutoTutor expert human tutor comparison dialogue moves,crossref,ok,4704260,10.1108/oxan-es224079,Corruption moves risk Guatemala constitutional crisis,2017,"Headline
               GUATEMALA: Corruption moves risk constitutional crisis"
AutoTutor expert human tutor comparison dialogue moves,crossref,ok,4704260,10.1108/oxan-es273114,Chadian leader moves to maintain power,2022,"Headline
               CHAD: : Leader moves to maintain power"
AutoTutor expert human tutor comparison dialogue moves,crossref,ok,4704260,10.1108/oxan-es210013,Obama moves to circumvent Cuba embargo,2016,"Headline
               CUBA/UNITED STATES: Obama moves to circumvent embargo"
AutoTutor expert human tutor comparison dialogue moves,crossref,ok,4704260,10.1108/oxan-es285670,Colombia ministerial moves could worry investors,2024,"Headline
               COLOMBIA: Ministerial moves could worry investors"
AutoTutor expert human tutor comparison dialogue moves,crossref,ok,4704260,10.1108/oxan-db199041,Mexico airport project challenges transparency moves,2015,"Subject
               The impact of the new Mexico City airport plans on transparency efforts.
            
            
               Significance
               Mexico City's new international airport is a test of government efforts to make public procurement for megaprojects less corrupt. The Ministry of Transport (SCT) on January 9 signed a memorandum of understanding with the OECD in order to foster integrity, transparency and best practice in the public bidding processes surrounding a project that will require an investment of more than 120 billion pesos (8 billion dollars), making it one of the world's largest infrastructure projects.   
            
            
               Impacts
               The OECD's assistance will be insufficient to guarantee transparency and accountability without improving legal enforcement.
               State-level procurement processes are more problematic than federal ones due to defective legal frameworks and lack of qualified personnel. 
               The government needs to be seen doing more to buttress accountability in areas going beyond public procurement."
AutoTutor expert human tutor comparison dialogue moves,crossref,ok,4704260,10.1108/oxan-es236543,AMLO electricity moves raise concerns in Mexico,2018,"Headline
               MEXICO: AMLO electricity moves raise concerns"
AutoTutor expert human tutor comparison dialogue moves,crossref,ok,4704260,10.1108/oxan-es207654,Mexico security moves may spur more killings,2016,"Headline
               MEXICO: Security moves may spur more killings"
AutoTutor expert human tutor comparison dialogue moves,crossref,ok,4704260,10.1108/oxan-db279086,Colombia political moves will complicate governability,2023,"Significance
               The move comes amid disagreements over reform proposals and follows a cabinet reshuffle that reflected the divisions between President Gustavo Petro’s reformist government and the more conservative parties within its bloc. The situation marks the breakdown of government majorities in both houses of Congress. 
            
            
               Impacts
               The government, without its congressional majority, will have to make significant concessions to pass its legislative agenda. 
               The Liberal Party looks likely to follow the Conservatives and the U in leaving the government’s congressional bloc.
               Another cabinet reshuffle will probably take place after October’s regional elections, as Petro seeks to adapt to new political realities.
               Fears that Petro will radicalise and issue emergency decrees are overblown, but he may become more populist as the regional elections near."
AutoTutor expert human tutor comparison dialogue moves,crossref,ok,4704260,10.1108/oxan-es268071,Brazil Telegram ban lifted amid disinformation moves,2022,"Headline
               BRAZIL: Telegram ban lifted amid disinformation moves"
AutoTutor expert human tutor comparison dialogue moves,crossref,ok,4704260,10.1108/oxan-es274283,Honduras anti-extortion moves entail risks,2022,"Headline
               HONDURAS: Anti-extortion moves entail risks"
AutoTutor expert human tutor comparison dialogue moves,crossref,ok,4704260,10.1108/oxan-es212827,Rousseff impeachment moves to full Brazil Senate,2016,"Headline
               BRAZIL: Rousseff impeachment moves to full Senate"
AutoTutor expert human tutor comparison dialogue moves,crossref,ok,4704260,10.1108/oxan-db239199,US moves against Chinese technology may backfire,2018,"Subject
               The impact of US tariffs on China's Made In China 2025 industrial policy framework.
            
            
               Significance
               'Made in China 2025' has become a byword for US grievances against China's trade and investment policies. US tariffs against Chinese products are primarily aimed not at trimming the bilateral trade deficit, but at forcing China to abandon policies by which it hopes to challenge the US position as the global high-tech leader. As such, the tariffs target the high-tech sectors Beijing seeks to develop.
            
            
               Impacts
               China will step up efforts to reduce reliance on US suppliers.
               Washington may press other countries to block Chinese investment or supplies of key components.
               China will seek greater high-tech cooperation with Russia; Russia will oblige.
               China may make greater use of cyberattacks in order to obtain advanced US technology."
AutoTutor expert human tutor comparison dialogue moves,crossref,ok,4704260,10.1108/oxan-es244356,US moves to compound Cuba’s economic crisis,2019,"Headline
               CUBA: US moves to compound economic crisis"
professional versus amateur coach decision making expertise,crossref,ok,2255752,10.4324/9781410604200-18,Reflective Versus Nonreflective Thinking: Motivated Cognition in Naturalistic Decision Making,2001,
professional versus amateur coach decision making expertise,crossref,ok,2255752,10.4337/9781035314812.00018,Group Decision-making Expertise,2023,
professional versus amateur coach decision making expertise,crossref,ok,2255752,10.4337/9781035314812.00017,Individual Decision-making Expertise,2023,
professional versus amateur coach decision making expertise,crossref,ok,2255752,10.4324/9781410604200-26,Using and Gaining Experience in Professional Software Development,2001,
professional versus amateur coach decision making expertise,crossref,ok,2255752,10.4324/9781410604200-8,Expertise and Naturalistic Decision Making: An Overview,2001,
professional versus amateur coach decision making expertise,crossref,ok,2255752,10.4324/9781003011705-4,Negotiating Amateur and Professional Expertise in Beauty Vlogs,2023,
professional versus amateur coach decision making expertise,crossref,ok,2255752,10.1093/oxfordhb/9780190244705.013.16,Amateur and Professional Music Making at Dartington International Summer School,2017,"Music summer schools in the United Kingdom offer a holiday context for “serious leisure” for amateurs, and high-level tuition for aspiring professionals. The majority exist in distinct spaces for either the vocational or avocational musician; Dartington International Summer School is anomalous in that it is attended by amateur, aspiring professional and professional musicians. Theories of leisure as symbol, play, and the other, and Bahktin’s theory of the “carnivalesque” are used in this chapter as lenses to view participant experience. Mantie’s concept of the learner-participant dichotomy sheds light on the clashes and complementarity arising from the differing intentions of the participants. The chapter discusses how the leisure-learning context of the summer school impacts on participants’ musical identity, and can serve both to challenge and reinforce hierarchical status relationships between vocational and avocational musicians."
professional versus amateur coach decision making expertise,crossref,ok,2255752,10.1002/bdm.1759,Deliberation Versus Intuition: Decomposing the Role of Expertise in Judgment and Decision Making,2012,"ABSTRACTWhat produces better judgments: deliberating or relying on intuition? Past research is inconclusive. We focus on the role of expertise to increase understanding of the effects of judgment mode. We propose a framework in which expertise depends on a person's experience with and knowledge about a domain. Individuals who are relatively experienced but have modest knowledge about the subject matter (“intermediates”) are expected to suffer from deliberation and to benefit from a more intuitive approach, because they lack the formal knowledge to understand the reasons underlying their preferences. Individuals who are high (“experts”) or low (“novices”) on both experience and knowledge are expected to do well or poorly, respectively, regardless of decision mode. We tested these predictions in the domain of art. Experiments 1 and 2 showed that intermediates performed better when relying on intuition than after deliberation. Judgments of experts and novices were unaffected. In line with previous research relating processing style to judgment mode, Experiment 3 showed that the effect of processing style (global versus local) on judgment quality is similarly moderated by expertise. Copyright © 2012 John Wiley &amp; Sons, Ltd."
professional versus amateur coach decision making expertise,crossref,ok,2255752,10.4324/9780429058721-8,Transitioning from ‘outside observer’ to ‘inside player’ in social work: practitioner and student perspectives on developing expertise in decision-making,2020,
professional versus amateur coach decision making expertise,crossref,ok,2255752,10.4324/9781410604200-24,Representing Expertise,2001,
professional versus amateur coach decision making expertise,crossref,ok,2255752,10.4324/9781003608219-14,AI and Human Expertise for Strategic Decision-Making,2026,
professional versus amateur coach decision making expertise,crossref,ok,2255752,10.4324/9781410604200-9,"""Outsider:"" Impressions of Naturalistic Decision Making",2001,
professional versus amateur coach decision making expertise,crossref,ok,2255752,10.1093/oso/9780199641420.003.0013,Professional Values and Decision Making,2013,"This is the first chapter in the part of the book exploring each of the four domains comprising the Nursing and Midwifery Council (NMC) Standards for Pre-Registration Nursing Education (NMC 2010) in which the student nurse in the United Kingdom has to demonstrate attainment of the specific competencies to achieve registration as a nurse. In keeping with the overall aims of the book, the aim of this chapter is to help you to develop your decision-making skills in the domain of ‘professional values’. It will offer real-life case studies to illustrate key issues and how you, as a student, can learn to make effective decisions in your journey to becoming a registered nurse. Because this book is written by registered nurses, many of whom work in education, you will probably not be very surprised to learn that we think your decision to become a nurse could be one of the best decisions that you have made to date—but do you really understand what lies before you? Before you begin to be concerned about the ‘right-ness’ of your decision to become a nurse, it is important to remember that there are many individuals who are there to help you on your professional journey, including your personal tutors, mentors and other practitioners in practice, lecturers, other students, and most importantly the patients and clients for whom you will be caring and with whom you will be working. In addition, you will have friends and family who offer a different kind of support to you, as well as those organizations that can offer professional support to you as a student nurse and subsequently to you as a qualified nurse. This chapter also intends to help you to appreciate the significance of the NMC’s Guidance on Professional Conduct for Nursing and Midwifery Students (NMC 2011) as you embark on your professional and personal journey to become a registered practitioner who is able to demonstrate the required standards of conduct, performance, and ethics, as expressed in The Code: Standards of Conduct, Performance and Ethics for Nurses and Midwives (NMC 2008)."
professional versus amateur coach decision making expertise,crossref,ok,2255752,10.5040/9781350284432.ch-004,"Amateur versus professional – Distinction, cooperation, transition",2026,
professional versus amateur coach decision making expertise,crossref,ok,2255752,10.22201/fca.24488410e.2024.4861,Amateur vs. professional investors’ decision making in equity crowdfunding in Mexico,2023,
professional versus amateur coach decision making expertise,crossref,ok,2255752,10.1017/cbo9780511816796.023,Professional Judgments and “Naturalistic Decision Making”,2006,
professional versus amateur coach decision making expertise,crossref,ok,2255752,10.4324/9781410604200-20,Analyzing Submarine Decision Making: A Question of Levels,2001,
professional versus amateur coach decision making expertise,crossref,ok,2255752,10.1002/9781118089965.app2,Appendix B: 14 Compelling Reasons to Use a Professional Coach,2011,
professional versus amateur coach decision making expertise,crossref,ok,2255752,10.1002/9781394229574.ch6,"Intuition, Expertise and Decision‐making",2023,
professional versus amateur coach decision making expertise,crossref,ok,2255752,10.1017/9781316480748.025,Expert Professional Judgments and “Naturalistic Decision Making”,,
professional versus amateur coach decision making expertise,crossref,ok,2255752,10.4324/9781003035725-4,Intuitive expertise,2022,
professional versus amateur coach decision making expertise,crossref,ok,2255752,10.1332/policypress/9781447369660.003.0007,"Professional identities, expertise and evidence",2024,"Chapter 6 explores the contexts and mechanisms of youth justice policy making in more detail by focusing on the relational nature of contextualised policy making. It focuses on how relational contexts influence the identities of policy-making organisations and professionals, including the expert identities often prioritised when soliciting and generating evidence and implementing evidence-based policy/practice. The chapter identifies macro-level policy discourses as representing the identity of governments, for example, contrasting populist punitiveness with the prevention–support–diversion discourse and the distinct ‘dragonised’ identity of youth justice policy in Wales. There follows discussion of governmental open-mindedness and receptiveness to civil servant influence in meso-level relational contexts when making youth justice policy, which challenges dominant discourses of governmental prescriptiveness and agenda as shaping policy. The chapter then explores the policy-making identity, role, status and influence of the Youth Justice Board as a policy influencer, as a strategic influencer and in empowering practitioners as experts. The penultimate thematic section explores the policy-making role of practitioners as experts by experience in the youth justice sector and as ‘street-level bureaucrats’ engaged in bottom-up policy making through the localised mediation and moderation of government policy. Finally, there is an exposition of the broader role of experts, expertise, experience and evidence in youth justice policy making."
professional versus amateur coach decision making expertise,crossref,ok,2255752,10.4324/9781410604200-27,Expertise in Laparoscopic Surgery: Anticipation and Affordances,2001,
professional versus amateur coach decision making expertise,crossref,ok,2255752,10.4324/9781003035725-2,Experts and expertise,2022,
professional versus amateur coach decision making expertise,crossref,ok,2255752,10.4324/9781315255668-3,Scientific Expertise and Regulatory Decision-making,2017,
professional versus amateur coach decision making expertise,crossref,ok,2255752,10.33915/etd.10887,Coach and athlete burnout: The role of coaches' decision-making style.,,
professional versus amateur coach decision making expertise,crossref,ok,2255752,10.4324/9781315773339-13,Personal Codes versus Professional Codes,2016,
professional versus amateur coach decision making expertise,crossref,ok,2255752,10.4324/9781410613530-12,Personal Codes Versus Professional Codes,2005,
professional versus amateur coach decision making expertise,crossref,ok,2255752,10.5840/bpej198543/426,"Equal Access to Computing, Computing Expertise, and Decision Making About Computers",1985,
professional versus amateur coach decision making expertise,crossref,ok,2255752,10.4135/9781529614657.n59,Developing Professional Expertise: Transitions and Thresholds in Complex Organisational Contexts,2023,
professional versus amateur coach decision making expertise,crossref,ok,2255752,10.4324/9781410604200-34,The Nature of Constraints on Collaborative Decision Making in Health Care Settings,2001,
professional versus amateur coach decision making expertise,crossref,ok,2255752,10.2307/j.ctt7s1cd.4,THE AMATEUR PROFESSIONAL AND THE PROFESSIONAL AMATEUR,,
professional versus amateur coach decision making expertise,crossref,ok,2255752,10.37766/inplasy2025.10.0104,Football coach decision-making process: A Systematic Review Using PRISMA,2025,
professional versus amateur coach decision making expertise,crossref,ok,2255752,10.1332/policypress/9781447369660.005.0011,"Professional lived experience, expertise and evidence generation",2024,
professional versus amateur coach decision making expertise,crossref,ok,2255752,10.4324/9781410604200-19,The Management of Temporal Constraints in Naturalistic Decision Making: The Case of Anesthesia,2001,
professional versus amateur coach decision making expertise,crossref,ok,2255752,10.4324/9781410604200-17,"Self-Evaluation, Stress, and Performance: A Model of Decision Making Under Acute Stress",2001,
professional versus amateur coach decision making expertise,crossref,ok,2255752,10.4324/9781003035725,Intuitive Expertise and Financial Decision-Making,2022,
professional versus amateur coach decision making expertise,crossref,ok,2255752,10.4324/9781410604200-11,Decision Skills Training: Facilitating Learning From Experience,2001,
professional versus amateur coach decision making expertise,crossref,ok,2255752,10.4324/9781410604200-35,Tactical Mission Analysis by Means of Naturalistic Decision Making and Cognitive Systems Engineering,2001,
professional versus amateur coach decision making expertise,crossref,ok,2255752,10.1007/978-1-137-57196-0_5,Decision Making,2016,
professional versus amateur coach decision making expertise,crossref,ok,2255752,10.4324/9781410604200-28,Driving Proficiency: The Development of Decision Skills,2001,
professional versus amateur coach decision making expertise,crossref,ok,2255752,10.55877/cc.vol17.71,INSTITUTIONALISATION OF AMATEUR ARTS IN LATVIA: INVOLVEMENT OF AMATEUR ARTISTS IN DECISION-MAKING PROCESS,2022,"There are 69.6 thousand amateur artists in Latvia (3.5% of the population) who take part in various amateur arts groups. Majority of these amateurs sustain the tradition of the Nationwide Song and Dance Celebration, a phenomenon which has been inscribed on the Representative List of the Intangible Cultural Heritage of Humanity by UNESCO. Even though in many countries amateur arts groups are self-governed, in Latvia the process has been institutionalised, mainly due to the organisation of the amateur arts sector during the Soviet period. Groups do not usually operate as civic associations, but are affiliated to municipal cultural centres. Both local and national authorities have a decisive role in the process. The study aims to identify gaps in the communication and decision-making process between amateur artists, artistic leaders of the amateur art groups and institutionalised decision-making bodies. Quantitative and qualitative data have been collected to analyse the governance of the Celebration and to identify the forms of amateur involvement. Keywords:"
professional versus amateur coach decision making expertise,crossref,ok,2255752,10.1353/chapter.1195832,1 THE AMATEUR PROFESSIONAL AND THE PROFESSIONAL AMATEUR,,
professional versus amateur coach decision making expertise,crossref,ok,2255752,10.7551/mitpress/9780262037600.003.0008,Specialist versus Generalist Decision Making,2018,"A number of scholars argue that human and animal decision making, at least to the extent that it is driven by representational mental states, should be seen to be the result of the application of a vast array of highly specialized decision rules. By contrast, other scholars argue that we should see human and animal representational decision making as the result of the application of a handful general principles—such as expected utility maximization—to a number of specific instances. This chapter shows that, using the results of chapters 5 and 6, it becomes possible to move this dispute forwards: the account of the evolution of conative representational decision making defended in chapter 6 together with the account of the evolution of cognitive representational decision making defended in chapter 5, makes clear that both sides of this dispute contain important insights, and that it is possible to put this entire dispute on a clearer and more precise foundation. Specifically, I show that differentially general decision rules are differentially adaptive in different circumstances: certain particular circumstances favor specialized decision making, and certain other circumstances favor more generalist decision making."
professional versus amateur coach decision making expertise,crossref,ok,2255752,10.2139/ssrn.6028016,"Human Expertise as the Multiplier in AI-Assisted Decision Making Evidence on Decision Quality, Error Detection, and When AI Narrows or Widens Expertise Gaps",2026,
professional versus amateur coach decision making expertise,crossref,ok,2255752,10.1016/j.endeavour.2008.04.005,Amateur versus professional: the search for Bigfoot,2008,
professional versus amateur coach decision making expertise,crossref,ok,2255752,10.1186/s40798-023-00629-w,Developing Decision-Making Expertise in Professional Sports Staff: What We Can Learn from the Good Judgement Project,2023,"AbstractSuccess within performance sports is heavily dependent upon the quality of the decisions taken by educated and experienced staff. Multi-disciplinary teams (MDTs) typically collate voluminous data, and staff typically undergo extensive and rigorous technical and domain-specific training. Although sports professionals operate in sometimes volatile, uncertain, complex and ambiguous decision-making environments, a common assumption seems to be that education and experience will automatically lead to enhanced and effective decision-making capabilities. Accordingly, there are few formal curriculums, in coaching or sports science contexts, focussed on translating the extensive research on judgement and decision-making expertise to professional sports staff. This article aims to draw on key research findings to offer insights and practical recommendations to support staff working within professional performance contexts. Through this distillation, we hope to enhance understanding of the factors underpinning effective decision-making in dynamic, high-stakes professional sporting environments. Broadly, the conclusions of this research demonstrate that decision-making efficacy is enhanced through application of three specific strategies: (i) Design of more engaging professional cultures harnessing the power of collectives encouraging diverse opinions and perspectives, and fostering and promoting collaborative teamwork, (ii) education specifically targeting debiasing training, designed to counter the most common cognitive pitfalls and biases and, (iii) the implementation of evaluation strategies integrating rigorous testing and real-time feedback."
professional versus amateur coach decision making expertise,crossref,ok,2255752,10.1515/9781400824670-002,1. The Amateur Professional and the Professional Amateur,2009,
professional versus amateur coach decision making expertise,crossref,ok,2255752,10.7551/mitpress/12248.003.0003,Risk Sciences: Expertise for Decision-Making and Dispute,2020,
professional versus amateur coach decision making expertise,crossref,ok,2255752,10.4324/9781410604200,Linking Expertise and Naturalistic Decision Making,2001,
coaching schematic expert consensus model,crossref,ok,3574336,10.1080/02640410500189173,The coaching schematic: Validation through expert coach consensus,2006,
coaching schematic expert consensus model,crossref,ok,3574336,10.65528/9780807781142-008,Appendix A. Gradual Increase of Responsibility Model for Coaching and Mentoring,2010,
coaching schematic expert consensus model,crossref,ok,3574336,10.4324/9780203020074-23,The development of expert coaching,2006,
coaching schematic expert consensus model,crossref,ok,3574336,10.1016/j.eswa.2021.115522,Knowledge-driven fuzzy consensus model for team formation,2021,
coaching schematic expert consensus model,crossref,ok,3574336,10.1016/j.eswa.2023.120728,Large-scale group decision consensus under social network: A chance-constrained robust optimization-based minimum cost consensus model,2023,
coaching schematic expert consensus model,crossref,ok,3574336,10.7717/peerj.1013/fig-2,,,
coaching schematic expert consensus model,crossref,ok,3574336,10.1016/j.eswa.2022.117578,A fair consensus model in blockchain based on computational reputation,2022,
coaching schematic expert consensus model,crossref,ok,3574336,10.1177/17479541261483238,A progressive coaching model for youth padel: Expert-based validation of developmentally adapted practice environments,2026,"Padel has expanded rapidly worldwide, yet children are still often introduced to the sport on courts, with equipment and under game conditions designed for adults. This study aimed to design and validate the content of a progressive coaching model to guide the manipulation of task constraints in youth padel, including playing space, net height, equipment and rules. An instrumental mixed methods design was used, combining a structured narrative review with expert judgement for content validation. Twelve specialists in padel, racket sports, coaching and physical education assessed a 28-item rubric on a 1 to 7 Likert scale and answered open questions about the educational and methodological value of the model. Quantitative analyses included descriptive statistics, high-agreement percentage, Aiken's V and internal consistency, while qualitative responses were analysed through thematic analysis. The overall evaluation was favourable, with a total mean score of 6.07 ± 1.45, an overall Aiken's V of .845, 76.5% of responses rated 6 or higher and high internal consistency (
                    α
                     = .953). These results should be interpreted as content validity evidence based on expert judgement, rather than as empirical evidence of player outcomes. Experts supported the need to adapt youth padel and valued the model as a practical framework for coaches. The green stage received the highest score, suggesting that the transition to the official court should still be understood as a pedagogical phase rather than an immediate move to adult play. The findings provide initial content-validity evidence for a progressive coaching model in youth padel, although future empirical studies with young players are needed."
coaching schematic expert consensus model,crossref,ok,3574336,10.7717/peerj.2476/fig-1,Figure 1: Model schematic.,,
coaching schematic expert consensus model,crossref,ok,3574336,10.4135/9781446251577.n9,"The Psy Expert Discourse: Coaching the Outward
                    Self",2012,
coaching schematic expert consensus model,crossref,ok,3574336,10.1016/j.eswa.2024.126180,An expert classification consensus reaching model based on fuzzy trust relationship matrix in the application of steel industry,2025,
coaching schematic expert consensus model,crossref,ok,3574336,10.1016/j.eswa.2016.07.017,A new hybrid ensemble credit scoring model based on classifiers consensus system approach,2016,
coaching schematic expert consensus model,crossref,ok,3574336,10.7717/peerj.1709/supp-1,Figure S1: Schematic of Markov model,,
coaching schematic expert consensus model,crossref,ok,3574336,10.7717/peerjcs.1563/fig-1,Figure 1: Schematic of the model.,,
coaching schematic expert consensus model,crossref,ok,3574336,10.7717/peerj.10998/supp-9,Supplemental Information 9: Speculative schematic model,,
coaching schematic expert consensus model,crossref,ok,3574336,10.7717/peerj-cs.1803/fig-2,Figure 2: Schematic diagram of proposed model.,,
coaching schematic expert consensus model,crossref,ok,3574336,10.7748/ns2008.01.22.19.30.b708,NLP and Coaching for Healthcare Professionals – Developing Expert PracticeNLP and Coaching for Healthcare Professionals – Developing Expert Practice,2008,
coaching schematic expert consensus model,crossref,ok,3574336,10.7554/elife.15129.013,Figure 6. Schematic illustration of working model.,,
coaching schematic expert consensus model,crossref,ok,3574336,10.1080/21640629.2017.1361168,The coaching process of the expert coach: a coach led approach,2017,
coaching schematic expert consensus model,crossref,ok,3574336,10.7554/elife.29815.032,Figure 6. Schematic model summarizing our findings.,,
coaching schematic expert consensus model,crossref,ok,3574336,10.54499/2025.01221.bdana,,2026,
coaching schematic expert consensus model,crossref,ok,3574336,10.7717/peerj.14892/fig-1,Figure 1: Schematic of the SUQCR model.,,
coaching schematic expert consensus model,crossref,ok,3574336,10.3233/jifs-238151,A consensus reaching model for expert behavior-driven adjustment of expert weights based on picture fuzzy sets,2024,"This article proposes an expert-driven consensus and decision-making model that comprehensively considers expert behavior in Multi-criteria decision-making (MCDM) scenarios. Under the premise that experts are willing to adjust their viewpoints, the framework strives to reach group consensus to the utmost degree feasible. To tackle experts’ uncertainty during the evaluation process, this article employs the rejection degree in the picture fuzzy sets (PFS) to signify the level of ignorance while they deliver their evaluation opinions. Due to the diversity of expert views, reaching a group consensus is difficult in reality. Therefore, this article additionally presents a strategy for adjusting the weights of experts who did not reach consensus. This approach upholds data integrity and guarantees the precision of the ultimate decision. Finally, this article confirms the efficiency of the aforementioned model by means of a case study on selecting the optimal carbon reduction alternative for Chinese power plants."
coaching schematic expert consensus model,crossref,ok,3574336,10.1016/j.eswa.2018.12.018,A reactive model based on neighborhood consensus for continuous optimization,2019,
coaching schematic expert consensus model,crossref,ok,3574336,10.4324/9780203876350-6,Introduction to Coaching Model,2013,
coaching schematic expert consensus model,crossref,ok,3574336,10.1038/s41409-018-0128-2,Is there expert consensus on expert consensus?,2018,
coaching schematic expert consensus model,crossref,ok,3574336,10.7717/peerjcs.2169/fig-4,Figure 4: Schematic diagram of the model.,,
coaching schematic expert consensus model,crossref,ok,3574336,10.7717/peerj-cs.3501/fig-7,Figure 7: Schematic diagram of RotatE model.,,
coaching schematic expert consensus model,crossref,ok,3574336,10.7717/peerj.9798/fig-1,Figure 1: Schematic description of the model.,,
coaching schematic expert consensus model,crossref,ok,3574336,10.7717/peerjcs.1149/fig-11,Figure 11: Schematic representation of the model.,,
coaching schematic expert consensus model,crossref,ok,3574336,10.1016/j.eswa.2026.132901,Large language model-driven group consensus decision-making model: The case of local debt risk,2026,
coaching schematic expert consensus model,crossref,ok,3574336,10.4324/9780203876350-10,Coaching Model Functions and Characteristics,2013,
coaching schematic expert consensus model,crossref,ok,3574336,10.7717/peerj.15852/fig-1,Figure 1: The schematic model of the experiment.,,
coaching schematic expert consensus model,crossref,ok,3574336,10.54859/kjogi108021-65490,Figure 1. Schematic representation of the CRMT model,,
coaching schematic expert consensus model,crossref,ok,3574336,10.1016/s0957-4174(98)00034-7,Explicit schematic information in knowledge representation and acquisition,1998,
coaching schematic expert consensus model,crossref,ok,3574336,10.1016/j.eswa.2012.05.026,Adaptive consensus support model for group decision making systems,2012,
coaching schematic expert consensus model,crossref,ok,3574336,10.7717/peerj-cs.1535/fig-2,Figure 2: Schematic diagram of BERT-Span model.,,
coaching schematic expert consensus model,crossref,ok,3574336,10.37134/mrj.vol13.1.4.2024,Expert Consensus on the Usability of the SLC3DM Model: A Fuzzy Delphi Method Application,2024,"Each model should undergo a usability evaluation to ensure a model meets the users’ needs and expectations. This is a process of testing the model with real users to measure how user-friendly and effective it is. Therefore, this study aims to evaluate a model of School Leaders Competencies in Data-Driven Decision Making (SLC3DM). The model has been designed and developed using the Design and Development Research (DDR) approach, which involves three phases: the need analysis phase, the design and development phase, and the usability evaluation phase. However, the researcher only focuses on this paper in the third phase. The model was designed using the Fuzzy Delphi Method (FDM) technique, which entailed consensus from a 20-expert panel. The model usability evaluation phase discovered that all 13 components of the SLC3DM model had high expert consensus. Overall, based on the consensus of the experts, the SLC3DM model is appropriate for usage and implementation. As a result, school leaders can benefit from the SLC3DM model, an empirically grounded and tested tool, as it can boost their knowledge, skills, and attitudes related to data-driven decision-making."
coaching schematic expert consensus model,crossref,ok,3574336,10.7717/peerj-cs.2718/fig-1,Figure 1: Schematic illustration of the proposed model.,,
coaching schematic expert consensus model,crossref,ok,3574336,10.1201/9781420040906-5,Consensus and aggregating expert opinions,2001,
coaching schematic expert consensus model,crossref,ok,3574336,10.7717/peerj-cs.2699/fig-1,Figure 1: Schematic illustration of the proposed model.,,
coaching schematic expert consensus model,crossref,ok,3574336,10.7717/peerj.8601/fig-1,Figure 1: The schematic diagram of model (2).,,
coaching schematic expert consensus model,crossref,ok,3574336,10.4324/9780203876350-13,How the Performance Coaching Model Evolved,2013,
coaching schematic expert consensus model,crossref,ok,3574336,10.4324/9780203126424-15,A proposed model for coaching,2016,
coaching schematic expert consensus model,crossref,ok,3574336,10.54859/kjogi108021-65492,Figure 3. Schematic representation of the CRMP model,,
coaching schematic expert consensus model,crossref,ok,3574336,10.7717/peerj-cs.2447/fig-5,Figure 5: Schematic representation of the proposed model.,,
coaching schematic expert consensus model,crossref,ok,3574336,10.54859/kjogi108021-65491,Figure 2. Schematic representation of the CRMB model,,
coaching schematic expert consensus model,crossref,ok,3574336,10.4324/9780203876350-11,Identiﬁcation and Selection of Coaching Model Components,2013,
coaching schematic expert consensus model,crossref,ok,3574336,10.4324/9780203876350-14,How the Performance Coaching Model is Applied,2013,
coaching schematic expert consensus model,crossref,ok,3574336,10.2196/preprints.90374,Expert Evaluation and Consensus on Large Language Model Summaries of Clinical Letters: Results from the FRAIT Project (Preprint),2025,"BACKGROUND
                  Large language models (LLMs) are increasingly used to summarize clinical documents. However, existing automated metrics often inadequately capture clinical relevance and safety. In the initial phase of the “Framework &amp; Implementation of AI Tools” (FRAIT), an expert-driven, co-created evaluation methodology was established to assess LLM-generated discharge-letter summaries. Both prompt content and intuitive assessment were integral to this collaborative process.
                
                
                  OBJECTIVE
                  To quantify expert agreement and interrater reliability on LLM-generated summaries of clinical discharge letters, identify frequent and clinically relevant errors, and evaluate practical implications for integrating LLMs into documentation workflows.
                
                
                  METHODS
                  Thirty expert-curated synthetic discharge letters were summarized. Thirty-one clinicians from diverse Belgian (Flemish) care settings - including one university hospital, two private hospitals, and two general practice circles – evaluated LLM-generated summaries. The evaluation framework consisted of 61 binary layout items assessing the presence of requested sections according to specific layout; 33 Content items rated as correct and complete versus incorrect (with subcategories for missing information, irrelevant details and incorrect or hallucinated content); and overall quality on a 4-point Likert scale(very bad to very good), and an open question for comment. Statistical analyses included descriptive statistics, mixed effects ordinal regression on the global score, consensus (agreement per question/letter) percentages, interrater reliability (Cohen’s kappa, Intraclass Correlation Coefficient (ICC), Fleiss’ Kappa), and thematic synthesis of comments.
                
                
                  RESULTS
                  Layout adherence was high (88%), especially in the Conclusion section. Content accuracy was overall moderate (78%), with best performance observed in the Medical History section and the lowest in the Medication section, which  also showed the highest rate of hallucinations  and the weakest inter-rater consensus. Across all sections, missing information was the most common error. Nearly 70% of global ratings were “good” or “very good”. Higher content accuracy predicted better global scores (β = 0.079, p &lt; 0.001), while layout and participant specialty were not relevant for global scoring. Consensus was high for layout questions (median 96.8%) and somewhat lower for content (median 83.9%), with the lowest agreement in the Medication section. Interrater agreement was moderate (median Cohen’s κ = 0.36, range 0.07–0.56), but overall reliability was high (ICC = 0.945), indicating strong consistency at the global level despite inter-rater variability.
                
                
                  CONCLUSIONS
                  The FRAIT framework offers a robust approach for evaluating LLM-generated discharge summaries, balancing usability and clinical relevance. Semantic integrity, especially regarding medication details, was identified as a key vulnerability. Perceived overall quality was driven by content accuracy. High ICC values for global score, with lower item-level agreement lead towards the need for clearer, context specific prompts and standardized evaluation criteria to reduce interrater variability. Human oversight and targeted automated checks (for omissions and hallucinations) remain essential for safe integration of LLMs into clinical workflows."
grit perseverance elite performers coaching,crossref,ok,133275,10.4324/9781003148418-14,Developing (adaptive) coaching expertise,2023,
grit perseverance elite performers coaching,crossref,ok,133275,10.4135/9781071863534,Grit,2021,
grit perseverance elite performers coaching,crossref,ok,133275,10.1787/888933315534,Figure 3.8 Differences in perseverance between low performers and better-performing students,,
grit perseverance elite performers coaching,crossref,ok,133275,10.1787/888933315961,"Table 0.4 Engagement, perseverance and self-confidence among low performers in mathematics",,
grit perseverance elite performers coaching,crossref,ok,133275,10.4337/9781035341641.00016,"Elite sport coaches as architects, sculptors, leaders, and performers",2026,
grit perseverance elite performers coaching,crossref,ok,133275,10.4324/9781003235385-2,Measuring Grit,2021,
grit perseverance elite performers coaching,crossref,ok,133275,10.4324/9781003235385-1,Anatomy of Grit,2021,
grit perseverance elite performers coaching,crossref,ok,133275,10.4324/9781003235385-6,Building Grit at Home,2021,
grit perseverance elite performers coaching,crossref,ok,133275,10.4324/9781003235385-4,"Integrating Grit, Mindsets, and Motivation",2021,
grit perseverance elite performers coaching,crossref,ok,133275,10.1037/cpb0000143,Stargazing: Everyday lessons from coaching elite performers.,2019,
grit perseverance elite performers coaching,crossref,ok,133275,10.1037/cpb0000140,Introduction to the special issue on coaching elite performers.,2019,
grit perseverance elite performers coaching,crossref,ok,133275,10.4324/9781003235385,Grit in the Classroom,2021,
grit perseverance elite performers coaching,crossref,ok,133275,10.1177/17479541261488177,Effects of coach trust on grit and athletic career commitment among elite soccer players: A career motivation theory perspective,2026,"This study aimed to examine the mediating role of grit in the relationship between coach trust and athletic career commitment among elite soccer players. Convenience sampling was used, and 225 elite soccer players from high school and university teams registered with the Korea Football Association participated in this study. Data were collected using self-report questionnaires and analyzed using SPSS 26.0 and AMOS 21.0. The results indicate that coach trust did not have a significant direct effect on athletic career commitment. However, coach trust had a significant positive effect on grit, which had a significant positive effect on athletic career commitment. Additionally, grit fully mediated the relationship between coach trust and athletic career commitment. These findings contribute to the application of Career Motivation Theory within elite sport by demonstrating that coach trust, as an environmental factor, influences athletic career commitment through grit, an intrapersonal psychological resource."
grit perseverance elite performers coaching,crossref,ok,133275,10.1007/978-3-030-57389-8_7,Grit Lit: An Effort to Cultivate Grit and Task Perseverance Through a High-School Language Arts Curriculum,2021,
grit perseverance elite performers coaching,crossref,ok,133275,10.1093/9780197543887.003.0006,"Intellectual Perseverance, Grit, and Growth Mindset",2025,"Abstract
               Recent developments in psychology and philosophy highlight the role of effort in intellectual achievement, to the relative de-emphasis of notions like raw intelligence and innate ability. In psychology, Angela Duckworth’s work on grit lauds the importance of passion and perseverance in the achievement of long-term goals, including intellectual goals. Carol Dweck’s research on growth mindset suggests that our capacities for achievement—and even intelligence itself—are malleable in response to effort. Indeed, the belief that one’s capacities are malleable in this way is an important predictor for both effort and achievement. Finally, a small cadre of philosophers has drawn attention to the concept of intellectually virtuous perseverance (IVP), an excellence of cognitive character that often plays a prominent role in agents’ gaining, keeping, and sharing epistemic goods. Discussions of grit, growth mindset, and IVP all underscore the fact that when it comes to achieving intellectual goals, effort matters. To date, however, theorists have paid relatively little attention to explaining how these concepts are related to each other. The present chapter aims to fill this void."
grit perseverance elite performers coaching,crossref,ok,133275,10.4324/9781003235385-8,Conclusion,2021,
grit perseverance elite performers coaching,crossref,ok,133275,10.3389/fpsyg.2021.645098,Narrative Tensions in Strained Junior Elite Performers’ Experiences of Becoming Elite Performers,2021,"Contextualized within narrative theory and the field of talent identification and development systems (TIDS), this interview study examined strained junior elite performers’ experiences of becoming elite performers while participating in prestigious national TIDS. The study explored how junior elite performers perceive and negotiate their personal narratives of becoming within a cultural master narrative of being. The focus is on how the quality of person-environment interaction, characterized by narrative alignment or tensions, relates to perceptions of identity, agency, and physical and mental health. We purposefully recruited eight participants (Mage = 17.31, SD = 0.9) from a previously published study, who reported experiencing suboptimal psychological functioning compared with their peers to explore narrative tensions in their storylines. The data were collected through semi-structured interviews and examined, using narrative analysis. We identified “the performance narrative” as the dominating cultural narrative within the TIDS and three distinct personal narratives of negotiation with unique characteristics: obsessive and externally driven alignment – “striving to stay at the top of the game”; tensions – “just hanging in there”; and disruption from alignment – “when the going gets tough.” The results indicated that tensions and lack of alignment between the dominating cultural narrative and the individual narrative seem to increase the risk of experiencing identity challenges, suboptimal functioning, and aspects of ill-being. The study offers critical reflections on the dominating performance narrative within TIDS and additionally suggests an alternative athlete-centered and more holistic approach that combines both personal and performance developments."
grit perseverance elite performers coaching,crossref,ok,133275,10.2307/jj.34278837.38,ELITE EIGHT,2026,
grit perseverance elite performers coaching,crossref,ok,133275,10.20325/kca.2026.18.4.25,Development of the C-PLUS Grit Coaching Program -Integration of Grit and Growth Mindset,2026,
grit perseverance elite performers coaching,crossref,ok,133275,10.4324/9781003235385-5,Cultivating Passionate Students,2021,
grit perseverance elite performers coaching,crossref,ok,133275,10.1097/nsg.0000000000000140,Growing grit,2024,"Abstract
          
            Purpose:
            Grit, or a person's “perseverance and passion for long-term goals,” is a noted character trait for success. This qualitative descriptive study explored the experiences and challenges faced by nursing students, focusing on how these experiences shaped their educational journeys and exploring the role of perseverance and passion in nursing education and its potential for student success in a nursing education program.
          
          
            Methods:
            Purposive sampling was utilized to select study participants from higher education institutions in Southeastern Pennsylvania. To guide the interview, an interview protocol was developed which included a comparison table of the open-ended interview and probing questions and the Grit-S scale, an 8-item self-evaluation tool that quantifies perseverance of effort (perseverance) and consistency of interest (passion). Data were collected via semistructured virtual interview. Data were managed with ATLAS.ti 9 used in coding and analyzing transcripts and creating data visualization.
          
          
            Results:
            The data analysis identified four themes: managing goals, confronting challenges, emerging interests, and experiencing supportive relationships. The study identified student perceptions of the factors that impacted their perseverance for long-term goals and their passion for nursing, assisting in their success.
          
          
            Conclusion:
            Recognizing the crucial role played by perseverance and passion in a student's success empowers nursing programs and faculty to consider implementing strategies to nurture interest and support students as they pursue their long-term objectives. The results of this study supported the interplay of perseverance and passion. Recommendations for nursing education include fostering supportive relationships and student-centered instructional techniques as well as organizing seminars or similar programs during the first year of their curriculum to grow perseverance and inspire passion."
grit perseverance elite performers coaching,crossref,ok,133275,10.2307/jj.25291735.38,ELITE EIGHT,2016,
grit perseverance elite performers coaching,crossref,ok,133275,10.14198/jhse.2021.164.18,Grit-passion and grit-perseverance in ultramarathon runners,2020,
grit perseverance elite performers coaching,crossref,ok,133275,10.31234/osf.io/6y5xr,Why Grit Requires Perseverance AND Passion to Positively Predict Performance,2018,"Grit has captured the public imagination and crept into educational policy throughout the United States. However, because prior studies linking grit and performance are beset by contradictory evidence, commentators increasingly state that grit is over-hyped. We propose that the inconsistency between grit's initial promise and its subsequent lack of empirical support has occurred because grit's measurement has not matched its definition. Although grit is defined as the combination of perseverance and passion, its measurement has focused on perseverance and has not adequately captured passion. In a meta-analysis of 127 studies and two field studies, we show that passion is a key component of grit. The current theory and results suggest that perseverance without passion isn't grit, but merely a grind."
grit perseverance elite performers coaching,crossref,ok,133275,10.51223/kosoma.2020.08.14.3.125,"Relationship among Job environment, Grit and Coaching engagement of Elite Taekwondo Instructor",2020,
grit perseverance elite performers coaching,crossref,ok,133275,10.14507/er.v24.2300,Review of Grit in the classroom: Building perseverance for excellence in today’s students,2017,
grit perseverance elite performers coaching,crossref,ok,133275,10.2139/ssrn.4759886,High Perseverance Linked to Higher GPAs in University Diploma Students: A Study on Grit,2024,"Diplomas offer an alternative pathway into university. Diploma students disproportionately include first-in-family or students with additional learning needs and may have lower levels of success and higher attrition than traditional university students. Thus, it is crucial to understand what makes these students successful. Grit is a strong predictor of success in bachelor students, suggesting it may be an important predictor in diploma students as well. However, grit has not been measured against academic success in this population. This study surveyed 50 diploma students from a regional Australian university and found that they have similar base levels of grit to bachelor students, and that perseverance (a dimension of grit) is most predictive of academic success. Grit increases with age, which may reflect a more mature motivation. Students who are employed may have reduced focus. Perseverance of effort, rather than grit per se, is the key trait to build in diploma students, offering an ideal target for intervention in first-year students."
grit perseverance elite performers coaching,crossref,ok,133275,10.2139/ssrn.2675326,The Nitty Gritty: The Unexplored Role of Grit and Perseverance in Voter Turnout,2015,"In this paper we consider the role of general motivation, distinct from political motivation, in predicting voter turnout. Drawing on the large-scale, longitudinal Add Health dataset, we show that a measure of grit (i.e., tenacity or perseverance) measured in adolescence is a strong predictor of voter turnout in adulthood. This relationship exists independent of cognitive skills, personality measures, political interest, and many other observed and unobserved individual and contextual factors. To examine the mechanisms behind the observed relationship, we conduct a series of analyses including an original survey experiment that primes a gritty mindset. The results suggest that grittier individuals vote more because they are willing to overcome the obstacles that get in the way of voting. Compared to a control group, individuals primed to have a gritty mindset report a willingness to spend an average of 12 additional minutes waiting in line to vote and report higher levels of political efficacy."
grit perseverance elite performers coaching,crossref,ok,133275,10.1057/9780230598317_23,Elite performers,2008,
grit perseverance elite performers coaching,crossref,ok,133275,10.3102/1682698,"The Effects of Persistence, Grit, and Perseverance on Underrepresented Students in STEM Education",2021,
grit perseverance elite performers coaching,crossref,ok,133275,10.4324/9781003148418-2,Physical preparation,2023,
grit perseverance elite performers coaching,crossref,ok,133275,10.4324/9781003237617,Ready-to-Use Resources for Grit in the Classroom,2022,
grit perseverance elite performers coaching,crossref,ok,133275,10.1080/21640629.2014.901712,Coaching elite athletes: How coaches stimulate elite athletes' reflection,2014,
grit perseverance elite performers coaching,crossref,ok,133275,10.4324/9781003544395-2,"Becoming, Knowing, and Coaching",2026,
grit perseverance elite performers coaching,crossref,ok,133275,10.1007/978-3-531-19343-4_17,Coaching fernab der Elite,2012,
grit perseverance elite performers coaching,crossref,ok,133275,10.4324/9781003235385-7,Creating a Gritty School Culture,2021,
grit perseverance elite performers coaching,crossref,ok,133275,10.3390/educsci13040402,"Distinguishing between Grit, Persistence, and Perseverance for Learning Mathematics with Understanding",2023,"Learning mathematics with understanding involves productively struggling to make connections between different mathematical ideas. Such productive struggle is associated with three primary constructs: grit, persistence, and perseverance. Each of these constructs has a distinct definition, background, and implied utility in mathematics education research. However, these constructs are often colloquially conceptualized as synonyms, leading to a misconception of what can be learned through the lens of each construct. The purpose of this paper is to carefully examine the literature on grit, persistence, and perseverance and to review and distinguish the ways in which these constructs offer insights into learning mathematics with understanding."
grit perseverance elite performers coaching,crossref,ok,133275,10.4324/9781003148418,Science and Soccer,2023,
grit perseverance elite performers coaching,crossref,ok,133275,10.1007/978-3-531-93059-6_17,Coaching fernab der Elite,2011,
grit perseverance elite performers coaching,crossref,ok,133275,10.1037/a0017485,The Psychology of Elite Performers,2009,
grit perseverance elite performers coaching,crossref,ok,133275,10.5749/9781452974422-003,Grit And Perseverance,2010,
grit perseverance elite performers coaching,crossref,ok,133275,10.4324/9781315122724-26,Working with high performers,2018,
grit perseverance elite performers coaching,crossref,ok,133275,10.1057/9780230307209_22,Elite performers,2011,
grit perseverance elite performers coaching,crossref,ok,133275,10.4324/9781003148418-22,Monitoring training,2023,
grit perseverance elite performers coaching,crossref,ok,133275,10.7202/1040080ar,"Duckworth, A. (2016). Grit. The power of passion and perseverance. Toronto : HarperCollins",2017,
grit perseverance elite performers coaching,crossref,ok,133275,10.31838/jcr.07.11.17,"PERSEVERANCE AND PASSION IN THE TEACHING PROFESSION: TEACHERS’ GRIT, SELF-EFFICACY, BURNOUT, AND PERFORMANCE",2020,
grit perseverance elite performers coaching,crossref,ok,133275,10.4324/9781003237617-1,Welcome,2022,
grit perseverance elite performers coaching,crossref,ok,133275,10.4324/9780429266300-16,Coaching elite-level field hockey,2019,
grit perseverance elite performers coaching,crossref,ok,133275,10.64628/aai.95cqrak33,‘Grit’ and relentless perseverance can take a toll on brain health − particularly for people facing social stresses like racism,2025,
grit perseverance elite performers coaching,crossref,ok,133275,10.31234/osf.io/h9473,The Dual Pillars of Grit: The Synergistic Benefits of Combining Perseverance and Passion Alignment for Job Performance,2017,"Prior research has found mixed evidence regarding the relationship between grit—defined as perseverance and passion for long-term goals—and job performance. We propose these inconsistencies have occurred for two reasons. First, the grit literature and its measurement has focused on perseverance and paid insufficient attention to passion. In contrast, we emphasize why a measure that adequately captures both perseverance and passion is necessary to predict higher job performance. Second, we propose that whether employees meet or fall short of desired passion—i.e., whether they experience passion alignment or passion gaps—is more important than their absolute levels of passion. We predict that the combination of perseverance and passion alignment has synergistic benefits for job performance. A survey of employees at a technology company matched to supervisor-rated job performance (N = 422) found that the current measure of grit that emphasizes perseverance did not have a main effect on supervisor-rated job performance. However, when employees experienced passion alignment, perseverance predicted job performance; in contrast, when employees experienced passion gaps, perseverance had no significant relationship with job performance. The current results help resolve the mixed evidence of grit’s relationship with job performance: because grit is the synergistic combination of perseverance and attaining desired levels of passion, theoretical and empirical specifications need to include passion alignment in the conceptualization and measurement of grit. The results suggest that grit without desired levels of passion is drudgery and insufficient to increase job performance. Instead, perseverance only propels employees forward when they experience passion alignment."
skill acquisition adults expert instruction methods,crossref,ok,2974627,10.31979/etd.625m-3qze,Skill acquisition and assimilation by means of different methods of corrective instruction,,
skill acquisition adults expert instruction methods,crossref,ok,2974627,10.33915/etd.8737,The effect of student verses teacher instruction on motor skill acquisition.,,
skill acquisition adults expert instruction methods,crossref,ok,2974627,10.5114/hm.2021.100323,Handball-specific skill acquisition by use of different instruction methods,2021,"PurposeInstructions are one of the fundamental coaching methods for developing skills in sport. Recent research has shown that activating implicit learning processes through metaphorical or analogical instructions is as effective as the activation of explicit learning processes by instructing step-by-step movement rules. Nevertheless, these effects have not been investigated in youth handball yet, and past research has shown a lack of the systematic use of analogy instructions in general. For the first time, the current study investigated the effectiveness of step-by-step instructions and analogy instructions in young athletes’ learning of basic skills in team handball.MethodsA short-term intervention with a sample of 36 participants (9–10 years) was conducted. One group of the athletes were instructed with step-by-step movement rules, while the other group were instructed with analogies, in 3 different handball-specific tasks (stand throw, body feint, defence position). The athletes’ performances were rated by 15 handball coaches.ResultsThe conducted intervention resulted in small and task-dependent performance improvements under both instruction conditions. In the throwing task, no performance improvement was observed overall, whereas the participants improved in both instruction conditions in the feint task. As for the learning of the defence position, the participants in the analogy conditio improved more than the others.ConclusionsThe current results are in line with recent investigations of different sports tasks and should motivate coaches and teachers in team sports to try to be ingenious and creative in developing functional analogies, metaphors, or pictorial instructions for skill acquisition."
skill acquisition adults expert instruction methods,crossref,ok,2974627,10.21236/ada222324,Felicity Conditions for Cognitive Skill Acquisition: Tutorial Instruction does not need them. Revision,1989,
skill acquisition adults expert instruction methods,crossref,ok,2974627,10.33915/etd.6364,An Evaluation of the Effects of Treatment Integrity Errors on Skill Acquisition During Discrete-Trial Instruction,,
skill acquisition adults expert instruction methods,crossref,ok,2974627,10.31234/osf.io/p428m_v1,"Less Talk, More Code: Practice-Based Instruction Improves Programming Skill Acquisition",2026,"Introductory computer science education often emphasizes watching experts write and explain code. We investigate whether practice-based instruction improves programming skills relative to traditional lectures and which features of practice make it effective. In this preregistered experiment (N = 250), we compared three approaches for an introductory programming lesson: watching a video, code tracing visualizations, and writing code with immediate, AI-generated feedback. Participants who engaged in practice-based instruction performed significantly better than those who watched the video on a novel code-generation test, with the highest performance among learners who practiced writing code. Practice-based instruction also resulted in reduced distraction and increased interest. Whereas video and code tracing conditions led to overconfidence about programming abilities, code writing led to underconfident self-assessments. These findings suggest that active practice, particularly generative practice with feedback, supports learning with advantages in cognitive processing, metacognition, and interest in programming."
skill acquisition adults expert instruction methods,crossref,ok,2974627,10.4324/9780203646564-21,From novice to expert performance,2004,
skill acquisition adults expert instruction methods,crossref,ok,2974627,10.4324/9780203133712-28,Anticipatory behavior and expert performance,2012,
skill acquisition adults expert instruction methods,crossref,ok,2974627,10.4324/9780203056899-13,Parsimonious Covering Theory In Cognitive Diagnosis and Adaptive Instruction,2013,
skill acquisition adults expert instruction methods,crossref,ok,2974627,10.4324/9780203646564-18,Deliberate practice and expert performance,2004,
skill acquisition adults expert instruction methods,crossref,ok,2974627,10.14264/107315,"Expert perceptual and decision-making skill: Identification, development and acquisition in a team invasion sport",,
skill acquisition adults expert instruction methods,crossref,ok,2974627,10.1016/j.learninstruc.2022.101633,Mental imagery skill predicts adults’ reading performance,2022,
skill acquisition adults expert instruction methods,crossref,ok,2974627,10.1007/978-1-4471-1632-5_10,Knowledge Acquisition for Expert Systems,1988,
skill acquisition adults expert instruction methods,crossref,ok,2974627,10.1201/b13018-7,- Learning and skill acquisition,2016,
skill acquisition adults expert instruction methods,crossref,ok,2974627,10.4324/9780203646564-19,A life-span model of the acquisition and retention of expert perceptual-motor performance,2004,
skill acquisition adults expert instruction methods,crossref,ok,2974627,10.4324/9781410610515-20,"Motivation, Emotion, and Expert Skill Acquisition",2004,
skill acquisition adults expert instruction methods,crossref,ok,2974627,10.1093/med:psych/9780195317046.003.0010,"Skill Acquisition, Direct Instruction, and Educational Curricula",2008,
skill acquisition adults expert instruction methods,crossref,ok,2974627,10.5296/ije.v1i1.190,Beyond Skill Instruction: Promoting Literacy Acquisition in Kindergarten,2009,
skill acquisition adults expert instruction methods,crossref,ok,2974627,10.1123/att.8.2.34,Using Directed Instruction to Teach Initial Psychomotor-Skill Acquisition,2003,
skill acquisition adults expert instruction methods,crossref,ok,2974627,10.36905/jses.2019.03.01,Australasian Skill Acquisition Network Annual Conference,2019,
skill acquisition adults expert instruction methods,crossref,ok,2974627,10.1007/s10639-025-13359-1,"Hybrid models of piano instruction: How combining traditional teaching methods with personalized AI feedback affects learners’ skill acquisition, self-efficacy, and academic locus of control",2025,
skill acquisition adults expert instruction methods,crossref,ok,2974627,10.51224/srxiv.495,Expert consensus on skill acquisition in sport: A Delphi study,2024,
skill acquisition adults expert instruction methods,crossref,ok,2974627,10.7551/mitpress/3967.003.0014,Skill Acquisition and Plans for Actions,1998,
skill acquisition adults expert instruction methods,crossref,ok,2974627,10.1207/s1532690xci0504_5,Acquisition of Mental Multiplication Skill: Evidence for the Transition Between Counting and Retrieval Strategies,1988,
skill acquisition adults expert instruction methods,crossref,ok,2974627,10.4324/9780203646564-11,Individual differences in skill acquisition,2004,
skill acquisition adults expert instruction methods,crossref,ok,2974627,10.1177/0270467604265011,Skill Acquisition in Ski Instruction and the Skill Model’s Application to Treating Anorexia Nervosa,2004,"The Dreyfus skill model has a wide range of applications to various domains, including sport, nursing, engineering, flying, and so forth. In this article, the authors discuss the skill model in connection with two different research projects concerning ski instruction and treating anorexia nervosa. The latter project has been published but not in relation to the skill model. The skill model may very well be applied to these areas, and the authors conclude that in doing so, it also brings about new ways of understanding the different domains."
skill acquisition adults expert instruction methods,crossref,ok,2974627,10.4324/9781315044361-4,LISP Intelligent Tutoring System: Research in Skill Acquisition,2021,
skill acquisition adults expert instruction methods,crossref,ok,2974627,10.5040/9781718214095.ch-009,Teaching Older Adults,2020,
skill acquisition adults expert instruction methods,crossref,ok,2974627,10.4324/9780203056899-17,Applying Cognitive Task Analysis and Research Methods to Assessment,2013,
skill acquisition adults expert instruction methods,crossref,ok,2974627,10.4324/9780203646564-6,A historical perspective on skill acquisition,2004,
skill acquisition adults expert instruction methods,crossref,ok,2974627,10.5040/9781718214125.ch-005,Understanding the Dynamics of Skill Acquisition,2021,
skill acquisition adults expert instruction methods,crossref,ok,2974627,10.4324/9780203646564-24,The evolution of coordination during skill acquisition,2004,
skill acquisition adults expert instruction methods,crossref,ok,2974627,10.1037/e537052012-435,Is Older Adults' Strategic Skill Acquisition Influenced by a Deficient Mental Task Model?,2004,
skill acquisition adults expert instruction methods,crossref,ok,2974627,10.4324/9781003051343-2,Introduction to Skill Acquisition in Judo,2024,
skill acquisition adults expert instruction methods,crossref,ok,2974627,10.15763/issn.1936-9298.2025.2.3.40-59,The Effect of Break Type on Engagement and Skill Acquisition During Massed Trial Instruction,2025,"Massed trial instruction is an effective strategy for teaching discrete skills, and it is commonly used to teach young children with disabilities. Young children with disabilities should participate in short instructional sessions that include breaks with developmentally-appropriate play in between. This study evaluated whether adult behavior during child breaks (i.e., no interaction vs responsive play interactions) impacted engagement and efficiency of skill acquisition. Engagement during instructional segments and breaks were evaluated using an ATD design, and skill acquisition was evaluated in the context of an AATD design. Results suggest some children may demonstrate higher levels of instructional engagement and more efficient skill acquisition when instruction is interspersed with responsive play. Practitioners should consider assessing child preference for responsive play during breaks."
skill acquisition adults expert instruction methods,crossref,ok,2974627,10.15607/rss.2023.xix.029,Robotic Skill Acquisition via Instruction Augmentation with Vision-Language Models,2023,
skill acquisition adults expert instruction methods,crossref,ok,2974627,10.4018/jcit.418652,Evaluating the Effectiveness of Augmented Reality Applications for Skill Acquisition in Martial Arts Instruction,2026,"This study aims to evaluate the effectiveness of an AR-based instructional system for martial arts skill acquisition, leveraging real-time biomechanical modeling and human activity recognition (HAR) using public datasets (CMU MoCap and UCI HAR). A multi-site randomized controlled trial (RCT) involving 180 novice participants was conducted across three countries. Participants were divided into AR and control groups and trained over 12 weeks. The AR system integrated motion capture, biomechanical modeling, and multimodal feedback (visual, auditory, haptic). The RMSE was used to measure the outcome of motion accuracy, the rates of skill acquisition through SVM classifiers, and engagement/self-efficacy questionnaires that were validated. The AR group demonstrated much lower RMSE (p &lt; .001), steeper learning curves and engagement scores. Activity recognition was 96% and biomechanical comparisons showed consistent increases in motion fidelity. The results were similar in long-term retention of skills at a follow-up period of six months."
skill acquisition adults expert instruction methods,crossref,ok,2974627,10.1007/springerreference_302238,Cognitive Skill Acquisition,,
skill acquisition adults expert instruction methods,crossref,ok,2974627,10.1109/cbmsys.1989.47365,Automated medical student-a computational model of skill acquisition and expert performance,,
skill acquisition adults expert instruction methods,crossref,ok,2974627,10.31261/tapsla.10432,Effects of Adjunct Model of Instruction on EAP Learners’ Reading Comprehension Skill,2022,"With the quick transition to online teaching during the COVID-19 pandemic, it is vital to take the recent development in language teaching methodology into consideration, especially the pedagogical utility of new models of English for Academic purposes (EAP). Accordingly, the main objective of the present study was to investigate the efficacy of the adjunct model in improving the overall reading comprehension skills of Iranian architecture students in online EAP courses. To this end, from the population of students studying architecture at the Isfahan University of Art, three intact classes, each with 35 sophomore students were selected. While the first class was taught by a language teacher (the Language-driven Group) and the second class received instruction from a content teacher (the Content-driven Group), the third class was taught by applying the adjunct model involving both content and language teachers. At the end of the semester, a reading comprehension test was administrated to all students. The analysis of the data through running a one-way ANOVA and post hoc analysis revealed that the students in the adjunct class outperformed their peers in the other two classes on the reading comprehension test."
skill acquisition adults expert instruction methods,crossref,ok,2974627,10.53365/nrfhh.1038,From Book Completion to Skill Acquisition: Reframing Arabic Instruction for Non-Native Adult Learners,2026,"A persistent pattern in Arabic instruction for non-native adult learners in the Indian subcontinent and comparable non-immersive contexts is that institutional and pedagogical success is measured by some prescribed book completion rather than by the development of targeted functional language skills. When practitioners discuss Arabic courses, the primary question is “which book is being covered?” — not “what competence is being developed?” This paper argues that the shift required is not from one book to a better book, but from a book-completion paradigm to a skill-acquisition paradigm. The skill argued for is intensive reading competence — the ability to engage analytically with Arabic text with full understanding, defined operationally as the capacity to derive meaning from Arabic text through functional structural understanding — identifying grammatical roles, recognising morphological forms, and processing undiacritised text with precision. Widely used Arabic instructional books are examined not to discredit them, but to show that even well-designed books often do not produce the targeted reading competence when used in contexts and for skill outcomes they were not originally designed to serve. Drawing on Cognitive Load Theory (Sweller, 1988), Skill Acquisition Theory (Anderson, 1983), and instructional alignment frameworks (Biggs, 1996), the paper argues that the real variable in Arabic instruction is not the book itself, but the clarity of the targeted skill outcome, the methodology guiding instruction, the teaching approach in the classroom, and the coherence of skill delivery across the programme. The paper concludes with concrete implications for programme design, teacher training, and learner assessment."
skill acquisition adults expert instruction methods,crossref,ok,2974627,10.4324/9780203056899-16,Assessment Procedures for Predicting and Optimizing Skill Acquisition After Extensive Practice,2013,
skill acquisition adults expert instruction methods,crossref,ok,2974627,10.4324/9780203646564-20,Psychophysiological and related indices of attention during motor skill acquisition,2004,
skill acquisition adults expert instruction methods,crossref,ok,2974627,10.1016/s0891-4222(98)00030-4,Acquisition of incidental information during instruction for a response-chain skill,1999,
skill acquisition adults expert instruction methods,crossref,ok,2974627,10.1016/s1042-8143(05)80007-x,Knowledge acquisition from natural language for expert systems based on classification problem-solving methods,1990,
skill acquisition adults expert instruction methods,crossref,ok,2974627,10.19030/ctms.v4i9.5568,Instruction Of Competent Psychomotor Skill,2008,
skill acquisition adults expert instruction methods,crossref,ok,2974627,10.1037/e578692012-002,Learning by doing: Understanding skill acquisition through skill acquisition,2010,
skill acquisition adults expert instruction methods,crossref,ok,2974627,10.7551/mitpress/9780262037341.003.0009,High Fertility and Anemic Skill Acquisition,2018,"Most ultra-Orthodox Jews, a growing percentage of the total population, lack the skills to work in a modern economy, having studied little or no math and science beyond primary school (their curriculum focuses almost entirely on religious texts such as the Torah and Talmud). As a result, more than 60 percent live below the poverty line, compared with 12 percent among non-Haredi Jews. Most also opt out of military service, which is compulsory for other Israelis. The net effect: as the Haredi community expands, the burden of both taxation and conscription falls on fewer and fewer Israelis. Trends towards increased fertility, decreased labor force participation, and increased supply of time to religious studies in the ultra-Orthodox community are explained in terms of the behavior of a “club” that has strengthened its norms of religious stringency in an attempt to brace exclusion. The economic self- preservation of the “club” is akin to the old age security motive of bringing children, where children is a means for parents from their income (female work income, child allowances, and other government subsidies) generating years to their old age unproductive years. The parents to minimize “defection” from the community do not endow the children labor- market skills."
skill acquisition adults expert instruction methods,crossref,ok,2974627,10.2139/ssrn.4492287,"Skill-Biased Imports, Skill Acquisition, and Migration",2023,"Imported capital goods, which embody skill-complementary technologies, can increase the supply of skills in developing countries. Focusing on China and using a shift-share design, we show that city-level capital goods import growth increases the local skill share and that both skill acquisition and migration play a role. We develop and quantify a spatial equilibrium model with these two mechanisms to examine the aggregate effects of capital goods imports, accounting for trade and migration linkages between cities. Counterfactual experiments suggest that the growth in capital goods imports in China between 2000 and 2010 led to a 3.7-8.9 million increase in the stock of college graduates, representing 5.7-13% of the total increase over this period. However, this growth disproportionately favored coastal regions, exacerbating existing spatial disparities."
skill acquisition adults expert instruction methods,crossref,ok,2974627,10.2139/ssrn.4479173,"Skill-Biased Imports, Skill Acquisition, and Migration",2023,"Imported capital goods, which embody skill-complementary technologies, can increase the supply of skills in developing countries. Focusing on China and using a shift-share design, we show that city-level capital goods import growth increases the local skill share and that both skill acquisition and migration play a role. We develop and quantify a spatial equilibrium model with these two mechanisms to examine the aggregate effects of capital goods imports, accounting for trade and migration linkages between cities. Counterfactual experiments suggest that the growth in capital goods imports in China between 2000 and 2010 led to a 3.7-8.9 million increase in the stock of college graduates, representing 5.7-13% of the total increase over this period. However, this growth disproportionately favored coastal regions, exacerbating existing spatial disparities."
adult learners expert coaching transfer to self-directed practice,crossref,ok,4745766,10.31274/rtd-180813-9083,Self-directed learning readiness and learning style preferences of adult learners,,
adult learners expert coaching transfer to self-directed practice,crossref,ok,4745766,10.53761/1.12.2.2,Measuring Self-Directed Learning: A Diagnostic Tool for Adult Learners,2015,"Self-directed learning is an important form of adult learning (Caffarella, 1993; Knowles, 1975; Knowles, Holton &amp; Swanson, 2005; Merriam, 2001; Merriam &amp; Caffarella, 1999). The strategies of self-directed learning allow adult learners to cope better with their studies while fulfilling family, work and other commitments. This study conceptualised and validated a learning diagnostic test in the context of SIM University (UniSIM), an adult learning institution, in Singapore. The learning diagnostic tool allows the students to identify their strengths and weaknesses in areas of self-directed learning. The study employed a survey research methodology. 1,960 students responded to the survey, and the statistical methods of exploratory and confirmatory factor analysis were used in the analysis. The confirmatory factor analysis showed that the final model of self-directed learning, as actualised through the items of the learning diagnostic tool, has a good fit on the data, thus affirming the strong validity and reliability of the tool. This validated learning diagnostic tool currently serves as one of the student learning support measures to help UniSIM students to be self-directed learners."
adult learners expert coaching transfer to self-directed practice,crossref,ok,4745766,10.1002/nha3.20235,Case study: Self-directed advising for distance learners,2018,
adult learners expert coaching transfer to self-directed practice,crossref,ok,4745766,10.1201/9781315376622-5,Adult learning and self-directed learners,2017,
adult learners expert coaching transfer to self-directed practice,crossref,ok,4745766,10.1108/979-8-88730-452-620251005,"Developing Faculty as Self-Directed Learners Through Cognitive
                                Coaching",2023,"Innovative and leadership-based learning environments proposed by Education 4.0 have created new tasks for teachers to take greater ownership of change to survive in both digital and physical classrooms. These tasks require teachers to increase their cognitive development and teacher sense of efficacy (TSE). Through cognitive coaching (CC), faculty or teacher educators explore the thinking behind their practices to develop their TSE. Each faculty seems to maintain a cognitive map, only partially conscious. In CC, questions asked by the coach reveal to the teacher areas of that map that may not be complete or consciously developed. This chapter aims to introduce a conceptual framework of CC to be used in any CC program designed for faculty or teacher educators. This framework is based on (a) the theories by Bandura (1997) and Vygotsky (1978), (b) the application of the authors’ models of peer coaching and reflective coaching (Costa &amp; Garmston, 2016; Göker, 2006; Göker &amp; Ürün Göker, 2017; Göker, 2020; Göker &amp; Ürün Göker, 2021) applied within different educational contexts, (c) Knowles’ (1975) notion of andragogy, and (d) similar mentoring or coaching studies. Through this framework, it is assumed that faculty or teacher educators as adult learners are inherently self-directed and articulated the steps of self-directed learning: (a) setting a climate of mutual respect and support, (b) diagnosing learning needs, (c) formulating learning goals, (d) identifying human and material resources for learning, (e) choosing and implementing appropriate learning strategies, and (f) evaluating learning outcomes. This conceptual framework offers instructors new principles and ways to use the CC processes to engage in critical reflections about their teaching. Instructors are engaged in the CC coaching cycles, consisting of planning and reflecting conferences, are expected to gain new experiences through the CC to facilitate professional collegiality, personal self-renewal, and pedagogical improvement, suggesting that CC has the potential to be an effective approach to faculty development."
adult learners expert coaching transfer to self-directed practice,crossref,ok,4745766,10.1177/0001848191041003001,Teaching Learners To Be Self-Directed,1991,"Based on the Situational Leadership model of Hersey and Blanchard (1988), the Staged Self-Directed Learning Model proposes that learners advance through stages of increasing self-direction and that teachers can help or hinder that development. Good teaching matches the learner's stage of self-direction and helps the learner advance toward greater self-direction. Specific methods are proposed for teaching students at each stage, although many different teaching styles are good when appropriately applied. Several pedagogical difficulties are explained as mismatches between teacher style and learner stage, especially the mismatch between a student needing direction and a non-directive teacher."
adult learners expert coaching transfer to self-directed practice,crossref,ok,4745766,10.36948/ijfmr.2024.v06i03.22216,Empowering and Engaging Adult Learners: Strategies to Facilitate Self-directed Learning in Adult Education,2024,"Empowering and engaging adult learners in self-directed learning is paramount in adult education settings. Self-directed learning is a process where individuals take control of their learning journey, setting goals, choosing resources, and evaluating their progress. Facilitating this approach requires educators to employ various strategies tailored to the needs and characteristics of adult learners. One effective strategy is to cultivate a supportive learning environment that fosters autonomy and encourages learners to take ownership of their learning. This can be achieved by providing opportunities for choice and flexibility in learning activities and resources. For instance, allowing learners to select topics of interest or offering multiple pathways to achieve learning objectives empowers them to pursue knowledge aligned with their goals and preferences. Another essential aspect is equipping learners with the necessary skills and resources to become self-directed learners. Educators can facilitate this process by teaching metacognitive strategies, such as goal setting, time management, and self-assessment. Additionally, providing access to a diverse range of learning materials, including online resources, books, and multimedia, enables learners to explore different perspectives and deepen their understanding independently. Fostering a collaborative learning community can enhance self-directed learning among adult learners. The main focus of this study is to examine empowering and engaging adult learning concerning strategies to facilitate self-directed learning in adult education. In addition, the study also focuses on increasing understanding among adult learners about the importance and benefits of self-directed learning in adult education and it also inspires intrinsic motivation and self-efficacy, encouraging proactive engagement in the learning process. In addition, it also establishes a supportive learning community that encourages collaboration, resource-sharing, and mutual support among adult learners. Lastly, it enables adult learners to establish and utilize self-assessment mechanisms for tracking progress and adjusting learning strategies for continuous improvement."
adult learners expert coaching transfer to self-directed practice,crossref,ok,4745766,10.4324/9781315660028,"Teaching, Coaching and Mentoring Adult Learners",2016,
adult learners expert coaching transfer to self-directed practice,crossref,ok,4745766,10.18122/td/1473/boisestate,Determining the Role That Self-Directed Learning Readiness and Internet Self-Efficacy Have on Online Learning Self-Efficacy for the Purpose of Increasing Persistence in Online Courses for Adult Learners,,
adult learners expert coaching transfer to self-directed practice,crossref,ok,4745766,10.1177/10451595231184928,Exploring the Role of ChatGPT as a Facilitator for Motivating Self-Directed Learning Among Adult Learners,2023,"This study explores the potential of ChatGPT as a virtual tutor to facilitate self-directed learning (SDL) among adult learners in asynchronous online contexts. Although SDL has been identified as a critical skill, factors such as the lack of skills to find resources and the absence of a supportive learning environment could impede adult learners’ ability to engage in SDL. By harnessing the power of AI, ChatGPT can assist adult learners in setting learning goals, locating available resources, designing personalized learning plans, monitoring their performance, and reflecting on their learning experiences, ultimately leading to the effective completion of SDL. This study also discusses several existing limitations and challenges, including the need for instructors to provide guidance on creating prompts to use ChatGPT effectively, the possibility of learners becoming reliant on ChatGPT, the significance of institutions to provide policies of proper use of ChatGPT, and the necessary for AI developers to continuously improve the algorithms and data used by the system to minimize the likelihood of providing incorrect and irrelevant information. Additionally, some questions are raised regarding the balance between the use of ChatGPT and engagement with human instructors to ensure optimal learning outcomes. This study aims to enlighten adult educators and practitioners towards the integration of ChatGPT in asynchronous online learning to facilitate adult learning."
adult learners expert coaching transfer to self-directed practice,crossref,ok,4745766,10.47116/apjcri.2020.09.19,The Effect of Active Learning Education Program on Self-directed Learning Readiness and Learning Satisfaction  - Coaching Foundation for Adult Learners -,2022,
adult learners expert coaching transfer to self-directed practice,crossref,ok,4745766,10.47116/apjcri.2022.09.19,The Effect of Active Learning Education Program on Self-directed Learning Readiness and Learning Satisfaction  - Coaching Foundation for Adult Learners -,2022,
adult learners expert coaching transfer to self-directed practice,crossref,ok,4745766,10.4135/9781483328782.n1,Why We Need Self-Directed Learners,2004,
adult learners expert coaching transfer to self-directed practice,crossref,ok,4745766,10.1177/096100067901100201,The Adult Independent Learning Project: work with adult self-directed learners in public libraries,1979,"In May-June 1978 the author visited the United States for five weeks on a Churchill Fellowship to examine work with adult self-directed learners in American Public Libraries, with a view to considering whether it might have applications in Britain. This article outlines the Adult Independent Learning Project, describes the Learners' Advisory Service (its outcome), states the author's particular areas of enquiry and reports findings, before going on to discuss some current educational developments in the United States. An attempt is made to relate the library work to recent educational thinking on both sides of the Atlantic, and, in the light of this, to consider possible applications in Britain."
adult learners expert coaching transfer to self-directed practice,crossref,ok,4745766,10.37420/j.cer.2024.024,Practical Teaching Design of Effective Self-directed Learning in Adult Learners,2024,"Based on the review and combing of the basic concepts of self-authority, this paper adopts the teaching case analysis method to show the process and practice of self-authority learning. This paper summarizes and condenses the characteristics of self-directed learning of adult learners, and puts forward some practical strategies to promote self-directed learning of adult learners."
adult learners expert coaching transfer to self-directed practice,crossref,ok,4745766,10.4135/9781483328782.n2,The Intellectual Dispositions of Self-Directed Learners,2004,
adult learners expert coaching transfer to self-directed practice,crossref,ok,4745766,10.1177/0001848186036002004,Development and Validation of an Instrument to Identify Self-Directed Continuing Learners,1986,"This study sought to describe the personality characteristics of self-directed continuing learners, develop an instrument to identify such learners, and conduct empirical investigations to validate the instrument. Dimensions of the self-directed continuing learner's personality were developed and then used in the construction of an item pool. Prepilot and pilot study results provided the basis for refining the items into a 24-item instrument.
                  When administered to a sample of 271 graduate students, the instrument demonstrated an internal consistency of .87 and a test-retest reliability of .89.
                  Estimates of construct validity were obtained through correlation of scores with measures of educational participation, adult intelligence, self-confidence, endurance, and affiliation; results suggest the instrument is a valid tool for identifying self-directed continuing learners when used in its entirety."
adult learners expert coaching transfer to self-directed practice,crossref,ok,4745766,10.4314/sajhe.v16i2.25250,Self-directed learning: adult learners' perceptions and their study materials,2002,
adult learners expert coaching transfer to self-directed practice,crossref,ok,4745766,10.31137/ecc.2021.6.1.5,"Exploring Support Measures According to Differences in Self-Leadership, Self-Regulated Learning Ability, and College Life Satisfaction of Adult Learners at A University Lifelong Education System",2022,
adult learners expert coaching transfer to self-directed practice,crossref,ok,4745766,10.1201/9781003352532-10,Adult learning and supporting self-directed learners,2023,
adult learners expert coaching transfer to self-directed practice,crossref,ok,4745766,10.18823/asiatefl.2021.18.3.8.875,Cognitive Coaching: Developing Teachers of English as Self-directed Learners,2021,
adult learners expert coaching transfer to self-directed practice,crossref,ok,4745766,10.1177/07417136251393980,Evaluating the Concurrent Validity of Self-Rating Scale and Instrument for Self-Directed Learning Among Middle-Aged and Older Adult Learners,2026,"No universally accepted tool currently exists for assessing self-directed learning (SDL), and few studies have focused on validating new SDL instruments to achieve broad consensus regarding their psychometric rigor and applicability. This study examines the concurrent validity of two SDL tools: the SRSSDL_adult for middle-aged and older adults, and the SDLI for nursing students. These tools were administered to participants in Taiwanese senior learning centers, who were predominantly female (78.8%) and aged 65–74 years (45.6%), with many holding undergraduate degrees (43.8%). The highest scores were observed in “Needs assessment” (SRSSDL_adult) and “Learning motivation” (SDLI). A strong positive correlation (Pearson coefficient = 0.783,
                    p
                     &lt; .001) confirmed the concurrent validity of the SRSSDL_adult against the SDLI. The two SDL assessment tools examined in this study can concurrently provide valuable insights into the identification of SDL abilities. The findings indicate that both scales are directly applicable to middle-aged and older learners."
adult learners expert coaching transfer to self-directed practice,crossref,ok,4745766,10.1002/ace.36719946412,Helping learners take responsibility for self‐directed activities,1994,AbstractDividing the teaching and learning process into a series of micro‐components makes it possible to ease the transition to self‐directed learning by providing many small and nonthreatening opportunities for learners to make their own decisions.
adult learners expert coaching transfer to self-directed practice,crossref,ok,4745766,10.4018/978-1-7998-8598-6.ch009,"Role of the Social Constructivist Theory, Andragogy, and Computer-Mediated Instruction (CMI) in Adult ESL Learning and Teaching Environments",2021,"The purpose of this chapter is to explore whether social constructivism promotes mobile technology rich, student-centered learning/teaching practices, leading adult English as a second language (ESL) students to transform into self-directed learners. Under this theory, a shift from teacher-centered English language learning to a student-oriented approach to how students acquire basic English skills is promoted and students' possible transformation into independent and autonomous learners is fostered because, by use of mobile technologies, they may successfully transfer information from their previous experiences to their current knowledge. Incorporating mobile learning (m-Learning) into their instruction and making social constructivism an integral part of their curriculum, ESL teachers can contribute to their students transformation into self-directed learners as an active, knowledge-building community and in charge of their own learning processes, which explains that this theory is highly compatible with the principles grounded in what Knowles proposed as a progressive learning approach for adult education: andragogy."
adult learners expert coaching transfer to self-directed practice,crossref,ok,4745766,10.4324/9780429457319-9,Facilitating self-directed learning,2018,
adult learners expert coaching transfer to self-directed practice,crossref,ok,4745766,10.1007/978-981-10-3587-6_4,Shifting Accepted Routines of Practice,2017,
adult learners expert coaching transfer to self-directed practice,crossref,ok,4745766,10.17507/jltr.1601.21,"Empowering Adult EFL Learners: A Self-Directed, Process-Oriented Writing Program",2025,"This quasi-experimental study aimed to empower adult learners of English as a foreign language (EFL) by designing a self-directed, process-oriented writing program to enhance their writing proficiency and address the challenges they face in improving their writing skills outside formal classroom settings. A total of 50 Saudi individuals participated in this 12-week program, which integrated self-directed learning (SDL) principles with the process writing approach. The participants engaged in various writing tasks, reflective activities, and peer feedback sessions. The instruments used for data collection included pre- and post-program writing assessments, weekly writing tasks, and reflective journals. The findings revealed significant improvements in the participants’ writing skills across all of the assessed criteria, with the strongest gains in coherence, content and ideas, and cohesion. Additionally, the analysis of the demographic factors indicated that the participants’ educational attainment significantly influenced their writing skills improvement. The participants’ reflections highlighted several features of the program, such as its structured approach, focus on building self-awareness, opportunities for independent learning, and peer feedback, as key factors in their progress. The study concludes with recommendations for future self-directed writing programs and suggests avenues for further research."
adult learners expert coaching transfer to self-directed practice,crossref,ok,4745766,10.4324/9781032633534-6,Self-reflective journals,2024,
adult learners expert coaching transfer to self-directed practice,crossref,ok,4745766,10.1177/074171369904900301,Self-Assessment at Work: Outcomes of Adult Learners' Reflections on Practice,1999,"This qualitative study examined the outcomes of engaging in self-assessment as perceived by students in an experience-based graduate program. Self-assessment is one of the elements of experiential learning that provided the framework for this study. Fifty students in three groups participated in an iterative process of focus group interviews and follow-up surveys over 12 months. An additional 30 students generated data upon graduation. Fifteen themes representing specific out-comes of self-assessment emerged from an inductive analysis of the data within and across groups. The findings indicated that self-assessment serves as a powerful instrument for experiential learning, strengthens commitment to competent performance in the workplace, enhances higher order skills for functioning in the workplace, and fosters self-agency and authority. The findings were interpreted within frameworks concerning experiential learning, workplace performance, and personal development. Self-assessment was found to offer profound benefits to participants and to earn an integral place in the curriculum."
adult learners expert coaching transfer to self-directed practice,crossref,ok,4745766,10.4102/aosis.2025.bk546,Empowering self-directed learners through digital innovation and open educational practices,2026,
adult learners expert coaching transfer to self-directed practice,crossref,ok,4745766,10.4135/9781506377407.n8,Self-Directed Learners,2022,
adult learners expert coaching transfer to self-directed practice,crossref,ok,4745766,10.1002/ace.36719831710,Educational materials development and use with self‐directed learners,1983,AbstractSelf‐directed learning is almost universal. Characteristics of self‐directed learning have to be considered in developing educational materials that can meet the needs of adult learners.
adult learners expert coaching transfer to self-directed practice,crossref,ok,4745766,10.1016/b978-0-08-026785-2.50014-3,Comparisons Between High and Low Self-directed Learners,1984,
adult learners expert coaching transfer to self-directed practice,crossref,ok,4745766,10.58459/icce.2012.896,The metacognitive development of adult language learners in self-directed settings: A look at a distance learning course,2012,"This paper presents a research design for an empirical study on the metacognitive development of adult language learners in a distance learning context. The paper describes a mixed methods design that will be used during the implementation phase of the project to elicit the experiences, thoughts, and feelings of learners during the process of learning, and to examine how the verbalization of experience, thought, and feeling drives metacognitive development."
adult learners expert coaching transfer to self-directed practice,crossref,ok,4745766,10.1002/9781119695417.ch9,Acute Adult Care – Orthopaedic and Trauma Ward,2021,
adult learners expert coaching transfer to self-directed practice,crossref,ok,4745766,10.4018/978-1-7998-8598-6.ch030,Self-Directed Learning Strategies in Adult Educational Contexts,2021,"Self-directed learning is a teaching model where the learning content which is predetermined by the educator as well as the students tends to learn at their own pace to enable them to master the content provided. The features of self-directed learning may include individual autonomy, learner control, and autoindexing. In addition, self-directed learning has grown to become a generic training model for medicine, business, and adult education. Problem-based learning also tends to involve elements of self-directed instructions in its model. Self-directed learning also has evaluation tools that enable it to measure the impact of the self-directed learning on the students such as the ability for the students to perceive themselves as having the skills as well as attitudes required for successful learning."
adult learners expert coaching transfer to self-directed practice,crossref,ok,4745766,10.4324/9781003532927-14,Are information literate learners self-directed learners?,2025,
adult learners expert coaching transfer to self-directed practice,crossref,ok,4745766,10.4018/978-1-7998-8598-6.ch014,The Socratic Way and Adult Learning,2021,"Adult learning experiences seem to be influenced by the activity of self-direction on the part of their learners. Adult learners come to educational encounters motivated and possessing a strong sense of self and learning objectives. However, other educational experiences require teachers of adults to assist in the development of self-directed learning (SDL) in their learners. This chapter explores the possibility of how Leonard Nelson's theories concerning the Socratic method can initiate the possibility of SDL (self-teaching) in adult learners."
adult learners expert coaching transfer to self-directed practice,crossref,ok,4745766,10.1201/9780429084225-10,Adult learning and self-directed learners,2021,
adult learners expert coaching transfer to self-directed practice,crossref,ok,4745766,10.4135/9781446251577.n9,"The Psy Expert Discourse: Coaching the Outward
                    Self",2012,
adult learners expert coaching transfer to self-directed practice,crossref,ok,4745766,10.1177/0741713693043004002,"Self-Directed Learning, Political Clarity, and the Critical Practice of Adult Education",1993,"This paper argues that reframing the concept of self-direction as an inherently political idea comprises an important strategic opening in building a critical practice of adult education. Instead of being equated with atomistic self-gratification, self-direction can be interpreted as part of a cultural tradition that emphasizes the individual's standing against repressive interests. As such, the concept has some powerful political underpinnings which, if made explicit, could play a significant role in awakening the critical spirit in American adult education. Two inherently political dimensions of the idea are discussed: first, the recognition that at the intellectual heart of self-direction are issues of control and power that are inescapably political; second, the claim that any authentic exercise of self-directedness requires that certain political conditions be in place."
adult learners expert coaching transfer to self-directed practice,crossref,ok,4745766,10.1002/9781119695417.ch7,Introduction to Coaching in Practice,2021,
adult learners expert coaching transfer to self-directed practice,crossref,ok,4745766,10.14264/366360,A process of changing coaching behaviours using a self-directed training program,,
adult learners expert coaching transfer to self-directed practice,crossref,ok,4745766,10.15823/p.2022.146.5,A Qualitative Study of Adult Learners’ Self-Directed Learning Readiness in Non-Formal ESP Online Courses: Lithuanian Students’ Perspective,2022,"This study aimed to explore Lithuanian students’ approaches towards the factors related to self-directed learning readiness. Fourteen adult respondents participated in structured in-depth interviews, where they answered questions based on the Self-Directed Learning Readiness Scale (Fisher et al., 2001). The conducted study revealed the students’ approaches that can positively contribute to the enhancement of learners’ self-directedness."
adult learners expert coaching transfer to self-directed practice,crossref,ok,4745766,10.1108/978-1-62396-516-720251018,"Einstein and the Wright Brothers as Self-Directed, Transformative Change Agents",2013,
adult learners expert coaching transfer to self-directed practice,crossref,ok,4745766,10.30916/kera.57.3.1,The relationship between differences in adult learners' self-directed learning competencies and lifelong learning,2019,
adult learners expert coaching transfer to self-directed practice,crossref,ok,4745766,10.1177/074171367702700205,"Book Reviews : Knowles, Malcolm S. Self-Directed Learning: A Guide for Learners and Teachers. New York: Association Press, 1975. 135 pp. $4.95 (paper)",1977,
adult learners expert coaching transfer to self-directed practice,crossref,ok,4745766,10.4324/9781315847108-35,Models-based practice: structuring teaching and coaching to meet learners’ diverse needs,2013,
adult learners expert coaching transfer to self-directed practice,crossref,ok,4745766,10.4102/aosis.2025.bk546.0f,Foreword,2026,
adult learners expert coaching transfer to self-directed practice,crossref,ok,4745766,10.58459/rptel.2006.131-64,SUPPORTING SELF-DIRECTED LEARNERS AND LEARNING COMMUNITIES WITH SOCIOTECHNICAL ENVIRONMENTS,2006,"Making learning part of life is an essential challenge for inventing the future of our societies. Lifelong learning is a necessity rather than a possibility or a luxury to be considered. Self-directed learning (often occurring as learning on demand in response to breakdowns) is the dominant form of lifelong learning. The power of the unaided individual mind is highly overrated. Although society often thinks of creative individuals as working in isolation, learning and creativity result in large part from the interaction and collaboration with other individuals. Much human creativity is social, and learning communities are needed to cope with the challenges of making learning part of life.
This paper articulates existing problems in our current and future world requiring lifelong and self-directed learning and learning communities. It defines conceptual frame- works and it describes four innovative computational environments: (1) domain-oriented design environments, (2) critiquing systems, (3) the Envisionment and Discovery Col- laboratory, and (4) Caretta. The paper concludes by providing a set of challenges for the future use of technology to enhance learning based on the conceptual frameworks and the experience and assessment of our system development efforts."
expert programmer mentoring novice developers technique,crossref,ok,905511,10.4324/9781315808321,Studying the Novice Programmer,2013,
expert programmer mentoring novice developers technique,crossref,ok,905511,10.1016/j.mnl.2016.05.012,Mentoring Through the Leadership Journey: From Novice to Expert,2016,
expert programmer mentoring novice developers technique,crossref,ok,905511,10.1080/13611260601037405,Negotiating power and pedagogy in student teaching: expanding and shifting roles in expert–novice discourse,2007,
expert programmer mentoring novice developers technique,crossref,ok,905511,10.1016/j.system.2016.12.015,Scaffolding teacher cognition: Changes in novice L2 teachers' pedagogical knowledge base through expert mentoring initiatives,2017,
expert programmer mentoring novice developers technique,crossref,ok,905511,10.14418/5cxz1owj,AI-driven scaffolding for novice app developers using RAG-finetuned chatbot,,
expert programmer mentoring novice developers technique,crossref,ok,905511,10.31274/rtd-180813-10438,Elements of mentoring the novice principal,,
expert programmer mentoring novice developers technique,crossref,ok,905511,10.1177/174183051601410s02,From expert to novice: Supporting mentor development through professionalisation of practice in formal schemes,2016,"Mentoring schemes continue to increase within organisations and rely on attracting and retaining motivated volunteers. At the same time, mentoring is also becoming embedded within professional frameworks and discipline experts are being enlisted in formal schemes to widen their involvement in supporting novices in their professional development. This phenomenological study follows the experience of four mentors from two professions, who were actively mentoring in their first formal scheme. Findings show that even experts in a professional field can return to the experience and anxieties of early practice and that formal schemes and training may not sustain commitment to mentoring in the future, unless they provide opportunity for reflective development. A conceptual model for mentor development is proposed which offers an approach to support the experiential transition from ‘professional-as-mentor’ to ‘professional mentor.’"
expert programmer mentoring novice developers technique,crossref,ok,905511,10.1097/nsg.0000000000000328,Transitioning expert clinicians to novice prelicensure part-time clinical faculty,2025,"Abstract
                  With increasing attrition, retention rates for prelicensure part-time clinical nursing faculty are declining, leading to vacancies and dissatisfaction among faculty. This article discusses a comprehensive, evidence-based orientation program that provides the necessary tools and support at a moment when employees are at their most receptive, thereby setting the foundation for long-term employment."
expert programmer mentoring novice developers technique,crossref,ok,905511,10.2139/ssrn.4626326,Improving the Debugging Skills of a Novice Programmer Through Enhanced Knowledge of Interactive Debugging,2023,
expert programmer mentoring novice developers technique,crossref,ok,905511,10.1109/rtcdc.2005.201638,Visual programming for novice programmer teachers,2005,
expert programmer mentoring novice developers technique,crossref,ok,905511,10.4135/9781483328898.n3,Designing Mentoring Programs,2005,
expert programmer mentoring novice developers technique,crossref,ok,905511,10.4324/9780429433092-9,Revisiting the novice ESL teachers’ mentoring programme,2019,
expert programmer mentoring novice developers technique,crossref,ok,905511,10.1145/1095242.1095254,Visual programming for novice programmer teachers,2005,
expert programmer mentoring novice developers technique,crossref,ok,905511,10.1109/fie.2014.7044420,Meaningful categorisation of novice programmer errors,2014,
expert programmer mentoring novice developers technique,crossref,ok,905511,10.1145/1272848.1272896,Revisiting novice programmer errors,2007,"Although programmer errors have been investigated, only a limited range of error types typically made by novices have been scrutinized. In this paper we present an expanded classification of the types of errors considered in previous research. In particular, problems which require the use of more difficult program constructs such as nested loops, arrays, recursion and functions have been somewhat neglected. We hope this paper will encourage other researchers to further analyze the types of errors advanced novices will make and the types of misunderstandings which underlie such errors."
expert programmer mentoring novice developers technique,crossref,ok,905511,10.1145/3385548,Session details: Paper Session: Novice Programmer Behaviors,2020,
expert programmer mentoring novice developers technique,crossref,ok,905511,10.1108/978-1-62396-078-020251019,The Journey From Novice to Expert,2012,
expert programmer mentoring novice developers technique,crossref,ok,905511,10.62811/th.0159,"Mentoring Practices: The Perspectives of Principals, Mentors and Novice Teachers",,"The purpose of this research study was to explore the perspectives of principals, mentors and novice teachers at nine private schools in Beirut on how they conceived mentoring, the forms of mentoring support available at their schools, the mentoring practices implemented at their schools and their recommendations on improvement of current practices. A theoretical framework was developed based on well-established mentoring practices evident in the literature. A qualitative research design, with grounded theory as its methodology, was adopted in this study. Data was analyzed using the constant comparative approach. The conceptual categories emerging formed the basis to develop a proposed model of mentoring practices that is grounded in the context of private schools in Beirut. The proposed model was compared to the theoretical framework. In addition to the proposed model, the findings of the study revealed that the schools lacked institutionalized and documented mentoring programs. Novice teachers were under-prepared, lacked adequate pre- and in-service teacher training and received support (if found) by their superiors and peers. The study also revealed that the participants used the terms supervising, coordinating and mentoring interchangeably. They did not realize the difference between mentoring as a function and the formalized supervisory roles held by the school superiors and accordingly regarded their superiors as their mentors. In addition, the mentors (mainly head of departments) followed the directive approach to supervision, which hindered opportunities for novice teachers‘ professional development and encouraged dependency. Finally, principals and mentors (head of departments and head of divisions) seemed to underestimate the collegial support novice teachers received from their peers. Although mentors relied highly on peer mentoring support they did not admit of its importance and of its being one form of mentoring support. Recommendations for practice and research were then suggested."
expert programmer mentoring novice developers technique,crossref,ok,905511,10.1891/9780826125996.0001,Moving From an “Expert” to a “Novice” Role,2015,
expert programmer mentoring novice developers technique,crossref,ok,905511,10.5771/9781461732662,Quality Mentoring for Novice Teachers,2004,This survey of best practices is extremely useful to those charged with setting up state and local mentoring programs and provides a logical framework to convince policy makers to support teacher-induction programs. Case studies and discussion questions make this a valuable textbook for teacher education courses and tool for faculty in the school setting.
expert programmer mentoring novice developers technique,crossref,ok,905511,10.1145/142040.142052,Protocol analysis of a novice programmer,1992,"This study examined the problem solving of a novice programmer writing a first draft of an elementary computer program. The latter stages of entering and debugging the program were not part of the analysis. A detailed analysis of the tape-recorded protocol confirmed the major themes of the research on novice problem solving. Some characteristics specific to programming were also identified. In particular, the subject emphasized the syntax of the language, showed little advanced planning, and organized her programming information in the order it had been presented in class. There were distinct phases of (a) understanding the problem, (b) devising a plan, and (c) carrying out the plan. There was also evidence of both positive and negative transfer from what the student had previously learned in class. A number of practical guidelines for teaching novices to program emerged from the analysis and the literature."
expert programmer mentoring novice developers technique,crossref,ok,905511,10.5771/9781461732662-35,Section II: The Mentoring Framework-a Closer Look,2004,
expert programmer mentoring novice developers technique,crossref,ok,905511,10.5771/9781461732662-95,Section III: The Mentoring Framework-a National Perspective,2004,
expert programmer mentoring novice developers technique,crossref,ok,905511,10.1109/fie43999.2019.9028699,Debugging: The key to unlocking the mind of a novice programmer?,2019,
expert programmer mentoring novice developers technique,crossref,ok,905511,10.5771/9781461732662-1,Section I: The Mentoring Framework-a Broad View,2004,
expert programmer mentoring novice developers technique,crossref,ok,905511,10.1080/13611267.2021.1899585,Mentoring novice teachers,2021,
expert programmer mentoring novice developers technique,crossref,ok,905511,10.22215/etd/2025-17028,The impact of GitHub Copilot on the Security of Code by Novice and Experienced Developers,,
expert programmer mentoring novice developers technique,crossref,ok,905511,10.1109/vlhcc.2018.8506481,The novice programmer needs a plan,2018,
expert programmer mentoring novice developers technique,crossref,ok,905511,10.1109/vlhcc.2015.7357199,Exploring novice programmer example use,2015,
expert programmer mentoring novice developers technique,crossref,ok,905511,10.1097/00001786-200601000-00006,Guided Growth Intervention,2006,
expert programmer mentoring novice developers technique,crossref,ok,905511,10.1007/s11701-025-02470-7,Systematic review and meta-analysis of the learning curve and mentoring in robotic pancreatectomy: transitioning from novice to expert robotic surgeon,2025,
expert programmer mentoring novice developers technique,crossref,ok,905511,10.5013/ijssst.a.17.32.38,B-Learning on Novice Programmer Learning with Roles of Variables,2016,
expert programmer mentoring novice developers technique,crossref,ok,905511,10.1145/3249876,Session details: Paper - tools to support novice programmer,2013,
expert programmer mentoring novice developers technique,crossref,ok,905511,10.1075/lllt.14.24mes,17. Expert-novice teacher mentoring in language learning technology,2006,
expert programmer mentoring novice developers technique,crossref,ok,905511,10.1002/9781118255780.ch1,Techniques Every Expert Programmer Needs to Know,2010,
expert programmer mentoring novice developers technique,crossref,ok,905511,10.58809/pkiw9054,"Mentoring, Job Satisfaction, and Intent to Stay of Novice Midwestern Hospital Staff Nurses",,"This investigation examined the relationship of mentoring, job satisfaction, and intent to stay of novice nurses, using the adapted framework or Hunt and Michael (1983). The sample consisted or novice Midwestern hospital staff nurses selected randomly from a listing provided by the Kansas State Board of Nursing of initial licenses granted by examination for the year 2003. Data were collected using Caine's (1989) Quality of Mentoring Tool, Caine's (1989) Job Satisfaction Survey, Price and Mueller’s (1982) Intent to Stay Tool, and the Schmidt Konen Demographic Tool. The questionnaire packet was sent to 327 novice staff nurses with a response rate of 41.9%, or the 137 responses. 69 met the inclusion criteria and were used for the analysis. Findings indicated that approximately half (N = 39) of the participants identified having a mentor. Pearson's Product Moment Correlation was used to examine the relationship among mentoring, Job satisfaction and intCI1l 10 stay. Findings indicated that mentoring had a positive correlation with job satisfaction and a negative correlation with intent to stay. However, neither was statistically significant. This research substantiates the prevailing nursing literature regarding mentoring, job satisfaction and intent to stay of new graduate nurses (Hamilton. Murray. Lindholm, &amp; Myers. 1989), novice nurse educators (Sullivan, 2001), and fails to support the findings of military researchers (Prevosto, 200 1; Yoder. 1992). In general, novice nurses were satisfied with their jobs but reported a low intent to stay in their current positions. This low intent to stay is an area of concern for nursing administration. Continued research into mentoring, job satisfaction and intent to stay is recommended."
expert programmer mentoring novice developers technique,crossref,ok,905511,10.4324/9780429433092-2,Understanding novice teachers,2019,
expert programmer mentoring novice developers technique,crossref,ok,905511,10.3102/ip.25.2190913,Being and Belonging: Reciprocal Mentoring Between Novice and Experienced Educators,2025,
expert programmer mentoring novice developers technique,crossref,ok,905511,10.5771/9781461732662-i,Preface,2004,
expert programmer mentoring novice developers technique,crossref,ok,905511,10.4324/9781003444817-5,Tips for Guidance of Departmental Mentoring,2023,
expert programmer mentoring novice developers technique,crossref,ok,905511,10.1108/20466851211231620,Mentoring novice teachers in Japanese schools,2012,"PurposeThe purpose of this paper is to communicate how Japanese culture impacts upon mentoring in schools in Japan and to report on a study of mentor and novice teacher dialogue. The study is located within the context of explanations of dialogue, practical knowledge and mentoring as collaborative enquiry. It concludes that the time spent by novice teachers in Japanese schools is too short for mentoring to move beyond an apprenticeship model.Design/methodology/approachIn this small study conducted between June 2006 and February 2007, the dialogues between a female novice teacher and a male mentor, who had 27 years’ teaching experience, were analyzed on three occasions. According to the mentoring analysis system developed by the author and his colleagues, all discussion was recorded between the mentor and the mentee about the mentee's teaching using a digital recorder and a video camera. A transcript was made from both recordings, then morphological analysis used (a kind of text analysis) for the transcript, and nouns, adjectives, verbs and adverbs were identified in transcripts.FindingsIn total, 46 teaching scenarios were analyzed, where the mentor was offering his comments about a total of three recorded lessons by the mentee. Patterns of linguistic interaction between the mentor and mentee during dialogues were noted down and attempts made to identify a dialectical process (of thesis, antithesis and synthesis).Research limitations/implicationsThe study undertaken took place over one year in one elementary school in Japan. The practice of mentoring is not widespread in schools and can usefully be extended.Practical implicationsFor teachers to become collaborative enquirers, undertaking collaborative research focused on developing teachers’ practical knowledge, the period of initial teacher development for novice teachers could usefully be extended in schools in Japan.Social implicationsThe impact of culture and, in particular, in‐group (uchi) and out‐group (soto) culture in schools in Japan needs to be understood so that novice teachers can be accepted as part of the school's in‐group.Originality/valueThe paper describes a unique study into the impact of culture in Japanese schools and, in particular, into the impact ofuchi(in‐group) andsoto(out‐group) traditions that reinforce the apprenticeship model of teachers’ induction into the profession."
expert programmer mentoring novice developers technique,crossref,ok,905511,10.15476/elte.2020.164,The Role of Adult Learning Processes in the Practice of Mentoring Novice Teachers,,
expert programmer mentoring novice developers technique,crossref,ok,905511,10.1037/e574162010-001,Pathwise Mentoring for Novice Teachers Includes Special Education Foundation,2005,
expert programmer mentoring novice developers technique,crossref,ok,905511,10.4135/9781506341026.n8,"Become an Expert
						Novice",2016,
expert programmer mentoring novice developers technique,crossref,ok,905511,10.5040/9798400659768.ch-012,Mentoring as a Co-Learning Experience,2012,
expert programmer mentoring novice developers technique,crossref,ok,905511,10.4324/9781003493235-10,Exploring the Impact of Mentoring on Novice Language Teachers' Agency,2025,
expert programmer mentoring novice developers technique,crossref,ok,905511,10.4324/9781003444817-8,Review of Mentoring in the Higher Education Literature,2023,
expert programmer mentoring novice developers technique,crossref,ok,905511,10.1109/icoco53166.2021.9673537,Unplugged Computational Thinking Activities Framework Development for Novice Programmer,2021,
expert programmer mentoring novice developers technique,crossref,ok,905511,10.3102/ip.23.2011225,Supporting Novice Teachers Through University-Based Mentoring: Reframing Approaches to Teacher Induction,2023,
expert programmer mentoring novice developers technique,crossref,ok,905511,10.1080/13611260220133153,Framework for Designing a Mentoring Program for Novice Teachers,2002,
software engineering expert code review teaching technique,crossref,ok,15792699,10.1109/aswec.2004.1290480,Teaching the process of code review,2004,
software engineering expert code review teaching technique,crossref,ok,15792699,10.1109/cee-secr.2010.5783156,Expert system for software source code quality analysis,2010,
software engineering expert code review teaching technique,crossref,ok,15792699,10.18293/seke2024-130,MDASC: Advanced Dual-Layered Code Cloning Technique for Identifying Reused Malicious Code,2024,
software engineering expert code review teaching technique,crossref,ok,15792699,10.1145/3368089.3417932,CRSG: a serious game for teaching code review,2020,
software engineering expert code review teaching technique,crossref,ok,15792699,10.18293/seke2018-117,DCCD: An Efficient and Scalable Distributed Code Clone Detection Technique for Big Code,2018,
software engineering expert code review teaching technique,crossref,ok,15792699,10.1109/tale.2014.7062639,"Software science: Module, program, forms of software, and code-translation",2014,
software engineering expert code review teaching technique,crossref,ok,15792699,10.1109/cee-secr.2011.6188473,Teaching secure software engineering: Writing secure code,2011,
software engineering expert code review teaching technique,crossref,ok,15792699,10.1145/2889160.2889191,Teaching code review management using branch based workflows,2016,
software engineering expert code review teaching technique,crossref,ok,15792699,10.1145/3474624.3474626,SMartyPerspective: a perspective-based inspection technique for software product lines,2021,
software engineering expert code review teaching technique,crossref,ok,15792699,10.1016/s0965-9978(99)00017-4,Teaching a case study for expert systems construction,1999,
software engineering expert code review teaching technique,crossref,ok,15792699,10.1109/cseet49119.2020.9206173,Creation of a Serious Game for Teaching Code Review: An Experience Report,2020,
software engineering expert code review teaching technique,crossref,ok,15792699,10.14711/thesis-b1546039,Improving the quality of software code changes : expert knowledge recovery and tool support,,
software engineering expert code review teaching technique,crossref,ok,15792699,10.1109/csse.2008.69,Research on English Reading Teaching Based on Expert System,2008,
software engineering expert code review teaching technique,crossref,ok,15792699,10.1007/s10664-023-10300-3,Learning to Predict Code Review Completion Time In Modern Code Review,2023,
software engineering expert code review teaching technique,crossref,ok,15792699,10.1201/9781003283195-12,Systematic Literature Review of Search-Based Software Engineering Techniques for Code Modularization/Remodularization,2023,
software engineering expert code review teaching technique,crossref,ok,15792699,10.1016/0965-9978(93)90079-9,A brief review of FEM software technique,1993,
software engineering expert code review teaching technique,crossref,ok,15792699,10.1109/csse.2008.259,Studying and Implementation of Embedded System's Code Replacement Technique,2008,
software engineering expert code review teaching technique,crossref,ok,15792699,10.1007/s10664-025-10791-2,Code review as decision-making - building a cognitive model from the questions asked during code review,2026,"Abstract
                  
                    Code review is a well-established and valued practice in the software engineering community contributing to both code quality and interpersonal benefits. However, there are challenges in both tools and processes that give rise to misalignments and frustrations. Recent research seeks to address this by automating code review entirely, but we believe that this risks losing the majority of the interpersonal benefits such as knowledge transfer and shared ownership. We believe that by better understanding the cognitive processes involved in code review, it would be possible to improve tool support, with or without AI, and make code review both more efficient, more enjoyable, while increasing or maintaining all of its benefits. In this paper, we conduct an ethnographic think-aloud study involving 10 participants and 34 code reviews. We build a cognitive model of code review bottom up through thematic, statistical, temporal, and sequential analysis of the transcribed material. Through the data, the similarities between the cognitive process in code review and decision-making processes, especially recognition-primed decision-making, become apparent. The result is the Code Review as Decision-Making (
                    CRDM
                    ) model that shows how the developers move through two phases during the code review; first an orientation phase to establish context and rationale and then an analytical phase to understand, assess, and plan the rest of the review. Throughout the process several decisions must be taken, on writing comments, finding more information, voting, running the code locally, verifying continuous integration results, etc. Analysis software and process-coded data publicly available at:
                    https://doi.org/10.5281/zenodo.15758266"
software engineering expert code review teaching technique,crossref,ok,15792699,10.1109/clei64178.2024.10700211,Autumn of Code UC: an Experience Teaching Software Engineering Contributing to Open Source Projects,2024,
software engineering expert code review teaching technique,crossref,ok,15792699,10.1007/979-8-8688-0995-8,Strategic Software Engineering,2024,
software engineering expert code review teaching technique,crossref,ok,15792699,10.1109/tale66047.2025.11346609,BRIDGING Human Expertise and Generative AI in Software Quality: A Study on Code Smell Detection in Software Engineering Education,2025,
software engineering expert code review teaching technique,crossref,ok,15792699,10.2139/ssrn.5320778,AI-Driven Transformation of Code Review and Refactoring in Software Engineering: A Practitioner's Perspective,2025,
software engineering expert code review teaching technique,crossref,ok,15792699,10.15439/2017f536,A case study on machine learning model for code review expert system in software engineering,2017,
software engineering expert code review teaching technique,crossref,ok,15792699,10.1109/icces.2010.5674830,Stealthy code obfuscation technique for software security,2010,
software engineering expert code review teaching technique,crossref,ok,15792699,10.1109/ase.2015.111,Expert Review Panel,2015,
software engineering expert code review teaching technique,crossref,ok,15792699,10.5220/0005937203910395,Let`s Make it Fun: Gamifying and Formalizing Code Review,2016,
software engineering expert code review teaching technique,crossref,ok,15792699,10.1145/3540250.3549115,CORMS: a GitHub and Gerrit based hybrid code reviewer recommendation approach for modern code review,2022,
software engineering expert code review teaching technique,crossref,ok,15792699,10.1109/icse-seip52600.2021.00010,Using Machine Intelligence to Prioritise Code Review Requests,2021,
software engineering expert code review teaching technique,crossref,ok,15792699,10.1109/tse.2023.3319509,Are Your Dependencies Code Reviewed?: Measuring Code Review Coverage in Dependency Updates,2023,
software engineering expert code review teaching technique,crossref,ok,15792699,10.1109/cseet66350.2025.00027,Teaching Well-Structured Code: A Literature Review of Instructional Approaches,2025,
software engineering expert code review teaching technique,crossref,ok,15792699,10.1109/icodse53690.2021.9648484,Mining Software Repository for Security Smell Code Review,2021,
software engineering expert code review teaching technique,crossref,ok,15792699,10.1007/s10664-023-10401-z,Does code review speed matter for practitioners?,2023,"AbstractIncreasing code velocity is a common goal for a variety of software projects. The efficiency of the code review process significantly impacts how fast the code gets merged into the final product and reaches the customers. We conducted a qualitative survey to study the code velocity-related beliefs and practices in place. We analyzed 75 completed surveys from SurIndustryDevs participants from the industry and 36 from the open-source community. Our critical findings are (a) the industry and open-source community hold a similar set of beliefs, (b) quick reaction time is of utmost importance and applies to the tooling infrastructure and the behavior of other engineers, (c) time-to-merge is the essential code review metric to improve, (d) engineers are divided about the benefits of increased code velocity for their career growth, (e) the controlled application of the commit-then-review model can increase code velocity. Our study supports the continued need to invest in and improve code velocity regardless of the underlying organizational ecosystem."
software engineering expert code review teaching technique,crossref,ok,15792699,10.1007/978-981-10-8848-3_3,A Multi-factored Cost- and Code Coverage-Based Test Case Prioritization Technique for Object-Oriented Software,2018,
software engineering expert code review teaching technique,crossref,ok,15792699,10.1109/mysec.2014.6985997,A hybrid technique in pre-processing and transformation process for code clone detection,2014,
software engineering expert code review teaching technique,crossref,ok,15792699,10.1109/icprime.2013.6496465,Reliable code coverage technique in software testing,2013,
software engineering expert code review teaching technique,crossref,ok,15792699,10.1109/apsec66846.2025.00061,Chart2Code-MoLA: Efficient Multi-Modal Code Generation via Adaptive Expert Routing,2025,
software engineering expert code review teaching technique,crossref,ok,15792699,10.1145/2507288.2507312,Tool for generating code metrics for C# source code using abstract syntax tree technique,2013,"Software maintenance is one of the key activities in any software engineering process in which source code analysis plays a crucial role. Due to the high cost of maintenance, it has become quite necessary to produce high quality software. Over time, numerous analyses have been performed on source code to determine complexity and other metrics. Lots of papers have been published for object oriented languages but mostly concentrating on C++ and Java, very few has been published for more modern languages like C#. This paper proposes a Software Quality Assurance Tool for measuring the different code metrics for the object oriented language C# at the class and method levels. The technique consists of generating the abstract syntax tree of the source code using Nfactory libraries. The Interface is built using the Win Form application which provides an impressive GUI for the tool."
software engineering expert code review teaching technique,crossref,ok,15792699,10.15514/syrcose-2008-2-23,Automated Source Code Changes Classification for Effective Code Review and Analysis,2008,
software engineering expert code review teaching technique,crossref,ok,15792699,10.1007/978-3-031-11713-8_2,Source Code Features Based Branch Coverage Prediction Using Ensemble Technique,2022,
software engineering expert code review teaching technique,crossref,ok,15792699,10.1109/seaa.2013.30,A Context-based Information Retrieval Technique for Recovering Use-Case-to-Source-Code Trace Links in Embedded Software Systems,2013,
software engineering expert code review teaching technique,crossref,ok,15792699,10.1109/icse-seet52601.2021.00011,"Assessing the Students' Understanding and their Mistakes in Code Review Checklists: An Experience Report of 1,791 Code Review Checklist Questions from 394 Students",2021,
software engineering expert code review teaching technique,crossref,ok,15792699,10.1109/apsec60848.2023.00026,Improving Code Refinement for Code Review Via Input Reconstruction and Ensemble Learning,2023,
software engineering expert code review teaching technique,crossref,ok,15792699,10.18293/seke2022-022,Contrastive Learning for Multi-Modal Automatic Code Review,2022,
software engineering expert code review teaching technique,crossref,ok,15792699,10.1145/2591062.2591200,Characteristics of the vulnerable code changes identified through peer code review,2014,
software engineering expert code review teaching technique,crossref,ok,15792699,10.5220/0010458503310339,Expert Review of Taxonomy based Testing: A Testing Framework for Medical Device Software,2021,
software engineering expert code review teaching technique,crossref,ok,15792699,10.1007/978-3-7091-7557-6_79,Hypertext for Software Engineering: Automatic Conversion of Source Code and its Documentation into an Integrated Hypertext,1992,
software engineering expert code review teaching technique,crossref,ok,15792699,10.18293/seke2015-203,To Enlighten Hidden Facts in The Code: A Review of Software Visualization Metaphors,2015,
software engineering expert code review teaching technique,crossref,ok,15792699,10.1109/cise.2009.5363001,Teaching Resource Grid System Model Based on Multi-Agent Distributed Expert System,2009,
software engineering expert code review teaching technique,crossref,ok,15792699,10.1145/3378936.3378953,Software Engineering Wastes - A Perspective of Modern Code Review,2020,
software engineering expert code review teaching technique,crossref,ok,15792699,10.1007/s10664-024-10550-9,Understanding and effectively mitigating code review anxiety,2024,"AbstractAnxiety about giving and receiving code reviews has been documented as a common occurrence that leads to developers avoiding code reviews by procrastinating and limiting their cognitive engagement with them. This avoidance not only increases anxiety in the long term, but also prevents developers, their teams, and their organizations from accessing the technical and sociocognitive benefits of effective and efficient code reviews. However, software research has not yet empirically examined code review anxiety, and from this, tractable intervention targets and strategies for mitigating code review anxiety. In this study, we present an empirical framework for understanding the factors maintaining and exacerbating code review anxiety. Utilizing a randomized waitlist control trial, we also tested the effectiveness of a novel single-session cognitive-behavioral workshop intervention. Our results show evidence that positive impact can be obtained from a brief intervention and suggest code review anxiety can be successfully mitigated by targeting developers’ cost bias, anxiety self-efficacy, and self-compassion."
