doi,title,year,in_ledger
10.1007/3-540-61327-7_159,A belief net backbone for student modelling,1996,N
10.1037/0000191-012,A study in deliberate practice.,2020,N
10.36315/2026v2end025,EXPLORING TEACHERS’ SELF-EFFICACY FOR INCLUSION THROUGH A TUTOR-AI ASSISTANT: A PRELIMINARY EXPERT VALIDATION STUDY,2026,N
10.23860/diss-2129,The genres of tutor training: Searching for reflective practice,,N
10.4135/9781446278697.n6,Coaching and Feedback,2008,N
10.1123/iscj.2017-0091,Coach-Created Talent Development Motivational Climate in Canoe Slalom in the United Kingdom,2019,N
10.35613/ccl.2025.2064,AI-Assisted Text Analysis for Coaching Evaluation Exploring the Use of a Common AI Tool for Theming Text-Based Datasets,2025,N
10.15760/honors.362,Towards A Philosophy of Expertise: The Novice-Expert Problem And Contemporary Applications,,N
10.2139/ssrn.1745082,The Transformers: Immigration and Tacit Knowledge Development,2011,N
10.1007/978-981-92-0730-5_4,"Practising Wisdom: Wisdom Is Realised in Practice, in History",2026,N
10.1007/s40692-021-00212-w,Language-related episodes and feedback in synchronous voiced-based and asynchronous text-based computer-mediated communications,2022,N
10.1123/iscj.2024-0016,What Do High-Performance Football Coaches Need to Know About the Coach–Athlete Relationship? Implications for Formal Coach Education,2025,N
10.4324/9781003648734-14,Assessment and Feedback,2026,N
10.2307/jj.22730662.12,Noticing of Embodied Resources,2021,N
10.1037/e447192004-001,Systematic observation of instructor behavior.,1956,N
10.4324/9780203646564-24,The evolution of coordination during skill acquisition,2004,N
10.1371/journal.pone.0131419,Group Size Effect on Cooperation in One-Shot Social Dilemmas II: Curvilinear Effect,2015,N
10.3389/fphys.2026.1793747,Differences in visual search behavior between expert and novice individual sports athletes: a systematic review with meta-analysis,2026,N
10.31483/r-167651,"Cognitive behavioral coaching: theoretical foundations, methodology and effectiveness",2026,N
10.4324/9781410617071-11,Domain Knowledge for Problem Solving and for Tutoring,2006,N
10.1080/17408989.2025.2562570,"The coach as cultural architect: an exploration into the knowledge, skills and behaviours of elite rugby union coaches",2025,N
10.7287/peerj.preprints.1157v1/supp-6,,,N
10.1787/888934075374,Figure 4.3. Less-skilled Slovak adults participate less in adult learning than higher-skilled adults,,N
10.47191/ijsshr/v4-i4-31,TEACHERS’ PERCEPTION OF THE IMPACT OF INSTRUCTIONAL STRATEGIES ON CHILDREN WITH READING DIFFICULTY IN GHANA,2021,N
10.1037/e566962012-069,What Makes Distributed Practice Effective?,2009,N
10.4324/9781003160939-2,Foundations and Evolution of Coach Development,2024,N
10.4324/9780203012505-5,A Contrast of Novice and Expert Competence in Maths Lessons,2005,N
10.20944/preprints202212.0369.v1,Behaviour Coding Approach for Assessing Pitfalls in a Questionnaire Instrument towards assessing healthcare security Practice,2022,N
10.1080/14626269209408318,Cognitive modelling,1992,N
10.1016/j.endeavour.2008.04.005,Amateur versus professional: the search for Bigfoot,2008,N
10.1167/12.9.977,Behavioral and Neural Markers of Perceptual Expertise with Faces and Chess,2012,N
10.2307/jj.33610769.17,CHESS AND CHANCE,2026,N
10.1007/978-3-319-32958-1_7,"Parrhēsia, Artisans and the Possibilities for Deliberate Practice",2016,N
10.1108/979-8-88730-452-620251005,"Developing Faculty as Self-Directed Learners Through Cognitive
                                Coaching",2023,N
10.1080/14626269709408378,Modelling Problem-solving for an Educational System,1997,N
10.22251/jlcci.2025.25.11.411,"The relationship among pre-service early childhood teacher’s play expertise, AI literacy, and AI-enabled play support competence",2025,N
10.1163/1570068054922786,Teaching inside-out: On teaching Islam,2005,N
10.1016/j.neuroscience.2015.11.064,Expert–novice differences in brain function of field hockey players,2016,N
10.2307/jj.19307125.11,The Flexibility of Apprenticeship,2025,N
10.1371/journal.pone.0118688,Correction: The Effectiveness of Teleglaucoma versus In-Patient Examination for Glaucoma Screening: A Systematic Review and Meta-Analysis,2015,N
10.3102/1689057,Analyzing Student-Teacher Discourse Prompted by a Real-Time Alerting Dashboard for Science Inquiry Practices,2021,N
10.5204/thesis.eprints.261438,Translating Theory to Practice: The Role and Impact of a Skill Acquisition Specialist in Supporting Coaches' Learning Environment Design,,N
10.4324/9781410617071-19,Plans and Planning in the CIRCSIM-Tutor Project,2006,N
10.22251/jlcci.2023.23.12.215,Mediating Effect of Self-acceptance on the Relationship between Parents' Psychological Control and Career Decision Level in college students,2023,N
10.7717/peerjcs.1149/fig-11,Figure 11: Schematic representation of the model.,,N
10.1211/pj.2013.11118807,Dedicated tutor support aids learning in clinical practice,2013,N
10.1167/14.12.16,Interindividual differences in preferred directions of perceptual and motor decisions,2014,N
10.3102/2006260,Induction Coach Match Characteristics Relationship With Novice Teacher Perceived and Actual Retention,2023,N
10.4324/9780203983430-6,Teacher expertise in the primary modern foreign languages classroom,2005,N
10.1542/9781610027151-ch23,Genitourinary Services,2023,N
10.5040/9798881821104.ch-1,Elite Leadership,2022,N
10.1080/21640629.2017.1361168,The coaching process of the expert coach: a coach led approach,2017,N
10.51420/conf.2023.10,"Investigating How Computer Science Teachers and Instructional Coaches Navigated Remote Professional Development During COVID-19: Implications for Instructional Coaching, Teacher Learning, and Qualitative Inquiry in (Post?)-Pandemic Times",2023,N
10.18177/sym.2016.56.ca.11168,Transform and Electrify Your Teaching: Facilitating Performance of Electroacoustic Works in the Applied Studio,2016,N
10.1177/00224871231202956,Preparing the Expert Novice: Preservice Teacher Thinking and Efficacy in Inquiry Design,2023,N
10.1260/1747-9541.6.1.163,Insights into Experiences: Reflections of an Expert and Novice Coach,2011,N
10.22215/etd/2002-05279,The transfer and transformation of tacit knowledge in new product development : a case study,,N
10.3390/educsci15070932,“Everything Plays a Part Doesn’t It?’’: A Contemporary Model of Lifelong Coach Development in Elite Sport,2025,N
10.5040/9781718218895.ch-065,What Should Coaches Expect From Their Players?,2011,N
10.1108/oxan-db222106,Ending Central Asian water impasse looks more possible,2017,N
10.1123/iscj.2014-0118,Naturalistic Decision Making in High Performance Team Sport Coaching,2015,N
10.1504/ijil.2014.060878,Sharing experienced Baby-Boomers' tacit knowledge: the design of tacit knowledge sense-making-sharing interactions,2014,N
10.14426/jsaa.v4i1.144,Do tutors matter? Assessing the impact of tutors on firstyear academic performance at a South African university,2016,N
10.1177/0022487195046004009,Culturally Responsive Teacher Preparation Evident in Classroom Approaches to Cultural Diversity: A Novice and an Experienced Teacher,1995,N
10.1007/978-3-662-70726-5_3,Basics for Acquiring Tactics and Technique,2025,N
10.4324/9781003426448-4,Advancing Excellence in Teaching,2024,N
10.1108/oxan-db205991,RENAMO impasse puts Mozambique ceasefire at risk,2015,N
10.1016/j.tate.2006.03.010,The telling stories of novice teachers: Constructing teacher knowledge in book clubs,2006,N
10.4135/9781071845417.n8,Building Partnerships in Challenging Times,2021,N
10.15358/9783800675722-147,Eine Woche im Leben eines erfolgreichen Business Coaches,2025,N
10.1515/9780691265896-016,APPENDIX 1 Apprenticeship Registration Records,2025,N
10.5040/9781474212304.ch-005,Other-Repair in Online Intercultural Chat: When Native Speakers Do Correction,,N
10.36665/elp.v9i1.883,TEACHERS’ PERCEPTION ON REFLECTIVE TEACHING PRACTICE IN ENGLISH FOREIGN LANGUAGE (EFL) CLASSROOM: A CASE STUDY OF ENGLISH NOVICE TEACHER,2024,N
10.32907/ro-127-1990577649,leading-a-board-what-makes-an-effective-chair,2021,N
10.1145/2507288.2507312,Tool for generating code metrics for C# source code using abstract syntax tree technique,2013,N
10.5628/rpcd.18.02.85,How do coaches from individual sports engage the interplay between longand short-term planning? A study with five coaches from four different sports,2018,N
10.1093/gmo/9781561592630.article.27015,Studio der frühen Musik,2001,N
10.22251/jlcci.2025.25.13.639,"The structural relationship among kindergarten teacher’s teaching efficacy, play expertise, and digital play support competency: Mediation effect of teachers’ grit",2025,N
10.1007/978-3-319-32958-1_11,Taking Professional Practice Seriously: Implications for Deliberate Course Design,2016,N
10.19164/gjsscmr.v1i3.1563,Perception of coach leadership style as a predictor of team cohesion in elite women’s touch rugby,2024,N
10.1037/0000442-001,Introduction and overview of deliberate practice and career counseling.,2025,N
10.1017/9781108552905.005,The ‘silent apartheid’ as the practitioner’s blind spot,2019,N
10.3102/1432125,Unpacking the Work of Early Childhood Coaches: Who Are They and What Do They Need?,2019,N
10.1163/9789004410497_011,Practical Wisdom and Ethical Action,2019,N
10.32038/frsl.2023.01.10,Prospective methodological considerations in L2 written feedback research,2023,N
10.1007/3-540-61327-7_110,Motivation system and human model for intelligent tutoring,1996,N
10.1167/6.6.278,The timecourse of expert and novice visual object encoding,2010,N
10.1504/ijspm.2019.100999,Individualised modelling of affective data for intelligent tutoring systems: lessons learned,2019,N
10.18848/978-1-61229-804-7/cgp,Moving from Novice to Expert on the Road to Expertise: Developing Expertise in the Visual Domain,2015,N
10.4324/9781003593713-14,Coach supervision with nature,2026,N
10.33989/2075-146x.2020.25.223173,"STUDY COURSE ""TRAINING OF FUTURE TUTORS AND EDUCATORS IN HIGHER VOCATIONAL TEACHER EDUCATION"" AS ONE OF ZASOBIVPROFESIYNOYI OF FUTURE TEACHERS TO ACTIVITIES AS TUTORS AND EDUCATORS",2020,N
10.1109/apsec66846.2025.00061,Chart2Code-MoLA: Efficient Multi-Modal Code Generation via Adaptive Expert Routing,2025,N
10.4324/9781041057833-5,Assessment for learning,2025,N
10.2307/jj.19307125.4,ACKNOWLEDGEMENTS,2025,N
10.1163/9789004619746_003,City of London Chess Club,1962,N
10.1007/0-306-47217-1_2,The Complex Nature and Sources of Teachers’ Pedagogical Knowledge,,N
10.1017/9781316480748.024,Expertise and Expert Performance in Teaching,,N
10.1037/e578882012-013,Tutoring ship handling skills: Intelligent tutor and expert model in a simulation,2010,N
10.1163/9789004410497_019,Skill Acquisition and Clinical Judgement in Nursing Practice,2019,N
10.1007/978-3-642-77681-6_6,Meta-Reasoning and Student Modelling,1992,N
10.31235/osf.io/6zewk,The Effectiveness of Teacher Electronic Feedback in Asynchronous Teaching: A Case Study of Foundation Students at Sultan Qaboos University,2021,N
10.1007/978-3-531-93059-6_17,Coaching fernab der Elite,2011,N
10.4324/9781315443720,Positive Pedagogy for Sport Coaching,2016,N
10.3233/978-1-60750-062-9-279,Disburdening Tutors in E-Learning Environments via Web 2.0 Techniques,2009,N
10.1007/978-94-6300-313-1_6,Studying the Activity of Two French Chemistry Teachers to Infer their Pedagogical Content Knowledge and their Pedagogical Knowledge,2015,N
10.2478/ndm-2014-0001,Primed for intuition?,2014,N
10.1163/9789004410497_022,Wisdom and Ethico-Legal Practice,2019,N
10.4324/9780429433092-9,Revisiting the novice ESL teachers’ mentoring programme,2019,N
10.1109/gcce56475.2022.10014172,Detecting Dialogue Breakdowns using Nonverbal Information in Text-based Dialogue System,2022,N
10.1097/01253086-199620010-00021,Skill Differences in Novice and Expert Clinicians in Neurologic Physical Therapy,1996,N
10.1080/2159676x.2022.2048060,Exploring parent and coach relationships in youth sport: A qualitative study,2022,N
10.1145/3540250.3549115,CORMS: a GitHub and Gerrit based hybrid code reviewer recommendation approach for modern code review,2022,N
10.4324/9781410617071-12,Planning for Tutoring: What Is the Task to Be Accomplished?,2006,N
10.4324/9781315102450-2,Athlete-centred coaching,2017,N
10.1017/cbo9781139015684.008,Judgment and decision making in adolescents,2011,N
10.24124/2000/bpgub114,An adolescent student with fetal alcohol effect and learning disabilities:  Tutoring in written language.,,N
10.16910/jemr.15.2.5,Investigating visual expertise in sculpture: A methodological approach using eye tracking,2022,N
10.4324/9780203876350-10,Coaching Model Functions and Characteristics,2013,N
10.1080/13450600500105502,Teacher pedagogical constructions: a reconfiguration of pedagogical content knowledge,2005,N
10.1371/journal.pone.0162226,The Effectiveness of Cognitive Bias Modification Interventions for Substance Addictions: A Meta-Analysis,2016,N
10.4324/9780429354700-44,N.A.I.L. Freedom,2020,N
10.1123/jsep.2021-0121,A Perception–Action Assessment of the Functionality of Peripheral Vision in Expert and Novice Australian Footballers,2022,N
10.32038/ltrq.2026.54.07,A Systematic Review of Written Corrective Feedback and Dynamic Written Corrective Feedback Research in ESL/EFL Contexts,2026,N
10.2307/1511219,The Effectiveness of One-to-One Tutoring by Community Tutors for at-Risk Beginning Readers,1997,N
10.4324/9781003360254-21,Embedding formative feedback through differentiated instruction using Microsoft OneNote Class Notebooks,2025,N
10.1037/0000227-002,Instructions for the emotion-focused therapy deliberate practice exercises.,2021,N
10.2307/jj.19307125.30,Back Matter,2025,N
10.4324/9780203646564-19,A life-span model of the acquisition and retention of expert perceptual-motor performance,2004,N
10.4324/9781003041689-3,In the studio,2025,N
10.7717/peerj.14893/table-8,"Table 8: Comparison of
                      <i>ACE</i>
                      and
                      <i>ACTN3</i>
                      genotypes athletic performances between elite and sub-elite football players.",,N
10.4324/9781003041443-6,Reciprocal Coaching (Peer Coaching),2021,N
10.1108/oxan-db221340,Summit moves China's OBOR towards internationalisation,2017,N
10.1371/journal.pone.0287650,Effectiveness of aerobic exercise in the prevention and treatment of postpartum depression: Meta-analysis and network meta-analysis,2023,N
10.1093/anb/9780198606697.article.1900247,"Yost, Fielding Harris (1871-1946), college football coach and athletic director",2000,N
10.31579/2639-4162/25,"Polypharmacy: volume or value, quantity or quality? The high quantity originates low quality. There is no adequate and valuable polypharmacy",2020,N
10.1519/jsc.0000000000001717,"Elite Youth Soccer Players' Physiological Responses, Time-Motion Characteristics, and Game Performance in 4 vs. 4 Small-Sided Games: The Influence of Coach Feedback",2017,N
10.1108/oxan-db243347,Modest US reparations moves may come,2019,N
10.52843/cassyni.ng5jh2,"Tacit Knowledge, Audit Quality, and Talent Identification",2024,N
10.1002/9781118089965,From Therapist to Coach,2011,N
10.4324/9781315469577-18,‘Honest politics’: A biographical perspective on economic expertise as a political style Jonne Harmsma,2016,N
10.1108/oxan-es230338,Egypt moves towards stricter online controls,2018,N
10.1145/3474624.3474626,SMartyPerspective: a perspective-based inspection technique for software product lines,2021,N
10.1201/9781315597584-1,Orientation,,N
10.34074/thes.6401,Echoes of wisdom - Regenerative practice as professional practice,,N
10.2139/ssrn.6071248,Designing Human AI Co-Tutoring Systems for Public Speaking Skill Acquisition,2026,Y
10.22251/jlcci.2022.22.12.411,A Validation of Process-based Assessement Scale for Middle School Teachers' Expertise,2022,N
10.1177/1747954118808081,The implementation of performance analysis and feedback within Olympic sport: The performance analyst's perspective,2018,N
10.1123/iscj.2023-0079,"Practice Design and Coaching to Support Learning in Elite Youth Soccer Players: Recommendations From International Coaches, Coach Educators, and Researchers",2025,N
10.3102/ip.22.1887220,Expert Teacher Knowledge Domains and Adaptive Expertise in the Online EFL Teaching Space During COVID-19,2022,N
10.1007/s11613-021-00730-7,Der innerpsychische Konflikt Individuation vs. Abhängigkeit im Coaching: Zentrale Ergebnisse einer qualitativen Studie zur Praxis erfahrener Coaches,2021,N
10.22329/jtl.v20i3.11388,The Applied Studio Model in Higher Music Education: Critical Perspectives and Opportunities,2026,N
10.3102/1683721,Teacher Noticing and Leveraging of Student Thinking in Science Lessons and Debriefs of Classroom Videos,2021,N
10.4324/9780203016497-8,Coaching skills and supporting learners: Generic skills for one-to-one work,2013,N
10.1093/ww/9780199540884.013.u14833,"Elliot, Virginia Helen Antoinette, (born 1 Feb. 1955), trainer of National Hunt jockeys and horses; former equestrian event rider; Eventing High Performance Coach, Horse Sport Ireland, 2008–13",2007,N
10.1515/9781531513122-014,11. Chess and Chance,2026,N
10.21125/iceri.2019.1507,CAPTURING STUDENT TEACHERS’ TECHNOLOGICAL PEDAGOGICAL AND CONTENT KNOWLEDGE: USING A PEDAGOGICAL TOOL CALLED TECHNOLOGY CONTENT REPRESENTATION AND VIDEO REFLECTION,2019,N
10.1145/2591062.2591200,Characteristics of the vulnerable code changes identified through peer code review,2014,N
10.1901/jaba.1975.8-475,DIGITEK CODING AND COMPUTER ANALYSIS OF BEHAVIOR OBSERVATION DATA,1975,N
10.1016/0742-051x(91)90039-r,The stories of expert and novice student teachers' supervisors: Perspectives on professional development,1991,N
10.1504/ijtlid.2013.060864,Using the tacit dimension of knowledge in creating knowledge for innovation: implications for tacit knowledge communication,2013,N
10.1007/s10826-021-02160-6,Reliability and Validity of Behavior Observation Coding Systems in Child Maltreatment Risk Evaluation: A Systematic Review,2021,N
10.7717/peerjcs.1563/fig-1,Figure 1: Schematic of the model.,,N
10.5790/hongkong/9789622098671.003.0007,A Generic Framework for the Training of e-Learning Tutors,2007,N
10.2196/preprints.97005,Human-Factors Evaluation of a Wearable Phototherapy System in Zero-Separation Neonatal Care: Single-Site Observational Usability Study (Preprint),2026,N
10.19109/8qrwqq35,Teacher’s Asynchronous Written Corrective Feedback in Online Esp Classroom: Students' Perceptions,2025,N
10.5040/9798881821104,Battles in the Trenches,2022,N
10.4324/9780429296482-22,Karate,2020,N
10.33915/etd.6364,An Evaluation of the Effects of Treatment Integrity Errors on Skill Acquisition During Discrete-Trial Instruction,,N
10.1117/12.811098,Radiology image perception and observer performance: How does expertise and clinical information alter interpretation? Stroke detection explored through eye-tracking,2009,N
10.1167/jov.20.11.497,Acquisition of colour categories through perceptual learning: differences between hue and lightness,2020,N
10.4324/9781003277729-17,Ethics in education and the development of coaches,2023,N
10.4324/9781003466079-4,Making learning effective – quantity and quality of pre-service teachers' feedback,2024,N
10.14393/ufu.te.2024.5007,Sistema tutor inteligente baseado em aprendizado de máquina para ensino-aprendizagem de manutenção de software,,N
10.3102/ip.22.1884350,Developing Automated Feedback to Improve Teachers&amp;#39; Formative Assessment of Student Work in Technology-Enhanced Science Curricula (Poster 6),2022,N
10.2106/jbjs.21.01198,"Coaching, Separate from Mentoring, May Provide Skill Acquisition, Improved Well-Being, and Career Advancement in Orthopaedic Surgery",2022,N
10.32597/dissertations/1641,Instructional Strategies Used By Effective Mathematics Teachers In Adventist Elementary Schools In Florida: An MQI Analysis,,N
10.4324/9780429340635-5,Reflective practices in a volunteer community sport coach training programme,2021,N
10.1017/fms.2025.1,The Quantitative Kurosh Problem,2025,N
10.1109/fie.2004.1408540,Using online tutors for learning ~ what do students think?,,N
10.1007/978-3-642-77202-3_14,Issues for Tutoring Knowledge in Foreign Language Intelligent Tutoring Systems,1992,N
10.3389/fpsyg.2022.1001066,Differences in visual search behavior between expert and novice team sports athletes: A systematic review with meta-analysis,2022,N
10.1177/1555343418789831,"Evidence-Based Medicine, Best Practices, Transductive Models, and Naturalistic Decision Making: Commentary on Paul R. Falzer, Naturalistic Decision Making and the Practice of Health Care",2018,N
10.51224/srxiv.305,Understanding the demands of the coach athlete relationship within professional cycling. What does it take to be an elite level director sportif?,2023,N
10.1371/journal.pone.0344339,Retraction: Effectiveness of psychosocial interventions for infertile women: A systematic review and meta-analysis with a focus on a method-critical evaluation,2026,N
10.1007/978-3-7091-7557-6_79,Hypertext for Software Engineering: Automatic Conversion of Source Code and its Documentation into an Integrated Hypertext,1992,N
10.31004/jele.v11i4.2714,The Effectiveness of Pictures Series on Students’ Writing Skill of Procedure Text,2026,N
10.4324/9781003235385-6,Building Grit at Home,2021,N
10.1007/978-94-007-0250-9_4,Professional Knowledge: What Does Knowledge Mean to Novice Professionals?,2010,N
10.4324/9781003235385-7,Creating a Gritty School Culture,2021,N
10.1026/2941-7597/a000079,Talent Development or Talent Loss? Dropout Considerations in Elite Sports           Systems,2026,N
10.1123/att.2.3.16,Role Delineation between the Strength Coach and the Athletic Therapist,1997,N
10.4172/2324-9080.1000277,College Athletes’ Perceptions of Social Support and Athletic Trainer-Coach Conflict,2017,N
10.21276/amit.2026.v13.i2.755,Histogenesis and Gross Morphometric Evaluation of the Human Foetal Liver: A Descriptive Observational Study,2026,N
10.1049/ic:19971217,Quick thinking and naturalistic decision making - the same thing?,1997,N
10.4324/9781410603098-15,Tacit Knowledge and Management,1999,N
10.1016/0957-4174(92)90035-q,"Beyond expert systems—Reasoning, judgment, and wisdom",1992,N
10.4135/9781452219493.n6,Formative Feedback for Learning,2010,N
10.4324/9780203797952-17,Athlete learning,2015,N
10.1037/e602642012-009,Expert tutoring of strategies for reading intelligently,1983,N
10.31274/etd-180810-425,Extensible Problem Specific Tutor (xPST) : Easy authoring of intelligent tutoring systems,,N
10.1177/0022487119892964,Noticing Student Mathematical Thinking Within the Context of Lesson Study,2019,N
10.4324/9781410603098-16,The Role of Tacit Knowledge in Management,1999,N
10.32038/frsl.2023.01.06,Dynamic written corrective feedback: A scoping review,2023,N
10.1371/journal.pone.0166801,Effectiveness and Safety of Interventions for Treating Adults with Displaced Proximal Humeral Fracture: A Network Meta-Analysis and Systematic Review,2016,N
10.53846/goediss-4413,Tutors' Assessments of a Tutee's Understanding in One-on-One Tutoring,,N
10.1108/01437730210429070,The impact of executive coaching and 360 feedback on leadership effectiveness,2002,N
10.17275/per.16.10.3.2,Internet-specific epistemological beliefs and online information searching strategies of pre-service teachers: gender and department differences,2016,N
10.20533/wcsne.2014.0041,Session 11: Pedagogy | Investigating Teachers Knowledge of Kindergarten Instructional Strategies,2014,N
10.3928/19425864-20180821-01,The Athletic Trainer's Role in Prevention of Osteoarthritis and Posttraumatic Osteoarthritis Following Participation in Elite and Non-elite Level Athletic Activities,2019,N
10.1163/9789004410497_018,Practice Wisdom of Expert Inquirers,2019,N
10.4324/9780429322389-4,Emotional intelligence,2020,N
10.1037/0000256-002,Instructions for the cognitive behavioral therapy deliberate practice exercises.,2022,N
10.4324/9781315729886-6,Three sources for tacit knowledge,2014,N
10.1007/978-94-6300-313-1_8,Collaborative Pedagogical Content Knowledge Creation in Heterogeneous Learning Communities,2015,N
10.4135/9781446251577.n14,"Creating a New Coaching Meta-Theory: The Micro-Practices
                    and the Macro-Social of Coaching",2012,N
10.1016/j.physio.2016.10.291,The visiting tutor in practice education: a qualitative exploration of how the visiting tutor views their role,2016,N
10.4324/9780429325977-12,Be the Filter,2020,N
10.3102/1887220,Expert Teacher Knowledge Domains and Adaptive Expertise in the Online EFL Teaching Space During COVID-19,2022,N
10.1002/sce.70073,Exploring the Roles of Content Knowledge and Pedagogical Content Knowledge in Teacher Noticing: An Expert–Novice Comparative Study,2026,N
10.4324/9781003035725-2,Experts and expertise,2022,N
10.1093/acref/9780195301731.013.73144,Grandmaster Flash,2006,N
10.1016/j.acorp.2024.100101,Mitigation in instructor feedback: A register analysis of written and spoken comments,2024,N
10.1371/journal.pone.0155720,The Effectiveness of Mindfulness-Based Interventions in the Perinatal Period: A Systematic Review and Meta-Analysis,2016,N
10.4324/9781138610514-6,Making use of technology in formative assessment and formative feedback,2021,N
10.1093/ww/9780199540884.013.34765,"Short, Nigel David, (born 1 June 1965), professional chess player, commentator, coach and writer",2007,N
10.1080/01421590802146026,Problem-based learning tutors’ conceptions of their development as tutors,2009,N
10.4324/9781003091615-33,What About These Darn Standardized Tests?,2020,N
10.5040/9781474212304.ch-009,Integrating Online Chat in Foreign Language Programs: Suggestions and Resources,,N
10.1075/lllt.14.24mes,17. Expert-novice teacher mentoring in language learning technology,2006,N
10.1002/9781118255780.ch1,Techniques Every Expert Programmer Needs to Know,2010,N
10.31274/rtd-180813-9083,Self-directed learning readiness and learning style preferences of adult learners,,N
10.1080/10632913.2012.626712,A Rediscovered Alliance: Can New Music Performance Teaching Policy Save Music Education? A New Framework for the Music Studio,2012,N
10.1002/j.1556-6676.1990.tb01437.x,Examining Reasoning Skill Differences Between Expert and Novice Counselors,1990,N
10.4324/9780203020074-21,The coach as a reﬂective practitioner,2006,N
10.37473/fic/10.3390/sym13101821,Investigating Human Torso Asymmetries: An Observational Longitudinal Study of Fluctuating and Directional Asymmetry in the Scoliotic Torso,,N
10.3389/fpsyg.2020.01007,"Student Vitality, Teacher Engagement, and Rapport in Studio Music Instruction",2020,Y
10.51223/kosoma.2020.08.14.3.125,"Relationship among Job environment, Grit and Coaching engagement of Elite Taekwondo Instructor",2020,N
10.1037/e616742011-007,Sports psychology can inform coaching and coaching psychology practice: Internal versus external imagery,2010,N
10.5771/9781461732662-i,Preface,2004,N
10.4135/9781446220627.n11,What Next?,2007,N
10.1007/978-3-642-13388-6_5,Social and Caring Tutors,2010,N
10.1108/978-1-80382-677-620221014,Prelims,2022,N
10.4135/9781529775068.n2,Joshua Brindley Discusses Ways to Improve a Problematic Graph,2020,N
10.4324/9780203483466-9,Skill-Focused Coaching with Executives,2004,N
10.5040/9781718206694.ch-009,Coach Education of Professional and Olympic-Level Coaches,2020,N
10.1007/978-94-009-3249-4_5,Multi-Criteria Decision Making in Ill-Structured Situations,1987,N
10.22371/05.1986.011,A Descriptive Correlational Study of the Decision-Making Patterns of Nurse Practitioners in Primary Care,,N
10.1163/9789004410497_007,"Resilience, Self-Management and Agency",2019,N
10.1016/s0891-4222(98)00030-4,Acquisition of incidental information during instruction for a response-chain skill,1999,N
10.5040/9781718206694.ch-007,Coaching Club and Scholastic Sports,2020,N
10.4324/9781003383475-14,Basic Psychology for Coaches in Talent Development and Elite Football,2025,N
10.51202/9783181024171-261,Faster Evacuation from Coaches – What are the Obstacles?,2023,N
10.17077/etd.59urixih,A survey of college math professors' reported instructional strategies in courses in which prospective teachers enroll,,N
10.2139/ssrn.6338900,The Eye of Superreality: How Nature Sees Itself and Stumbles Upon Its Own Blind Spot,2026,N
10.4324/9781315562476-5,"Deliberate Play, Deliberate Practice and Deliberate Preparation",2017,N
10.1007/11774303_5,Authoring Constraint-Based Tutors in ASPIRE,2006,N
10.1037/e672622012-051,Expert coaches views on the training of developing coaches,1995,N
10.1257/rct.14383-2.0,Improving Teachers Equitable Mathematics Instruction Through Integrating Automated Feedback and Coaching: A Randomized Controlled Trial,2024,N
10.4324/9781003157526-9,Performance Analysis—Supporting Coach Feedback,2021,N
10.1093/9780197624753.003.0011,Teaching Trans and Genderqueer Singers in the Applied Studio,2026,N
10.1109/mysec.2014.6985997,A hybrid technique in pre-processing and transformation process for code clone detection,2014,N
10.1007/bf03217254,Connectedness in teaching equivalent algebraic expressions: Novice versus expert teachers,1993,N
10.2139/ssrn.4364908,Replication: Do coaches stick with what barely worked? Evidence of outcome bias in sports,2023,N
10.1007/3-540-45323-7_68,Pragmatic and Grammatical Aspects of the Development of Dialogue Strategies,2000,N
10.5353/th_b3195875,Instructional strategies for children with learning difficulties in the regular secondary classrooms : views of secondary school teachers,,N
10.1080/14739879.2016.1217171,Improving the quality of written feedback using written feedback,2016,N
10.4324/9780429354700-42,"Imagine, Create, Transform",2020,N
10.1891/9780826125996.0001,Moving From an “Expert” to a “Novice” Role,2015,N
10.1167/jov.20.11.1089,Classifying perceptual grouping cues using interindividual differences,2020,N
10.4324/9781003251309-3,Career Development of Elite Coach Developers,2023,N
10.1123/iscj.2014-0149,"Coach Evaluation From Three Perspectives: An Athletic Director, a Coach and a Consultant",2015,N
10.1108/oxan-es289864,China’s monetary moves may signal further fiscal moves,2024,N
10.4018/jcit.418652,Evaluating the Effectiveness of Augmented Reality Applications for Skill Acquisition in Martial Arts Instruction,2026,N
10.17760/d20741532,Multi-object tracking in complex scenes: extending human perception,,N
10.18122/td/1473/boisestate,Determining the Role That Self-Directed Learning Readiness and Internet Self-Efficacy Have on Online Learning Self-Efficacy for the Purpose of Increasing Persistence in Online Courses for Adult Learners,,N
10.2139/ssrn.3857346,De-Coding Hegemony: Exploring the Discourse of a Prosecuting Elite,2021,N
10.1109/ccdc.2008.4597751,Recognition-primed decision model used in naval combat simulation,2008,N
10.4324/9780203125229-7,The Dilemmas of Negotiation,2012,N
10.1007/978-3-030-30915-2_13,The Role of Feedback in Coaching and Technology-Enabled Coaching Processes,2019,N
10.21125/edulearn.2024.2161,FIRST-YEAR PRE-SERVICE TEACHERS' E-FORMATIVE FEEDBACK EXPERIENCES AT A UNIVERSITY DURING EMERGENCY REMOTE LEARNING IN SOUTH AFRICA,2024,N
10.4324/9780429354700-39,Dance Your Heart Out,2020,N
10.1080/00140130701393452,Naturalistic decision-making in expert badminton players,2007,N
10.4018/978-1-6684-7366-5.ch002,R2D2/C3PO Video Conferencing Instructional Strategies and Learning Activities,2024,N
10.3102/1681015,Novice Teachers' Appraisal of Expert Feedback in an Induction Program,2021,N
10.21236/ada226887,Recognition-Primed Decision Strategies,1990,Y
10.1108/oxan-es224797,Cameroon's anglophone impasse could worsen under Biya,2017,N
10.1201/9780429332197-39,An Intelligent Tutoring System and its Pedagogical Strategies,2020,N
10.1163/9789004410497_013,Learning Practice Wisdom from Elders,2019,N
10.4324/9780429354700-46,Symbolic Visualization for Creatives,2020,N
10.1007/springerreference_302238,Cognitive Skill Acquisition,,N
10.1123/tsp.2011-0117,Coach Learning and Coach Education: Portuguese Expert Coaches’ Perspective,2014,N
10.1017/cbo9780511497643.008,The TLA of expert and novice teachers,2007,N
10.1109/icmss.2009.5302016,"Notice of Retraction: Knowledge, Tacit Knowledge and Tacit Knowledge Sharing: Brief Summary of Theoretical Foundation",2009,N
10.2139/ssrn.5320778,AI-Driven Transformation of Code Review and Refactoring in Software Engineering: A Practitioner's Perspective,2025,N
10.1515/9783111002415-006,Chapter 6 Coaching Skill: Providing Feedback,2024,N
10.32920/21696128.v1,I Have Never Felt so Novice: Using Narrative Reflection to Explore the Transition from Expert RN to Novice NP Student,2022,N
10.5040/9798216401834.ch-011,What to Do if. . .,2012,N
10.2139/ssrn.6028016,"Human Expertise as the Multiplier in AI-Assisted Decision Making Evidence on Decision Quality, Error Detection, and When AI Narrows or Widens Expertise Gaps",2026,N
10.1016/j.eswa.2007.03.010,Personalized web-based tutoring system based on fuzzy item response theory,2008,N
10.1108/oxan-db275966,Presidential vote may not break Montenegro’s impasse,2023,N
10.55102/intajuna.v8i2.115,Desain Chatbot Berbasis Artificial Intelligence sebagai Tutor Virtual untuk Pembelajaran Istima' (Mendengarkan) Mandiri.,2024,N
10.1177/0305735698261005,Eye Movements in a Simple Music Reading Task: A Study of Expert and Novice Musicians,1998,N
10.1108/oxan-es249292,South Sudan states impasse risks wider standoff,2019,N
10.5040/9798216400868.ch-7,Qualitative Research Designs,2022,N
10.7554/elife.29815.032,Figure 6. Schematic model summarizing our findings.,,N
10.3390/educsci9030178,How Digital and Oral Peer Feedback Improves High School Students’ Written Argumentation—A Case Study Exploring the Effectiveness of Peer Feedback in Geography,2019,N
10.4324/9780429433092-2,Understanding novice teachers,2019,N
10.1016/j.tate.2020.103276,The role of expert feedback in the development of pre-service teachers’ professional vision of classroom management in an online blended learning environment,2021,N
10.3390/bs13110924,Expertise in Coach Development: The Need for Clarity,2023,N
10.58459/icce.2012.896,The metacognitive development of adult language learners in self-directed settings: A look at a distance learning course,2012,N
10.1016/j.eswa.2018.12.018,A reactive model based on neighborhood consensus for continuous optimization,2019,N
10.1007/s11251-021-09570-5,Noticing and weighing alternatives in the reflection of regular classroom teaching: Evidence of expertise using mobile eye-tracking,2021,N
10.2307/j.ctt1v2xt08.10,The Recognition-Primed Decision Model,,N
10.5353/th_b3195636,One to one cross-age peer tutoring and same-age peer tutoring in English dictation : a comparative study,,N
10.4324/9780429351037-6,Using Project-Based Learning for the Graduate Student-Coach Learning Strength and Conditioning,2019,N
10.21274/ls.2019.11.1.183-192,THE EFFECTIVENESS OF MENTOR COACHING ON PREPARING TEXT-BASED LESSON PLAN BY STUDENT TEACHERS,2019,N
10.1108/978-1-78973-487-420201004,The Outer Coach: The Skills and Behaviours of Great Coaches,2020,N
10.1037/0000256-001,Introduction and overview of deliberate practice and cognitive behavioral therapy.,2022,N
10.1163/2214-448x_eagll_com_00000379,Written versus Spoken Language,,N
10.22251/jlcci.2023.23.10.767,The Effects of Korean Language Level on Cultural Adaptation Stress of Marriage Migrant Women: Focusing on the Mediating Effect of Self-Esteem and the Moderating Effect of Discrimination Experience,2023,N
10.4324/9781003685951-5,"Contracting, boundaries, and ethics for dual-qualified coaches",2026,N
10.18130/v3t727f6j,"Evaluating Two Course Sections for Enhancing Novice Elementary Preservice Teachers' Technological, Pedagogical, and Content Knowledge",,N
10.7821/naer.1.1.27-32,"What does ‘Playing Well’ mean to elite sports coaches?, implicit thinking of elite Spanish soccer coaches",2012,N
10.4324/9780429296482-12,Ice Hockey,2020,N
10.18826/useeabd.579590,Development of Coaches’ Use of Teaching Methods Scale – Athlete Version (CUTEMS – ATHLETE),2019,N
10.4324/9780203646564-6,A historical perspective on skill acquisition,2004,Y
10.1519/0199-610x(1981)003<0034:gcwata>2.3.co;2,Nutrition: Glandular Concentrates: what are they and what do they do for the athlete?,1981,N
10.4324/9781003593713-12,ADHD coaching with nature,2026,N
10.2139/ssrn.5005090,Agile Coach or Creativity Coach? How Scrum Masters and Agile Coaches Foster Creativity-Conducive Spaces in Agile Software Teams,2024,N
10.1007/978-1-137-57196-0_5,Decision Making,2016,N
10.1037/e587382011-001,MoCog1: A Computer Simulation of Recognition-Primed Human Decision Making,1991,N
10.4324/9781003235385-4,"Integrating Grit, Mindsets, and Motivation",2021,N
10.1016/0965-9978(93)90079-9,A brief review of FEM software technique,1993,N
10.1542/9781610027151-appendixes,Appendixes,2023,N
10.4085/1947-380x-6.4.202,Immediate Feedback and Learning In Athletic Training Education,2011,N
10.1163/9789004619746,Invitation Chess Tournament of the City of London Chess Club London 1900,1962,N
10.7551/mitpress/13711.003.0005,The Ascending Spiral of Abstraction: Scientific Origins of the Blind Spot,2024,N
10.1080/02701367.2007.10599420,Mixing Methods in Assessing Coaches' Decision Making,2007,N
10.1007/978-3-642-13437-1_18,Collaborative Lecturing by Human and Computer Tutors,2010,N
10.1163/9789004619746_004,Invitation Tournament,1962,N
10.1177/096100067901100201,The Adult Independent Learning Project: work with adult self-directed learners in public libraries,1979,N
10.14264/uql.2018.687,"Coach as performer: coach emotion, coping, and the coach-athlete-performance relationship",,N
10.5771/9781475865028-i,Preface,2022,N
10.4324/9781315827254-9,Illative Sense and Tacit Knowledge,2018,N
10.15760/etd.1901,A Descriptive Study of Oregon Literacy Tutors in Multnomah County,2000,N
10.1109/cee-secr.2011.6188473,Teaching secure software engineering: Writing secure code,2011,N
10.1007/3-540-47987-2_42,Automatic Problem Generation in Constraint-Based Tutors,2002,N
10.1037/spy0000382,Zooming in on decision making in esports: Exploring the perceptions of expert players and coaches.,2025,N
10.4324/9781315768595,Talk About Writing,2014,N
10.1542/9781610027151-ch27,Integumentary,2023,N
10.4135/9781506341026.n2,"Embrace the Novice
						Mindset",2016,N
10.1260/1747-9541.8.2.327,Coach Leadership Effect on Elite Handball Players' Psychological Empowerment and Organizational Citizenship Behavior,2013,N
10.4324/9780203126424-22,Coach education and coaching practice,2016,N
10.15358/9783800675722-131,SCHRITT SIEBEN: Coaching-Community gründen und beitreten,2025,N
10.14786/flr.v12i2.1417,"Student self-regulated learning in teacher professional vision: Results from combining student self-reports, teacher ratings, and mobile eye tracking in the high school classroom",2024,N
10.1080/13611260220133135,"The Induction Tutor: Mentor, manager or both?",2002,N
10.1177/154193120104500447,Recognition Primed Decision Making in E-Commerce,2001,N
10.4324/9781003427292-2,Serial Winning Coaches (SWC),2023,N
10.24093/awej/mec2.5,The Effectiveness of Teacher Electronic Feedback in Asynchronous Teaching: A Case Study of Foundation Students at Sultan Qaboos University,2021,N
10.1177/0305735689172002,Individual Differences in Perception of Applied Music Teaching Feedback,1989,N
10.4324/9781003390527-7,Coaching Supervision with Clients Using Different Coaching Models/Approaches,2024,N
10.1515/9780691265896-010,8 Outcomes,2025,N
10.7717/peerj.21778/table-4,Table 4: Comparison of snowboard angle and landing position between the elite and novice groups.,,N
10.4324/9780203080443-12,Coach behaviour analysis within elite youth soccer,2013,N
10.4324/9780203126424-16,"Operationalising the model; or, what coaches really do!",2016,N
10.1108/oxan-es242421,Finland elections will not solve policy impasse,2019,N
10.1123/tsp.2025-0035,Planned Disruptions Utilized by an Expert Coach in Elite Sport: A Case Study of Ivica Osim From the Perspective of Assistant Coaches,2026,Y
10.1257/rct.18215-1.0,AI Tutor in the Business Economics Classroom,2026,N
10.54499/2021.05810.bd,,2021,N
10.4018/978-1-59904-768-3.ch007,Infering Emotions and Applying Affective Tactics for a Better Learning,2008,N
10.4324/9780429296482-18,Softball/Baseball,2020,N
10.4324/9780367766924-ress121-0,The Coach-Athlete Relationship in High-Performance Sport: A Behavioural Perspective,2022,N
10.1016/s0965-9978(99)00017-4,Teaching a case study for expert systems construction,1999,N
10.4324/9781315102450-3,An athlete-centred approach to enhance thriving within athletes and coaches,2017,N
10.14742/ajet.299.s130,Surveying In-service Preschool Teachers’ Technological Pedagogical Content Knowledge,,N
10.2307/jj.19307125.6,Introduction,2025,N
10.2196/preprints.16692,User Experiences With a Type 2 Diabetes Coaching App: Qualitative Study (Preprint),2019,N
10.4324/9781315044361-4,LISP Intelligent Tutoring System: Research in Skill Acquisition,2021,Y
10.4324/9780429433832-4,Project Design and Team Dynamics,2021,N
10.1257/rct.8933,Feasibility and effectiveness of an artificial intelligence enhanced application for student wellbeing: pilot trial of the Mind Tutor.,2022,N
10.1371/journal.pone.0215724,Effectiveness of home fire safety interventions. A systematic review and meta-analysis,2019,N
10.32658/10497/30030,Exploring primary science teachers' conceptions and practices of formative assessment and feedback,,N
10.1109/access.2022.3166261,A Parametrized Comparative Analysis of Performance Between Proposed Adaptive and Personalized Tutoring System “Seis Tutor” With Existing Online Tutoring System,2022,N
10.1177/174183051501309s08,Creating the conditions for receptivity of feedback,2015,N
10.4018/ijkbo.2018070102,Expanding Bloom's Two-Sigma Tutoring Theory Using Intelligent Agents,2018,N
10.1177/0741713693043004002,"Self-Directed Learning, Political Clarity, and the Critical Practice of Adult Education",1993,N
10.9734/bpi/mono/978-81-966449-1-8/ch3,Physics Teachers’ Pedagogical Content Knowledge,2023,N
10.1590/1981-5271v47.2-2022-0332.ing,ECG Tutor: a gamified intelligent tutoring system for electrocardiogram teaching,2023,N
10.4324/9781315776675-9,Breadth and Depth of Knowledge in Expert Versus Novice Athletes,2015,N
10.1518/155534309x474488,System Dynamics Modeling of the Time Course of the Recognition-Primed Decision Model,2009,N
10.58809/xttb7099,Curriculum-Based Assessment of a Tutoring Program Adapted from the Parents as Reading Tutors Program,,N
10.1177/174183051601400212,Book Review: Coaching and Mentoring: A Critical Text,2016,N
10.1016/j.eswa.2024.125907,Probabilistic memory-enhanced recognition-primed decision model and its application to pilot decision-making in midair encounters,2025,N
10.4324/9781003041689-7,Final edit,2025,N
10.15755/jfs.2012..21.9,The Long-Term Effectiveness of Written Corrective Feedback in an EFL Writing Class,2012,N
10.1016/j.ssci.2008.10.013,Recognition primed decision making and the organisational response to accidents: Überlingen and the challenges of safety improvement in European air traffic management,2009,N
10.1007/978-981-97-2034-7_21,Analyses of the Audience for Grandmaster of Demonic Cultivation,2024,N
10.31234/osf.io/e6hxv_v1,Samatvam (Equanimity) in Athlete Mental Training: Case Study of An Elite Swimmer,2025,N
10.1177/0255761408099061,Teaching evaluations and comments of pre-service music teachers regarding expert and novice choral conductors,2009,N
10.4018/978-1-59904-501-6.ch004,Testing for Tacit Knowledge,,N
10.7771/2832-9414.1825,"""Challenge Accepted"": Cooperative Tutoring as an Alternative to One-to-One Tutoring",2017,N
10.1002/9781119695417.ch9,Acute Adult Care – Orthopaedic and Trauma Ward,2021,N
10.1007/978-3-642-30950-2_80,A Canonicalizing Model for Building Programming Tutors,2012,N
10.4135/9789351507956.n11,Measuring Corporate Coaching Effectiveness,2014,N
10.1016/j.tate.2014.09.005,"Studying teacher noticing: Examining the relationship among pre-service science teachers' ability to attend, analyze and respond to student thinking",2015,N
10.7554/elife.29087.026,Audio file 4. A song file of tutor Black 45 (the tutor for Yellow 30).,,N
10.1093/acref/9780195301731.013.41502,"Grandmaster Flash, Melle Mel, and the Furious Five",2005,N
10.4324/9781003400141-9,What Do Great Teachers Say When a Student Refuses to Cooperate or Challenges Them?,2023,N
10.2307/jj.22730662.11,Influences on Teacher Noticing,2021,N
10.70760/m7n4lzy1,Music Teaching &amp; Performing Beyond the Studio and Concert Hall,2022,N
10.4324/9781315266343-3,Being the personal coach,2019,N
10.1080/21640629.2013.790167,Performance during performance: using Goffman to understand the behaviours of elite youth football coaches during games,2012,N
10.4324/9780203994986-20,COACHING AND SOCIAL CONTEXT,2005,N
10.1260/174795409789623919,"The Expert-Performance Approach as a Framework for Understanding and Enhancing Coaching Performance, Expertise and Learning",2009,N
10.22251/jlcci.2024.24.20.45,The impact on Play Teaching Efficacy of Early Childhood Teachers' Self-Esteem and Expertise Awareness,2024,N
10.5040/9781474212304.ch-004,Conversational Repair in Online Intercultural Chat: Initiation and Resolution by Self or Other,,N
10.1260/1747-9541.4.1.17,Unfolding the Practical Knowledge of an Expert Strength and Conditioning Coach,2009,N
10.1260/1747-9541.10.2-3.577,How Would You Recognise an Expert Coach if You Saw One?,2015,N
10.1016/j.system.2015.09.004,Managing language errors in real-time: A microanalysis of teacher practices,2015,N
10.4324/9781003051343-16,Athlete-Centred Coaching,2024,N
10.4324/9780429296482-24,A coach’s journey,2020,N
10.5040/9798881821104.ch-2,Motivation at the Highest Level,2022,N
10.4324/9781003089889-42,Manager as coach,2020,N
10.1007/s10857-021-09520-5,An analysis of elementary prospective teachers’ noticing of student pattern generalization strategies in mathematics,2021,N
10.4324/9780429296482-2,"Linking athlete-centred coaching, game-centred approaches and developing thinking players to in-game tactical decision-making",2020,N
10.4135/9781483350417.n4,Using Student Assessment and Feedback to Maximize					Instructional Effectiveness,2009,N
10.7551/mitpress/9780262037600.003.0008,Specialist versus Generalist Decision Making,2018,N
10.7748/cnp2012.03.11.2.3.p7788,The driver is quality not quantity,2012,N
10.13109/9783666401565.123,5. Person und Organisation,2015,N
10.1177/2167479516660037,Quantifying Coach Confirmation,2016,N
10.4324/9780429354700-53,Freedom Within Form,2020,N
10.22251/jlcci.2023.23.23.267,The expertise of early childhood teachers and teacher-child interaction Mediating effect of play support efficacy,2023,N
10.4324/9780203876350-6,Introduction to Coaching Model,2013,N
10.1057/9781137298881_4,What Makes Aid Effective?,2013,N
10.1590/1984-6398202216588,“Aprendendo inglês diferentemente do mesmo jeito”: representações discursivas de coaches de idiomas,2022,N
10.4324/9781315260051-15,Skill checklists,,N
10.1007/978-3-642-57827-4_13,Relying on a Sophisticated Student Model to Derive Dialogue Strategies in an Intelligent Tutoring System,1995,N
10.1109/cie.2002.1186038,A machine learning framework for an expert tutor construction,,N
10.4324/9781003593713-16,Coaching in liminal space,2026,N
10.4324/9780429296482-13,Basketball,2020,N
10.1037/e608902012-119,The Power of Collective Wisdom: Life in a Master Class,2009,N
10.4324/9781410604200-9,"""Outsider:"" Impressions of Naturalistic Decision Making",2001,N
10.1111/j.1467-9280.1994.tb00293.x,Personality and Perceptual Expertise: Individual Differences in Perceptual Identification,1994,N
10.4324/9781315742953-2,"Athlete Development, Athlete Rights and Athlete Welfare: A European Union Perspective",2016,N
10.1007/978-981-92-0730-5_10,Collaboration and Wisdom in Practice,2026,N
10.7717/peerj.4455/table-2,"Table 2: Major fish families (only considering &gt;10 counts ha
                      <sup>−1</sup>
                      in average in one of the size bins).",,N
10.1787/888933315961,"Table 0.4 Engagement, perseverance and self-confidence among low performers in mathematics",,N
10.1037/e430002004-001,Tracking performance as a function of feedback specificity.,1959,N
10.1108/oxan-es285670,Colombia ministerial moves could worry investors,2024,N
10.21236/ada400648,Automated Tutoring Environment for Command (ATEC): Using an Intelligent Tutor to Model Expert Mentor Interactions,2002,N
10.1163/9789004410497_009,Practice Wisdom and the Sociological Imagination,2019,N
10.4135/9781483350417.n3,"Organizing Curricular Goals, Lesson Plans, and					Instructional Delivery",2009,N
10.1007/978-94-6300-313-1_5,Analysing Teachers’ Pedagogical Content Knowledge from the Perspective of the Joint Action Theory in Didactics,2015,N
10.4324/9781351236584-7,Training tutors and tutees,2017,N
10.70177/lingeduca.v4i3.3244,THE EFFICACY OF AI-POWERED TUTORS VS. HUMAN TUTORS IN DEVELOPING EFL ORAL FLUENCY: A COMPARATIVE EXPERIMENTAL STUDY,2025,N
10.4135/9781412986076.n3,A Critical Evaluation of Systematic Self-Observation,2002,N
10.22251/jlcci.2024.24.3.305,Two conflicting logics of higher-level learning recognition,2024,N
10.1002/9781119045144.index,Index,2016,N
10.2307/jj.19307125.7,The Rise and (Partial) Fall of Apprenticeship,2025,N
10.4324/9781410604200-17,"Self-Evaluation, Stress, and Performance: A Model of Decision Making Under Acute Stress",2001,N
10.1007/978-3-662-70726-5_7,Introduction to Game and Exercise Formats in Soccer,2025,N
10.1201/9781315597584-2,The Macrocognition Framework of Naturalistic Decision Making,2017,N
10.15439/2017f536,A case study on machine learning model for code review expert system in software engineering,2017,N
10.1177/07417136241279159,Enhancing Adult Literacy in Morocco: A Quasi-Experimental Analysis of Program Effectiveness and Skill Development,2024,N
10.14744/sigma.2023.00096,Two-stage clustering and routing problem by using FCM and K-means with Genetic Algorithm,2024,N
10.3102/ip.22.1926438,Teacher Noticing: A Meta-Analytic Review of Eye-Tracking Studies,2022,N
10.70163/0036-0252.1159,Student and Tutor Perspectives of Tutoring in a Russian Flagship Program,2012,N
10.1093/ww/9780199540884.013.u34765,"Short, Nigel David, (born 1 June 1965), professional chess player, commentator, coach and writer",2007,N
10.1093/ww/9780199540884.013.u58732,"Braggins, Peter Charles Deverell, (born 10 July 1945), Senior Lecturer, and Professional Tutor for Teach First, Canterbury Christ Church University, 2006–14",2007,N
10.1080/13573322.2011.637550,Exploring biographical learning in elite soccer coaching,2011,Y
10.4337/9781035314812.00018,Group Decision-making Expertise,2023,N
10.2307/jj.5993276.13,Politics,2017,N
10.31261/tapsla.10432,Effects of Adjunct Model of Instruction on EAP Learners’ Reading Comprehension Skill,2022,N
10.4324/9781315146270-21,Transfer of expert visual-perceptual-motor skill in sport,2019,N
10.4324/9780429325977-21,Clarify Your Core,2020,N
10.4324/9781003148784-6,Coach Development in High-Performance Brazilian Football: Continuous Learning in Professional Clubs,2022,N
10.1007/978-1-4419-7707-6_9,Characterizing Expert Teaching in School Mathematics in China – A Prototype of Expertise in Teaching Mathematics,2010,N
10.4324/9780429322389-8,"E-tutor competences, skills and beliefs",2020,N
10.1167/jov.24.10.1501,The influence of expertise and individual differences on psychological embeddings,2024,N
10.1167/8.6.318,Novice and expert performance on a computerized lifeguarding task,2010,N
10.1109/cise.2009.5363001,Teaching Resource Grid System Model Based on Multi-Agent Distributed Expert System,2009,N
10.5040/9798216403265.ch-1,Definition of Mentoring,2021,N
10.1080/0968465970050207,A tutor/teacher job swap,1997,N
10.1037/t48617-000,Para-Coach Athlete Interaction Coding System,2014,N
10.4324/9781003593713-27,Case study 7 – Group coaching,2026,N
10.47583/ijpsrr.2023.v78i01.009,Morphometric Study of Human Cadaveric Lung Fissures with Different Variations: A Descriptive Observational Study from Eastern Odisha,2023,N
10.3389/fcomm.2026.1871070,What makes branded content campaigns effective: a ten-year analysis,2026,N
10.1163/9789004410497_020,Health and Human Service Professionals and Practice Wisdom,2019,N
10.37819/revhuman.v11i5.961,Criterios de evaluación y retroalimentación formativa: perspectivas docentes,2022,N
10.1123/ssj.26.3.365,“An Eye for Talent”: Talent Identification and the “Practical Sense” of Top-Level Soccer Coaches,2009,Y
10.26226/morressier.5cf632c6af72dec2b0554df3,Autistic Traits modulate Social Attention in Dynamic Scenes: An Eye Tracking Study,2019,N
10.1515/9781503605060-010,Chapter 8. Cautionary tales in peer coaching,2020,N
10.1007/978-3-319-10816-2_69,Ontology Based Strategies for Supporting Communication within Social Networks,2014,N
10.1093/ww/9780199540884.013.281679,"Cocker, (Peter) Mark, author, naturalist and tutor",2014,N
10.14711/thesis-b1546039,Improving the quality of software code changes : expert knowledge recovery and tool support,,N
10.1007/3-540-38424-3_12,Identification Tokens — or: Solving The Chess Grandmaster Problem,,N
10.5040/9781474212199.ch-015,The Effectiveness of Anonymous Written Feedback from Peers and the Teacher on Revisions in China,,N
10.26481/umamet.2007029,The role of replication-invariance: two answers concerning the problem of fair division when preferences are single-peaked,2007,N
10.1007/978-1-4757-2510-0_2,Expert Coaches’ Strategies for the Development of Expert Athletes,1996,N
10.7551/mitpress/13711.003.0004,The Surreptitious Substitution: Philosophical Origins of the Blind Spot,2024,N
10.1515/9780691265896-009,7 Enforcing Apprenticeship,2025,N
10.7551/mitpress/4075.003.0019,"Tacit Knowledge, Unarticulated Needs, and Empathic Design in New Product Development",2000,N
10.1007/978-3-642-30950-2_42,Can Soft Computing Techniques Enhance the Error Diagnosis Accuracy for Intelligent Tutors?,2012,N
10.1365/s40896-017-0016-6,Anwendung der Gesprächsanalyse als Feedback-Instrument im Chat-Coaching,2017,N
10.4324/9781003319016-3,The wellbeing coach,2024,N
10.1007/978-1-349-14402-0_15,Quantity Surveying Organisation and Practice,1997,N
10.4324/9781003710882-5,Apprenticeship: An Historical Introduction,2025,N
10.15391/snsv.2025-2.06,Brilliant moves in chess and early grandmaster success: a study of the world's youngest grandmasters,2025,N
10.1016/j.mnl.2016.05.012,Mentoring Through the Leadership Journey: From Novice to Expert,2016,N
10.1109/csse.2008.69,Research on English Reading Teaching Based on Expert System,2008,N
10.1123/iscj.2024-0062,"Erratum. Practice Design and Coaching to Support Learning in Elite Youth Soccer Players: Recommendations From International Coaches, Coach Educators, and Researchers",2024,N
10.1016/j.ecns.2021.10.002,Situational Awareness Differences Between Novice and Expert Nurses: Is There a Correlation With Clinical Judgment?,2022,N
10.1007/978-3-642-77202-3_9,Conceptual Modelling in Error Analysis in Computer-Assisted Language Learning Systems,1992,N
10.1207/s15328015tlm1404_10,Expert-Novice Differences in Memory: A Reformulation,2002,N
10.4324/9780203134252-5,Teaching strategies,2002,N
10.17143/ciaed/xxvciaed.2019.33932,DE TUTOR PARA TUTOR: UMA EXPERIÊNCIA DE FORMAÇÃO,2019,N
10.1016/j.teln.2012.01.004,Successful transition from expert nurse to novice educator?,2012,N
10.18122/td.2318.boisestate,A Proposed Organizational Model to Increase Women Coaches in Elite Alpine Skiing,,N
10.1201/9781315121161-4,What Is Six Sigma?,2017,N
10.4018/978-1-59904-501-6.ch003,Tacit Knowledge Defined,,N
10.4324/9780429296482-14,Netball,2020,N
10.1177/02557614261430489,Studio Music Teachers’ Perceptions Towards Community Music Participation and Its Influence on Their Teaching Approaches,2026,N
10.1108/978-1-80382-677-620221012,How Is Tacit Knowledge Integrated?,2022,N
10.1016/0378-3782(92)90075-r,From fetus to child — An observational and psychoanalytic study,1992,N
10.11606/d.55.2018.tde-20032018-085616,Sistemas Hipermídia para o Ensino: Estendendo as Facilidades para o Tutor e o Estudante,,N
10.1123/iscj.2014-0149a,"Coach Evaluation from Three Perspectives: An Athletic Director, a Coach, and a Consultant",2015,N
10.58459/rptel.2006.131-64,SUPPORTING SELF-DIRECTED LEARNERS AND LEARNING COMMUNITIES WITH SOCIOTECHNICAL ENVIRONMENTS,2006,N
10.1257/rct.8933-1.0,Feasibility and effectiveness of an artificial intelligence enhanced application for student wellbeing: pilot trial of the Mind Tutor.,2022,N
10.4324/9780429296482-11,Touch Rugby,2020,N
10.1007/3-540-44566-8_14,Cognitive Computer Tutors: Solving the Two-Sigma Problem,2001,N
10.4324/9780203850688-20,Physical and movement skill development,2011,N
10.1007/bf00849556,Student modelling in intelligent tutoring systems,1993,N
10.1519/0199-610x(1982)004<0044:tgme>2.3.co;2,Kinesiology Corner: The Good Morning Exercise,1982,N
10.1167/9.8.873,Comparing perceptual learning and perceptual expertise with matched stimuli,2010,N
10.4324/9781138610514-7,Benefits of formative feedback for academic staff,2021,N
10.47155/mamusbbd.1308251,"Kitap İncelemesi ""Repositioning Pedagogical Content Knowledge in Teachers’ Knowledge for Teaching Science""",2023,N
10.1207/s15327108ijap0704_8,A Computer-Based Analysis of Expert and Novice Flight Instructor Preflight Decision Making,1997,N
10.58809/pkiw9054,"Mentoring, Job Satisfaction, and Intent to Stay of Novice Midwestern Hospital Staff Nurses",,N
10.7717/peerj.21585/supp-3,Supplemental Information 3: One-effect-size-per-study sensitivity analyses,,N
10.1201/9780429084225-10,Adult learning and self-directed learners,2021,N
10.1097/00006199-196401330-00034,Methods for reliable longitudinal observation of behavior,1964,N
10.7717/peerj-cs.2699/fig-1,Figure 1: Schematic illustration of the proposed model.,,N
10.4324/9781315437415-15,Identification and Processing of Briefly Glimpsed Visual Scenes,2017,N
10.1007/978-1-137-51494-3_4,What Makes Leaders Effective?,2011,N
10.37514/per-b.2021.1299.2.10,Sustaining WEC through Peer Tutors,2021,N
10.1145/3379156.3391366,The Perception Engineer’s Toolkit for Eye-Tracking data analysis,2020,N
10.5040/9798400695995.ch-002,The World of Chess,2010,N
10.1038/s41409-018-0128-2,Is there expert consensus on expert consensus?,2018,N
10.4324/9781410610515-20,"Motivation, Emotion, and Expert Skill Acquisition",2004,N
10.12794/metadc1833540,"The Digital Tutor, an Educational Technology Marvel: A Futuristic Analysis of a Modern Intelligent Tutoring System Using Soft System Methodology",,N
10.4324/9781003685951-6,Tools and techniques as a dual-qualified coach,2026,N
10.1080/17521882.2016.1186706,"Evidence of competency: exploring coach, coachee and expert evaluations of coaching",2016,N
10.31219/osf.io/jc2vr,Penerapan Coaching Face to Face Oleh Perawat Manager Untuk Mengembangkan Hard Skill dan Soft Skill Perawat,2020,N
10.31979/etd.ym48-e7gx,The Prosody of Uncertainty for Spoken Dialogue Intelligent Tutoring Systems,,N
10.1177/0272989x231166009,A Qualitative Exploration of General Practitioners’ Treatment Decision-Making for Depressive Symptoms,2023,N
10.1016/j.eswa.2005.04.026,Case-based tutoring systems for procedural problem solving on the www,2005,N
10.4324/9781410617071-29,What We Have Learned,2006,N
10.1108/oxan-es273086,Russia's Ukraine annexation moves forward inexorably,2022,N
10.1371/journal.pone.0198730,Clinical effectiveness of family therapeutic interventions in the prevention and treatment of perinatal depression: A systematic review and meta-analysis,2018,N
10.1007/s11613-013-0344-y,Übertragung und Gegenübertragung im Coaching,2013,N
10.30596/jmes.v2i2.7939,ANALISIS TINGKAT KOGNITIF SOAL MATEMATIKA KELAS VIII BERDASARKAN TAKSONOMI BLOOM REVISI,2021,N
10.5040/9798400663338.ch-026,Intervention Level: Coach,2004,N
10.1007/s10664-025-10791-2,Code review as decision-making - building a cognitive model from the questions asked during code review,2026,N
10.4324/9781003593713-9,Outdoors coaching with teams,2026,N
10.4324/9780203383889-37,Writing open-learning materials,2004,N
10.4324/9781003400134-7,What Do Great Teachers Say When a Student is an Attention Seeker?,2024,N
10.5040/9781350961340,Coach Feedback 1,2020,N
10.1108/oxan-es261670,Nicaragua government moves further weaken opposition,2021,N
10.5353/th_b4324109,Understanding written feedback practices as well as teachers' and students' perceptions and attitudes towards written feedback in an ESP context in Hong Kong,,N
10.1007/978-3-319-93197-5_2,Feedback and Affectivity in Intelligent Tutoring Systems,2018,N
10.1093/ww/9780199540884.013.58732,"Braggins, Peter Charles Deverell, (born 10 July 1945), Senior Lecturer, and Professional Tutor for Teach First, Canterbury Christ Church University, 2006–14",2007,N
10.5195/jyd.2008.290,Perceived Effectiveness of Youth-Adult Partnerships on Enhancing Life Skill Development through 4-H,2008,N
10.4135/9781412986076.n1,Introducing Systematic Self-Observation,2002,N
10.4135/9781483300252.n10,Sustaining Coaching and Building Capacity,2013,N
10.1007/978-3-662-70726-5_4,Performance-Determining Factors in Soccer,2025,N
10.1007/978-3-319-46753-5_7,Examining Student Thinking Through Teacher Noticing: Commentary,2017,N
10.5040/9798881821104.0009,About the Authors,2022,N
10.1111/j.1365-2729.2008.00284.x,Cross‐age peer tutors in asynchronous discussion groups: studying the impact of tutors labelling their interventions,2008,N
10.3102/1680520,Match Games: Exploring the Match Between Novice Teachers and Induction Coaches,2021,N
10.1167/12.9.987,A test of the perceptual expertise hypothesis with novel race faces,2012,N
10.2307/jj.22730662.13,Noticing of Verbal Resources,2021,N
10.1002/9781119977032.ch6,Managers and Coaches,2011,N
10.1109/icse-seet52601.2021.00011,"Assessing the Students' Understanding and their Mistakes in Code Review Checklists: An Experience Report of 1,791 Code Review Checklist Questions from 394 Students",2021,N
10.1257/rct.13801,In-person Wage Premium: Evidence from Tutors,2024,N
10.4135/9781071863534,Grit,2021,N
10.1167/10.7.713,What are the differences between comparing visual working memory representations with perceptual inputs and comparing two perceptual representations?,2010,N
10.1007/s11613-020-00648-6,Die Führungskraft als Coach aus Mitarbeitersicht – Eine qualitative Studie,2020,N
10.4324/9781003569916-5,Modern concept of organizational wisdom,2025,N
10.1542/9781610027151-ch15,Concussion,2023,N
10.1080/10632913.1993.9936928,Novice and Expert Differences in Art Teaching: The Effects of Knowledge and Experience,1993,N
10.37420/j.cer.2024.024,Practical Teaching Design of Effective Self-directed Learning in Adult Learners,2024,N
10.1108/oxan-es261511,Venezuelan election moves may advance dialogue,2021,N
10.5040/9798216429159.ch_002,Music Therapy Studio,2021,N
10.1109/fg.2011.5771430,Automated facial affect analysis for one-on-one tutoring applications,2011,N
10.1177/21582440261492809,"Interaction Effects of Feedback Explicitness, Target Structure Complexity, and Learner Proficiency on Written Corrective Feedback Effectiveness",2026,N
10.53761/1.12.2.2,Measuring Self-Directed Learning: A Diagnostic Tool for Adult Learners,2015,Y
10.5040/9798216546368.ch05,Coaching Techniques,2018,N
10.1007/s11613-022-00772-5,Warum beteiligen sich Coaches an Coaching-Forschung – und warum eigentlich nicht?,2022,N
10.4324/9780367198459-reprw262-0,Deliberate Practice,2025,N
10.1123/iscj.2018-0009,Coach and Biomechanist Experiential Knowledge of Maximum Velocity Sprinting Technique,2019,N
10.1007/978-3-662-49483-7_15,Feedback for Performance Development,2018,N
10.21203/rs.3.rs-5728238/v1,ChatGPT-4 Prompt: A Tool to Enhance Novice Radiologists' Diagnostic Capabilities in Cystic Renal Masses to Expert-Level Accuracy,2025,N
10.1007/978-981-19-0634-3_2,Teaching Music: Old Traditions and New Approaches,2022,N
10.2139/ssrn.926047,What Distinguishes a Serial Entrepreneur?,2006,N
10.1108/oxan-db231748,Cameroon's anglophone impasse likely to persist,2018,N
10.4018/978-1-7998-2245-5.ch009,Achieving Bloom's Two-Sigma Goal Using Intelligent Tutoring Systems,2020,N
10.35159/kjss.2023.08.32.4.517,The Good Coach and the Bad Coach in the Eyes of Elite Sports Athletes,2023,N
10.2307/jj.26931936.9,Language learning and teaching in written asynchronous environments,2015,N
10.1002/9781119045144,Training and Coaching the Paralympic Athlete,2016,N
10.24234/miopap.v11i2.32,INTEGRATION OF THE SCIENTIFIC METHOD IN CHESS TEACHING,2024,N
10.1016/s0957-4174(98)00034-7,Explicit schematic information in knowledge representation and acquisition,1998,N
10.5465/ambpp.2017.12750abstract,That’s Familiar! Testing a Theory of Recognition Primed Decision-Making in Global Work Performance,2017,N
10.4324/9781315086545-5,"Intelligent Tutoring Systems for Continuous, Embedded Assessment",2017,N
10.1093/oso/9780198863021.003.0003,Perceptual Expertise and Perceptual Modularity,2020,N
10.1109/cbmsys.1989.47365,Automated medical student-a computational model of skill acquisition and expert performance,,N
10.2196/preprints.49747,"Anonymous, Chat-based Peer Support Reduces Loneliness in Older Adults (Preprint)",2023,N
10.4324/9780429354700-16,"Relaxed, Determined, Forward",2020,N
10.1016/j.eswa.2024.125542,A user-generated content-based social network large-scale group decision-making approach in healthcare service: Case study of general practitioners selection in UK,2025,N
10.1007/1-4020-3075-4_14,Evaluating Dialogue Strategies in Multimodal Dialogue Systems,2005,N
10.4324/9781003091615,Study Guide: What Great Teachers Do Differently,2020,N
10.1007/978-3-642-77575-8_8,Knowledge Acquisition for Intelligent Tutoring Systems,1992,N
10.1260/1747-9541.10.2-3.425,Accelerating Skill Acquisition in Rowing Using Self-Based Observational Learning and Expert Modelling during Performance,2015,N
10.4324/9781315174242-8,Tutoring Over a Whole Year,2018,N
10.1080/10494820.2021.1891941,Time-driven modeling of student self-regulated learning in network-based tutors,2021,N
10.1080/00193089.1970.10532978,Video Tape for Preparing the Novice Instructor,1970,N
10.5353/th_b3196348,Primary mathematics teachers' pedagogical content knowledge of the teaching of quadrilaterals,,N
10.1201/9781315121161,The Excellent Education System,2017,N
10.4324/9780203012505-12,A Contrast of Novice and Expert Competence in Maths Lessons,2005,N
10.1108/oxan-db258134,Somalia faces another electoral impasse,2020,N
10.2307/jj.19307125.29,INDEX,2025,N
10.4324/9781003400141,What Do Great Teachers Say?,2023,N
10.1007/3-540-47987-2_53,SIMPA: A Training Platform in Work Station Including Computing Tutors,2002,N
10.4324/9780429431746-3,What outcomes can we expect from coaching?,2020,N
10.1080/17521882.2022.2128386,Is technostress stressing coaches out? The relevance of technostress to coaches’ emotional exhaustion and coaches’ perception of coaching success,2022,N
10.4324/9780429296482-15,Football (NFL/CFL),2020,N
10.15760/etd.2282,Development of an Observation Instrument to Assess Behavior,2000,N
10.1007/3-540-68716-5_2,Teaching Expertise and Learning Environments,1998,N
10.4324/9781003320104-3,What always works in good facilitation?,2023,N
10.1057/9780230509436_7,Person-centred coaching: Facilitating the coachee,2005,N
10.1016/j.sbspro.2012.02.010,How do tutors deliver instruction in the desktop videoconferencing environment? Tutoring practice analysis: Trainee tutors and experienced teachers,2012,N
10.1167/5.8.537,Neural bases of perceptual expertise in radiologists,2010,N
10.22251/jlcci.2022.22.7.53,The Impact on Teaching Competency of the Prospective Young Children Teachers' Self-Esteem: Focused on the Mediated Effect of Expertise Awareness,2022,N
10.7176/ikm/11-3-01,Unpacking Technological Pedagogical Content Knowledge Level of Religious and Moral Education Teachers,2021,N
10.2139/ssrn.5386816,"The Inconclusive Effectiveness of Indirect, Coded and Direct Written Corrective Feedback on EFL Student Writing",2025,N
10.1007/s11613-023-00849-9,Digitale Feedback-Trends im Coaching und zur Selbststeuerung richtig einsetzen,2023,N
10.4324/9781315727080-20,Two systems of judgment and decision making?,2015,N
10.5040/9798216188414.0006,UNM Library Instruction Tutor Program Documents,2000,N
10.4324/9781410617071-16,How Effective Are Human Tutors?,2006,N
10.2139/ssrn.5292030,Can AI understand Tacit Knowledge? Making sense of tacit knowledge,2025,N
10.4324/9781315102450-19,athlete-centred coaching,2017,N
10.22202/tus.2020.v6i2.4388,THE EFFECTIVENESS OF PEER TUTORING IN TEACHING SPEAKING,2020,N
10.2991/icaicte.2013.96,An I-POMDP Based Multi-Agent Architecture for Dialogue Tutoring,2013,N
10.4324/9781003685951-4,Becoming a dual-qualified coach,2026,N
10.1007/978-3-031-46019-7_2,Instructions for the Deliberate Practice Exercises,2023,N
10.1371/journal.pone.0060395,Flycatchers Copy Conspecifics in Nest-Site Selection but Neither Personal Experience nor Frequency of Tutors Have an Effect,2013,N
10.22251/jlcci.2021.21.20.707,An Having an Effect of Public Kindergarten Teacher Recognizing Teacher Expertise on Teaching Flow as Mediating Teacher Efficacy,2021,N
10.4324/9781003232322,Sport Coach Learning and Professional Development,2024,N
10.1080/21640629.2021.1944527,“It’s all about knowing the young person”: Best practice in coaching autistic athletes,2021,N
10.1016/s1042-8143(05)80007-x,Knowledge acquisition from natural language for expert systems based on classification problem-solving methods,1990,N
10.1108/978-1-78973-907-720211014,Giving and Receiving Feedback: Coaching Style,2021,N
10.1515/9783110743395-003,Chapter 2 A Model of Balanced Leadership from an Islamic Perspective: What Makes a Balanced and Effective Muslim Leader,2023,N
10.5040/9798881821104.ch-3,Organization for Success,2022,N
10.5040/9781350031937.pt-002,Developing Expertise as a Primary Classroom Teacher,,N
10.1163/9789004342477,"Gerard of Abbeville, Secular Master, on Knowledge, Wisdom and Contemplation (2 vols)",2017,N
10.5296/ije.v1i1.190,Beyond Skill Instruction: Promoting Literacy Acquisition in Kindergarten,2009,N
10.1123/kr.2025-0026,Coach Learning and Positive Youth Development: Implications for Coach Developers,2026,N
10.17485/ijst/v19i30.1058,BDEN: Big Data-Driven Intelligent Tutoring Systems for Personalized Learning Analytics,2026,N
10.4324/9780429296482-19,Cricket,2020,N
10.12785/ijbmte/030204,Assessment Preferences of Saudi Undergraduate EFL Students: Formative Feedback through Summative Lecture-Based Assessment,2015,N
10.22251/jlcci.2023.23.24.401,"The Impact of Early Childood Teachers’ Grit, Emotional Labor, and Teacher Expertise on Play Support Capabilities",2023,N
10.1163/9789004505452_006,The Development of Preservice Chemistry Teachers’ Pedagogical Content Knowledge,2021,N
10.21203/rs.3.rs-10462363/v1,"Coaching Style and Athlete Performance: The Mediating Roles of Coach–Athlete Relationship, Motivation, and Training Load–Recovery Management",2026,N
10.7765/9781526164759.00008,Authorship versus influence,2022,N
10.4324/9780203876350-13,How the Performance Coaching Model Evolved,2013,N
10.1108/978-1-80382-677-620221004,What Is Tacit Knowledge?,2022,N
10.1016/j.eswa.2024.124153,"A systematic literature review of deep learning-based text summarization: Techniques, input representation, training strategies, mechanisms, datasets, evaluation, and challenges",2024,N
10.4324/9780203016497-7,"An introduction to the skills and the roles: Coaching, mentoring, supervising and personal tutoring",2013,N
10.4324/9781003532927-14,Are information literate learners self-directed learners?,2025,N
10.4324/9781003089889-46,Fifteen tools and techniques for coaches,2020,N
10.47116/apjcri.2020.09.19,The Effect of Active Learning Education Program on Self-directed Learning Readiness and Learning Satisfaction  - Coaching Foundation for Adult Learners -,2022,N
10.4324/9781003237617,Ready-to-Use Resources for Grit in the Classroom,2022,N
10.21203/rs.3.rs-10316753/v1,"Integrating Runner, Practitioner and Coach Insights to inform Digital Running- Related Injury Prevention and Management: A Multi-Phase Qualitative Study",2026,N
10.7717/peerj.8601/fig-1,Figure 1: The schematic diagram of model (2).,,N
10.5703/1288284317595,Teachers' Instructional Strategies in Integrated STEM Education,2023,N
10.4324/9781315187228-10,Coaches’ decision-making,2020,N
10.1201/9781420040906-5,Consensus and aggregating expert opinions,2001,N
10.4324/9781315472256-25,Advice for Supervisors: Integrating Deliberate Practice into Supervision,2016,N
10.4324/9780203134252-6,Assessment,2002,N
10.1093/oso/9780195138849.003.0017,Systematic Research in Studio Instruction in Music,2004,N
10.1177/17479541251388881,Impact of traditional and game-based teaching methods on skill acquisition and psychological responses of young adult beginner tennis players,2025,N
10.3844/jcssp.2015.915.927,Instructional Methods to Computer Science Education as Investigated by Computer Science Teachers,2015,N
10.1007/978-3-540-30139-4_37,Advantages of Spoken Language Interaction in Dialogue-Based Intelligent Tutoring Systems,2004,N
10.3389/fspor.2022.962690,Re-visiting systematic observation: A pedagogical tool to support coach learning and development,2022,N
10.1007/978-1-4684-6350-7_10,Socializing the Intelligent Tutor: Bringing Empathy to Computer Tutors,1988,N
10.1017/cbo9781139015684.007,Judgment and decision making in young children,2011,N
10.71284/asc.2025116,THE EFFECTIVENESS OF DUOLINGO IN IMPROVING STUDENTS’ LISTENING SKILL,2025,N
10.1080/10413200.2019.1609620,A Systematic Observation of Coach Leadership Behaviors in Youth Sport,2019,N
10.1108/oxan-es213809,Corruption moves may backfire in Brazil,2016,N
10.4324/9781003038061-4,A person-centred approach to coaching supervision,2020,N
10.1080/13611260902860125,Being an expert mathematics online tutor: what does expertise entail?,2009,N
10.4135/9781446213582.n2,Coaching for Performance,2007,N
10.2139/ssrn.3825100,From Words to Actions: The Impact of Specificity and Causality in Narrative Feedback on Employee Performance Improvement,2021,N
10.25236/ijnde.2023.052511,The Effectiveness of Automated Written Corrective Feedback on L2 Learners’ Revision Outcomes: A Case for ChatGPT,2023,N
10.4324/9781410604200,Linking Expertise and Naturalistic Decision Making,2001,N
10.5040/9798400670435.ch-004,Tacit Knowledge,2004,N
10.1007/3-540-61327-7_109,A model of tutoring: Based on the behavior of effective human tutors,1996,N
10.17507/jltr.1601.21,"Empowering Adult EFL Learners: A Self-Directed, Process-Oriented Writing Program",2025,N
10.1037/0000322-002,Instructions for the dialectical behavior therapy deliberate practice exercises.,2023,N
10.1037/e527312012-782,What Makes Distributed Practice Effective?,2008,N
10.17586/2226-1494-2019-19-4-704-713,Pattern recognition in expert decision-making systems,2019,N
10.3390/app15073871,The Role of Gaze Behavior in Basketball Shooting Performance: A Systematic Review and Meta-Analysis of Elite and Near-Elite Players,2025,N
10.1007/978-3-319-66327-2_3,"Competences of Mathematics Teachers in Diagnosing Teaching Situations and Offering Feedback to Students: Specificity, Consistency and Reification of Pedagogical and Mathematical Discourses",2017,N
10.5772/7070,NALUPES – Natural Language Understanding and Processing Expert System,2010,N
10.1016/s0191-8869(98)00058-0,"Personality, psychological states and heart rate in novice and expert parachutists",1998,N
10.1201/9781003566007,Decision Making Under Pressure,2026,N
10.1123/jsp.9.4.326,Expert-Novice Differences in an Applied Selective Attention Task,1987,N
10.4135/9781483328782.n1,Why We Need Self-Directed Learners,2004,N
10.3389/fspor.2026.1733815,Biomechanical differences between novice and experienced runners: a systematic review,2026,N
10.4135/9781483300252.n9,Connecting Coaching Skills to Practice,2013,N
10.1007/978-3-540-87391-4_82,Dialogue Based Text Editing,,N
10.1542/pcco_book013_document003,Hospital Consultations: Expert Evaluations—Expert Coding!,2004,N
10.1167/jov.23.9.5191,Perceptual span can explain stimulus-specific cultural differences in visual search,2023,N
10.1080/02680513.2020.1752165,Sharing good practice and encouraging community cohesion online: a programme of tutor-led online events for Open University tutors,2020,N
10.7551/mitpress/12248.003.0003,Risk Sciences: Expertise for Decision-Making and Dispute,2020,N
10.1542/pcco_book002_document004,Coding Basics: Observation Codes,2001,N
10.17509/ije.v13i1.24715,Development and Validation of Teachers’ Practices on Formative Assessment Scale (TPFAS): A Measure Using Feedback Loop Model,2020,N
10.3102/1884705,Successful Partnerships Between Literacy Coaches and Novice K–2 Teachers: A Case Study (Poster 17),2022,N
10.4324/9780429433832-10,The Road to HR Excellence,2021,N
10.1080/0305569960220202,"Effects of Tutor‐Tutee Intimacy, Tutoring Conditions and Tutor Background on College Student Tutor Satisfaction",1996,N
10.4324/9780429296482-4,Developing thinking players,2020,N
10.1108/oxan-es287176,Rabat moves with reducing subsidies,2024,N
10.1093/oso/9780190945305.003.0010,Teaching Applied Music,2020,N
10.4135/9781446251577.n10,The Managerial Discourse: Coaching the Role Self,2012,N
10.1007/springerreference_301929,Tacit Knowledge,,N
10.1080/14613808.2017.1409204,Enhancing learning and teaching in the tertiary music studio through reflection and collaboration,2017,N
10.1177/0255761413508065,The differences between novice and expert group-piano teaching strategies: A case study and comparison of beginning group piano classes,2013,N
10.4324/9780203020074-12,Coaching as an educational relationship,2006,N
10.1145/3603955.3603979,Behaviour coding approach for assessing pitfalls in a questionnaire instrument towards assessing healthcare security practice,2023,N
10.4324/9781003089889-25,Gestalt coaching,2020,N
10.32628/ijsrset25122204,Beyond the Blackboard: AI-Driven Virtual Tutors and the Evolution of Digital Learning,2025,N
10.7190/shu-thesis-00281,Clinical Decision-Making by Acute Medicine Advanced Nurse Practitioners,,N
10.24908/pceea.2023.17075,Characterizing Computer Aided Design Mastery: What differences exist between expert and novice users?,2024,N
10.4135/9781071845417.n7,Coach for Rigor and Engagement,2021,N
10.4324/9781003593713-22,Case study 2 – Pilgrimages,2026,N
10.1365/s40896-019-00031-y,Digitales Coaching – mehr als ein Trend?,2019,N
10.1093/ww/9780199540884.013.u17385,"Golding, (Harold) John, (10 Sept. 1929–9 April 2012), painter; Senior Tutor in the School of Painting, Royal College of Art, 1981–86 (Tutor, 1973)",2007,N
10.5040/9798881833435.ch-006,Possible Ideas for Coaching,2020,N
10.7717/peerjcs.2169/fig-4,Figure 4: Schematic diagram of the model.,,N
10.1037/e510842018-001,A Performance Feedback and Coaching Intervention's Influence on Children's Physical Activity,2018,N
10.22251/jlcci.2016.16.11.731,"A Study on Testing Effect According to Academic Achievement Level: Memory, Competence, Motivation and Emotion",2016,N
10.1519/1533-4295(2007)29[71:cccdyh]2.0.co;2,College Coaches Corner--How Do You Handle Input from Sport Coaches?,2007,N
10.1007/s11251-023-09623-x,Comparing instructional strategies to support student teachers’ learning to prepare an open-minded citizenship education lesson,2023,N
10.4135/9781446251577.n6,Post-Modernity: Coaching Hybridity,2012,N
10.1007/978-3-642-13437-1_62,Real-Time Control of a Remote Virtual Tutor Using Minimal Pen-Gestures,2010,N
10.4324/9781003400622-13,Deliberate Practice Exercises for Basic Skills,2024,N
10.26226/m.6a156a45618420de1a560b59,Deep Learning-Based CT Denoising for Sacral Fragility Fractures: Image Quality versus Trauma-Relevant Diagnostic Accuracy - A Paired Diagnostic Accuracy Study,2026,N
10.4135/9781446251577.n2,A Critical Theory Approach to Coaching,2012,N
10.5220/0014637500004021,Cool or Cold? A Comparative Study of Sympathetic and Apathetic Virtual Tutors,2026,N
10.1108/978-1-80382-677-620221013,Index,2022,N
10.31234/osf.io/6y5xr,Why Grit Requires Perseverance AND Passion to Positively Predict Performance,2018,N
10.1177/174183051100905s08,What is the relationship between coaching interventions and team effectiveness?,2011,N
10.5040/9781472552846.ch-009,Do interactive whiteboards support or reduce creativity in the classroom?,,N
10.4324/9781410617071-10,The Language Used by Tutors and Students,2006,N
10.1007/978-3-030-13012-1_2,Privilege as a Blind Spot to Understanding Struggle,2019,N
10.1080/21640629.2024.2395138,Coach development as assemblage: mobilising assemblage thinking to examine coach learning within an endurance-running coach development intravention,2024,N
10.4324/9780429354700-9,Seeing Is Believing,2020,N
10.1186/s40561-025-00389-y,Adaptive intelligent tutoring systems for STEM education: analysis of the learning impact and effectiveness of personalized feedback,2025,N
10.3233/icg-2001-24410,GRANDMASTER CHESS WITH ONE-SIDED COMPUTER HELP,2001,N
10.1123/jce.6.2.65,Learning to Coach: A Qualitative Case Study of Phillip Fulmer,2013,N
10.1167/18.10.390,Changes in Visual Scanning Strategies Accompany the Acquisition of Perceptual Expertise,2018,N
10.1108/oxan-es263301,China's tutoring crackdown aims to reduce inequality,2021,N
10.33915/etd.6214,"The Effects of Partnership-Based Collaborative Consultation on Treatment Integrity, Increasing Skill Acquisition, and Reducing Problematic Behaviors",,N
10.4324/9781315780955-13,Qualitative versus quantitative outcomes of executive coaching,2015,N
10.4324/9781315511290-8,What We Have in Common and What Makes Us Different,2016,N
10.1108/oxan-es242304,US moves increase Cuba business concerns,2019,N
10.1167/7.9.1032,Perceptual expertise with cars leads to greater perceptual interference with faces but not objects,2010,N
10.1163/9789004619746_001,Preliminary Material,1962,N
10.1080/13611260220133153,Framework for Designing a Mentoring Program for Novice Teachers,2002,N
10.4018/979-8-3693-8094-9.ch011,Becoming an English Teacher With a Multilingual Repertoire,2025,N
10.1201/b15357,Achieving HR Excellence through Six Sigma,2017,N
10.1177/002248718904000407,Expert-Novice Differences in Teaching: A Cognitive Analysis and Implications for Teacher Education,1989,N
10.65109/mfyr3549,Using geometric diffusions for recognition-primed multi-agent decision making,2010,N
10.5220/0013430700003932,The Effectiveness of Tutor Strategies in Enhancing Students' Learning and Attitudes in Scientific and Humanistic Subjects: An Analysis of Tutor Strategies Within the Compiti@Casa Project,2025,N
10.1108/oxan-es270874,Kuwait’s political impasse will block legislation,2022,N
10.18690/um.fov.4.2024.20,Ethnical Anthropomorphism in Human-Robot Interaction: Personalized Robot Tutors,2024,N
10.1037/cpb0000143,Stargazing: Everyday lessons from coaching elite performers.,2019,N
10.32664/icobits.v1.130,Chatbot Tutor vs. Human Tutor: Assessing Learning Effectivenes in AI- and Human-Led EFL Learning,2026,Y
10.1177/0141076814532395,Evolution in surgical training: what can we learn from professional coaches and elite athletes?,2014,N
10.22492/ijll.3.2.02,Written Corrective Feedback: Student Preferences and Teacher Feedback Practices,2018,N
10.4324/9781041054351-4,Setting boundaries,2025,N
10.1515/9781400838158-003,2. The Blind Spot Revealed,2011,N
10.4324/9781003604600-3,The Evolution of Social Learning Theory in Coach Development,2026,N
10.1007/978-94-6300-289-9_5,Peer Assisted Reflection for Studio Music Teachers,2015,N
10.64628/aa.mxyde3ymx,Our own Nomadland: the Australians caught in a COVID blind spot,2021,N
10.1080/14626269109408296,Student modelling using plan recognition,1991,N
10.1093/anb/9780198606697.article.1900443,"Liston, Emil Sycamore (1890-1949), coach and athletic administrator",2000,N
10.4324/9781315768595-8,Literature Review,2014,N
10.1016/0957-4174(90)90080-e,Development of a personal-computer-based intelligent tutoring system,1990,N
10.18261/issn1891-943x-2012-02-02,Video Feedback in Higher Education – A Contribution to Improving the Quality of Written Feedback,2012,N
10.1111/1744-1633.12306,Deliberate practice with coaching,2018,N
10.1167/2.7.70,How does object processing change with perceptual expertise?,2010,N
10.9790/0661-2705040109,The Algorithmic Grandmaster: Charting The Ascent And Pervasive Influence Of Artificial Intelligence In Chess,2025,N
10.4314/sajrs.v25i1.25831,Elite coaches' perceptions of the characteristics of decision-making that discriminate between expert and novice basketball players,2003,N
10.1097/00001786-200601000-00006,Guided Growth Intervention,2006,N
10.1016/j.cognition.2022.105343,Experience-driven recalibration of learning from surprising events,2023,N
10.4018/978-1-59140-309-8.ch010,Inquiring Organizations and the Wisdom of Tacit Knowledge for a Heideggerian Inquiring System,2005,N
10.1542/9781610027151-ch18,Depression,2023,N
10.1002/j.0022-0337.2012.76.10.tb05392.x,Autonomous Virtual Patients in Dentistry: System Accuracy and Expert Versus Novice Comparison,2012,N
10.1093/gmo/9781561592630.article.a2092725,Studio 54,2011,N
10.1016/j.eswa.2021.115522,Knowledge-driven fuzzy consensus model for team formation,2021,N
10.29275/jerm.2022.32.1.47,Teacher Noticing for Supporting Student Proving: Gradual Articulation,2022,N
10.4324/9781041054351-1,Introduction,2025,N
10.4324/9780203934333,Enhancing Learning through Formative Assessment and Feedback,2007,N
10.4324/9781003089889-41,Supervision in coaching,2020,N
10.1145/286498.286524,Intelligent tutoring systems have forgotten the tutor,1998,N
10.14264/uql.2016.713,Examining the antecedents of coaches’ interpersonal styles: coaches’ perspectives,,N
10.1371/journal.pone.0138100,Effectiveness and Safety of Oral Propranolol versus Other Treatments for Infantile Hemangiomas: A Meta-Analysis,2015,N
10.4324/9781315174242-1,Tutoring: The Basics,2018,N
10.4324/9781003160939-27,Global Coach Development in a Knowledge Society,2024,N
10.1017/cbo9780511584169.015,Naturalistic decision making and the new organizational context,1996,N
10.4324/9780203850688-10,What is a coach and what is coaching?,2011,N
10.1108/oxan-es210013,Obama moves to circumvent Cuba embargo,2016,N
10.1787/888934223859,Figure 3.2. Schools differ in student perception of classroom climate and teacher enthusiasm,,N
10.3390/app16020899,"A Virtual Tutoring System with Gamification, LLM-Guided NPCs, and Online Tutor Support",2026,N
10.1002/9780470752937.ch2,Normative Models of Judgment and Decision Making,2004,N
10.3102/ip.25.2190913,Being and Belonging: Reciprocal Mentoring Between Novice and Experienced Educators,2025,N
10.1108/oxan-db254569,Bolivia legislation may help resolve election impasse,2020,N
10.1257/rct.14383-1.0,Improving Teachers Equitable Mathematics Instruction Through Integrating Automated Feedback and Coaching: A Randomized Controlled Trial,2024,N
10.1109/icoco53166.2021.9673537,Unplugged Computational Thinking Activities Framework Development for Novice Programmer,2021,N
10.4337/9780857936370.00014,Expert Intuition and Naturalistic Decision Making,2011,N
10.1111/ijal.70053/v1/decision1,"Decision letter for ""Linguistic Analyses on Written Corrective Feedback for Chinese as a Second Language: ChatGPT versus Human Teachers""",2025,N
10.1108/oxan-es224258,Internet cut could widen Togo's political impasse,2017,N
10.4324/9781410603098-21,Tacit Knowledge in Teaching: Folk Pedagogy and Teacher Education,1999,N
10.3390/su13105553,Understanding the Sustainable Growth of EFL Students’ Writing Skills: Differences between Novice and Expert Writers in Their Use of Lexical Bundles in Academic Writing,2021,N
10.1108/oxan-es255129,Tigray election will entrench Ethiopia impasse,2020,N
10.32388/7fi35g,"Sports coach, instructor and official",2022,N
10.1007/978-94-6209-240-2_16,Tutors’ and Students’ Views of Tutoring,2013,N
10.1109/40.755469,IBM's Deep Blue Chess grandmaster chips,1999,N
10.4324/9780203118665-12,Support-for-Thought: Adult-to-Adult Communication,2013,N
10.22251/jlcci.2025.25.8.711,Potential of Applying AIDT in Mathematics Education for Every Learner: A Perspective from Elementary School Teachers with Expertise in Digital Education,2025,N
10.1158/2159-8290.cd-nw2024-0001,"CAR NK Cells: What Makes Them More Effective, or Less?",2024,N
10.4324/9781003319016-5,The essentials of ‘The Good Life’,2024,N
10.2307/jj.33610769.15,[Illustrations],2026,N
10.7202/1040080ar,"Duckworth, A. (2016). Grit. The power of passion and perseverance. Toronto : HarperCollins",2017,N
10.4324/9781003593713-7,Coaching in urban spaces,2026,N
10.2307/jj.18253777.9,MULTIPLE SYNCHRONICITIES OF A CHESS GRANDMASTER,2007,N
10.1201/b18866-18,Minerals and Athletic Performance,2015,N
10.4324/9780203994986-15,COACHING PRACTICE,2005,N
10.1080/09558543.1993.12031222,Pedro - The Spanish Tutor: A Hypertext-Based Intelligent Tutoring System for Foreign Language Learning,1993,N
10.22251/jlcci.2024.24.21.275,A comparative study on the expertise of infant and toddler teachers expected by parents in Korea and the United States,2024,N
10.5040/9798881821104.0008,Biographies,2022,N
10.4324/9780429433832-2,The Road to Change,2021,N
10.1007/978-3-032-31188-7_4,Teachers’ Reflection on Noticing: Interpreting and Responding to Students’ Mathematical Errors,2026,N
10.1002/9781394229574.ch6,"Intuition, Expertise and Decision‐making",2023,N
10.1080/14729679.2025.2566477,The assessment of professional judgement and decision-making competency in complex environments – a study of expert adventure sport coaches,2025,N
10.1365/s40896-019-00030-z,Training vs. Coaching – über Aporien in der Professionalisierungsdiskussion,2019,N
10.35484/pssr.2022(6-ii)91,Influence of Teachers' Formative Assessment Feedback and Students' Learning Activities on English Subject at Secondary School Level,2022,N
10.2139/ssrn.2675326,The Nitty Gritty: The Unexplored Role of Grit and Perseverance in Voter Turnout,2015,N
10.1177/17479541261436950,Individualized heart rate variability on a strength 6-week training program. A remote-coaching effectiveness study,2026,N
10.4324/9781003656616-3,How do we measure expertise?,2026,N
10.1201/9781003187189-9,Lessons Learned as an Elite Strength and Conditioning Coach,2022,N
10.4324/9781410617071-21,Student Modeling,2006,N
10.4324/9781315102450,Perspectives on Athlete-Centred Coaching,2017,N
10.1007/978-3-030-21355-8_1,Introduction: The Blind-spot in Medicine,2019,N
10.5040/9798216188414.0007,UNM Library Instruction Tutor Program Training Agenda and Exercises,2000,N
10.54393/pjhs.v6i7.3294,Impact of Formative Feedback on Skill Acquisition in Simulation-Based Training,2025,N
10.52843/cassyni.sh36t3,Machine Learning for Space Weather and the challenge of rare and extreme events,2025,N
10.1037/e547922012-400,Workshop 12: Mentoring in the coach - athlete relationship: Analysis and modelling in elite sport,2003,N
10.26686/wgtn.17006677,Formative assessment and feedback in the primary classroom: An interplay between teachers' beliefs and practices,,N
10.3102/ip.24.2102370,“We Are Not Just the Tutors”: Developmental Relationships Between Math Tutors and Students (Poster 33),2024,N
10.1201/9781003566007-4,Decision-Making and Stress,2026,N
10.5005/jp/books/12542,Master Techniques in Ophthalmic Surgery,2015,N
10.1080/08993408.2024.2313913,Balancing teachers’ needs in times of crisis: investigating how computer science instructional coaches and teachers navigated remote professional development during COVID-19,2024,N
10.4324/9781003148418-22,Monitoring training,2023,N
10.4324/9780429296482-8,Can game data measure the effectiveness of the athlete’s decision-making process?,2020,N
10.4135/9781036220105,Your Written Response to Reviewer Feedback,2024,N
10.2139/ssrn.1500643,The Effect of Tacit Knowledge Characteristics on Tacit Knowledge Transfer: The Case of the Egyptian Industry,2009,N
10.4324/9781315102450-6,Team culture and athlete-centred coaching,2017,N
10.1007/s10664-023-10401-z,Does code review speed matter for practitioners?,2023,N
10.5771/9781475865028-115,About the Authors,2022,N
10.4324/9781003070290-27,What Makes Psychoanalytic Therapy Effective?,2020,N
10.1159/000320635,High-intensity and Resistance Training and Elite Young Athletes,2010,N
10.4324/9780429354700,The Creativity Workbook for Coaches and Creatives,2020,N
10.4324/9781138610514-4,Formative assessment and feedback techniques,2021,N
10.1007/978-0-387-34844-5_9,Two-level learner modelling in the tutoring of declarative knowledge based problem solving,1995,N
10.1371/journal.pone.0298772,Effectiveness and safety of azvudine in COVID-19: A systematic review and meta-analysis,2024,N
10.2307/j.ctv22pzxz1.12,The Race for First Machine Grandmaster,2022,N
10.4324/9780203646564-11,Individual differences in skill acquisition,2004,Y
10.54499/2025.21758.prt,,2026,N
10.4324/9781003544395-2,"Becoming, Knowing, and Coaching",2026,N
10.4324/9780429351037-15,Authentic E-Learning,2019,N
10.1007/978-3-642-77681-6_8,The Central Importance of Student Modelling to Intelligent Tutoring,1992,N
10.20429/ijsotl.2009.030213,Expert Teaching Professors: Sharing Their Expertise,2009,N
10.1057/9780230598317_23,Elite performers,2008,N
10.4324/9780367766924-ress191-1,Philosophical Theories of Skill Acquisition and Development,2024,N
10.1080/13562510903488139,Supporting the reflective practice of tutors: what do tutors reflect on?,2010,N
10.1007/978-3-030-57389-8_7,Grit Lit: An Effort to Cultivate Grit and Task Perseverance Through a High-School Language Arts Curriculum,2021,N
10.1371/journal.pone.0202855,Meta-meta-analysis on the effectiveness of parent-based interventions for the treatment of child externalizing behavior problems,2018,N
10.7176/ikm/12-4-03,Research in Area of Tacit Knowledge: Literature Review on Tacit Knowledge,2022,N
10.1002/(sici)1098-237x(199706)81:3<277::aid-sce2>3.3.co;2-4,Teachers' beliefs and instructional strategies in science: Pushing analysis further,1997,N
10.1002/brb3.70474/v2/decision1,"Decision letter for ""Efficacy of Action Observation Therapy on Cognitive Function in Stroke: A Systematic Review and Meta‐Analysis""",2025,N
10.1108/978-1-68123-106-820251017,Exploring Undergraduate Student-Teachers’ Transformation of Technological Pedagogical Content Knowledge in Mathematics Regarding Pupils’ Assessment,2015,N
10.21043/jetli.v1i1.4490,"The Effectiveness of The Role, Audience, Format and Topic (RAFT) Technique on Students’ Skill in Writing Expository Text",2018,N
10.1002/9781119045144.fmatter,Front Matter,2016,N
10.1002/bdm.385,Naturalistic decision making and decision analysis,2001,N
10.36948/ijfmr.2026.v08i01.67433,"Teachers’ Instructional Strategies, Learners’ Research Skills, and Performance",2026,N
10.37075/jomsa.2025.2.01,HYBRID STRATEGIC DECISION-MAKING: THE SYNERGY BETWEEN EXPERT JUDGMENT AND AI SYSTEM RECOMMENDATIONS,2025,N
10.36254/978-94-6154-081-2,Supervision for Coaches. A quality assurance for coaching,2026,N
10.4324/9780429433832-5,Voice of the Customer,2021,N
10.1504/ijlt.2015.072358,Exploring the effectiveness of a novel feedback mechanism within an intelligent tutoring system,2015,N
10.1123/apaq.8.3.210,Verbal Cuing and Motor Skill Acquisition for Adults with Down Syndrome,1991,N
10.4304/jltr.3.1.11-22,Written Error Feedback from Perception to Practice: A Feedback on Feedback,2012,N
10.1007/s11613-007-0003-2,Die „ganze Person“ im Coaching — Ambivalenzen und Optionen,2007,N
10.4324/9781003593713-21,Case study 1 – Wellbeing coaching for emergency responders,2026,N
10.53645/revpropulsion.v3i1.56,Tutor comparte a Tutor,2021,N
10.1080/13611260601037405,Negotiating power and pedagogy in student teaching: expanding and shifting roles in expert–novice discourse,2007,N
10.2307/jj.18377144.4,Blind Spot,2012,N
10.21832/9781800411241-006,3 Language Teacher Noticing,2021,N
10.5220/0005160700570063,Injury Prevention Practices by Amateur Football Coaches in Gauteng South Africa,2014,N
10.4324/9780429351518-30,Psychopomp – a coach for the coach,2021,N
10.21832/9781800411241-012,9 Noticing and Pre-Service Teachers,2021,N
10.1080/2331186x.2025.2541994,‘Give–and–take in the practice of feedback’: formative written feedback as perceived by the secondary science students and teachers,2025,N
10.1016/b978-85-352-5226-2.50017-0,Monitorando via feedback,2012,N
10.4324/9780429296482-25,Reflection on a lifetime of coaching,2020,N
10.2139/ssrn.6560001,How to Understand Classroom Disruptions? Fostering Novice Teachers’ Reasoning Skills with Expert Tutorials,2026,N
10.1007/springerreference_301953,Development of Expertise and High Performance in Content-Area Learning,,N
10.2307/1319090,Simulating the Blind Spot of Everyday Experience,1993,N
10.1177/15553434261472960,Susceptibility to Misinformation: Exploring Persuasion and Prior Orientation in Recognition-Primed Decision Pathways,2026,N
10.70675/1d241588z7141z4264z8808za7f5d1d0a049,Designing expressive interaction techniques for novices inspired by expert activities : the case of musical practice,,N
10.1108/oxan-es224079,Corruption moves risk Guatemala constitutional crisis,2017,N
10.1093/hesc/9780197771563.003.0009,Judgment and Decision-Making,2026,N
10.1037/e578692012-002,Learning by doing: Understanding skill acquisition through skill acquisition,2010,N
10.7287/peerj.14893v0.1/reviews/1,"Peer Review #1 of ""Association between ACE and ACTN3 genes polymorphisms and athletic performance in elite and sub-elite Chinese youth male football players (v0.1)""",2023,N
10.64628/aam.m7nrr7mwn,Why Canada should invest more in teaching kids how to play chess,2022,N
10.15766/mep_2374-8265.11534,Procedural Education for Family Medicine Residents: Innovative Independent Suturing Training With Asynchronous Coaching and Feedback,2025,N
10.61686/heihx69046,,,N
10.33902/jpr.202426770,Physical sciences teachers  perspectives on implementing learning style-based instructional strategies in science classrooms: Challenges and opportunities,2024,N
10.5040/9798400659768.ch-012,Mentoring as a Co-Learning Experience,2012,N
10.1016/b978-0-12-373594-2.00007-1,Machine Learning,2009,N
10.1016/j.learninstruc.2021.101457,Prerequisite knowledge and time of testing in learning with animations and static pictures: Evidence for the expertise reversal effect,2021,N
10.4135/9781529738742.n5,In-lesson feedback - how can we give feedback during lessons?,2021,N
10.4135/9781483329666,How to Coach Teachers Who Don't Think Like You: Using Literacy Strategies to Coach Across Content Areas,2008,N
10.4135/9781036219604,"Anne Coaching - 1. Comparing Mentoring and Coaching, &amp; When to Coach",2020,N
10.33231/j.ihe.2025.03.10,The market for skill: apprenticeship and economic growth in early modern England,2025,N
10.4324/9781003089889-43,Reflective practice in coaching,2020,N
10.1080/17511321.2015.1088059,"Talent Development, Existential Philosophy, and Sport. On becoming an Elite Athlete",2015,N
10.4324/9780429433832-9,How to Implement the TLS Continuum,2021,N
10.4324/9780203383889-16,Helping learners tell you what they already know,2004,N
10.4324/9780429325977,What Great Teachers Do Differently,2020,N
10.32469/10355/85786,A case study of building leaders' experiences with strengths-based coaching and feedback,,N
10.22251/jlcci.2024.24.8.371,Mediating Effect of Career Decision Making Self-Efficacy in the Relation between Career Exploration Behavior and Career Decision Level among University Students,2024,N
10.1145/1056808.1056941,Simple tutors for hard problems,2005,N
10.4324/9781003089889-21,Behavioural coaching,2020,N
10.31274/itaa.21482,Overcoming the AI Impasse: How Textiles and Apparel Educators Can Prepare For An AI Driven Classroom Future,2026,N
10.1057/9781137479938.0006,What Makes Teams Effective?,,N
10.22251/jlcci.2024.24.7.41,The impact on Awareness of Children Coding Education of Preparing Young Children Teachers’ Self-esteem: the mediated effect of expertise awareness,2024,N
10.1037/cpb0000140,Introduction to the special issue on coaching elite performers.,2019,N
10.5353/th_b3196342,Classwide peer tutoring : student perception and effectiveness,,N
10.1037/t19733-000,Coach Fidelity Observation Scale,2012,N
10.22251/jlcci.2019.19.9.99,The effect of career self-efficacy and career resilience on career identity and career decision level,2019,N
10.7717/peerj.14893/supp-1,Supplemental Information 1: Elite and sub-elite players’ ACE and ACTN3 genotypes and anthropometric and athletic performance test data,,N
10.1007/978-3-319-46753-5_16,Complexities in Measuring Teacher Noticing: Commentary,2017,N
10.1007/978-981-97-5930-9_16,Teacher Feedback Types: Senior Versus Novice Teachers in CSL Classrooms,2025,N
10.1332/policypress/9781447369660.005.0011,"Professional lived experience, expertise and evidence generation",2024,N
10.2139/ssrn.5350438,"What Makes an Effective PROTAC? Unlocking Drug-Resistant Pathways Through Warhead, Linker, and Anchor Modifications",2025,N
10.2307/jj.22730662.8,Language Teacher Noticing,2021,N
10.1515/9786155053993-020,What Distinguishes Europe?,2006,N
10.4324/9781003400141-8,What Do Great Teachers Say When a Student Does Not Show Respect for Themselves or Others?,2023,N
10.1787/888933149214,Figure 8.3 Impact of IMPROVE on teachers pedagogical content knowledge,,N
10.1093/oso/9780198829690.003.0002,Noble Tutor,2018,N
10.1109/cisti.2014.6876967,Supporting the tutoring process in universities through a virtual tutor,2014,N
10.1371/journal.pone.0290949,Effectiveness of artificial urinary sphincter to treat stress incontinence after prostatectomy: A meta-analysis and systematic review,2023,N
10.7551/mitpress/9780262037341.003.0009,High Fertility and Anemic Skill Acquisition,2018,N
10.4135/9781446220672.n5,"Tutors, Tutor Groups and Learning",2002,N
10.4324/9780203082843-13,What makes documents effective?,2015,N
10.2307/jj.19307125.12,Enforcing Apprenticeship,2025,N
10.35159/kjss.2021.10.30.5.669,The Effects of Coach-Athlete Relationships in Elite Sports on Athletic Satisfaction and Athletic Performance,2021,N
10.5771/9781475865028,Battles in the Trenches,2022,N
10.1017/cbo9781139174077.008,Expert and novice differences in cognition and activity: A practical work activity,1996,N
10.1542/9781610027151-ch10,Burns,2023,N
10.1007/3-540-55578-1_73,DCE: A knowledge-based tutoring and advisory system - Tutoring strategies and architecture,1992,N
10.37514/wac-j.2008.19.1.03,Can You Hear Us Now? A Comparison of Peer Review Quality When Students Give Audio Versus Written Feedback,2008,N
10.1017/9781316480748.034,"Expertise in Sport: Specificity, Plasticity, and Adaptability in High-Performance Athletes",,N
10.1177/1469787416637482,Audio versus written feedback: Exploring learners’ preference and the impact of feedback format on students’ academic performance,2016,N
10.1145/1520340.1520707,The accidental tutor,2009,N
10.4324/9780203383889-39,Using videos to help learning,2004,N
10.1037/019043,Classroom Applications: Offerings to the Novice Teacher,1979,N
10.4324/9781003604600-8,Coach Development across 100+ Finnish Organisations,2026,N
10.4324/9781315102450-16,Athlete-centred approach – beginning the process in junior teams,2017,N
10.1163/2210-7975_hrd-9978-20190014,What Makes for an Effective Commune Health Center? Assessment of Major Elements,,N
10.1542/9781610027151-ch36,Oral Health,2023,N
10.1007/978-3-540-87391-4_72,The Generation of Emotional Expressions for a Text-Based Dialogue Agent,,N
10.22251/jlcci.2017.17.2.53,A process-based program for developing pre-service English teachers’ teaching expertise,2017,N
10.5539/ijel.v9n3p23,The Role of an Instructor’s Asynchronous Feedback in Promoting Students’ Interaction and Text Revisions,2019,N
10.1016/s0378-7206(02)00003-4,Expert versus novice use of the executive support systems: an empirical study,2003,N
10.1063/1.5003550,Developing learning community model with soft skill integration for the building engineering apprenticeship programme in vocational high school,2017,N
10.1145/2168556.2168620,Entropy-based correction of eye tracking data for static scenes,2012,N
10.5040/9781472552846.ch-014,Is drama a luxury in the primary classroom?,,N
10.1123/nirsa.10.3.32,"The Club Sports Coaching Dilemma: Roles of Officers, Coach, and Faculty Advisor",1986,N
10.1002/bdm.70026,Expert Decision‐Making Complexity in New Industries: The Case of Security Analysts,2025,N
10.4135/9781529614657.n59,Developing Professional Expertise: Transitions and Thresholds in Complex Organisational Contexts,2023,N
10.4324/9781003285144-15,An Eclectic versus Integrated Approach to Using Therapeutic Techniques in Coaching,2023,N
10.51979/kssls.2007.05.29.45,"The Relationships among Trust in Coach, Athletic Satisfaction arid Leadership of Coach`s",2007,N
10.5220/0003966601910194,THE VIRTUAL TUTOR - Development of a Virtual Tutor within a Simulated Working Environment,2012,N
10.3030/101159546,,2024,N
10.4324/9780203994986-21,MOTIVATIONS AND RECRUITMENT IN SPORTS COACHING,2005,N
10.1097/nsg.0000000000000140,Growing grit,2024,N
10.1057/9781137479938_2,What Makes Teams Effective?,2015,N
10.1037/spy0000382.supp,Supplemental Material for Zooming in on Decision Making in Esports: Exploring the Perceptions of Expert Players and Coaches,2025,N
10.3102/ip.23.2011225,Supporting Novice Teachers Through University-Based Mentoring: Reframing Approaches to Teacher Induction,2023,N
10.4324/9781003444817-8,Review of Mentoring in the Higher Education Literature,2023,N
10.1080/00336297.2026.2641132,"The Ethos, Practice, Parallels, and Intersubjectivity of Elite and Community Sport Coaching: How Coaches Define Personal Meaning, Motivation, and Validation",2026,N
10.5040/9798216977643.0011,Chapter 8 What Distinguishes NCTM-Oriented Problems from Traditional Problems?,2004,N
10.2139/ssrn.2418980,Using the 'Wisdom of (Expert) Crowds' to Forecast Mass Atrocities,2014,N
10.5040/9781718214095.ch-009,Teaching Older Adults,2020,N
10.4324/9780429469237-5,Tutors’ Keywords,2018,N
10.1080/02619768.2019.1652906,Novice teacher challenges and promoting novice teacher retention in Canada,2019,N
10.15358/9783800677498-63,5. Der LEAD COACH-Ansatz: Die Führungskraft als Coach,2026,N
10.33687/jhssr.005.02.0577,The Effect of Immediate Feedback on Learning Skilled Performance in the Hurdle-Clearing Phases of Track and Field Events,2026,N
10.3115/974281.974289,CIRCSIM-Tutor,1997,N
10.1007/978-3-642-77202-3_10,The Use of Explanation-Based Learning for Modelling Student Behavior in Foreign Language Tutoring,1992,N
10.21125/edulearn.2024.0667,SMARTA (STUDENT MOTIVATION AND REFLECTIVE TRAINING AI-ASSISTANTS) - CHATBOTS AS INDIVIDUAL STUDY COACHES FOR TACKLING THE TWO SIGMA PROBLEM,2024,N
10.2307/j.ctt6wqfkk,Sword of Zen,2012,N
10.1080/02640410500189173,The coaching schematic: Validation through expert coach consensus,2006,Y
10.1016/b978-0-12-052640-6.50022-4,Teenagers as Tutors of Academically Low-Achieving Children: Impact on Tutors and Tutees,1976,N
10.31234/osf.io/8npxm_v1,One-on-One and Both Benefit? The Effects of One-on-One Online Tutoring on Underserved Students and Volunteer Tutors,2025,N
10.46661/socioldeporte.6430,Coaches’ Immigration to the United Kingdom:  What do Foreign and Native Coaches think about migration,2022,N
10.21832/9781800411241-009,6 Influences on Teacher Noticing,2021,N
10.1167/6.6.616,The contributions of category experience and learning to perceptual expertise: A behavioral and neurophysiological study,2010,N
10.1007/978-1-4471-1632-5_10,Knowledge Acquisition for Expert Systems,1988,N
10.22251/jlcci.2024.24.20.419,The mediating effect of career maturity in the effect of perceived career barrier of college student on career decision level,2024,N
10.4324/9781315758510-12,Person-centred coaching psychology,2018,N
10.1515/9783111002415-010,Chapter 10 Coaching Skill: Providing Insights,2024,N
10.4324/9781003089889-16,Silence in coaching,2020,N
10.25148/etd.fi13121207,"The Relationship between Scaffolding Metacognitive Strategies identified through Dialogue Journals and Second Graders’ Reading Comprehension, Science Achievement, and Metacognition using Expository Text",,N
10.4324/9780429354700-22,Move Yourself!,2020,N
10.31332/atdbwv14i2.3729,Written Corrective Feedback in Online Asynchronous Platform: Fostering EFL Students’ Writing Skill,2021,N
10.4135/9781526437105,Athlete-to-Athlete Verbal Aggression: A Case Study of Interpersonal Communication Among Elite Australian Footballers,2009,N
10.1016/b978-008043361-5/50015-8,Prefixational Object Perception in Scenes,1998,N
10.4324/9780429433832-6,Organizational Waste,2021,N
10.1017/cbo9780511597251.005,Early techniques of the pedals as described in tutors,1993,N
10.5040/9781718218758.0006,About the American Baseball Coaches Association,2010,N
10.1257/rct.18215,AI Tutor in the Business Economics Classroom,2026,Y
10.1123/iscj.2024-0075,Educating Elite Coaches in Sport—Subjective Experiences From a National Coach Education Program,2026,N
10.1207/s15326950dp4002_1,What Do Reading Tutors Do? A Naturalistic Study of More and Less Experienced Tutors in Reading,2005,N
10.4324/9780203016497-9,Personal tutoring,2013,N
10.4135/9781526433077,Coach Gives the Coachee Feedback,2017,N
10.1007/978-3-319-46753-5_8,Mathematical Teacher Noticing: The Key to Learning from Lesson Study,2017,N
10.1007/978-3-319-46753-5_2,Teacher Noticing in Various Grade Bands and Contexts: Commentary,2017,N
10.1007/978-3-319-95915-3_5,Teachers as Tutors,2018,N
10.1016/s0364-0213(99)00020-8,Comprehension-based skill acquisition,2000,N
10.1080/15391523.2010.10782564,Bridging the Gap between Expert-Novice Differences,2010,N
10.15448/1981-2582.2018.1.29766,Intervenções psicoeducacionais positivas para promoção de resiliência: o profissional da educação como tutor de desenvolvimento,2018,N
10.1007/978-1-4020-6754-9_15599,Sigma Replication,2008,N
10.4324/b23351-37,The coach and the FinTech digital expert,2023,N
10.22316/poc/09.2.07,The Case for Peer Coaching in Undergraduate Leadership Education,2024,N
10.1007/978-3-031-11713-8_2,Source Code Features Based Branch Coverage Prediction Using Ensemble Technique,2022,N
10.22251/jlcci.2024.24.2.555,The impact of Koreans' income level and evaluation of one’s lives on overall happiness: Verification of the mediation effect moderated by stress level,2024,N
10.1007/978-3-8349-9322-9_5,Einführen einer Feedback-Kultur,,N
10.1007/978-3-540-69132-7_50,Dialogue Modes in Expert Tutoring,2008,N
10.1145/3785022.3785081,Expanding Design Heuristics for Supporting Impasse-Driven Learning in a Puzzle Video Game Using a Problem-Solving Framework and Multimodal Network Models,2026,N
10.4324/9780203383889-25,Being an expert witness,2004,N
10.2139/ssrn.4437819,Players’ Perceptions of Coaches’ Leadership Behaviours and Coach–Athlete Relationships in the South African Women's Soccer League,2023,N
10.5040/9798400695995.ch-003,Chess and Society,2010,N
10.1123/iscj.2023-0123,Erratum: Developing Coaches’ Knowledge of the Athlete–Coach Relationship Through Formal Coach Education: The Perceptions of Football Association Coach Developers,2024,N
10.1163/2210-7975_hrd-9846-0036,un-expert-continues-open-dialogue-with-egypt-on-human-rights-and-counter-terrorism-apr-21-2009-1pp,,N
10.1145/3378936.3378953,Software Engineering Wastes - A Perspective of Modern Code Review,2020,N
10.4018/978-1-7998-0951-7.ch015,Expanding Bloom's Two-Sigma Tutoring Theory Using Intelligent Agents,2020,N
10.21125/inted.2023.0543,CHATBOT AS A NEW LECTURING TUTOR: CHALLENGES IN LECTURING AND IN CYBERSECURITY,2023,N
10.22251/jlcci.2019.19.21.1225,Analysis on the Trends and Issues of Expertise in Educational Research,2019,N
10.1080/13573322.2011.554537,Gender integration of a core content area teacher/athletic coach in the rural southeastern United States,2012,N
10.4324/9780429322389,The Emotionally Intelligent Online Tutor,2020,N
10.4324/9781003593713-23,Case study 3 – Coaching outdoor teams,2026,N
10.4324/9781003089889-12,Questions in coaching,2020,N
10.1007/978-3-032-31188-7_2,Expert and Novice Teachers’ Noticing During the Observation of a Video on Teaching the Pythagorean Theorem,2026,N
10.4324/9781003041689-1,From stage to studio,2025,N
10.3233/978-1-61499-203-5-107,Neuroanatomical Basis for Recognition Primed Decision Making,2013,N
10.1109/64.53179,A skill refinement learning model for rule-based expert systems,1990,N
10.4135/9781526459985.n20,Afterword: Generating the Future For Coaching and Coach Training,2021,N
10.70675/44877e66z223cz4847z9dbfzd4aba600800b,A Sustainability-Oriented 4-Step Integrated Decision-Making Algorithm for Battery Selection : Integrating Expert Judgment and Bootstrapping Analysis,,N
10.1037/e548052012-669,Recovery from burnout among elite soccer coaches,2007,N
10.1542/9781610027151-ch35,Obesity,2023,N
10.14483//udistrital.jour.rc.2017.29.a9,Sistema tutor para la aplicación de la programación mediante análisis de inteligencias - Tutor system for the application of programming through intelligence analysis,2017,N
10.22251/jlcci.2022.22.5.445,The Mediating Effect of Teacher Expertise in the Relationship between Early Childhood Teachers' Teaching Creativity and Job Perfomance Efficacy,2022,N
10.1145/3715669.3726818,Eye-tracking analysis of expertise-based visual behavior in 8K video quality assessment,2025,N
10.21203/rs.3.rs-6966955/v1,The Mediating Role of Coach-Athlete Relationship in Linking Talent Development Environment to Swimmer Burnout: A Cross-Sectional Study,2025,N
10.1057/9781137413338.0008,Learning and Tutoring Options,,N
10.4324/9781003232322-10,"An Embedded, Relational, Emergent coach learning and development strategy",2024,N
10.1007/978-3-319-74067-6_4,Psychological Blockers to Successful Coaching Outcomes,2018,N
10.52547/jrsm.11.21.30,"The Relationship between Emotional Intelligence and Perfectionism, Quality of Coach–Athlete Relationship in Elite Material Arts",2021,N
10.1123/jsep.22.1.39,Expert-Novice Differences in Planning Strategies during Collegiate Singles Tennis Competition,2000,N
10.4324/9780203806913-25,COACH BEHAVIOUR,2013,N
10.4324/9781003400622-20,The Research on Deliberate Practice,2024,N
10.1177/1747954116637499,Talent development in sport: A critical review of pathways to expert performance,2016,N
10.62319/simonrodriguez.v.5i10.56,Retroalimentación formativa de los docentes,2025,N
10.4018/978-1-7998-8598-6.ch014,The Socratic Way and Adult Learning,2021,N
10.22251/jlcci.2023.23.17.699,Mediating Effect of Career Calling on the Relationship between Career Decision Level and Career Preparation Behavior of College Students,2023,N
10.1260/174795408787186431,The UK Coaching System is Failing Women Coaches,2008,N
10.1037/e741382011-222,What makes an effective leader?,2011,N
10.5539/ijel.v11n6p84,Oral Versus Written Feedback: Attitudes of Female Saudi University Students,2021,N
10.5220/0007712203070314,An Intelligent Tutoring System for Procedural Training with Natural Language Interaction,2019,N
10.1037/e514282025-001,What do professional coaches really do? A mixed methods analysis of coaches' verbal behaviors,2023,N
10.4135/9781071845417.n5,Co-Plan With Teachers and Teams,2021,N
10.1007/3-540-55606-0_72,Using expert tutor knowledge to design a Self-Improving intelligent tutoring system,1992,N
10.59350/je40e-9vq41,"Calculating the relative effectiveness of expert coaching, peer learning, and cascade training",2024,N
10.2139/ssrn.2120066,Tutor Virtual,2012,N
10.4324/9781003593713-17,Metaphor in outdoor coaching,2026,N
10.4324/9781003685951-2,Becoming a dual-qualified coach,2026,N
10.1891/9780826125996.0003,Power of Faculty: The Tact of Teaching,2015,N
10.12794/metadc9773,A value-added approach to determine the relationships of mentoring to novice teacher classroom effectiveness.,,N
10.1016/0742-051x(93)90055-l,Novice and expert teachers' time epistemology: A wave function from didactics to pedagogy,1993,N
10.4324/9781032635194-5,Developing Teachers' Contextual Knowledge and TPACK in a Pedagogical Change Laboratory,2025,N
10.1037/e552972012-001,Judgment and Decision Making,,N
10.4324/9781041054351-8,Observation,2025,N
10.1007/978-1-4614-7579-8_10,Adaptive Expertise and Cognitive Readiness: A Perspective from the Expert-Performance Approach,2013,N
10.37819/humanrev.v11i5.961,Criterios de evaluación y retroalimentación formativa: perspectivas docentes,2022,N
10.1017/cbo9780511720420.008,Judgment and decision-making research in auditing,1995,N
10.1017/9781316026847.003,Perceptual Expertise,2017,N
10.1007/978-3-032-11842-4_4,Coaching Effectiveness,2026,N
10.4324/9781410604200-27,Expertise in Laparoscopic Surgery: Anticipation and Affordances,2001,N
10.1093/gmo/9781561592630.article.19611,National Opera Studio,2001,N
10.5040/9781718214149.ch-003,Coaching Philosophy,2021,N
10.15760/nwjte.2011.9.1.2,Changing Teacher Candidates’ Perceptions of Literacy in Content Classes: The Role of Expert-Novice Dialogues,2011,N
10.1123/kr.2022-0006,Systematic Review of the Coach–Athlete Relationship From the Coaches’ Perspective,2023,N
10.5040/9781472552846.ch-011,What is the value of encouraging talk in your classroom?,,N
10.14264/3ebe517,Parents as tutors : a case study of a special education programme in oral reading,,N
10.3842/sigma.2019.005,Solution of an Open Problem about Two Families of Orthogonal Polynomials,2019,N
10.4324/9781410604200-18,Reflective Versus Nonreflective Thinking: Motivated Cognition in Naturalistic Decision Making,2001,N
10.3102/00028312026001122,"Ethnic Similarity, Tutor Expertise, and Tutor Satisfaction in Cross-Age Tutoring",1989,N
10.4324/9780429029196-6,The Principles of Six Sigma,2024,N
10.1016/s1474-6670(17)40097-8,Modelling Recognition-Primed Decision Making Under Time Pressure and Multiple Situational Contexts,1998,N
10.1007/978-3-031-81120-3_7,Skill Acquisition and Motor Learning,2025,N
10.1016/j.heliyon.2024.e40006,Reflections on 20 years of the international tennis federation and olympic solidarity high-performance coach education scholarship programme: Implications for sports coach development,2024,N
10.1007/s11613-015-0428-y,Coach the brand!? Eine Bestandsaufnahme zum themenspezifischen Coaching in der Markenberatung,2015,N
10.1123/iscj.2015-0037,"Coach Evaluation from Three Perspectives: An Athletic Director, a Coach, and a Consultant",2015,N
10.31274/etd-180810-5379,Designing intelligent language tutoring system for learning Chinese characters,,Y
10.1016/j.system.2008.12.006,The relative effectiveness of different types of direct written corrective feedback,2009,N
10.1117/12.2255685.5409294532001,,,N
10.1037/e592102010-001,The Interaction of Goal Difficulty/Specificity and Feedback on Task Performance,1981,N
10.4324/9781003593713-11,Coaching outdoors to support mental health and wellbeing,2026,N
10.4135/9781446217375.n7,"Indigo, or Navigating in the Tacit",1999,N
10.1093/ww/9780199540884.013.u165026,"Hargreaves, Eric Lyde, (13 Oct. 1898–20 Feb. 1984), Emeritus Fellow since 1963 (Fellow, 1925, Tutor, 1930, Senior Tutor, 1937–56), Oriel College, Oxford",2007,N
10.1161/comment.20250410.401376,Re: What Makes an Effective Pediatric Cardiology Chief,2025,N
10.1057/9781137353269.0012,Starting to Coach for Innovation,,N
10.4135/9781483329666.n8,Using Literacy Strategies Across Content Areas to Improve Student Achievement,2008,N
10.1007/978-3-642-30950-2_32,Guru: A Computer Tutor That Models Expert Human Tutors,2012,N
10.25791/pribor.6.2023.1413,Automated Formation of Personalized Tutoring Strategies Based on Tutoring Integrated Expert Systems,2023,N
10.1109/seaa.2013.30,A Context-based Information Retrieval Technique for Recovering Use-Case-to-Source-Code Trace Links in Embedded Software Systems,2013,N
10.1201/9781003278474-21,Tacit knowledge in digital design: From master to student,2022,N
10.1109/iros.2013.6696571,An adjustable autonomy paradigm for adapting to expert-novice differences,2013,N
10.5432/ijshs.202221,Characteristics and Differences in the Verbal Responses of Expert and Novice Basketball Coaches Elicited by Cognition of Fixed Camera Images and VR Images&lt;sup&gt;*&lt;/sup&gt;,2022,N
10.4135/9781506341026.n8,"Become an Expert
						Novice",2016,N
10.1016/j.tate.2023.104149,Novice and expert teachers’ use of content-related knowledge during pedagogical reasoning,2023,Y
10.1163/9789004410497_001,Appreciating Practice Wisdom,2019,N
10.22251/jlcci.2023.23.23.721,An Instruction for Pre-Service English Teachers’ Assessing Expertise Development: Process-Based Assessment Approach,2023,N
10.1023/a:1003961222303,"Portraits of PBL: Course objectives and students' study strategies in computer engineering, psychology and physiotherapy",2000,N
10.4324/9781003648734-19,Recording Studio Lab,2026,N
10.3390/sports7010016,Coach Competences to Induce Positive Affective Reactions in Sport and Exercise—A Qualitative Study,2019,N
10.30707/etd2021.20220215070319007319.999974,Beyond the Mathematics Major: Identifying the Pedagogical Content Knowledge Exhibited by Preservice Secondary Mathematics Teachers,,N
10.1386/jmte_00015_1,The nature of feedback in higher education studio-based piano learning and teaching with the use of digital technology1,2020,N
10.1016/j.eswa.2012.12.023,A fuzzy linguistic algorithm for adaptive test in Intelligent Tutoring System based on competences,2013,N
10.1016/j.eswa.2016.07.017,A new hybrid ensemble credit scoring model based on classifiers consensus system approach,2016,N
10.4324/9780203299128-19,LEARNING AS INVENTION,2003,N
10.2139/ssrn.4492287,"Skill-Biased Imports, Skill Acquisition, and Migration",2023,N
10.71097/ijsat.v17.i1.9935,"School Heads’ Instructional Supervisory Practices, Teachers’ Teaching Strategies, and Learners’ Academic Performance",2026,N
10.1109/apsec60848.2023.00026,Improving Code Refinement for Code Review Via Input Reconstruction and Ensemble Learning,2023,N
10.5013/ijssst.a.17.32.38,B-Learning on Novice Programmer Learning with Roles of Variables,2016,N
10.1007/978-94-010-0902-7_2,What Makes Good Teaching,2000,N
10.1167/9.8.510,Perceptual expertise has an emotional side: Holistic face processing is modulated by observers' emotional state,2010,N
10.4324/9781410617675-24,Mats Björkman and Swedish Studies of Judgment and Decision Making,2007,N
10.1123/jtpe.2.3.33,Bridging the Gap from Student to Coach: Experienced Coaches Speak Out,1983,N
10.3102/00028312040004905,Expert Blind Spot Among Preservice Teachers,2003,N
10.1007/3-540-45108-0_85,W1 - Modeling Human Teaching Tactics and Strategies,2000,N
10.31234/osf.io/fc3da_v2,Similarity Ratings Reveal Expert-Novice Differences in Knowledge Organization,2026,N
10.22251/jlcci.2020.20.7.1299,An Alternative Perspective of Teaching Expertise: Adaptive Expertise,2020,N
10.47809/mc.2021.09,THE CHALLENGES OF ONLINE MODERN DANCE TEACHING,2021,N
10.1080/0968465960040204,Teaching Teaching,1996,N
10.16915/jkapesgw.2017.09.31.3.111,"Research Trend of Elite Sports Coach""s Expertise in Korea",2017,N
10.2139/ssrn.1837762,Effects of Summary versus Interspersed Feedback on the Quality of Student Revisions to a Written Case Assignment,2011,N
10.1515/9780691265896-008,6 The Flexibility of Apprenticeship,2025,N
10.5220/0006339104340441,Peer Tutoring Orchestration - Streamlined Technology-driven Orchestration for Peer Tutoring,2017,N
10.1007/978-3-322-86033-0_29,Immeuble de rapport “Studio Building” 1926–1928,1992,N
10.4324/9781003011705-4,Negotiating Amateur and Professional Expertise in Beauty Vlogs,2023,N
10.4324/9781003400134-11,What Do Great Teachers Say When a Student Conflict Occurs?,2024,N
10.4324/9781315108490-8,Making interactions work: Setting events for learning,2017,N
10.1037/e547922012-001,The relationship between the type of attachment between coach and athlete and the development of eating disorders in elite distance runners,2003,N
10.1016/j.eswa.2023.120728,Large-scale group decision consensus under social network: A chance-constrained robust optimization-based minimum cost consensus model,2023,N
10.2307/jj.22730662.7,Noticing:,2021,N
10.52358/mm.vi18.410,Perceptions et usages d’un chatbot comme tuteur de cours en sciences de l’éducation,2024,N
10.1016/j.jss.2021.111122,Usability inspection: Novice crowd inspectors versus expert,2022,N
10.4324/9781003160939-5,Coach Development Across North America,2024,N
10.4324/9780429433832-8,HRCI Body of Knowledge,2021,N
10.3102/ip.22.1884705,Successful Partnerships Between Literacy Coaches and Novice K&amp;#8211;2 Teachers: A Case Study (Poster 17),2022,N
10.31390/gradschool_disstheses.4587,"Thinking Processes, Management Routines and Student Perceptions of Expert and Novice Physical Education Teachers.",,N
10.1257/rct.5391-1.0,Improving Worker Productivity Through Tailored Performance Feedback: Field Experimental Evidence from Bus Drivers,2020,N
10.3102/2011231,Differentiated Formative Feedback for All: Learning From Secondary Math and Science Teachers During a Pandemic,2023,N
10.61336/jeeh/26-1-12,"Artificial Intelligence In Search Engine Optimization: An Exploratory Study On Efficiency, Human Expertise And Performance Outcomes",2026,N
10.1007/978-3-319-46753-5_23,Exploring the Boundaries of Teacher Noticing: Commentary,2017,N
10.1145/41735.41745,A natural language based legal expert system for consultation and tutoring---the LEX project,1987,N
10.18130/v3382r,A Closer Look at Coaching: What do Coaches and Teachers do in the MyTeachingPartner Coaching Model?,,N
10.1093/hesc/9780199950638.003.0009,Judgment and Decision Making,2021,N
10.1037/t06948-000,Coaching Behavior Assessment System,1977,N
10.1016/j.tate.2025.105035,"To notice, but what? An investigation on pre-service teachers’ noticing of strengths and deficits in student thinking",2025,N
10.5040/9798216429159.ch_0012,Curing Versus Healing,2021,N
10.1108/978-1-80043-202-420211004,Make Thinking Explicit to Support Student Learning,2021,N
10.1163/9789004410497_015,Practice Wisdom Development,2019,N
10.4324/9780080554310-11,The working coach,2012,N
10.33915/etd.8737,The effect of student verses teacher instruction on motor skill acquisition.,,N
10.1109/cseet66350.2025.00027,Teaching Well-Structured Code: A Literature Review of Instructional Approaches,2025,N
10.4324/9780203133712-22,Motor skill consolidation,2012,N
10.1002/bdm.3960050306,A case study of expert judgment: Economists' probabilities versus base‐rate model forecasts,1992,N
10.1007/978-3-319-46753-5_27,Noticing Distinctions Among and Within Instances of Student Mathematical Thinking,2017,N
10.7551/mitpress/3967.003.0014,Skill Acquisition and Plans for Actions,1998,N
10.1145/75034.75043,A study of conceptual data modeling in database design: similarities and differences between expert and novice designers,1989,N
10.22251/jlcci.2019.19.4.1219,Working Memories of Expert and Novice Archery Coaches,2019,N
10.4324/9781410617071,One-on-One Tutoring by Humans and Computers,2006,N
10.5641/193250307x13082490461066,Mixing Methods in Assessing Coaches' Decision Making,2007,N
10.14264/107315,"Expert perceptual and decision-making skill: Identification, development and acquisition in a team invasion sport",,N
10.4135/9781446251577.n15,"Coaching Formation: Coach Education and
                    Pedagogies",2012,N
10.4324/9780203390955-16,Coaches’ interactions,2004,N
10.7717/peerj.2476/fig-1,Figure 1: Model schematic.,,N
10.32469/10355/109705,Effects of play-based antecedent exercise on skill acquisition,,N
10.1017/cbo9780511609817.021,Teaching for Expertise: Problem-Based Methods in Medicine and Other Professional Domains,2009,N
10.1016/j.sbspro.2014.09.205,Decision Making by Coaches and Athletes in Sport,2014,N
10.1201/9781315121161-1,Introduction,2017,N
10.21236/ada222324,Felicity Conditions for Cognitive Skill Acquisition: Tutorial Instruction does not need them. Revision,1989,N
10.1109/aihcir67580.2025.11405111,A Comparative Efficacy Study of AI and Human Tutors in Grammatical Error Correction,2025,N
10.4324/9780429433832-3,What Is the TLS Continuum?,2021,N
10.1515/9780691265896-002,ACKNOWLEDGEMENTS,2025,N
10.16926/par.2023.11.15,Expertise development of elite Taekwondo coaches,2023,N
10.5040/9781718219366.0005,About the American Volleyball Coaches Association,2006,N
10.5771/9781461732662-35,Section II: The Mentoring Framework-a Closer Look,2004,N
10.1167/5.8.533,Spatially restricted perceptual expertise for faces in a case of prosopagnosia,2010,N
10.1145/2578153.2583036,The use of eye-tracking in landscape perception research,2014,N
10.3102/0013189x013006004,The 2 Sigma Problem: The Search for Methods of Group Instruction as Effective as One-to-One Tutoring,1984,Y
10.1080/0305763750020104,Professional Tutor or Teacher Tutor: What's in a Name?,1975,N
10.1093/9780197543887.003.0006,"Intellectual Perseverance, Grit, and Growth Mindset",2025,N
10.1007/978-1-4419-1428-6_4067,Expertise Reversal Effect,2012,N
10.1163/2210-7975_hrd-0035-1089,joint-assessment-of-the-euchina-human-rights-dialogue-ad-legal-expert-seminars-dec-8-2009-12pp,,N
10.5040/9798216546368.ch08,Peer Coaching,2018,N
10.1002/9781118089965.ch3,How to Become a Coach,2011,N
10.1007/s11332-026-01672-2,"Physical preparation in a talent development environment: exploration of Ladies Gaelic football coaches’ knowledge, practices, perceptions and challenges",2026,N
10.5771/9781461732662-1,Section I: The Mentoring Framework-a Broad View,2004,N
10.1016/0020-7373(92)90092-y,Conceptual data modelling in database design: similarities and differences between expert and novice designers,1992,N
10.4324/9781003088943-6,"Deliberate Play, Deliberate Practice and Deliberate Preparation",2022,N
10.22251/jlcci.2024.24.23.131,The Relationship Between Counselor Developmental Level and Homophobia: The Moderating Effect of Self-Reflection,2024,N
10.1007/978-3-319-93293-4_9,"Expert on Your Own Child, Expert on Your Own World—Reinventing Autism Expertise(s)",2018,N
10.1007/978-3-540-69132-7_118,An Affective Behavior Model for Intelligent Tutors,,N
10.4324/9781315267043-5,Transmission of tacit knowledge,2017,N
10.4324/9781003041689-4,On the stage,2025,N
10.1002/bdm.380,Forum on naturalistic decision making,2001,N
10.4324/9781003472438-1,"Coach Education, Development, and Assessment",2024,N
10.31274/cc-20240624-14,A case study method for teaching bioethics,2008,N
10.18260/1-2--23203,"Traffic Signal System Misconceptions across Three Cohorts:                                                         Novice Students, Expert Students, and Practicing Engineers",,N
10.4018/978-1-4666-8519-2.ch012,Asynchronous Online Peer Written Corrective Feedback,,N
10.5040/9781474212304.0008,References,,N
10.1167/19.10.31b,Impact of Developing Perceptual Expertise on Eye Fixations,2019,N
10.4324/9780203020074-16,The coach as ‘orchestrator’: more realistically managing the complex coaching context,2006,N
10.3390/su141610085,Between Expert and Novice: Identity Transition from Teacher to Student as Sustainable Agentic Construction,2022,N
10.53365/nrfhh.1038,From Book Completion to Skill Acquisition: Reframing Arabic Instruction for Non-Native Adult Learners,2026,N
10.4324/9781003262107-10,Studying Expert Ethical Comportment and Preserving the Ethics of Care and Responsibility Embedded in Expert Nursing Practice,2024,N
10.7759/cureus.65181,Pedagogical Implementation of Directive Feedback Manikins on Cardiopulmonary Resuscitation (CPR) Competencies: Expert Versus Peer Coaching,2024,N
10.21680/2178-6054.2024v18n2id38138,VISITA TÉCNICA EXTENSIONISTA À USINA DE ITAIPU:  O PROJETO TUTOR E APRENDIZAGENS SOCIAIS,2025,N
10.1080/23311886.2024.2438854,Understanding the purposeful journey of an Korean archery coach group’s self-directed professional development: a qualitative exploration of coaching expertise enhancement,2025,N
10.4324/9781315102450-4,Coaching tactical creativity in team sports,2017,N
10.1163/9789004410497_023,Valuing Critical Reflection and Narratives in Professional Practice Wisdom,2019,N
10.1108/978-1-80043-202-420211017,References,2021,N
10.4324/9781315213446-7,Case 6: Coaching Girls Versus Boys,2017,N
10.34190/ekm.20.097,Capturing Tacit Knowledge in Evaluation of Development Projects,2020,N
10.5040/9798216188414.ch-006,Library Instruction Tutor Training Program: Applications,2000,N
10.4324/9781138610514-5,Contemporary perspectives in formative assessment and feedback,2021,N
10.1007/978-3-662-70726-5_5,Classic forms,2025,N
10.1365/s40896-020-00046-w,Danke für die Blumen. Kontinuierliches Feedback als Qualitätssicherung im Schreibcoaching,2020,N
10.1167/13.9.667,The Color of Perceptual Expertise,2013,N
10.1007/978-1-59259-335-4_4,"DNA Replication, Repair, and Recombination",2003,N
10.4324/9781315443720-25,Karate,2016,N
10.11144/javeriana.m18.tpea,Tutorías pares de escritura académica: ¿Qué estrategias promueven tutoras con diversa experiencia?,2025,N
10.4324/9781041057161-3,What makes a good coach?,2025,N
10.22251/jlcci.2019.19.19.1153,Validation of the Korean-Employee Expertise Development Scale(K-EEDS),2019,N
10.18293/seke2024-130,MDASC: Advanced Dual-Layered Code Cloning Technique for Identifying Reused Malicious Code,2024,N
10.1260/1747-9541.6.1.149,Insights into Experiences: Reflections of an Expert and Novice Coach,2011,N
10.1093/acprof:oso/9780195309607.003.0006,Face Processing in Autism: Insights from the Perceptual Expertise Framework,2009,N
10.1093/oso/9780190868796.003.0002,"Parent, Teacher, Mentor, or Psychologist?",2021,N
10.5040/9798400670435.ch-008,Tacit Knowledge and Conversation,2004,N
10.1007/978-3-662-70726-5_1,Introduction to Soccer,2025,N
10.4995/head25.2025.20151,"Circular Pedagogy, Assessment and Cultural Capital: What a student journal can do for graduates, current students and tutors",2025,N
10.4324/9781003232322-6,"An Embedded, Relational, Emergent conceptualisation of coach learning and development",2024,N
10.4324/9781315102450-14,"The autoethnographic journey of athlete-centred experiences, research and learning",2017,N
10.1609/aiide.v2i1.18748,Intelligent Tutoring Systems for Commercial Games: The Virtual Combat Training Center Tutor and Simulation,2006,N
10.5040/9781350284432.ch-004,"Amateur versus professional – Distinction, cooperation, transition",2026,N
10.1007/s10956-024-10197-7,Problem-Solving Strategies in Stoichiometry Across Two Intelligent Tutoring Systems: A Cross-National Study,2025,N
10.7717/peerj-cs.1803/fig-2,Figure 2: Schematic diagram of proposed model.,,N
10.31390/gradschool_dissertations.4392,"A Graph-Based Taxonomic Intelligent Tutoring System Utilizing
Bloom�S Taxonomy And Item-Response Theoretic Assessment",,N
10.14221/ajte.2011v36n5.1,Self-Efficacy Beliefs of Novice Teachers and Their Performance in the Classroom,2011,N
10.1207/s15327043hup1804_7,The Interactive Effects of Goal Orientation and Feedback Specificity on Task Performance,2005,N
10.53358/ideas.v4i1.696,Hybrid external tutor for fractures reduction in the leg bones,2022,N
10.3389/fpsyg.2022.964967,What is effective classroom dialog? A comparative study of classroom dialog in Chinese expert and novice mathematics teachers’ classrooms,2022,N
10.7551/mitpress/11956.003.0017,What Do Human Tutors Do?,2019,N
10.1007/3-540-61327-7_168,ITS-Engineering: A domain independent its for building engineering tutors,1996,N
10.30653/005.201812.16,The Effectiveness of Text Completion Technique towards Students’ Speaking Skill,2018,N
10.1108/oxan-db275807,Peru's institutional impasse has no rapid solution,2023,N
10.5771/9781475865028-7,Chapter 1: Elite Leadership,2022,N
10.47684/jcd.2024.06.26.6.38,"The Causal Relationships between University Athletes"" Perception of Sports Coaches"" Coaching Leadership, Immersion, Innovative Behavior, and Coaching Performance",2024,N
10.4135/9781483328898.n3,Designing Mentoring Programs,2005,N
10.1023/a:1004240413738,"Handicapping ""judges"": some theory and practice",1997,N
10.1201/9781315597584-19,Cognitive Engineering Based on Expert Skill: Notes on Success and Surprises,2017,N
10.1186/s40798-023-00629-w,Developing Decision-Making Expertise in Professional Sports Staff: What We Can Learn from the Good Judgement Project,2023,N
10.4324/9781410617071-20,Understanding the Student Input,2006,N
10.1163/2214-448x_eagll_eagllcom_00000379,Written versus Spoken Language,,N
10.2307/j.ctt4cgmkj.8,STRAIGHTEN UP AND FLY RIGHT:,,N
10.1017/cbo9781139015684.016,Aiding judgment and decision making,2011,N
10.1371/journal.pone.0042003,Effectiveness and Cost-Effectiveness of Antidepressants in Primary Care: A Multiple Treatment Comparison Meta-Analysis and Cost-Effectiveness Model,2012,N
10.4324/9781003089889-6,Understanding yourself as a coach,2020,N
10.1515/9780791480434-007,Multiple Synchronicities of a Chess Grandmaster,2007,N
10.2139/ssrn.4626326,Improving the Debugging Skills of a Novice Programmer Through Enhanced Knowledge of Interactive Debugging,2023,N
10.1017/cbo9780511511011.015,Mission or Money: What Do Colleges and Universities Want from Their Athletic Coaches and Presidents?,2001,N
10.4324/9781003251309-20,Coach Developers as Agents of Change,2023,N
10.23860/diss-lynch-kenneth-2020,"STRUCTURED, INDIVIDUALIZED, VIDEO-BASED COACHING TO IMPROVE TECHNICAL SKILL ACQUISITION",,N
10.4324/9781003235385-2,Measuring Grit,2021,N
10.12927/cjnl.2018.25472,Exploring the Effectiveness of Multisource Feedback and Coaching with Nurse Practitioners,2018,N
10.22251/jlcci.2024.24.6.393,Aspects of Vietnamese female marriage immigrants adapting to Korean food culture: Based on Berry's cultural adaptation theory,2024,N
10.1108/oxan-db250955,Ukraine clashes reflect and worsen diplomatic impasse,2020,N
10.1037/a0017485,The Psychology of Elite Performers,2009,N
10.1007/978-3-642-79149-9_23,Tutoring Mathematical Text Problems: From Cognitive Task Analysis to Didactic Tools,1994,N
10.5771/9781782557449-279,11 Pillar 7: Coach provision and coach development,2015,N
10.4324/9781003232322-12,Reflections on supporting coaches in performance sport,2024,N
10.1037/e500382012-001,Tacit Knowledge and Practical Intelligence: Understanding the Lessons of Experience,2001,N
10.1007/3-540-47987-2_61,An Intelligent Tutoring System Incorporating a Model of an Experienced Human Tutor,2002,N
10.1038/s41598-026-59780-5,AI-based performance feedback and coaching effectiveness: a moderated mediation model in football,2026,N
10.1109/icces.2010.5674830,Stealthy code obfuscation technique for software security,2010,N
10.1007/3-540-68716-5_88,Computational Instructional Design for Construction of Adaptive Tutors in Real Time from Distributed Learning Objects,1998,N
10.4324/9780203451496-12,Helping students become peer tutors,2003,N
10.4135/9781446251577.n7,From Friendship to Coaching: A Brief Genealogy of Coaching: Conclusion,2012,N
10.1007/978-1-4020-6532-3_6,Master Zhu’s Wisdom,,N
10.4324/9781315806129,Naturalistic Decision Making,2014,N
10.4135/9781544394046.n7,"Let’s Start Our Journey
 : Enacting Educators’ Successful Wisdom of Practice",2020,N
10.4324/9780203016497-14,Supervising and supporting students one-to-one at a distance,2013,N
10.14507/er.v24.2300,Review of Grit in the classroom: Building perseverance for excellence in today’s students,2017,N
10.52121/alacrity.v2i3.117,The Effectiveness Of Using Picture Series On Students’ English Writing Skill Of Recount Text At SMA Dharma Bakti Medan,2022,N
10.1177/0305735614534910,"When quantity is not enough: Disentangling the roles of practice time, self-regulation and deliberate practice in musical achievement",2014,N
10.4324/9781410617071-9,The Collection and Analysis of Tutoring Transcripts,2006,N
10.1519/ssc.0000000000000044,Advanced Strength and Power Training for the Elite Athlete,2014,N
10.38159/npub.eb2021501,African Piano Tutor – Pianoforte Tutor Beginners Level 1,2021,N
10.54859/kjogi108021-65490,Figure 1. Schematic representation of the CRMT model,,N
10.4324/9781003160939-18,Coach Development Pedagogy,2024,N
10.1093/acref/9780195301731.013.74074,Grandmaster Flash,2016,N
10.4135/9781506312125,Go in as a Coach Go out as a Coach,2013,N
10.6007/ijarped/v14-i1/24388,Challenges in Teaching Music among Adult Beginner of Private Esperto Music Studio,2025,N
10.21203/rs.3.rs-10036689/v1,"Governance Transformation in China’s Elite Sport elite sport reserve talent development: A Policy Text Analysis of 47 National Documents, 1949–2024",2026,N
10.11606/d.27.2025.tde-23012026-131651,Sistema Tutor Dalhi: buscando o fluxo para o treinamento auditivo,,N
10.26512/rpf.v1i1.46024,Strengthening Pedagogical Content Knowledge Of Preservice Physics Teachers: 3 Cases On Electric Circuits,2022,N
10.1016/b978-0-12-373594-2.00009-5,Web-Based Learning Environments,2009,N
10.5040/9781472552846.ch-010,Is learning outside the classroom worth it?,,N
10.21236/ada492114,Naturalistic Decision Making: Implications for Design,1993,N
10.22251/jlcci.2023.23.24.125,The Influence of Self-Differentiation on Adjustment to college Life: Moderated Mediation Effect of Career Decision-Making Level through Career Preparation Behavior,2023,N
10.4324/9780203134252-3,Setting the scene,2002,N
10.4324/9780429296482-20,Coaching tactics and decision-making in target games,2020,N
10.4324/9780203383889-12,Learning more from reading,2004,N
10.3390/educsci15111502,Helpful or Harmful? Comparative Study of Perceived and Actual Effectiveness of LLM-Driven Tutors in Game-Based CFL Learning,2025,N
10.1037/e683152011-150,"Investigation of the effects of team coaching, performance feedback, and collective efficacy on small group performance",2011,N
10.37514/wln-j.2018.42.7.05,"Tutors' Column: ""Paradoxical Authority: Preparing Tutors for Classroom-Based Tutoring""",2018,N
10.5040/9798216455790.ch-014,What Makes Great Teachers Great?,2020,N
10.61686/llmqb66319,,,N
10.4324/9781003091608-15,Hire Great Teachers,2020,N
10.3102/1682698,"The Effects of Persistence, Grit, and Perseverance on Underrepresented Students in STEM Education",2021,N
10.4324/9780080554426-7,Comparative elite sport development,2007,N
10.1108/oxan-es246720,Kenya rate cap impasse will stifle business,2019,N
10.4324/9781003148418-2,Physical preparation,2023,N
10.21037/ajo-2026-1-0013,Eye-tracking differences between expert and novice gaze in otolaryngology: a systematic review,2026,N
10.1108/s0742-332220150000032006,The Nature of Expertise in Organization Design: Evidence from an Expert–Novice Comparison,2015,N
10.18260/1-2--57724,"Trust me, I’m an Engineer: Exploring engineering Identity and concepts of expert versus novice in the aerospace engineering industry",,N
10.5040/9798400695995.ch-001,Introduction,2010,N
10.1080/10413200701188944,Effective Talent Development: The Elite Coach Perspective in UK Sport,2007,Y
10.5353/th_b3124406,Conceptions of the pedagogical content knowledge : changing experiences of geography student teachers,,N
10.1080/00140139.2010.513746,Biomechanical differences between expert and novice workers in a manual material handling task,2010,N
10.64628/aaj.t9st6ncjy,Teachers change lives – but what makes a great teacher?,2023,N
10.1108/oxan-es278274,Moves against cybercrime infrastructure have limits,2023,N
10.4324/9781410617071-18,The Architecture of an Intelligent Tutoring System,2006,N
10.3389/fspor.2019.00014,"Optimal Development of Youth Athletes Toward Elite Athletic Performance: How to Coach Their Motivation, Plan Exercise Training, and Pace the Race",2019,N
10.1201/9781420000245.ch6,Six Sigma Approach to Problem Solving,2001,N
10.4324/9780429354700-34,Ambition Without Grandiosity,2020,N
10.31234/osf.io/3rh9a,Experience-driven recalibration of learning from surprising events,2021,N
10.4324/9781315174242-4,The Self-Managing Tutor Group,2018,N
10.4324/9781003593713-10,Coaching outdoors with horses,2026,N
10.7203/clinicajuridica.20817,"Informe para la Asociación Española Pro Derechos Humanos (APDHE). Denuncia sobre la falta de independencia del Poder Judicial español en la investigación de los crímenes del franquismo. Valencia, 14 de junio de 2019",2021,N
10.1007/978-3-032-11842-4_8,The Impact of Psychological Mindedness on Executive Coaching Effectiveness,2026,N
10.1007/978-1-349-17599-4_9,Quantity Surveying Organisation and Practice,1984,N
10.1167/10.7.962,Eye movement patterns during object recognition are modulated by perceptual expertise and level of stimulus classification.,2010,N
10.4324/9781315266343-4,Being the national coach in an Olympic sport,2019,N
10.53841/bpsicpr.2006.1.1.47,Person-centred coaching psychology: A meta-theoretical perspective,2006,N
10.1177/0255761409102319,Improving studio music teaching through understanding learning styles,2009,N
10.1108/oxan-es238195,Morales moves stoke Guatemala corruption tensions,2018,N
10.21832/9781800411241-005,2 Noticing: An Integrative Perspective,2021,N
10.4324/9781003472438-14,Sport Coach Assessment in New Zealand,2024,N
10.4135/9781036213695,Formative Assessments,2025,N
10.1007/978-3-662-70726-5_2,Game Philosophy vs. Strategy vs. Tactics vs. Principles,2025,N
10.1108/oxan-db218283,Trump deportation moves threaten Central America,2017,N
10.1007/978-1-4757-6846-6_2,Judgment and Decision Making Under Time Pressure,1993,N
10.7717/peerj.21778/table-5,Table 5: Comparison of landing phase technical parameters between the elite and novice groups.,,N
10.2307/j.ctv1mgm7ng.9,A Silent Master:,2021,N
10.7330/9780874215014.c022,11 Classroom-Based Tutoring and the “Problem” of Tutor Identity: Highlighting the Shift from Writing Center to Classroom-Based Tutoring,2005,N
10.4324/9781315212944-14,Qualitative or Naturalistic Inquiry,2017,N
10.15858/engtea.78.4.202312.83,"Primary Teachers’ Knowledge Base of Pronunciation Instruction: Their Content Knowledge, Pedagogical Content Knowledge, and Technical Pedagogical Content Knowledge",2023,N
10.1109/fie.2014.7044420,Meaningful categorisation of novice programmer errors,2014,N
10.1007/978-3-642-86679-1_15,Expert Systems as Cognitive Tools for Human Decision Making,1987,N
10.1093/anb/9780198606697.article.1900692,"Crisler, Fritz (1899-1982), football coach and athletic administrator",2000,N
10.4324/9780429457319-9,Facilitating self-directed learning,2018,N
10.1187/cbe.17-07-0149,Teacher Knowledge for Active-Learning Instruction: Expert–Novice Comparison Reveals Differences,2018,N
10.1037/0000351-002,Instructions for the psychodynamic therapy deliberate practice exercises.,2023,N
10.4324/9781003511199-6,Skill and the survival of apprenticeship,2024,N
10.4324/9781351199636-24,Working in and with the relationship – the coach as instrument,2019,N
10.4324/9781315768595-13,Motivational Scaffolding Strategies,2014,N
10.1037/0000297-002,Instructions for the motivational interviewing deliberate practice exercises.,2022,N
10.4324/9780203356630-13,Healthy societies: quality and quantity of life,2006,N
10.1007/s10639-025-13359-1,"Hybrid models of piano instruction: How combining traditional teaching methods with personalized AI feedback affects learners’ skill acquisition, self-efficacy, and academic locus of control",2025,N
10.1109/tale.2014.7062639,"Software science: Module, program, forms of software, and code-translation",2014,N
10.21832/9781800411241-010,7 Noticing of Embodied Resources,2021,N
10.1007/978-3-540-30139-4_116,Interactively Building a Knowledge Base for a Virtual Tutor,2004,N
10.7554/elife.29087.023,Audio file 1. A song file of tutor Blue 63 (the tutor for Gray 180 and Gray 139).,,N
10.4324/9781041054351-10,Measuring impact,2025,N
10.1787/888932734761,"Figure 1.22. Average size of immigrant and native-born households with children and more than one adult, 2009",,N
10.1515/9780691265896-004,2 The Rise and (Partial) Fall of Apprenticeship,2025,N
10.4135/9781473906839.n10,What Next?,2014,N
10.1007/978-94-017-0617-9_4,User Modelling in the Interactive Anatomy Tutoring System ANATOM-TUTOR,1998,N
10.1177/001872677903201001,"Effects of Goal Specificity and Performance Feedback to Work Groups on Peer                 Leadership, Performance, and Attitudes",1979,N
10.4324/9781410604200-35,Tactical Mission Analysis by Means of Naturalistic Decision Making and Cognitive Systems Engineering,2001,N
10.1007/978-3-319-57051-8_4,What Do Experienced Tutors Advise?,2017,N
10.1177/0305735694221004,Teaching Practice Strategies in the Music Studio: A Survey of Applied Music Teachers,1994,N
10.1163/27730840-03502003,"Expertise, Expert Teaching and Experienced Teachers’ Knowledge of Learning Theory",2003,N
10.1142/9789811226557_0003,How Learning Looks for a Novice: Implications of Expert–Novice Research for Physics Teaching and Learning,2020,N
10.7717/peerj-cs.2447/fig-5,Figure 5: Schematic representation of the proposed model.,,N
10.1080/14626269409408339,Expert Systems for Teaching,1994,N
10.1109/tai.1999.809760,Managing inference process in student modelling for intelligent tutoring systems,,N
10.3386/w16885,What Makes an Effective Teacher? Quasi-Experimental Evidence,2011,N
10.15476/elte.2020.164,The Role of Adult Learning Processes in the Practice of Mentoring Novice Teachers,,N
10.4324/9780203383889-51,Negotiating learning agreements,2004,N
10.11606/d.55.2018.tde-19032018-143626,O Sistema Tutor de um Ambiente Inteligente para Treinamento e Ensino,,N
10.1007/s11618-017-0729-3,Reactivity effects in video-based classroom research: an investigation using teacher and student questionnaires as well as teacher eye-tracking,2017,N
10.4324/9781041057833,Using Lesson Observation to Improve Learning,2025,N
10.18296/set.0887,What makes for an effective literacy learning activity? Seven Years of Observation and Analysis,1997,N
10.1016/s0031-9406(05)61321-1,Differences in the Clinical Reasoning Process of Expert and Novice Cardiorespiratory Physiotherapists,2000,N
10.4324/9781315776675-16,Eye Tracking Methods in Sport Expertise,2015,N
10.1787/888933149192,Figure 8.1 Impact of IMPROVE on teachers' pedagogical content knowledge,,N
10.1075/rmal.5.15shi,"Methodological considerations in the analysis of synchronous and
						asynchronous written corrective feedback",2023,N
10.1093/gmo/9781561592630.article.j545400,Creative Music Studio,2003,N
10.1533/9780857099419.3.89,Exemplar Models: Expert-Novice Student Behaviours,2007,N
10.2307/jj.22246998.389,PERCEPTIONS OF FORMATIVE FEEDBACK AMONG PRE-SERVICE TEACHERS:,2024,N
10.54499/2025.01221.bdana,,2026,N
10.1017/9781009002042.018,Thurstonian Uncertainty in Self-Determined Judgment and Decision Making,2023,N
10.26634/jet.16.4.16597,Examining Learners' Interaction Pattern In Asynchronous Text-Based Online Learning,2020,N
10.1037/e548052012-561,Cohesion or collective efficacy: What should be the focus of elite female handball team coaches?,2007,N
10.7551/mitpress/9780262034319.003.0007,Recursion as a Usage-Based Skill,2016,Y
10.5749/9781452974422-003,Grit And Perseverance,2010,N
10.1007/978-3-662-45119-9_15-1,Feedback for Performance Development,2017,N
10.1163/9789087903657_004,Pedagogical Content Knowledge,2006,N
10.4324/b23184-7,Coach developers in a multisport club,2024,N
10.1177/174183051601410s02,From expert to novice: Supporting mentor development through professionalisation of practice in formal schemes,2016,N
10.1016/j.physbeh.2022.113918,Are there neurophysiological differences behind the play of different chess modalities?: An international grandmaster case study.,2022,N
10.2307/j.ctt9qf0qh.12,APPENDIX II,2014,N
10.1519/ssc.0b013e318163bc88,Dual Role Athletic Trainer/Strength Coach,2008,N
10.53712/sigma.v7i2.1286,ANALISIS PEMAHAMAN PESERTA DIDIK BERDASARKAN TAKSONOMI BLOOM DITINJAU DARI GAYA KOGNITIF PADA SOAL SPLDV,2022,N
10.5353/th_b4961800,What makes social enterprise effective in Hong Kong,,N
10.4324/9781003458975-6,Feedback,2024,N
10.1108/978-1-80043-202-420211005,Creating an Expert Decision Model Designed to Improve Student Learning in First-year General Chemistry Courses,2021,N
10.1007/978-3-032-11842-4_3,Executive Coaching,2026,N
10.1080/02640410701245550,Perceptions of elite coaches and sports scientists of the research needs for elite coaching practice,2007,N
10.4324/9781315192833-7,Adapting Instruction for the Learner,2017,N
10.5040/9798400695995.ch-005,Chess Basics,2010,N
10.4324/9781003041689-2,Live performance versus studio recording,2025,N
10.4324/9780203806913.ch13,"Performance Analysis, Feedback and Communication in Coaching",,N
10.18666/jasm-2016-v8-i2-6373,"Understanding Talent Retention within a Sport System: Exploring the Elite Youth Hockey Development System in Alberta, Canada",2016,N
10.1177/1747954116667113,Coaching sprinting: Expert coaches’ perception of resistance-based training,2016,N
10.1542/9781610027151-ch37,Preventive Services,2023,N
10.1016/0360-1315(93)90070-y,Modelling techniques for tutoring systems,1993,N
10.33612/diss.916088098,"Study profile guidance: perspectives of students, school counsellors and tutors in Dutch secondary education",,N
10.1016/j.nedt.2025.106819,Peer tutor preparations' impact on tutor-tutee-congruence: Insights from expert interviews,2025,N
10.2139/ssrn.3207681,The Effect of Feedback Content and Timing on Self-Other Gap in Risk-Taking,2018,N
10.4324/9781003140290-11,Elite athlete activism for gender equality in sport,2021,N
10.18823/asiatefl.2021.18.3.8.875,Cognitive Coaching: Developing Teachers of English as Self-directed Learners,2021,N
10.4324/9781003232322-7,"An Embedded, Relational, Emergent conceptualisation of coach learning and development",2024,N
10.1093/jmt/18.4.166,Effect of Instructions and Feedback on Music Teaching Skills,1981,N
10.4324/9780203016497-6,"Introduction: Supervising, mentoring, coaching and personal tutoring: working one-to-one with students",2013,N
10.4324/9781003051343-2,Introduction to Skill Acquisition in Judo,2024,N
10.5040/9798216546368.ch07,The Feedback Caution,2018,N
10.1093/ptj/71.3.190,Expert Decision Making in Physical Therapy—A Survey of Practitioners,1991,N
10.1515/9783111002415-008,Chapter 8 Coaching Skill: Asking Powerful Questions,2024,N
10.32469/10355/109454,Teaching the collegiate non-music major student in the applied string studio : a phenomenological study,,N
10.1017/9781316480748.025,Expert Professional Judgments and “Naturalistic Decision Making”,,N
10.1057/9780230306790_13,Home Tutor Cognitions and the Nature of Tutor—Learner Relationships,2011,N
10.1787/888933740725,Figure 3.14 Relationship between socio-economic differences in reading performance and in the share of novice teachers,,N
10.64628/aam.mksvdppdw,Canada’s disappearing ‘average farmer’ means one-size-fits-all policies no longer work,2022,N
10.26803/ijlter.23.1.19,Empowering e-Tutors for Effective Online Teaching and Learning: E-tutors’ Challenges and Perceptions,2024,N
10.2307/1175554,The 2 Sigma Problem: The Search for Methods of Group Instruction as Effective as One-to-One Tutoring,1984,N
10.2307/jj.19307125.10,Apprenticeship as Learning,2025,N
10.1177/154193129003401823,Building an Intelligent Tutoring System: Some Guidelines from a Study of Human Tutors,1990,N
10.1109/rtcdc.2005.201638,Visual programming for novice programmer teachers,2005,N
10.5951/mathteaceduc.7.2.0057,The Student Discourse Observation Tool: Supporting Teachers in Noticing Justifying and Generalizing,2019,N
10.4324/9781003452454-15,"Self-, peer-, and performance coaching",2025,N
10.1007/978-94-6091-821-6_2,Pedagogical Content Knowledge,2012,N
10.3998/mpub.11373292.cmp.83,"Grandmaster (Yidai Zongshi, 2013)",,N
10.51979/kssls.2010.08.41.557,Becoming a Wheelchair Basketball Coach - A Case Study ofa Top Elite Wheelchair Basketball Coach,2010,N
10.2307/jj.19307125.22,APPENDIX 4:,2025,N
10.1177/0270467604265011,Skill Acquisition in Ski Instruction and the Skill Model’s Application to Treating Anorexia Nervosa,2004,N
10.1076/call.15.4.373.8266,The Tutor Assistant: An Authoring Tool for an Intelligent Language Tutoring System,2002,N
10.1163/9789004410497_016,Master Mariners and Practice Wisdom,2019,N
10.14324/111.444.0000-0000.1699,Automated Classification of Tutors' Dialogue Acts Using Generative AI,2026,N
10.4135/9781071845417.n2,Keep the Focus on Student Learning,2021,N
10.4324/9781003400141-2,Great Teacher Language,2023,N
10.23860/diss-hersey-nicole-2018,INVESTIGATING BEGINNING SECONDARY MATHEMATICS TEACHERS’ PERCEPTIONS AND DEVELOPMENT OF THEIR PEDAGOGICAL CONTENT KNOWLEDGE,,N
10.4324/9780429354700-4,Creative Geometry,2020,N
10.22316/poc/04.1.05,Reciprocal peer coaching supported by a professional coach: The future of sustained leader development?,2019,N
10.4324/9781003360254-27,Reimagining formative assessment and feedback,2025,N
10.31390/gradschool_dissertations.209,A Science Education Study Using Visual Cognition and Eye Tracking to Explore Medication Selection in the Novice Versus Expert Nurse Anesthetist,,N
10.5089/9781451855173.001.a001,Skill Acquisition and Firm Creation in Transition Economies1,,N
10.1080/01587919.2011.610290,Tutor and student perceptions of what makes an effective distance language teacher,2011,N
10.1109/icsmc.2012.6377887,Knowledge mediator Decomposing expert agent knowledge to develop novice agent knowledge comprehension,2012,N
10.4324/9780203646946-10,A Cognitive Analysis of Patterns in Science Instruction by Expert and Novice Teachers,2004,N
10.19030/ctms.v4i9.5568,Instruction Of Competent Psychomotor Skill,2008,N
10.1016/j.apergo.2013.09.014,Do the coach and athlete have the same «picture» of the situation? Distributed Situation Awareness in an elite sport context,2014,N
10.5771/9781475865028-109,Biographies,2022,N
10.1111/modl.12317,The Effectiveness of Synchronous and Asynchronous Written Corrective Feedback on Grammatical Accuracy in a Computer‐Mediated Environment,2016,N
10.32469/10355/66375,"Analysis of content and pedagogical content knowledge in secondary mathematics teachers' preparation programs : perceptions of novice teachers, cooperating teachers, and university professors",,N
10.1016/j.tate.2004.04.008,Initial knowledge states about assessment: novice teachers’ conceptualisations,2004,N
10.4324/9781410604200-20,Analyzing Submarine Decision Making: A Question of Levels,2001,N
10.2139/ssrn.7418781,The Average-Fit Loss: A Unifying Metric for the Cost of One-Size-Fits-All Systems,2026,N
10.4324/9781003373315-2,AWE: Effectiveness and student engagement,2023,N
10.1016/s0921-2647(06)80142-5,User modelling and system adaptation in the interactive anatomy tutoring system anatom-tutor,1995,N
10.1007/3-540-68716-5_50,Toward a Unification of Human-Computer Learning and Tutoring,1998,N
10.5070/l422049267,Linguistic Features of Formative Feedback on ESL Argumentative Writing: Comparing Pre-service and Experienced Teachers,2021,N
10.4324/9780429354700-26,Creative Boxes,2020,N
10.3389/fpsyg.2026.1785482,"Understanding coach burnout in high-performance sport: the sequential effects of knowledge, psychological safety, and coach–athlete relationships",2026,N
10.1201/9781315597584-10,Cultural Variations in Mental Models of Collaborative Decision Making,2017,N
10.4135/978144627305013514661,"Academic Performance of Latina Students at an Early College High School: A
            Qualitative Case Study",2014,N
10.3352/jeehp.2012.9.10,Improved quality and quantity of written feedback is associated with a structured feedback proforma,2012,N
10.1007/11774303_113,Affect in One-to-One Tutoring,2006,N
10.1167/jov.24.10.495,Individual differences in eye movements and perceptual averaging,2024,N
10.4135/9781452219493.n5,Formative Feedback for Teaching,2010,N
10.4324/9781315443720-18,Swimming,2016,N
10.1080/0144341970170404,"Do Boys or Girls Make Better Reading Tutors? An Empirical Study to Examine Children's Effectiveness as Tutors Using the Pause, Prompt and Praise Procedures",1997,N
10.4324/9781315255668-3,Scientific Expertise and Regulatory Decision-making,2017,N
10.4324/9781315453736-10,Moving from Novice Towards Expert Teacher,2018,N
10.1109/hicss.2001.927187,Expert versus novice use of the executive support systems: an empirical study,,N
10.2307/j.ctt4cgmkj.7,"ORIGAMI, ANYONE?",,N
10.3115/1118894.1118899,A comparison of tutor and student behavior in speech versus text based tutoring,2003,N
10.2196/11797,The Addition of Asynchronous Chat-Based Coaching to a Digital Behavioral Health Tool Promotes Support and Personalization,2018,N
10.1016/0742-051x(87)90031-x,From veteran parent to novice teacher: A case study of a student teacher,1987,N
10.4324/9780429354700-49,Mind-Movie Muse,2020,N
10.1093/anb/9780198606697.article.1900104,"Kiphuth, Robert John Herman (1890-1967), swimming coach and athletic director",2000,N
10.1093/oso/9780190059538.003.0001,Frameworks and Models in Decision-Making and Judgment in Child Welfare and Protection,2020,N
10.1016/j.tate.2023.104202,Noticing structural inequities in classroom discussions: The relationship between teacher educator pedagogies and teachers’ noticing,2023,N
10.1177/1747954119829918,"The effectiveness of constraint-led training on skill development in interceptive sports: A systematic review (Clark, McEwan and Christie) – A Commentary",2019,N
10.1057/9781137359209.0015,Person-centred coaching,,N
10.4135/9781412986076.n5,Other Applications of Systematic Self-Observation,2002,N
10.1037/e705482007-001,Prototype of Countertransference: A validation and Individual Differences Study Among Expert and Novice Counselors,2007,N
10.15694/mep.2018.0000106.1,Exploring tutor perceptions and current practices in facilitating diagnostic reasoning in preclinical medical students: Implications for tutor professional development needs,2018,N
10.15561/18189172.2019.0606,The psychophysiological differences between expert and novice rifle shooters during the aiming period,2019,N
10.4324/9780429351037-4,Team-Based Learning as an Instructional Strategy for Undergraduate Coach Education,2019,N
10.21313/hawaii/9780824835439.003.0002,Translations,2012,N
10.1177/174183051201000103,Examining the Effectiveness of Executive Coaching on Coachees’ Performance in the Israeli Context,2012,N
10.1016/j.system.2016.12.015,Scaffolding teacher cognition: Changes in novice L2 teachers' pedagogical knowledge base through expert mentoring initiatives,2017,N
10.7710/2168-0620.0285,"Preservice Teacher Education Programs, Novice Teachers, and Classroom
                        Management Preparation",2021,N
10.15607/rss.2023.xix.029,Robotic Skill Acquisition via Instruction Augmentation with Vision-Language Models,2023,N
10.4324/9781410617132,Teaching Fractions and Ratios for Understanding,2006,N
10.24071/llt.v21i2.937,THE EFFECTIVENESS OF GRAMMAR TUTORING PROGRAM  BASED ON STUDENTS� FEEDBACK BATCH 2016 ELESP,2018,N
10.5040/9798216005100.ch-004,Write Like a Grandmaster,2009,N
10.1038/scientificamerican1090-44,A Grandmaster Chess Machine,1990,N
10.1136/sbmj.i2121,View from the admissions tutors: what type of work experience do you need?,2017,N
10.1007/978-3-032-11842-4_10,Conclusions,2026,N
10.5040/9798216426929.ch-003,Science and Practice,2024,N
10.36229/978-65-86127-10-2.cap.13,De tutor para tutor: Uma experiência de formação,2020,N
10.4324/9781003390527-11,Coaching Supervision Groups,2024,N
10.4324/9781315562476-14,How the coach–athlete relationship can fly or founder,2017,N
10.21573/vol42n12026.154371,O tutor de prática profissional: uma comparação analítica internacional,2026,N
10.4324/9781003160939-25,Developing Coach Developers in and for Performance Development and High-Performance Sport,2024,N
10.5040/9781472549785.ch-005,"Nursing Mother, Ancient Shepherd, Athletic Coach? Some Images of Christ in the Early Church",1997,N
10.4314/sajhe.v16i2.25250,Self-directed learning: adult learners' perceptions and their study materials,2002,N
10.1109/afrcon.2017.8095531,A comparison of three architectures supporting mobile text-based mathematics tutoring,2017,N
10.24321/3117.4809.202508,Autonomous  AI-Driven  Skill  Assessment  for  Apprenticeship Training,2026,N
10.33422/2nd.icfte.2019.12.856,Intelligent Tutoring Systems in Music Education,2019,N
10.1515/9783111002415-009,Chapter 9 Coaching Skill: Reframing,2024,N
10.51127/jamdc5i4oa01,DIAGNOSTIC  ACCURACY  OF  MICROSCOPY  VERSUS  PCR  TECHNIQUEFORTHEDETECTION OF PLASMODIUMSPECIESIN PAKISTAN,2023,N
10.1108/oxan-es256854,End to Philippine impasse boosts two Dutertes,2020,N
10.4324/9781410603098-19,Tacit Knowledge in Sales: A Practitioner’s Perspective,1999,N
10.4324/9780203052594-8,Motivational Techniques of Expert Human Tutors: Lessons for the Design of Computer-Based Tutors,2013,N
10.1177/07417136251393980,Evaluating the Concurrent Validity of Self-Rating Scale and Instrument for Self-Directed Learning Among Middle-Aged and Older Adult Learners,2026,N
10.7554/elife.15129.013,Figure 6. Schematic illustration of working model.,,N
10.1257/rct.5391,Improving Worker Productivity Through Tailored Performance Feedback: Field Experimental Evidence from Bus Drivers,2020,N
10.1007/s40593-015-0052-1,Implementation of Motivational Tactics in Tutoring Systems: 20 years on,2016,N
10.4324/9780203056899-13,Parsimonious Covering Theory In Cognitive Diagnosis and Adaptive Instruction,2013,N
10.2196/preprints.11797,The Addition of Asynchronous Chat-Based Coaching to a Digital Behavioral Health Tool Promotes Support and Personalization (Preprint),2018,N
10.1177/1747954118812461,The effectiveness of constraints-led training on skill development in interceptive sports: A systematic review,2018,N
10.1590/1984-6398202559538,The Impact Students’ Preferences Have on Written Corrective Feedback Effectiveness,2025,N
10.4324/9781003595755-11,Performance Analysis and the Observation of Psychological Behaviours in Youth Football,2026,N
10.4324/9781003569916-7,Barriers to modern organizational wisdom,2025,N
10.1080/01449299208924353,Some surprising differences between novice and expert errors in computerized office work,1992,N
10.1007/3-540-45108-0_55,Accretion Representation for Scrutable Student Modelling,2000,N
10.5353/th_b5328025,Experienced teachers' development of pedagogical content knowledge for teaching a new topic,,N
10.4324/9781315095080-2,Focus Article: Taking Stock of Naturalistic Decision Making,2017,N
10.21203/rs.3.rs-68473/v1,Feedback after OSCE: A comparison of face to face versus an enhanced written feedback,2020,N
10.1177/17479541261430599,"Optimizing coach–athlete relationships: How team identification, emotional intelligence, and age influence the effects of perceived coach behavior",2026,N
10.46827/ejel.v9i5.5663,"PERSPECTIVES OF EFL TEACHERS ON CONTENT KNOWLEDGE, TECHNOLOGICAL CONTENT KNOWLEDGE, AND PEDAGOGICAL CONTENT KNOWLEDGE",2024,N
10.2307/1162873,"Ethnic Similarity, Tutor Expertise, and Tutor Satisfaction in Cross-Age Tutoring",1989,N
10.2139/ssrn.937929,What Distinguishes Morality from Ethics?,2006,N
10.2139/ssrn.7252138,From Expert to Novice Again: Recurrent Expertise Expansion in the Age of Artificial Intelligence,2026,N
10.1108/oxan-es239579,Brazil ministerial moves prompt widespread questions,2018,N
10.4324/9780429351037-16,Differentiated Instruction Through Engaged Lecturing for Coach Development,2019,N
10.1007/978-3-319-07221-0_22,Survival Analysis on Duration Data in Intelligent Tutors,2014,N
10.23943/princeton/9780691153872.003.0002,Race,2016,N
10.1109/isaes66870.2025.11274331,Enhancing the Recognition-Primed Decision Model with a Novel Feature Reduction Method for Predicting Pilot Decision-Making in Midair Encounter Scenarios,2025,N
10.7717/peerj-cs.1535/fig-2,Figure 2: Schematic diagram of BERT-Span model.,,N
10.2139/ssrn.7036766,"Deploying a Course-Specific Artificial Intelligence Tutor Chatbot in Chemical Engineering Computation: A Mixed-Methods Evaluation of Student Learning Outcomes, Engagement, and Self-Efficacy",2026,N
10.2307/jj.34278837.38,ELITE EIGHT,2026,N
10.2139/ssrn.6167869,Moral Apprenticeship Without Adults: A Model-Fit Case Study of Media-as-Generation and Clockwork Conditioning,2026,N
10.4324/9781003089889-37,Contracting in coaching,2020,N
10.4324/9781003370901-8,Cognitive theory of visual expertise,2024,N
10.1177/074171369904900301,Self-Assessment at Work: Outcomes of Adult Learners' Reflections on Practice,1999,N
10.37514/wln-j.2019.44.3.05,"Tutors' Column: ""Sexism, Conflict, and Cultural Differences: What One Terrible Session Taught Me about the Assumptions I Bring to Tutoring""",2019,N
10.4324/9780429296482-17,Volleyball,2020,N
10.6028/nist.ir.7201,Effect of image size and compression on one-to-one fingerprint matching,2005,N
10.14711/thesis-991012555269603412,Developmental models of motion perception and tracking eye movements,,N
10.1002/9781118089965.fmatter,Front Matter,2011,N
10.1108/978-1-62396-078-020251019,The Journey From Novice to Expert,2012,N
10.4324/9781410604200-26,Using and Gaining Experience in Professional Software Development,2001,N
10.1093/ww/9780199540884.013.u41278,"Yarnold, Rev. Edward John, (14 Jan. 1926–23 July 2002), DD; Tutor in Theology, Campion Hall, Oxford, since 1964 (Master, 1965–72; Senior Tutor, 1972–74)",2007,N
10.1123/iscj.2015-0038,"Developing a Systematic Evaluation for Coaches, a Commentary on ‘Coach Evaluation’ by Gillham, Hansen and Brady",2015,N
10.1111/ijal.70053/v1/review2,"Review for ""Linguistic Analyses on Written Corrective Feedback for Chinese as a Second Language: ChatGPT versus Human Teachers""",2025,N
10.1177/17479541261483238,A progressive coaching model for youth padel: Expert-based validation of developmentally adapted practice environments,2026,N
10.1007/s00779-017-1026-0,An e-coaching ecosystem: design and effectiveness analysis of the engagement of remote coaching on athletes,2017,N
10.1093/oso/9780199641420.003.0013,Professional Values and Decision Making,2013,N
10.1007/978-3-642-86679-1_17,Descriptive and Prescriptive Models for Judgment and Decision Making: Implications for Knowledge Engineering,1987,N
10.4135/9781506334936.n7,Competent,2021,N
10.4324/9781410604200-11,Decision Skills Training: Facilitating Learning From Experience,2001,N
10.4135/9781483300252.n1,Coaching Roles and Responsibilities,2013,N
10.1007/978-3-030-10576-1_300180,Dialogue-Based Tutoring Systems,2020,N
10.24297/jssr.v7i3.6623,Re-orientation of Science and Mathematics Teachers Instructional Strategies for Information Communication Technology Integration,2015,N
10.1177/0271121415592411,Coaching Via Electronic Performance Feedback to Support Home Visitors’ Use of Caregiver Coaching Strategies,2015,N
10.4324/9781041055983-7,"Expertise, professional development and a spot, swot and plot",2025,N
10.4324/9781315854830-5,"It’s People, Not Programs",2014,N
10.4324/9780429354700-20,Persona Mapping,2020,N
10.4018/978-1-5225-0159-6.ch046,Tutoring Process in Emotionally Intelligent Tutoring Systems,2016,N
10.31274/rtd-180817-3968,Student-teacher perception and elementary school classroom verbal interaction,,N
10.21236/ada438317,Automated Socratic Tutors for High-Level Command Skills,2005,N
10.1007/s10664-024-10550-9,Understanding and effectively mitigating code review anxiety,2024,N
10.1123/iscj.2016-0037,"Metacognition and Professional Judgment and Decision Making in Coaching: Importance, Application and Evaluation",2016,N
10.1007/978-3-322-86033-0_12,Immeuble de rapport «Studio Raspail» 1929–1932,1992,N
10.64628/ab.pk7angrft,UK brands are celebrating Eid – here’s what makes an effective and inclusive campaign,2025,N
10.1016/j.teln.2012.10.004,From bedside to classroom: From expert back to novice,2013,N
10.4324/9781315744841-5,How do admissions tutors view prospective applicants for teacher training?,2014,N
10.1016/b978-0-08-026785-2.50014-3,Comparisons Between High and Low Self-directed Learners,1984,N
10.1017/s1930297500004137,Editorial: Methodology in judgment and decision making research,2011,N
10.7717/peerj-cs.2718/fig-1,Figure 1: Schematic illustration of the proposed model.,,N
10.5771/9781461732662-95,Section III: The Mentoring Framework-a National Perspective,2004,N
10.1080/14613808.2019.1598345,Applied music studio teachers in higher education: evidence of learner-centred teaching,2019,N
10.31234/osf.io/a3rpt_v1,Eye-tracking reveals the perceptual basis of algebraic expertise,2026,N
10.1108/02621719010135110,"Enhancing Staff Members′ Performance through Feedback and
Coaching",1990,N
10.21125/iceri.2018.2582,DESIGN THINKING EXPERTISE: A NOVICE-TO-EXPERT LEVEL FRAMEWORK FOR TEACHING DESIGN THINKING,2018,N
10.5040/9798400681950.ch-003,Roles and Responsibilities of Performance Coaches,2007,N
10.1108/978-1-80043-202-420211016,Prelims,2021,N
10.4324/9781003390527-5,Demonstrating Ethical Coaching Supervision Practice,2024,N
10.1007/978-3-642-77681-6_10,A Framework for Instructional Planning and Discourse Modelling in Intelligent Tutoring Systems,1992,N
10.5040/9781350031937.ch-004,An Overview of the Development of Teacher Expertise,,N
10.1093/sw/40.6.799,Practice Wisdom,1995,N
10.30916/kera.57.3.1,The relationship between differences in adult learners' self-directed learning competencies and lifelong learning,2019,N
10.5951/mte-2019-0006,Noticing Aloud: Uncovering Mathematics Teacher Noticing in the Moment,2020,N
10.4324/9780203994986-14,A PROPOSED MODEL FOR COACHING,2005,N
10.1542/9781610027618-ch1,General Telemedicine Coding and Documentation Concepts,2024,N
10.1007/3-540-28451-6_18,Coach the Coach: Weiter- und Fortbildung von Profis,2006,N
10.4324/9781410617071-13,Carrying Out the Tutoring Task,2006,N
10.18592/let.v13i1.9343,Investigating Strategies for Mitigating and Avoiding Expert Blind Spot Development in Teaching English Attributive Adjectives,2023,N
10.4324/9780203134610-18,Self-organizing maps and cluster analysis in elite and sub-elite athletic performance,2013,N
10.4324/9781315743059-6,The problem with the pyramid,2015,N
10.1108/oxan-es278050,EU impasse shows persistent divergence over nuclear,2023,N
10.1109/clei64178.2024.10700211,Autumn of Code UC: an Experience Teaching Software Engineering Contributing to Open Source Projects,2024,N
10.5040/9798881821104.ch-4,Putting It All Together,2022,N
10.4172/2324-9080.1000208,Competition Calendar and Strength - Aerobic Training Sessions Interaction: The Brainteaser of Coach to Manage Training Schedule in Elite Team Sport Athletes,2015,N
10.1109/educon52537.2022.9766567,Conversational Intelligent Tutoring Systems for Online Learning: What do Students and Tutors Say?,2022,N
10.1080/02701367.2013.784722,Do Coaches Orchestrate? The Working Practices of Elite Portuguese Coaches,2013,N
10.1515/9780691235141-010,CHAPTER 5 The Race for First Machine Grandmaster,2022,N
10.1007/978-3-642-77575-8_6,Generative Knowledge and the Development of Situated Know-how in Intelligent Tutoring Systems: Implications for Student Modelling,1992,N
10.17077/etd.hgi8dv0k,Preservice secondary school mathematics teachers' knowledge of trigonometry,,N
10.1037/0000351-001,Introduction and overview of deliberate practice and psychodynamic therapy.,2023,N
10.1016/j.cell.2019.12.009,The Master Observational Trial: A New Class of Master Protocol to Advance Precision Medicine,2020,N
10.1080/13540602.2013.741839,Collaborative action research as a tool for generating formative feedback on teachers’ classroom assessment practice: the KREST project,2013,N
10.1023/a:1008152928725,Taking a Second Look: Expert and Novice Differences when Observing the Same Classroom Teaching Segment a Second Time,2000,N
10.1001/archpsyc.1963.01720150090010,Methods for Reliable Longitudinal Observation of Behavior,1963,N
10.1080/23750472.2022.2033638,Talent transfer: a complementary elite sport development pathway,2022,N
10.3390/ai6080193,Making AI Tutors Empathetic and Conscious: A Needs-Driven Pathway to Synthetic Machine Consciousness,2025,N
10.2307/jj.19307125,The Market for Skill,2025,N
10.1037/e665402011-595,Expert versus novice decision makers: It's not how much information but what kind of information that matters,1991,N
10.7759/cureus.59801,Analyzing the Differences in the Degree of Force Application Between Novice and Expert Physiotherapists Using a Muscle Deformation Sensor,2024,N
10.1002/bdm.1759,Deliberation Versus Intuition: Decomposing the Role of Expertise in Judgment and Decision Making,2012,N
10.21203/rs.3.rs-2934300/v1,Enhancing feedback by health coaching: The Effectiveness of Mixed Methods Approach to Long-Term Physical Activity Changes in Nurses. An Intervention Study,2023,N
10.4324/9781003469247-23,Coach Scholarship and Athletic Leadership,2025,N
10.4324/9780429354700-52,Creative Alchemy,2020,N
10.21236/ada328088,"Joint Force Commander 2010: Chess Master, Coach or Cheerleader?",1997,N
10.1109/aswec.2004.1290480,Teaching the process of code review,2004,N
10.4324/9781003604600-16,Utilising a Framework for Noticing to Develop Enabling and Strategic Value in UK High-Performance Coach Development,2026,N
10.1177/146879680600600407,Diversity’s Blind Spot or the Data’s Blind Spot?,2006,N
10.1007/11774303_77,Studying Human Tutors to Facilitate Self-explanation,2006,N
10.1123/jce.4.3.29,Coach Education in Ireland: Observations and Considerations for High Performance,2011,N
10.4324/9781003685951-12,A stage development approach to supervising dual-qualified coaches,2026,N
10.4324/9780429325977-5,Prevention versus Revenge,2020,N
10.4324/9781003360254-2,Formative assessment and feedback in post-digital higher education,2025,N
10.2307/jj.19307125.15,Exclusion in Practice?,2025,N
10.4324/9781003127055-3,Does executive coaching work? Is coaching worth the effort?,2021,N
10.1016/j.destud.2012.11.006,Cognitive strategies of analogical reasoning in design: Differences between expert and novice designers,2013,N
10.5040/9798216403265.ch-10,First-Year Challenges and the Mentoring Process,2021,N
10.1007/978-3-642-86679-1_8,Interactive Decision Support Systems for Enhancing Expert Judgment,1987,N
10.4324/9780203646564-18,Deliberate practice and expert performance,2004,N
10.1007/3-540-55606-0_73,Modelling expertise for educational purposes,1992,N
10.1123/iscj.2015-0036,"Evaluations, Stakeholders, and Resources: A Commentary on ‘Coach Evaluation from Three Perspectives: An Athletic Director, a Coach, and a Consultant’ by Gillham, Hansen, and Brady",2015,N
10.4135/9781071845417,"Student-Centered Coaching From a Distance: Coaching Moves for Virtual, Hybrid, and In-Person Classrooms",2021,N
10.4324/9781315856223,What Great Coaches Do Differently,2014,N
10.1016/j.eswa.2014.11.011,Feature decision-making ant colony optimization system for an automated recognition of plant species,2015,N
10.4324/9780203934333-13,Formative assessment and feedback techniques,2007,N
10.59433/kaosa.2025.20.4.03,Oral Life History of an Elite Judo Coach : From Athlete to Coach,2025,N
10.4324/9781003390527-12,Peer Coaching Supervision and Intervision,2024,N
10.4324/9781315102450-7,The importance of context in athlete-centred coaching,2017,N
10.1007/978-3-642-77202-3_5,Naive vs. Formal Grammars: A Case for Integration in the Design of a Foreign Language Tutor,1992,N
10.1108/oxan-es268466,Ethnic cleansing will harden Ethiopia’s Tigray impasse,2022,N
10.1145/1095242.1095254,Visual programming for novice programmer teachers,2005,N
10.1016/j.eswa.2022.119365,HAKA: HierArchical Knowledge Acquisition in a sign language tutor,2023,N
10.22251/jlcci.2021.21.5.627,The fluctuation of the income effect removed private education expenditure by school level and province,2021,N
10.22215/etd/2025-17028,The impact of GitHub Copilot on the Security of Code by Novice and Experienced Developers,,N
10.4324/9781351139762-8,Pathways to teaching expertise,2020,N
10.15242/dirpub.hdir1217205,Innovative Instructional Strategies Utilized by Professional Education Teachers,2018,N
10.1108/oxan-db247631,Turmoil points to protracted impasse in Bolivia,2019,N
10.1093/fampra/4.4.316,Family Practice Research: Quantity and Quality,1987,N
10.4324/9781003427292-8,Caring Determination – Serial Winning Coaches as Leaders,2023,N
10.31227/osf.io/w3hjx,DIGITAL GAMES IN DIGITAL LEARNING ENVIRONMENT; WHAT MAKES THEM EFFECTIVE IN EMBODYING VOCABULARY MASTERY?,2018,N
10.1007/11774303_21,Cognitive Tutors as Research Platforms: Extending an Established Tutoring System for Collaborative and Metacognitive Experimentation,2006,N
10.1007/978-981-13-5898-2_7,Illustrating and Developing Science Teachers’ Pedagogical Content Knowledge Through Learning Study,2019,N
10.3758/bf03195563,AutoTutor: A tutor with dialogue in natural language,2004,N
10.21203/rs.3.rs-68473/v2,Feedback after OSCE: A comparison of face to face versus an enhanced written feedback,2020,N
10.1111/j.1944-9720.2010.01108.x,The Effectiveness of Written Corrective Feedback in Teaching Beginning German,2010,N
10.59784/jpl.v1i2.8,Effectiveness of Written vs. Oral Corrective Feedback in Syntactic Structure Mastery,2025,N
10.1093/9780197830642.003.0011,Create a Feedback Culture and Coaching for Future Performance,2026,N
10.1111/1468-0122.00159,Tutors’ and Students’ Learning or Why do Schools have Tutors?,2000,N
10.1080/21640629.2026.2692178,Exploring coach education tutors’ expertise (re)development in practice,2026,N
10.5040/9781718214149.ch-011,Career Decision Making in Coaching,2021,N
10.4324/9781410617071-26,CIRCSIM-Tutor in the Classroom,2006,N
10.5220/0005937203910395,Let`s Make it Fun: Gamifying and Formalizing Code Review,2016,N
10.1201/9781315597584-4,Technology and “Naturalistic” Decision Making: Myths and Realities,2017,N
10.2139/ssrn.6438922,Beyond Prescribed Intelligence: Toward Self-Directed Skill Acquisition in LLM-Based Cybersecurity Agents,2026,N
10.1177/0022487114549810,Keeping an Eye on Learning,2014,Y
10.1108/oxan-es278159,Inconclusive election prolongs Bulgaria impasse,2023,N
10.4324/9781003288978-14,Empowering student teachers' autonomy through an innovative formative feedback schedule at the time of a global pandemic,2023,N
10.1167/8.6.185,Predicting perceptual expertise from semantic knowledge: An indexed car test for prosopagnosic patients,2010,N
10.1177/1321103x18794514,Structure and agency in novice music teaching,2018,N
10.1007/978-981-92-0730-5_7,Development of Wisdom through Practice: Insights from Discourse Analysis,2026,N
10.1109/icse-seip52600.2021.00010,Using Machine Intelligence to Prioritise Code Review Requests,2021,N
10.1007/s10857-025-09725-y,Noticing-as-design: generating new possibilities for teacher noticing,2025,N
10.31599/ckwdzh87,The Effectiveness Of The Massed And Distributed Methods On The Low Pass Skill In Volleyball Game,2024,N
10.1177/1747954118755442,"Master coach, technical expert and evidence-based practitioner in weightlifting: An interview with Harvey Newton",2018,N
10.1016/j.eswa.2007.11.064,ZOSMAT: Web-based intelligent tutoring system for teaching–learning process,2009,N
10.5220/0013277900003932,AI Tutor: Adaptive e-Learning System Using Expert Fuzzy Controllers,2025,N
10.1145/3517031.3532199,Characterizing the expertise of Aircraft Maintenance Technicians using eye-tracking.,2022,N
10.31893/multiscience.2026808,The effect of integrated asynchronous written corrective feedback and dialogic feedback on EFL students' argumentative essays: A quasi-experimental study,2026,N
10.1123/iscj.2018-0049,Searching for a Signature Pedagogy in Novice Coach Education,2019,N
10.1177/17479541261430313,Coaching under pressure in Australian high-performance sport: A qualitative study of coach mental performance,2026,N
10.4038/jssnisd.v3i1.25,Observational Methods: The Importance of Observational Methods in the Study ff Human Behaviour,2025,N
10.4324/9781315626468-14,How Teachers Relate to Teaching Thinking: Lesson Design and Instructional Strategies,2016,N
10.1007/bf02905451,Transitioning learning strategies research into practice,1981,N
10.1007/978-3-662-70726-5_8,I Have the Ball,2025,N
10.1108/oxan-es217423,Intervention will quickly end Gambian impasse,2017,N
10.5114/hm.2021.100323,Handball-specific skill acquisition by use of different instruction methods,2021,N
10.1007/978-3-031-91294-8,Why Dialogue Does Cure,2025,N
10.4324/9781003608219-14,AI and Human Expertise for Strategic Decision-Making,2026,N
10.32837/2312-3192-2018-11-37-43,THE INTEGRATION OF GRATITUDE COMMUNICATIVE MOVES INTO ENGLISH LITERARY DIALOGUE DISCOURSE,2018,N
10.1201/9780429332111-143,An Intelligent Tutoring System for the Teaching of the Industry Equipment and its Student Modelling,2022,N
10.5040/9781718206694.ch-002,Ethical and Philosophical Grounding of Coaches,2020,N
10.1542/9781610027151-ch20,Fever,2023,N
10.1108/oxan-es253243,Mexico merger moves will stir controversy,2020,N
10.25683/volbi.2019.48.364,ТЬЮТОРСКОЕСОПРОВОЖДЕНИЕВОБУЧЕНИИСПЕЦИАЛИСТОВБИЗНЕС-СФЕРЫКАКОТВЕТНАПРОБЛЕМУРЕСУРСАНЕПРЕРЫВНОГОПРОФЕССИОНАЛЬНОГООБРАЗОВАНИЯ,2019,N
10.4324/9780429354700-29,Into the Scene,2020,N
10.1108/978-1-80382-677-620221002,A Philosophy of Knowledge Management,2022,N
10.1167/11.1.15,Interference in character processing reflects common perceptual expertise across writing systems,2011,N
10.1201/9781003566007-7,Decision-making and Ethics,2026,N
10.7551/mitpress/3769.003.0006,What Makes a Question?,1969,N
10.5040/9798216456001.ch-005,The Expert Teacher Thinking Processes,2020,N
10.1145/122488.122498,Errors in computerized office work,1991,N
10.1109/fie43999.2019.9028699,Debugging: The key to unlocking the mind of a novice programmer?,2019,N
10.1201/9781315121161-3,Where Did Six Sigma Come From?,2017,N
10.4324/9781315729886-11,Tacit knowledge and language,2014,N
10.1167/9.8.458,Dissociating between the role of exposure and individuation in perceptual expertise for faces,2010,N
10.5604/01.3001.0012.6519,Polish version of research based Model of Sport Talent Development Environment and adaptation of Talent Development Environment Questionnaire”,2017,N
10.15199/13.2018.10.1,Cognitive perception of complex scenes in the process of eye tracking studies,2018,N
10.1038/s41415-024-8245-3,Revolutionising dental practice: Master Thermoforming Techniques,2024,N
10.21236/ada470806,Natural Language Dialogue for Intelligent Tutoring Systems,2007,N
10.21956/mep.19573.r29042,Peer Review Report For: Exploring tutor perceptions and current practices in facilitating diagnostic reasoning in preclinical medical students: Implications for tutor professional development needs [version 1],2018,N
10.4324/9781315847108-35,Models-based practice: structuring teaching and coaching to meet learners’ diverse needs,2013,N
10.30775/kmes.54.3.167,The Relationship Between Backgrounds in Gugak Knowledge Formation and Pedagogical Content Knowledge among Secondary Music Teachers,2025,N
10.3389/fpsyg.2025.1666035,A systematic review of psychological difficulties among elite sports coaches,2025,N
10.2991/asshm-14.2014.31,Study of the Relationship between Tutors and Master Graduates Based on Analytic Hierarchy Process,2014,N
10.4324/9781003198772-19,Developing adaptive expertise,2022,N
10.1016/b978-0-7506-8281-7.50004-x,Comparative elite sport development,2008,N
10.17504/protocols.io.n92ldzdw9v5b/v1,"[RETRACTED] Kerassentials : Review, Ingredients, Updated Price,What Makes it so Effective? v1",2022,N
10.4135/9781036234744.n13,What Tutors Look for When Marking Essays,2017,N
10.1111/j.1468-0394.1988.tb00349.x,Towards an intelligent tutor for a complex mathematical domain,1988,N
10.1108/oxan-db210591,West may help resolve Macedonia's political impasse,2016,N
10.1177/074171367702700205,"Book Reviews : Knowles, Malcolm S. Self-Directed Learning: A Guide for Learners and Teachers. New York: Association Press, 1975. 135 pp. $4.95 (paper)",1977,N
10.1021/acsguide.20103,What Makes an Effective Article: Checklist,2019,N
10.1016/j.vascn.2025.107798,Spectrum of effects detected in the rat functional observational battery following administration of non-CNS targeted and CNS targeted compounds,2025,N
10.11606/t.12.2019.tde-22082019-160042,Framework para sistema tutor adaptativo ao raciocínio crítico em contabilidade - STARCC,,N
10.3389/fpsyg.2021.645098,Narrative Tensions in Strained Junior Elite Performers’ Experiences of Becoming Elite Performers,2021,N
10.4324/9780203934333-15,Benefits of formative feedback for academic staff,2007,N
10.1201/9781003469315-9,Tutor Ward Mentoring Chatbot,2024,N
10.7287/peerj.preprints.1157/supp-6,,,N
10.5040/9781474212304.ch-002,Towards a Definition of Online Intercultural Chat: Insights from SLA,,N
10.1049/pbmt024e_ch2,What makes for effective communication,2008,N
10.1007/978-3-319-46753-5_12,Extending Equitable Practices in Teacher Noticing: Commentary,2017,N
10.1108/oxan-es244356,US moves to compound Cuba’s economic crisis,2019,N
10.1109/icodse53690.2021.9648484,Mining Software Repository for Security Smell Code Review,2021,N
10.1108/oxan-es291717,Congo-Rwanda peace talks face a critical impasse,2024,N
10.4324/9780203141939-11,Judgment and decision making,2013,N
10.1371/journal.pone.0100100,Behavioural Activation for Depression; An Update of Meta-Analysis of Effectiveness and Sub Group Analysis,2014,N
10.1787/888934220800,Figure A.6. England’s (UK) low-skilled workers participate less in learning than higher-skilled workers,,N
10.14426/cristal.v10i1.1825,Theoretical physicist identity development: A critical account of factors influencing progression from novice to expert,2021,N
10.4018/978-1-7998-5345-9.ch031,Achieving Bloom's Two-Sigma Goal Using Intelligent Tutoring Systems,2021,N
10.1007/978-94-007-0250-9_3,Professional Discourse: How Do Novice Professionals See Themselves?,2010,N
10.54337/nlc.v4.9626,Symposium 6: E-tutoring “Contextualised Tutors’ Roles and Tutors’ Training”,2004,N
10.4324/9781315796253-20,Skill acquisition and the role of the coach,2014,N
10.4324/9781003235385-5,Cultivating Passionate Students,2021,N
10.4324/9781003604600-21,Social Learning in Coach Development,2026,N
10.4324/9781315472256-20,Deliberate Practice Exercises for Basic Skills,2016,N
10.1123/ijatt.18.6.27,Pneumothorax in a Recreational Athlete,2013,N
10.1016/j.tate.2026.105447,"A systematic review and meta-analysis of performance-based differences between expert and novice teachers across knowledge, skill, and judgment",2026,N
10.4324/9780429354700-6,Thresholds,2020,N
10.4324/9781003400141-6,What Do Great Teachers Say When a Student is an Attention Seeker?,2023,N
10.1108/oxan-db279086,Colombia political moves will complicate governability,2023,N
10.3233/978-1-60750-028-5-795,The MATHESIS Algebra Tutor: Web-based Expert Tutoring via Deep Model Tracing,2009,N
10.1201/9781003283195-12,Systematic Literature Review of Search-Based Software Engineering Techniques for Code Modularization/Remodularization,2023,N
10.2307/jj.19307125.14,"Laws, Rules, and Barriers to Skill",2025,N
10.22251/jlcci.2023.23.19.929,Effect of parents’ career support behavior on the achievement motivation and career decision-making level of adolescents from multicultural families,2023,N
10.1080/08924562.2020.1681213,Professionally Mentoring a Novice Coach,2020,N
10.1002/9781394441464.ch7,The Expertise Factory,2026,N
10.1109/ase.2015.111,Expert Review Panel,2015,N
10.1016/j.eswa.2026.132901,Large language model-driven group consensus decision-making model: The case of local debt risk,2026,N
10.5204/thesis.eprints.235384,Novice-to-expert knowledge transition in airport x-ray security screening,,N
10.4324/9781003232322-8,"An Embedded, Relational, Emergent coach learning and development strategy",2024,N
10.65528/9780807781142-008,Appendix A. Gradual Increase of Responsibility Model for Coaching and Mentoring,2010,N
10.1108/978-1-80382-677-620221007,How Is Tacit Knowledge Developed?,2022,N
10.1016/j.tate.2025.105358,How to improve teachers’ noticing effectively: A meta-analysis of teacher noticing interventions,2026,N
10.1108/oxan-es249165,Iraq premier's resignation will deepen protest impasse,2019,N
10.1007/978-1-349-09179-9_5,Tutor Review Exercises,1887,N
10.37514/wln-j.2022.46.9.05,Tutors� Column: �Reconnecting with Students� Needs: Resetting Tutors� Mindsets to Regain Lost Empathy�,2022,N
10.1037/0000326-002,Instructions for the schema therapy deliberate practice exercises.,2023,N
10.1007/s11613-014-0355-3,Und wer coacht die Coaches?,2014,N
10.1080/00239706708555786,IV · Students and tutors,1967,N
10.4324/9781351271882-7,Talent identification and development in elite youth disability sport,2018,N
10.31137/ecc.2021.6.1.5,"Exploring Support Measures According to Differences in Self-Leadership, Self-Regulated Learning Ability, and College Life Satisfaction of Adult Learners at A University Lifelong Education System",2022,N
10.4324/9781003522669-8,Nutrient Timing,2024,N
10.1007/978-3-030-32781-1_3,"The Wisdom of the Group: RAND’s First Experiments with Expert Prediction, 1947–1951",2019,N
10.4324/9781410613530-12,Personal Codes Versus Professional Codes,2005,N
10.1108/978-1-64802-487-020251036,Coaches,2021,N
10.36948/ijfmr.2026.v08i01.68302,Teachers’ Instructional Strategies and Learners’ Comprehension Skill,2026,N
10.21956/mep.19573.r29041,Peer Review Report For: Exploring tutor perceptions and current practices in facilitating diagnostic reasoning in preclinical medical students: Implications for tutor professional development needs [version 1],2018,N
10.1016/j.ambp.2008.03.022,21. Teaching Clinical Expertise to Pediatric Residents: Transforming Novice Residents to Expert Learners,2008,N
10.4324/9780203134252-7,Feedback,2002,N
10.1177/1321103x19871079,Complicating factors in studio teaching dynamics: Dyad dissolution in post-secondary music studios,2020,N
10.5220/0012017500003470,Feedback in Online Mathematics Tutoring,2023,N
10.5040/9798400681950.ch-004,Competencies of Performance Coaches,2007,N
10.4324/9780203646564-21,From novice to expert performance,2004,N
10.5040/9798216032847.ch-044,"“Put Me In, Coach”: A Famous Athletic Trainer",2012,N
10.1123/iscj.2020-0091,The Process of “Becoming” a Certified High-Performance Coach: A Tailored Learning Journey for One High-Performance Athlete,2022,N
10.4324/9780203994986-13,MODELLING THE COACHING PROCESS,2005,N
10.4324/9781315443720-15,Promoting inquiry,2016,N
10.1515/9783112528266-024,A tutoring system which explains in natural language,1990,N
10.47344/sdu20bulletin.v56i3.598,TEACHING ENGLISH TO NON-NATIVE STUDENTS BY LESSON STUDY METHOD,2021,N
10.37514/wln-j.2015.40.1.05,Tutor�s Column: �Tutoring a Friend�,2015,N
10.4324/9780203806913.ch14,Coach Behaviour,,N
10.21203/rs.3.rs-9795551/v1,A Comparative Analysis of Teacher-Student Dialogue in Expert and Novice Teachers’ Smart Classrooms for Cultivating Higher-Order Thinking,2026,N
10.4324/9780429354700-13,Create Your Essence List,2020,N
10.1057/9781403948083_9,Stage 3: Conceptual Development - Beyond Tacit Versus Explicit Organisational Knowledge,2003,N
10.4324/9780203052969-15,Cognitive Structure Testing: A Computer System for Diagnosis of Expert-Novice Differences: Bruce K. Britton and Pamela Tidwell,2012,N
10.4085/1062-6050-52.10.11,Video Feedback and 2-Dimensional Landing Kinematics in Elite Female Handball Players,2017,N
10.4324/9781003235385-1,Anatomy of Grit,2021,N
10.4304/tpls.4.2.293-302,Collaborative Negotiated Feedback versus Teacher-written Feedback: Impact on Iranian Intermediate EFL Learners’ Writing,2014,N
10.1007/s40670-019-00818-x,A Synergy Between Peer Evaluation and Student Coaching in Team-Based Learning: Coach Review of Peer Evaluations Improves Student Acceptance,2019,N
10.17771/pucrio.acad.71420,SISTEMA TUTOR PARA APLICAçãO DE CIêNCIA DE DADOS,,N
10.5220/0006787702190226,Council of Coaches - A Novel Holistic Behavior Change Coaching Approach,2018,N
10.4324/9780429299360-6,Biomechanics and Skill Analysis,2019,N
10.4324/9781003427292-5,The Learning Journeys of Serial Winning Coaches,2023,N
10.1108/oxan-es268071,Brazil Telegram ban lifted amid disinformation moves,2022,N
10.4324/9780203134252-4,Lesson patterns,2002,N
10.1007/s11251-016-9376-y,What makes an expert teacher? Investigating teachers’ professional vision and discourse abilities,2016,N
10.1177/0001848186036002004,Development and Validation of an Instrument to Identify Self-Directed Continuing Learners,1986,N
10.1080/21640629.2023.2275400,Reflecting on the challenges of first-person action research in sport coaching,2023,N
10.4324/9781003400141-5,What Do Great Teachers Say When a Student Is Passively Disengaged?,2023,N
10.1007/978-1-4471-1632-5_4,Automation — Skill — Apprenticeship,1988,N
10.1080/17425964.2015.1045770,Self-Study for and by Novice Elementary Classroom Teachers with Social Justice Aims and the Implications for Teacher Education,2015,N
10.1167/10.4.15,Perceptual expertise with objects predicts another hallmark of face perception,2010,N
10.1016/j.physio.2005.11.005,"Building cooperation in peer coaching relationships: understanding the relationships between reward structure, learner preparedness, coaching skill and learner engagement",2006,N
10.33902/jpr.2022.165,Interaction between pre-service chemistry teachers  pedagogical content knowledge and content knowledge in electrochemistry,2022,N
10.4324/9780080544113-23,Giving feedback,2007,N
10.1016/j.tate.2017.04.015,See and tell: Differences between expert and novice teachers’ interpretations of problematic classroom management events,2017,Y
10.4324/9780429354700-31,Just Five Words,2020,N
10.1108/oxan-db216508,China moves towards presidential-style leadership,2016,N
10.4324/9780429325977-7,Choose the Right Mode,2020,N
10.1097/corr.0000000000003930,"A Conversation With … Maurice Ashley, Chess Grandmaster, on the Topics of Risk and Sacrifice",2026,N
10.4018/978-1-7998-8598-6.ch009,"Role of the Social Constructivist Theory, Andragogy, and Computer-Mediated Instruction (CMI) in Adult ESL Learning and Teaching Environments",2021,N
10.1080/02640419008732128,Anticipation in squash: Differences in advance cue utilization between expert and novice players,1990,N
10.4324/9781003159063-12,Political Skill in Community Sport Coaching Work,2021,N
10.4324/9781003390527-10,Mentor Coaching,2024,N
10.1145/2889160.2889191,Teaching code review management using branch based workflows,2016,N
10.4324/9781315832845,What Great Teachers Do Differently Facilitator's Guide,2016,N
10.4324/9780203701010-20,Rearview mirrors for the “expert blind spot”,2018,N
10.1123/iscj.2018-0093,Reflection in a High-Performance Sport Coach Education Program: A Foucauldian Analysis of Coach Developers,2020,N
10.1177/155534341000400404,A Comparison of the Decision Ladder and the Recognition-Primed Decision Model,2010,N
10.4324/9781003232322-13,What gets developed in coach development?,2024,N
10.4324/9781315443720-23,Rock climbing,2016,N
10.5040/9781350031937.pt-003,Developing Professional Identity as a Primary Classroom Teacher,,N
10.2139/ssrn.5736031,Expertise and context impact reactions to investment performance: An eye-tracking study,2025,N
10.5220/0007717600700077,Automated Feedback Generation for Argument-Based Intelligent Tutoring Systems,2019,N
10.4324/9780429351037-12,A “Personal Learning Coach” for High-Performance Coaches,2019,N
10.2307/jj.19307125.18,Conclusion,2025,N
10.20850/9781534201361,The Journal of Athlete Centered Coaching,2017,N
10.46569/20.500.12680/nk322m926,"Novice College Mathematics Instructor Communication About 
Scaffolding Student Learning",,N
10.2307/jj.19307125.8,Diffusing Skill and Innovation,2025,N
10.1515/9781438426907-002,Blind Spot,2012,N
10.1007/978-3-032-11842-4,Quantifying Executive Coaching,2026,N
10.1007/978-94-6091-821-6,Understanding and Developing Science Teachers’ Pedagogical Content Knowledge,2012,N
10.3102/ip.23.2015845,Examining Instructional Planning and Implementation in the Context of an Integrated Computer Science Professional Development Program for Elementary Teachers,2023,N
10.4324/9781003089889-30,Career coaching,2020,N
10.1167/15.12.234,The Role of Color and Spatial Frequency in Perceptual Expertise Training,2015,N
10.4324/9780429325991-8,Hire Great Teachers,2020,N
10.1123/iscj.2015-0035,"Coach Evaluation from Three Perspectives: An Athletic Director, a Coach, and a Consultant",2015,N
10.5120/ijca2016912000,Metacognitive Mathematics Tutor: Mathematics Tutoring System with Metacognitive Strategies,2016,N
10.1108/oxan-es236543,AMLO electricity moves raise concerns in Mexico,2018,N
10.32469/10355/57240,The effects of coaching and electronic performance feedback on teachers' use of behavior-specific praise and opportunities to respond,,N
10.4324/9780203053515-9,LEARNING TO LEARN FROM EFFECTIVE TUTORS,2013,N
10.1201/9781315121161-5,Six Sigma Toolbox,2017,N
10.4135/9781071845417.n6,Co-Teach Virtually and in Person,2021,N
10.5040/9798400695995,"People, Places, Checkmates",2010,N
10.1037/e446762006-001,Commander's adaptive thinking skills tutor (CATS Tutor) - Phase 1,2001,N
10.1257/rct.14383,Improving Teachers Equitable Mathematics Instruction Through Integrating Automated Feedback and Coaching: A Randomized Controlled Trial,2024,N
10.4324/9780203027851-17,"5 The role of non-expert tutors, local resource personnel and the course director",1998,N
10.1108/oxan-es290415,Ghana parliamentary moves may block legislation,2024,N
10.1007/978-94-6209-188-7_22,"Establishing Relationships Between Students, Mentors and Specialist Tutors in Practice Settings",2013,N
10.4135/9781446288375.n8,Coaching and Adult Learning,2014,N
10.4324/9781003426448-3,"Fostering Affect, Rapport, and Care for Optimal Performance in Studio Music Instruction",2024,N
10.1365/s40896-015-0008-3,Was macht einen Coach zum Coach? Weiterbildung und Qualifizierung,2015,N
10.1111/j.1937-8327.2006.tb00377.x,"Designing Asynchronous, Text-Based Computer Conferences",2008,N
10.5040/9798400695995.ch-004,Chess and Citizenship,2010,N
10.46529/socioint.202154,COMPARATIVE STUDY BETWEEN THE TRADITIONAL TEACHING METHOD AND THE ONLINE TEACHING METHOD,2021,N
10.4135/9781529775068.n1,Joshua Brindley Discusses a Problematic Graph,2020,N
10.1145/986655.986668,Secure object identification,2003,N
10.2139/ssrn.6173947,What Makes Leadership Learning Endure:A Mechanism-Based Analysis of Enactment and Diffusion,2026,N
10.4135/9781506341026.n4,Fill the Classroom,2016,N
10.22251/jlcci.2018.18.21.737,The Effect of Monetary Rewards on Intrinsic Motivation according to Level of Performance Standard,2018,N
10.32469/10355/48697,Expertise development in musicians : the roles of deliberate play and deliberate practice,,N
10.4324/9781315443720-20,Running,2016,N
10.1007/978-3-540-30139-4_120,Workshop on Modeling Human Teaching Tactics and Strategies,2004,N
10.1037/e577632012-006,Instant expertise for novice responders performing cardiopulmonary resuscitation (CPR),2006,N
10.4324/9781003493235-10,Exploring the Impact of Mentoring on Novice Language Teachers' Agency,2025,N
10.5353/th_b3195881,An evaluation of classroom management through expert-novice comparison : a case study,,N
10.71097/ijsat.v17.i1.10065,"Organizational Support, Teachers’ Instructional Strategies and Efficiency",2026,N
10.1093/oseo/instance.00316058,Master Mugwort tutors the crown prince (OS:3),2023,N
10.5040/9781472541093.ch-009,"Novice, Journeyman, Expert",,N
10.4135/9781446211731.n4,What Do Tutors Want?,2007,N
10.1080/19474199.2010.493855,Knowledge management for development communities: balancing in the thin divide between tacit and codified knowledge,2010,N
10.4324/9781003400622-22,Challenges to Deliberate Practice,2024,N
10.3102/ip.23.2014501,A One-to-One Summer Reading Tutoring Program Improves Student Reading Achievement,2023,N
10.36948/ijfmr.2024.v06i03.22216,Empowering and Engaging Adult Learners: Strategies to Facilitate Self-directed Learning in Adult Education,2024,N
10.4135/9781446212141.n10,"Tutors, Supervisors and Student Support Systems",2006,N
10.1201/9781003070290-27,What Makes Psychoanalytic Therapy Effective?,2020,N
10.1093/acprof:oso/9780195309607.003.0012,Perceptual and Conceptual Interactions in Object Recognition and Expertise,2009,N
10.14744/sigma.2021.00012,A metaheuristic solution approach with two construction heuristics for vehicle routing problem with simultaneous Linehauls and Backhauls,2021,N
10.5040/9781472552846.ch-017,Is it possible to make mathematics real and meaningful in the classroom?,,N
10.1080/19463014.2012.716621,‘Dealing with’ unexpected learner contributions in whole group activities: an examination of novice language teacher discursive practices,2012,N
10.1080/13573322.2020.1787371,Negotiating a coach identity: a theoretical critique of elite athletes’ transitions into post-athletic high-performance coaching roles,2020,N
10.1007/978-981-10-3587-6_4,Shifting Accepted Routines of Practice,2017,N
10.1017/9781009024648.012,(Re-)igniting the flame of teacher vision,2021,N
10.1007/978-3-319-18272-8_36,Visualisation Tactics for Solving Real World Tasks,2015,N
10.2307/jj.19307125.16,Cultural Barriers,2025,N
10.1007/978-1-4614-6934-6_11,Design of Dialog-Based Intelligent Tutoring Systems to Simulate Human-to-Human Tutoring,2013,N
10.4324/9780203994986-23,COACHING AND ETHICAL PRACTICE,2005,N
10.1016/j.eswa.2024.126180,An expert classification consensus reaching model based on fuzzy trust relationship matrix in the application of steel industry,2025,N
10.1007/3-540-68716-5_57,An Intelligent Tutoring System for Teaching Formal Languages,1998,N
10.1080/14613800903568296,Crossing boundaries: sharing concepts of music teaching from classroom to studio,2010,N
10.4324/9781003332176-7,Coaching Dialogue as Feedback to Improve Performance,2024,N
10.4324/9781003427292-14,Surviving in the Highly Performative Environment of Elite Sport,2023,N
10.4324/9780203591949-7,"Coaching, mentoring and peer-networking",2004,N
10.71097/ijsat.v16.i3.8237,"Teachers’ Instructional Strategies, Learners Interest, and Performance",2025,N
10.1016/j.eswa.2022.117578,A fair consensus model in blockchain based on computational reputation,2022,N
10.1177/174183051501309s04,Time perspectives and perceived effectiveness of peer coaching interventions between managers in an organisational context,2015,N
10.5296/jpag.v15i3.23475,Formative Assessment Practices in Malay Language Speaking Skills: Teachers' Feedback and Implications for Secondary Education in Malaysia,2025,N
10.3923/itj.2008.528.532,JEE-Tutor: An Intelligent Tutoring System For Java Expressions Evaluation,2008,N
10.5040/9781350133662.ch-3,The Elite Pinter and the Pinter Elite,2021,N
10.1163/26660393-bja10138,A Contrastive Analysis of Persuasive Feedback in Written and Spoken Academic Evaluations,2025,N
10.5771/9781461732662,Quality Mentoring for Novice Teachers,2004,N
10.4324/9780203994986-10,THE COACHING PROCESS,2005,N
10.21236/ada461495,An Expert System and Tutor for Maritime Navigation Rules,2002,N
10.4324/9781003593713-15,Outdoor coaching using immersive technologies,2026,N
10.1109/64.143234,Corporate perspectives on technology transfer: the expert-systems apprenticeship program,1992,N
10.1016/b978-0-12-816636-9.00010-4,Defining cognitive sophistication in the development of judgment and decision-making,2022,N
10.1002/bdm.383,Naturalistic decision making and prescriptive decision theory,2001,N
10.18546/lre.16.3.01,Teaching as a research-engaged profession: Uncovering a blind spot and revealing new possibilities,2018,N
10.4324/9781041054351,Becoming an Outstanding Personal Tutor,2025,N
10.1075/z.99.15beu,12. Moves in Dialogue,2000,N
10.71156/2994-7073.1238,Incorporating Popular Music in Teaching:  Ideas for the Non-Expert,2017,N
10.20944/preprints202608.1643.v1,"Teaching the Sustain Pedal in the Digital Studio: Linking Pedal Action, Acoustic Result, and Pedagogical Feedback",2026,N
10.15760/etd.3643,"Beyond First Thoughts: Understanding the Essence of Equitable Decision-Making, A Phenomenological Study, White Practitioners as Equitable Educational Decision-Makers",,N
10.4236/psych.2015.64034,Promoting Comprehension Skills among At-Risk First Graders: The Role of Motivation in One-to-One Tutoring Environment,2015,N
10.1108/oxan-db239199,US moves against Chinese technology may backfire,2018,N
10.1145/3287324.3293796,Linear Data Structures,2019,N
10.7717/peerj-cs.519/fig-8,Figure 8: Average computation time of one-to-one message.,,N
10.1002/9781119045144.ch6,Sociology of sport and coaching,2016,N
10.4324/9781003375968-27,Evaluating the impact of a coach development intervention for improving coaching practices in junior football (soccer): The “MASTER” pilot study,2023,N
10.4324/9780203141939,Judgment and Decision Making,2013,N
10.4324/9781315854830-19,Clarify Your Core,2014,N
10.1542/9781610027151-ch13,Circumcision,2023,N
10.1007/978-94-6300-627-9_5,The Expert Student,2016,N
10.4324/9781315773339-13,Personal Codes versus Professional Codes,2016,N
10.1108/oxan-db199041,Mexico airport project challenges transparency moves,2015,N
10.1080/21640629.2022.2073135,What if I had made a different decision? Experienced regrets of college coaches,2022,N
10.33546/bnj.v0i0.1117.s560,observation instrument,,N
10.1007/978-3-642-54906-9_25,A Machine Learning Approach to Pronominal Anaphora Resolution in Dialogue Based Intelligent Tutoring Systems,2014,N
10.1037/e354052004-001,Comparison of CBAS and SASB Methods for Coding Coach Behaviors,2003,N
10.53832/edtechhub.1136,What Makes an Effective Teacher Professional Development Video?,2025,N
10.1002/ace.36719831710,Educational materials development and use with self‐directed learners,1983,N
10.58459/icce.2024.4954,Designing an LLM-Based Dialogue Tutoring System for Novice Programming,2024,N
10.14257/astl.2015.115.04,Teachers’ Perceptions on Instructional Strategies,2015,N
10.5901/jesr.2016.v6n2p141,Secondary School Teachers’ and Students’ Attitudes Towards Formative Assessment and Corrective Feedback in English Language in Ibadan Metropolis,2016,N
10.4324/9780429354700-30,Art-Making,2020,N
10.1002/bdm.384,What is really naturalistic in naturalistic decision‐making research?,2001,N
10.5040/9798216456001.ch-003,The Why: Teacher-Student Kinship,2020,N
10.2139/ssrn.4209822,"Mathematics Competency Level and Instructional Strategies Employed by Filipino Migrant Teachers in Bangkok, Thailand",2022,N
10.18293/seke2015-203,To Enlighten Hidden Facts in The Code: A Review of Software Visualization Metaphors,2015,N
10.1007/s11613-009-0121-0,Promotionserfolgsteams. Mit Peer-Coaching-Kompetenz zur individuellen Leistungssteigerung,2009,N
10.1016/0140-6736(90)91828-x,Study pack for clinical tutors,1990,N
10.1111/j.1365-2702.2006.01399.x,Modelling emergency decisions: recognition‐primed decision making. The literature in relation to an ophthalmic critical incident,2006,N
10.1002/acp.2350080302,"Visual–perceptual and cognitive differences between expert, intermediate, and novice snooker players",1994,N
10.1108/oxan-es271210,Sudan protest response may entrench political impasse,2022,N
10.31234/osf.io/ev6da_v1,Tracking eye gaze during cued speech perception,2025,N
10.1017/s193029750000348x,When less is more in the recognition heuristic,2010,N
10.4324/9781003604600-12,The Australian Institute of Sport Coach Summit Programme,2026,N
10.3998/mpub.12710084.cmp.fb494d017,Depiction of Deeper Feedback  Versus Surface Feedback,,N
10.1017/9781316480748.032,Mathematical Expertise,,N
10.3102/1685588,From Professional Development to Pedagogy: An Examination of Computer Science Teachers' Culturally Responsive Instructional Practices,2021,N
10.1016/j.jsurg.2011.04.006,Teaching Subcuticular Suturing to Medical Students: Video versus Expert Instructor Feedback,2011,N
10.1007/978-3-031-53322-8_15,Teaching Tactics to Manage Mathematisation During Mathematical Modelling,2024,N
10.4324/9781003251309-11,Sensemaking for the Coach Developer,2023,N
10.1080/21640629.2021.1995238,The athlete-as-network and the athlete multiple: potential contributions of actor-network theory to sports coaching research,2021,N
10.1108/oxan-es274283,Honduras anti-extortion moves entail risks,2022,N
10.21832/jackso1234,Language Teacher Noticing in Tasks,2021,N
10.1332/policypress/9781447369660.003.0007,"Professional identities, expertise and evidence",2024,N
10.1109/hicss.2009.119,Comparison of Social Presence in Voice-Based and Text-Based Asynchronous Computer Conferences,2009,N
10.3102/ip.22.1895651,The First-Stage Validation Analysis of a Newly Developed Scale Instrument for Teachers&amp;#39; Use of Feedback Practice in Formative Assessment: An Exploratory Instrument Design (Poster 25),2022,N
10.22251/jlcci.2025.25.4.865,Experience in Program Management for the Development of Physical Education Teaching Expertise of Pre-service Special Education Teachers,2025,N
10.4324/9781410604200-12,Identifying and Testing a Naturalistic Approach for Cognitive Skill Training,2001,N
10.1108/oxan-es235513,Vote could ease US immigration impasse,2018,N
10.1109/cee-secr.2010.5783156,Expert system for software source code quality analysis,2010,N
10.21236/ada383927,Tacit Knowledge for Military Leadership: Seeking Insight into the Acquisition and Use of Practical Knowledge,2000,N
10.1590/1981-5271v47.2-2022-0332,ECG Tutor: desenvolvimento e avaliação de um sistema tutor inteligente gamificado para ensino de eletrocardiograma,2023,N
10.4324/9781315443720-19,Croquet,2016,N
10.1201/9781003352532-10,Adult learning and supporting self-directed learners,2023,N
10.1080/0142159x.2018.1484897,Accelerating expertise: Perceptual and adaptive learning technology in medical learning,2018,N
10.1109/vlhcc.2018.8506481,The novice programmer needs a plan,2018,N
10.1515/9780691265896-018,APPENDIX 3 Estimating the Incidence of Apprenticeship in England,2025,N
10.1515/9780691265896-003,ABBREVIATIONS,2025,N
10.4324/9781003390527-13,Team Coaching Supervision,2024,N
10.1515/9781503605060-009,Chapter 7. Peer coaching for everyday learning,2020,N
10.47116/apjcri.2022.09.19,The Effect of Active Learning Education Program on Self-directed Learning Readiness and Learning Satisfaction  - Coaching Foundation for Adult Learners -,2022,N
10.1371/journal.pone.0228100,"Effectiveness of a tailored, integrative Internet intervention (deprexis) for depression: Updated meta-analysis",2020,N
10.4324/9780203020074-23,The development of expert coaching,2006,N
10.1515/9781400838158-002,1. The Blind Spot,2011,N
10.1057/9780230362963.0033,THE SUPERVISED COACH,,N
10.1123/tsp.13.2.157,A Systematic Observation Study of the Teaching Behaviors of an Expert Basketball Coach,1999,Y
10.7287/peerj.14893v0.2/reviews/1,"Peer Review #1 of ""Association between ACE and ACTN3 genes polymorphisms and athletic performance in elite and sub-elite Chinese youth male football players (v0.2)""",2023,N
10.4324/9780429450334-5,What can tutors and students do to promote egalitarian relationships in the Women’s Studies classroom?,2018,N
10.4018/979-8-3373-4217-7.ch011,Natural Language Processing in Conversational AI Tutors,2025,N
10.4324/9781003089889-23,Solution-focused coaching,2020,N
10.1007/978-3-319-64936-8_6,Coaching and Feedback,2017,N
10.1093/oxfordhb/9780190244705.013.16,Amateur and Professional Music Making at Dartington International Summer School,2017,N
10.4324/9780203761212-7,Students as tutors and mentors,2013,N
10.1515/9781683923022-014,Chapter 12 Applying Your Expertise,2018,N
10.4324/9781315268149-14,What do sport coaches know about recovery?,2017,N
10.47191/ijmra/v9-i6-41,Coach‒Athlete Communication in Elite Badminton: Exploring Interpersonal Dynamics in an Indonesian High-Performance Training Environment at Djarum Badminton Club,2026,N
10.4324/9780367198459-reprw262-1,Deliberate Practice,2025,N
10.51257/a-v1-c7011,Expertise et expert dans le cadre de la construction - Déroulement de l'expertise,2016,N
10.4324/9781315472256-19,The Principles of Practice,2016,N
10.1201/9781315376622-5,Adult learning and self-directed learners,2017,N
10.4135/9781446251577.n13,Developing Coaching Theory,2012,N
10.1007/978-3-032-11842-4_2,Psychological Mindedness,2026,N
10.4324/9781410617071-27,Machine Tutors and Natural Language,2006,N
10.36905/jses.2019.03.01,Australasian Skill Acquisition Network Annual Conference,2019,N
10.4135/9781446213308.n12,What Makes these Schools Very Effective?,2006,N
10.21236/ada395618,Commander's Adaptive Thinking Skills Tutor (CATS Tutor) - Phase 1,2001,N
10.1365/s40896-021-00050-8,“Tit for Tat”—The Outcomes of Coaching in Service Companies,2021,N
10.4135/9781544306209,Strengths-Based Feedback: Tenth Grade,2016,N
10.1167/12.9.505,Sex and sexual orientation differences in perceptual processing.,2012,N
10.4324/9780203994986-11,THE ROLE OF THE COACH,2005,N
10.1080/14623943.2023.2174963,"Coach developers and reflective practice: evaluating exercises, mechanisms, and challenges in facilitating reflection within novice coach education",2023,N
10.2307/jj.19307125.27,NOTES,2025,N
10.2307/jj.19307125.19,APPENDIX 1:,2025,N
10.4324/9781315853864-13,"If you enjoyed this book, we recommend: What Great Teachers Do DiHerently",2013,N
10.5040/9798400695995.0009,About the Author,2010,N
10.4324/9780203934333-10,Principles of formative assessment and formative feedback,2007,N
10.1515/9780691265896,The Market for Skill,2024,N
10.1186/isrctn35998024,Assessing the improvement in performing cricothyroidotomy (a surgical difficult airway management method) following self video feedback (trainees review their performance by themselves) and expert-assisted video feedback (trainees review their performance while an emergency physician provides additional feedback),2022,N
10.1167/jov.22.14.4142,Assessing individual differences in perceptual grouping strategy in working memory,2022,N
10.1007/978-3-540-87391-4_57,Forced-Alignment and Edit-Distance Scoring for Vocabulary Tutoring Applications,,N
10.1145/3588015.3588424,Visual Perception and Performance: An Eye Tracking Study,2023,N
10.1002/bdm.380.abs,Forum on naturalistic decision making,2001,N
10.1093/acref/9780195301731.013.36942,Grandmaster Melle Mel,2013,N
10.3389/fpsyg.2022.936140,Naturalistic Decision-Making in Sport: How Current Advances Into Recognition Primed Decision Model Offer Insights for Future Research in Sport Settings?,2022,Y
10.1123/iscj.2017-0046,Transformational Coaching Workshop: Applying a Person-Centred Approach to Coach Development Programs,2017,N
10.1007/978-981-96-3396-8_13,Correction to: Learning Skilled Trades in the Workplace,2025,N
10.4324/9781003370604-5,Characterizing novice and expert teachers' professional vision of classroom management,2024,N
10.4324/9780203125229-11,Learning from Evaluation and Assessment,2012,N
10.5040/9781492596257.ch-011,Development of Expertise,2003,N
10.1207/s15327035ex1304_1,Tutoring and Literacy: Insights From One-to-One Tutoring Programs,2005,N
10.1016/j.ijhcs.2012.01.004,Gaze tutor: A gaze-reactive intelligent tutoring system,2012,N
10.5040/9781492596257.ch-008,Expert Athletes,2003,N
10.1542/9781610027151-ch21,Foreign Bodies,2023,N
10.1007/s11135-007-9103-5,Researching and developing practice traditions using reflective practice experiments,2007,N
10.47119/ijrp100851920212309,Secondary School Teachers Rationale for giving Formative Feedback,2021,N
10.66731/jher.v28i1.442,Strategies for Promoting Skill Acquisition by Adults through Adult Education in Enugu State,2024,N
10.32597/dissertations/729/,Volunteers as Tutors and Trainers of Tutors : a Qualitative Study,,N
10.4324/9781003148784-7,The Coach Education System for Elite Football Coaches in Singapore,2022,N
10.2139/ssrn.4914361,Playing CHESS against the DEVIL WHO IS YOUR COACH?,2024,N
10.4324/9780203994986-26,COACH EDUCATION AND COACHING PRACTICE,2005,N
10.1260/1747-9541.10.4.699,The Intervention Tone of Coaches' Behaviour: Development of the Assessment of Coaching Tone (ACT) Observational Coding System,2015,N
10.4324/9781003685951,Therapist to Coach,2026,N
10.4324/9780429354700-40,Creating Bridging Rituals,2020,N
10.24989/person.v8i2.2894,Personzentriertes Coaching,2004,N
10.4324/9781410604200-24,Representing Expertise,2001,N
10.5204/thesis.eprints.114075,Non-formal Coach Education in a Secondary School High Performance Volleyball Academy,,N
10.1037/e502712008-001,Coaching the coach: Coping strategies for high-performance coaching,2008,N
10.18293/seke2018-117,DCCD: An Efficient and Scalable Distributed Code Clone Detection Technique for Big Code,2018,N
10.1108/oxan-es249936,Haiti’s political impasse will perpetuate unrest,2020,N
10.1142/9789811284175_0003,Performance Feedback and Coaching,2025,N
10.37590/able.v45.abs45,A Card-sorting Tool to Measure Expert Versus Novice Thinking in Scientific Research,2025,N
10.24926/265535.2955,"Legal Ethics in Decline: The Elite Law Firm, the Elite Law School, and the Moral Formation of the Novice Attorney",1998,N
10.16986/huje.2021068382,EFL Students  Perceptions of the Effectiveness of Corrective Feedback on Their Written Tasks,2021,N
10.4324/9781003400134-10,What Do Great Teachers Say When a Student Refuses to Cooperate or Challenges Them?,2024,N
10.4324/9780429322389-11,Emotionally intelligent tutors and tutoring,2020,N
10.2139/ssrn.3752703,"Tacit Knowledge, Audit Quality, and Talent Identification",2021,N
10.1007/978-981-13-5898-2_11,A Grand Rubric for Measuring Science Teachers’ Pedagogical Content Knowledge,2019,N
10.1080/1091367x.2025.2467305,Developing the Coach Educator Pedagogy Analysis System (CEPAS): Establishing Validity and Reliability of a Systematic Observation Instrument,2025,N
10.4324/9781315768595-10,The Three Conference Stages and Tutoring Strategies: The Overall Results,2014,N
10.4324/9780429351037-13,A Competency-Based Approach to Coach Learning,2019,N
10.1007/978-981-19-0634-3_8,Reading Music. The Use of Scores in Music Learning and Teaching,2022,N
10.1007/978-94-009-3249-4_2,Individual Decision Making in Fuzzy Environments,1987,N
10.1109/humanoids.2014.7041511,Comparing a humanoid tutor to a human tutor delivering an instructional task to children,2014,N
10.1145/3385548,Session details: Paper Session: Novice Programmer Behaviors,2020,N
10.1007/978-3-319-07221-0_25,When Is Tutorial Dialogue More Effective Than Step-Based Tutoring?,2014,N
10.3102/1686087,Improving Written Feedback: How Directions and Rubrics Impact the Quality of Written Feedback of Preservice Teachers,2021,N
10.29086/10413/22907,Grade 7 technology teachers' topic-specific pedagogical content knowledge in teaching graphic communication.,,N
10.18666/tpe-2020-v77-i2-9173,The Veteran and the Novice: Investigating Teacher–Coach Role Conflict From Two Perspectives,2020,N
10.1002/nha3.20235,Case study: Self-directed advising for distance learners,2018,N
10.4324/9780429266300-16,Coaching elite-level field hockey,2019,N
10.1167/14.10.104,Effects of perceptual expertise in detecting letter transpositions on QWERTY keyboards,2014,N
10.1007/s40593-015-0053-0,Modelling Human Teaching Tactics and Strategies for Tutoring Systems: 14 Years On,2016,Y
10.1007/3-540-45108-0_60,The Conceptual Helper: An Intelligent Tutoring System for Teaching Fundamental Physics Concepts,2000,N
10.1002/ace.36719946412,Helping learners take responsibility for self‐directed activities,1994,N
10.1017/cbo9781139015684.005,Neural bases of judgment and decision making,2011,N
10.1249/01.mss.0000321617.72790.1d,"Differences In Oxygen Uptake Between Expert And Novice Masseurs While Performing Effleurage, Pétrissage And Tapôtement",2008,N
10.4324/9781315854847,What Great Teachers Do Differently,2013,N
10.4324/9781410604200-8,Expertise and Naturalistic Decision Making: An Overview,2001,N
10.33915/etd.5601,What elite men's collegiate tennis coaches look for in recruits and  how they assess preferred player characteristics,,N
10.1093/nq/cc.jul.314d,"Chess: ""Grandmaster""",1955,N
10.36605/jscos.5.0_22,Research on the Practical Knowledge of Sheet Metal Processing Technicians in Digital Transformation,2025,N
10.5220/0010458503310339,Expert Review of Taxonomy based Testing: A Testing Framework for Medical Device Software,2021,N
10.1007/3-540-45108-0_9,Active Learner Modelling,2000,N
10.15763/issn.1936-9298.2025.2.3.40-59,The Effect of Break Type on Engagement and Skill Acquisition During Massed Trial Instruction,2025,N
10.4324/9781003285168-7,Developing the expert performance coach,2023,Y
10.1111/exsy.12182,Automatic estimation of exercises<b>'</b>difficulty levels in a tutoring system for teaching the conversion of natural language into first‐order logic,2016,N
10.1163/1877-5888_rpp_sim_09389,Tutors,,N
10.1515/9781400824670-002,1. The Amateur Professional and the Professional Amateur,2009,N
10.4324/9781003400141-11,Transforming Your Classroom Culture into a Great Classroom Culture,2023,N
10.4324/9781410603098-12,Expertise and Tacit Knowledge in Medicine,1999,N
10.5040/9781350238268.ch-4,Governance and Teacher Expertise,2023,N
10.1371/journal.pone.0316658,Effectiveness of physiotherapist-led exercise interventions for burn rehabilitation: A systematic review and meta-analysis,2024,N
10.4324/9781315115399-9,Illative Sense and Tacit Knowledge,2017,N
10.1177/17479541261488177,Effects of coach trust on grit and athletic career commitment among elite soccer players: A career motivation theory perspective,2026,N
10.4324/9780203126424-12,Coaching domains and the role of the coach,2016,N
10.2139/ssrn.4759886,High Perseverance Linked to Higher GPAs in University Diploma Students: A Study on Grit,2024,N
10.59380/crj.v2i2.2787,What makes an effective leader?,2023,N
10.4324/9781003232322-11,"An Embedded, Relational, Emergent coach learning and development strategy",2024,N
10.1167/17.10.344,Neural evidence for unitization following perceptual expertise,2017,N
10.4324/9781410603098-18,Tacit Knowledge in Sales,1999,N
10.7717/peerj.21778/table-1,Table 1: Comparison of phase durations between the elite and novice groups.,,N
10.1002/bdm.393,Naturalistic decision making: still finding its way,2001,N
10.1108/978-1-64802-502-020251008,Skill-Based Training in Government Ethics,2021,N
10.19088/ids.2021.050,Closing England's Maths Attainment Gap through One-to-One Tutoring – Global Solutions,2021,N
10.51224/srxiv.569,Improving Coaching Skills for Beginner Coaches in a University Football Club: An Action Research Approach,2025,N
10.1167/14.10.820,Beyond perceptual expertise: Revisiting the neural substrates of expert object recognition,2014,N
10.4324/9781003148418-14,Developing (adaptive) coaching expertise,2023,N
10.4324/9781003400134-5,"What Do Great Teachers Say When a Student Seems Apathetic, Passively Disengaged, or Disconnected from School?",2024,N
10.1037/e537052012-435,Is Older Adults' Strategic Skill Acquisition Influenced by a Deficient Mental Task Model?,2004,N
10.1007/978-3-662-70726-5_6,Alternative Formats,2025,N
10.1007/s11701-025-02470-7,Systematic review and meta-analysis of the learning curve and mentoring in robotic pancreatectomy: transitioning from novice to expert robotic surgeon,2025,N
10.1371/journal.pone.0327327,Retraction: The comparative effectiveness of 55 interventions in obese patients with polycystic ovary syndrome: A network meta-analysis of 101 randomized trials,2025,N
10.1167/4.8.715,Perceptual differences of two- and three-dimensional texture information,2004,N
10.15663/wje.v1i1.532,Goal setting in sport: what coaches can learn from research,2017,N
10.1016/b978-0-12-816636-9.00006-2,Correlations between judgment and decision-making tasks in developmental samples,2022,N
10.15514/syrcose-2008-2-23,Automated Source Code Changes Classification for Effective Code Review and Analysis,2008,N
10.1111/j.1467-9639.1989.tb00066.x,Chess‐board Combinatorics,1989,N
10.4018/978-1-7998-8598-6.ch030,Self-Directed Learning Strategies in Adult Educational Contexts,2021,N
10.1007/978-3-642-13388-6_27,Do Micro-Level Tutorial Decisions Matter: Applying Reinforcement Learning to Induce Pedagogical Tutorial Tactics,2010,N
10.1108/oxan-es287002,Israeli-Palestinian Gaza impasse may prove extended,2024,N
10.4135/9781036233556.n5,The Person-Centred Approach to Coaching,2024,N
10.1145/632765.632769,Third generation computer tutors,1999,N
10.4324/9781003089889-17,Using emotions in coaching,2020,N
10.1167/8.6.475,Reinforcement learning and the acquisition of perceptual expertise in ERPs,2010,N
10.58837/chula.the.2019.215,"An investigation of the quality of Thai undergraduate students’ peer feedback, interaction patterns, and written revisions through the incorporation of technology",,N
10.58955/jecer.176441,Possibilities of Eye-tracking on Reflecting Teachers' Expertise in Early Childhood Education and Care,2026,N
10.51224/srxiv.495,Expert consensus on skill acquisition in sport: A Delphi study,2024,N
10.4324/9781315108490-14,Becoming a skilled reader,2017,N
10.5771/9781610480918-119,6 What Might Keep You from Becoming a Great Teacher?,2012,N
10.51257/a-v1-c7012,Expertise et expert dans le cadre de la construction - Sur l'activité expertale,2016,N
10.1007/978-3-662-07811-2_5,Strategic knowledge differences between an expert and a novice designer,2003,N
10.4324/9780203126424-15,A proposed model for coaching,2016,N
10.37514/wln-j.2017.42.1.05,"Tutors' Column: ""Modeling Peerness: Undergraduate Peer Tutors Leading Education for New Tutors""",2017,N
10.1145/1394281.1394325,Eye-tracking dynamic scenes with humans and animals,2008,N
10.23977/aduhe.2023.051419,Research on the Differences of Classroom Teaching between Expert Teacher and Preservice Teacher,2023,N
10.5040/9798216403265.0004,Introduction  Why Mentoring?,2021,N
10.33902/jpsp.202323606,What makes an effective teacher  Unveiling teachers  perceptions,2023,N
10.1007/0-306-47217-1_6,Assessment and Measurement of Pedagogical Content Knowledge,,N
10.1007/978-3-030-81938-5_28,Feedback for Performance Development: A Review of Current Trends,2022,N
10.4324/9781003127055-9,Which outcomes does coaching actually deliver? What does executive coaching work on?,2021,N
10.36315/2026inpact080,EXPERTISE RELATED DIFFERENCES IN ABSTRACT ART PERCEPTION: AN EYE-TRACKING STUDY OF PSYCHOLOGISTS AND ARTISTS,2026,N
10.4102/aosis.2025.bk546.0f,Foreword,2026,N
10.4324/9780429287923-15,"Athlete Welfare, Stakeholder Responsibility, and Ethics of Care in Elite Sport",2021,N
10.5040/9781718212749.ch-012,Instructional Strategies,2015,N
10.1177/002248718803900306,Expert-Novice Differences in Perceiving and Processing Visual Classroom Information,1988,N
10.4324/9780429322389-10,Emotionally intelligent tutoring,2020,N
10.1007/978-3-031-66363-5_4,From Novice to Expert: Creative Processes in the Music Studio and Classroom,2025,N
10.4324/9781315114514-11,A whole-person approach to leadership and executive coaching,2021,N
10.1016/j.eswa.2012.01.020,An adaptive and innovative question-driven competition-based intelligent tutoring system for learning,2012,N
10.4324/9780429354700-21,The Evening Review,2020,N
10.2196/preprints.93314,PTSD-Coach App Use in a Mass Trauma Context: A Qualitative Study of Engagement and AI-Driven Feature Integration (Preprint),2026,N
10.4324/9781315472256-11,"The Experiment, Phase 1: Deliberate Practice",2016,N
10.3102/2018746,"Shifts in Mathematics Teacher ""Noticing"": Video Club as Tool for Supporting Attention to Student Language",2023,N
10.4324/9781003400134-8,What Do Great Teachers Say When a Student Outburst Happens?,2024,N
10.4324/9781041057161-5,What does learning theory say?,2025,N
10.1108/13665621211191104,Tacit knowledge barriers in franchising: practical solutions,2012,N
10.1016/j.tate.2024.104824,Learning to self-regulate the professional work outside the classroom: A resource for novice teachers?,2025,N
10.1080/17430437.2015.1124566,Talent identification and development in elite youth disability sport,2016,N
10.1257/rct.13801-1.1,In-person Wage Premium: Evidence from Tutors,2024,N
10.4324/9780429325977-1,Why Look at Great?,2020,N
10.1017/cbo9780511816796.016,Retrospective Interviews in the Study of Expertise and Expert Performance,2006,N
10.55606/jurimea.v5i1.878,AN EXPERIMENTAL STUDY ON THE EFFECTIVENESS OF PEER FEEDBACK COMPARED TO TEACHER-WRITTEN CORRECTIVE FEEDBACK IN TEACHING WRITING,2025,N
10.24230/ksiop.21.1.200802.59,The Effects of Performance Coaching and Feedback Environment on the Fairness Perception to Performance Appraisal,2008,N
10.29140/tltl.v5n2.911,Online teacher written corrective feedback outside of class time: (In)effectiveness and task engagement,2023,N
10.7763/ijet.2009.v1.69,A Suggested E-Tutor Model as Dynamic Intelligent Tutoring System For Mathematics in Egyptian Language Schools,2009,N
10.1109/te.2005.856149,AutoTutor: An Intelligent Tutoring System With Mixed-Initiative Dialogue,2005,N
10.2307/j.ctv7vcsv2.19,WILL EISNER:,,N
10.5296/jsel.v8i1.16434,The Effectiveness of Direct and Indirect Written Corrective Feedback on English Collocation Competency: A Quasi – Experiment,2020,N
10.1016/b978-0-08-006364-5.50010-0,The Supervisor–Tutor Relationship,1969,N
10.1002/bdm.387,Naturalistic decision making and clinical judgment,2001,N
10.51593/20210076,Wisdom of the Crowd as Arbiter of Expert Disagreement,2021,N
10.1080/13611267.2021.1899585,Mentoring novice teachers,2021,N
10.1080/2331186x.2022.2082120,The role of feedback literacy in written corrective feedback research: from feedback information to feedback ecology,2022,N
10.37591/njobm.v4i1.747,Coaching for Employee Engagement in Pandemic Times—A Strategic Approach for Coaches,2021,N
10.31234/osf.io/p428m_v1,"Less Talk, More Code: Practice-Based Instruction Improves Programming Skill Acquisition",2026,N
10.1371/journal.pone.0238601,Effectiveness of insecticide-impregnated dog collars in reducing incidence rate of canine visceral leishmaniasis: A systematic review and meta-analysis,2020,N
10.4324/9781003370604-7,Heterogenous student characteristics as a challenge in professional noticing of teachers in diagnostic judgment situations,2024,N
10.1016/j.tate.2020.103243,"Novice and expert teachers’ situation-specific skills regarding classroom management: What do they perceive, interpret and suggest?",2021,N
10.1260/174795409789623964,Coaching Sprinting: Expert Coaches' Perception of Race Phases and Technical Constructs,2009,N
10.14355/jitae.2014.0301.01,Instant Text-Based Feedback Systems--The Development of a Text-Based Feedback System and Its Potential Use in Foreign Language Teaching,2014,N
10.1167/16.12.1101,Training melanoma detection in photographs using the perceptual expertise training approach,2016,N
10.1108/978-1-68123-106-820251011,How Teachers Develop Technological Pedagogical Content Knowledge (Tpack) For Contemporary Learning Environments,2015,N
10.1123/jsep.17.1.1,The Coaching Model: A Grounded Assessment of Expert Gymnastic Coaches’ Knowledge,1995,N
10.3390/nu16081104,Nutrition for European Elite Fencers: A Practical Tool for Coaches and Athletes,2024,N
10.1007/978-3-030-60128-7_48,"A Novel Investigation of Attack Strategies via the Involvement of Virtual Humans: A User Study of Josh Waitzkin, a Virtual Chess Grandmaster",2020,N
10.1080/02640414.2022.2099177,Substitutions in football – what coaches think and what coaches do,2022,N
10.4324/9780203383889-38,Helping learners use open-learning materials,2004,N
10.1007/978-3-642-86679-1_16,Psychological Characteristics of Expert Decision Makers,1987,N
10.1007/978-1-4020-6532-3_12,Developing Expert and Transformative Wisdom: Can Either Be Taught in Public Schools?,,N
10.4324/9781003237617-1,Welcome,2022,N
10.4324/9781315523293-7,The Effectiveness of Feedback in Asynchronous Online Courses for Nonnative Speakers of English,2017,N
10.1515/dsll-2026-0025,"Learning Sequences and Events in Individual, Pair and Group Data-Driven Learning",2026,N
10.36513/sigma.v7i2.1286,ANALISIS PEMAHAMAN PESERTA DIDIK BERDASARKAN TAKSONOMI BLOOM DITINJAU DARI GAYA KOGNITIF PADA SOAL SPLDV,2022,N
10.1177/0741088320986554,The Role of Error Type and Working Memory in Written Corrective Feedback Effectiveness on First-Language Self Error-Correction,2021,N
10.3233/jifs-238151,A consensus reaching model for expert behavior-driven adjustment of expert weights based on picture fuzzy sets,2024,N
10.31274/rtd-180813-10438,Elements of mentoring the novice principal,,N
10.2307/jj.19307125.1,Front Matter,2025,N
10.46409/sr.mzzc3210,Hybrid Diabetes Coaching Model: Integrating In-Person and Telemedicine Strategies to Improve Glycemic Outcomes,,N
10.3998/mpub.288606,One on One with Second Language Writers,2009,N
10.2139/ssrn.6901339,Rent-to-Own Housing and the Home Ownership and Equity Protection Act Blind Spot: Modernizing Federal Consumer Finance Protections for Seller-Financed Home Purchases,2026,N
10.1007/1-4020-2094-5_9,Teaching Expertise,,N
10.4324/9780203965269-19,Coach yourself,2006,N
10.1080/00221309.1928.9920133,On Plotting Onf's Own Blind Spot,1928,N
10.56428/aqij.2025.4.2.213,Gokseong Mong-eo and Simcheong: A Case Study of Convergence Arts Education and Performance for High School Students,2025,N
10.5040/9781805016182.ch-003,How to Emotion Coach,2021,N
10.4102/aosis.2025.bk546,Empowering self-directed learners through digital innovation and open educational practices,2026,N
10.1023/a:1003011431677,ID Expert™: A second generation Instructional Development System,1998,N
10.17918/etd-6630,A review of the impact from providing formative feedback through the implementation of writer's notebook,,N
10.1093/gmo/9781561592630.article.a2224535,Grandmaster Flash,2012,N
10.4324/9781315768595-9,Methods,2014,N
10.4324/9781003089889-24,Cognitive-behavioural coaching,2020,N
10.3102/2275945,Scaling Dialogic Teaching:  How Group Size Shapes Tutor Talk Moves in Virtual Tutoring,2026,N
10.37200/ijpr/v24i1/pr200275,Rule-based Cognitive Modelling for Multimodal Intelligent Tutoring Systems,2020,N
10.1109/icmi.2002.1167044,Experimentally augmenting an intelligent tutoring system with human-supplied capabilities: adding human-provided emotional scaffolding to an automated reading tutor that listens,,N
10.1177/1469787415616720,Tutoring the tutors: Supporting effective personal tutoring,2016,N
10.4135/9781483328782.n2,The Intellectual Dispositions of Self-Directed Learners,2004,N
10.4324/9781003593713-6,Coaching in and with blue spaces,2026,N
10.1002/9781119419310.ch2,Android Studio Basics,2016,N
10.55277/researchhub.xbmxb08p,PLANT MAINTENANCE,2023,N
10.1080/14626269009409092,The anatomy of FITS: A mathematics tutor,1990,N
10.4135/9781473944862,Formative Assessment,2005,N
10.3390/educsci13040402,"Distinguishing between Grit, Persistence, and Perseverance for Learning Mathematics with Understanding",2023,N
10.1123/iscj.2023-0060,Redeveloping Expertise in the Transition From Coach to Coach Education Tutor,2025,N
10.4324/9781003400134-6,What Do Great Teachers Say to Encourage Proper Use of Technology and Devices in the Classroom?,2024,N
10.2752/9780857854148/aesecofash0008,Tacit Aesthetic Knowledge: The Fashion Sense and Sensibility of Fashion Buyers,2009,N
10.1002/9783527678679.dg11875,Sigma replication,2015,N
10.1097/00004650-199707000-00006,Wisdom and Falsehoods: Naming the Practice Wisdom of Nursing in the Home and the Falsehoods Opposing That Practice,1997,N
10.51420/conf.2023.1,Investigating How Computer Science Teachers and Instructional Coaches Navigated Remote Professional Development During COVID-19,2023,N
10.4135/9781412986076.n4,Four Studies Generated With Systematic Self-Observation,2002,N
10.1111/bjet.12125,Design and usability assessment of a dialogue‐based cognitive tutoring system to model expert problem solving in research design,2013,N
10.4324/9781003232322-3,Coach development,2024,N
10.1007/978-3-540-70939-8_40,"Expert vs. Non-expert Tutoring: Dialogue Moves, Interaction Patterns and Multi-utterance Turns",2007,Y
10.4324/9781003569916-6,Drivers of modern organizational wisdom,2025,N
10.14198/jhse.2021.164.18,Grit-passion and grit-perseverance in ultramarathon runners,2020,N
10.1201/9781315597584-12,Strategies in Naturalistic Decision Making: A Cognitive Task Analysis of Naval Weather Forecasting,2017,N
10.1007/978-3-642-13437-1_29,Visualizing Educational Data from Logic Tutors,2010,N
10.1007/0-387-28809-0_45,Addressing Tacit Knowledge in ISD Methodologies,,N
10.4324/9781003160939-32,High-Performance Coach Development,2024,N
10.1007/978-1-4684-6350-7_2,Toward a Theory of Impasse-Driven Learning,1988,Y
10.4324/9781041054351-2,What is a personal tutor?,2025,N
10.15823/sm.2017.1,A Systematic Review of the Professional Competencies of Coaches in Elite Sport,2017,N
10.1891/9780826180094.0027,Integral Coaching: Whole Person Development in a Complex World,2018,N
10.7551/mitpress/14877.003.0015,The Closing of the Elite Mind,2025,N
10.1177/10451595231184928,Exploring the Role of ChatGPT as a Facilitator for Motivating Self-Directed Learning Among Adult Learners,2023,N
10.4324/9781315102450-12,Athlete-centred coaching and teaching games for understanding,2017,N
10.1057/9780230362963.0008,EXECUTIVE COACHES,,N
10.1017/9781108894333.046,Multimedia Learning with Cognitive Tutors,2021,N
10.1016/s1389-0417(99)00005-4,AutoTutor: A simulation of a human tutor,1999,N
10.26226/morressier.60780408dc2fa1af56246908,EFFECTIVENESS OF PHARMACIST-LED REMOTE PATIENT MONITORING IN THE MANAGEMENT OF UNCONTROLLED HYPERTENSION IN ADULT AMBULATORY CARE PATIENTS,2021,N
10.37766/inplasy2025.10.0104,Football coach decision-making process: A Systematic Review Using PRISMA,2025,N
10.1371/journal.pone.0132935,The Effectiveness of Interventions on Sustained Childhood Physical Activity: A Systematic Review and Meta-Analysis of Controlled Studies,2015,N
10.4135/9781529738742.n6,Post-lesson feedback and marking - how to make them manageable?,2021,N
10.1016/j.eswa.2012.05.026,Adaptive consensus support model for group decision making systems,2012,N
10.12800/ccd.v10i28.517,Elite coaches views on factors contributing to excellence in orienteering,2015,N
10.4324/9780203056899-16,Assessment Procedures for Predicting and Optimizing Skill Acquisition After Extensive Practice,2013,N
10.4324/9781003028642-16,Reflections on Career Development From Women Who Coach Canadian Elite Track and Field Athletes,2021,N
10.5296/ijl.v3i1.795,Effective Teaching: Exploring Expert and Novice EFL Teachers’ Attitudes in Iran,2011,N
10.1007/978-981-13-5898-2_5,Exposing Pathways for Developing Teacher Pedagogical Content Knowledge at the Topic Level in Science,2019,N
10.1023/a:1003089914104,Non-diagnostic intelligent tutoring systems: Teaching without student models,1997,N
10.1109/aiccsa.2001.933949,DB-TUTOR: an intelligent tutoring system using a troublemaker companion,,N
10.5040/9781350031937.ch-008,Professional Identity as a Primary Classroom Teacher,,N
10.1167/11.11.679,The effect of perceptual expertise on visual short-term memory,2011,N
10.2307/jj.19307125.2,Table of Contents,2025,N
10.1016/j.idnow.2024.104893,"Sports and Immunity, from the recreational to the elite athlete",2024,N
10.1007/978-3-642-13437-1_69,Developing an Intelligent Tutoring System Using Natural Language for Knowledge Representation,2010,N
10.1016/j.learninstruc.2022.101633,Mental imagery skill predicts adults’ reading performance,2022,N
10.4018/978-1-6684-7366-5_315812,R2D2/C3PO Video Conferencing Instructional Strategies and Learning Activities,2025,N
10.4324/9781003089889-27,Neuroscience coaching,2020,N
10.1017/cbo9780511609817.017,Structuring the Conditions of Training to Achieve Elite Performance: Reflections on Elite Training Programs and Related Themes in Chapters 10–13,2009,N
10.18653/v1/2022.emnlp-main.498,Tutoring Helps Students Learn Better: Improving Knowledge Distillation for BERT with Tutor Network,2022,N
10.4324/9781003235385,Grit in the Classroom,2021,N
10.1007/s10857-014-9289-0,Exploring teacher noticing of student algebraic thinking in a video club,2014,N
10.1007/978-3-319-46753-5_18,Using Mathematical Learning Goals to Analyze Teacher Noticing,2017,N
10.1167/18.10.324,Controling for Perceptual Differences in the Faces Flanker Task,2018,N
10.1057/9781137440068.0015,Developing Novice EFL Teachersâ Pedagogical Knowledge through Lesson Study Activities,,N
10.1057/9780230362963.0030,"COACH, CONTAIN THYSELF",,N
10.15858/engtea.66.4.201112.73,Construction of Expert-Novice Identities in Language-Exchange Interactions,2011,N
10.21313/hawaii/9780824835439.001.0001,Sword of Zen,2012,N
10.1145/3657604.3664681,Enhancing Tutoring Effectiveness Through Automated Feedback: Preliminary Findings from a Pilot Randomized Controlled Trial on SAT Tutoring,2024,Y
10.15408/es.v10i1.8092,CLASSROOM INTERACTION: TEACHER AND STUDENTS PERCEPTION ON DIALOGUE IN PRIMARY SCIENCE CLASSROOM,2018,N
10.4324/9781003160939-12,Internal Processes and Cognitive Approaches to Coach Learning and Development,2024,N
10.22251/jlcci.2025.25.8.41,The Effect of Career-Beginner’s Adult Attachment on Adapting to Working Life: The Mediating Effects of Negative Affectivity and Interpersonal Problem,2025,N
10.4324/9781315768595-12,Cognitive Scaffolding Strategies,2014,N
10.1207/s15516709cog2704_3,"Visualization, pattern recognition, and forward search: effects of playing speed and sight of the position on grandmaster chess errors",2003,N
10.1123/iscj.2017-0051,Differences Between Expert and Novice Tennis Coaches’ Perceptual Capacities,2018,N
10.2196/preprints.68309,Feedback from dental students using two alternate coaching methods: a course-based evaluation (Preprint),2024,N
10.4324/9781003593713,The Outdoor and Nature Coaches’ Handbook,2026,N
10.1080/00948705.2019.1613160,"Talent development, existential philosophy and sport: on becoming an elite athlete",2019,N
10.15358/9783800677498-56,4. Adaptives Coaching als Grundlage des LEAD COACH-Ansatzes,2026,N
10.4324/9781003051343-12,Creating a Skills Based Curriculum,2024,N
10.5353/th_b4544202,The effectiveness of teacher written feedback on S.3 students' ability to produce elaborations in expository writing,,N
10.15823/p.2022.146.5,A Qualitative Study of Adult Learners’ Self-Directed Learning Readiness in Non-Formal ESP Online Courses: Lithuanian Students’ Perspective,2022,N
10.1163/9789004410497_002,"Wisdom, (Moral) Virtue and Knowledge",2019,N
10.1037/e654552010-001,Florida's Middle School Reading Coaches: What Do They Do? Are They Effective?,2008,N
10.25208/vdv16936-159938,Supplement 6. Diagnostic accuracy of artificial intelligence versus clinicians.,,N
10.4324/9781315808321,Studying the Novice Programmer,2013,N
10.1080/20004508.2021.1876299,Swedish elite athletics coaches’ professional development in practices of organized coaches’ meetings,2021,N
10.4324/9781003035725,Intuitive Expertise and Financial Decision-Making,2022,N
10.1302/3114-210684,Blood Flow Restriction in the Elite Athlete,2021,N
10.1891/9780826140081.0012,Graded Clinical Versus Pass/Fail Evaluations,2017,N
10.57030/23364890.cemj.31.1.86,"The Relations Between Technological Knowledge, Technological Content Knowledge, Technological Pedagogical Knowledge, Technological Pedagogical Content Knowledge and Inventive Skills Among Malay Language Teachers",2023,N
10.5771/9781475865028-105,Bibliography,2022,N
10.28919/jmcs/4567,Proposed frame-based expert system to construct student's knowledge model in intelligent tutoring systems,2020,N
10.1108/oxan-db254749,New diplomacy may entrench Somalia-Somaliland impasse,2020,N
10.1016/j.eswa.2018.02.005,Part-based vehicle detection in side-rectilinear images for blind-spot detection,2018,N
10.1017/cbo9781139015684.012,Causal models in judgment and decision making,2011,N
10.4324/9780203383889-18,Learning names,2004,N
10.4135/9781473935587,Peer Coaching,2015,N
10.4324/9780429351037-17,Sport Coach Development,2019,N
10.1007/s42321-018-0009-1,Trained Peer Written Feedback and Teacher Written Feedback: Similar or Different?,2018,N
10.1007/s10664-023-10300-3,Learning to Predict Code Review Completion Time In Modern Code Review,2023,N
10.2307/jj.19307125.5,ABBREVIATIONS,2025,N
10.7717/peerj.21778/table-3,Table 3: Comparison of take-off phase technical parameters between the elite and novice groups.,,N
10.1017/cbo9780511816796.023,Professional Judgments and “Naturalistic Decision Making”,2006,N
10.1007/s40299-021-00607-4,Exploring the Perspectives and Readiness of Undergraduate Tutors Regarding Synchronous Online One-to-One Tutoring for Pupils in Rural Areas,2021,N
10.32038/frsl.2023.01.09,Audio versus written feedback: Multilingual students’ perspective in a U.S. composition class,2023,N
10.4324/9781003041689-5,Variable performance traits,2025,N
10.4135/9781446251577.n12,"Discourse Mapping: Coaching across and between
                    Discourses",2012,N
10.4324/9781410617071-24,The Screen Manager,2006,N
10.1016/b978-0-12-099975-0.x5000-3,"Measurement, Judgment and Decision Making",1998,N
10.1093/acprof:oso/9780195309607.003.0003,Objects of Expertise,2009,N
10.4324/9781315443720-21,Javelin,2016,N
10.1080/14753634.2010.489386,Challenges faced by tutors in Higher Education,2010,N
10.1177/02557614251338549,Improvising for the test: Influences of graded music examinations on the teaching and learning of improvisation within studio lessons,2025,N
10.1201/9781003566007-3,Making Decisions Under Pressure,2026,N
10.1163/2210-7363_ecll_com_000296,Written Language versus Spoken Language,,N
10.1093/ww/9780199540884.013.u10000336,"Mccolgan-Nuttall, Elizabeth, (born 24 May 1964), athletic coach; Owner, Liz McColgan Health Clubs",2007,N
10.4018/978-1-59140-860-4.ch010,Expert-Novice Differences and Adaptive Multimedia,2006,N
10.1016/s0742-051x(97)00018-8,Evolution of novice through expert teachers' recall: Implications for effective reflection on practice,1997,N
10.54859/kjogi108021-65492,Figure 3. Schematic representation of the CRMP model,,N
10.4324/9781003091615-3,"Why Look at Great?; It’s People, Not Programs",2020,N
10.22251/jlcci.2023.23.20.999,Right to education from a civic education perspective: From an object of teaching rights protection to a subject of educational expertise,2023,N
10.1002/bdm.397,Perspectives on naturalistic decision making from organizational behavior,2001,N
10.19164/gjsscmr.v1i3.1569,"‘Hanging up the boots, picking up the whistle’: An interpretative phenomenological analysis of the player-to-coach transition in elite football",2024,N
10.14325/mississippi/9781496819215.003.0015,Will Eisner,2018,N
10.4324/9781410604200-28,Driving Proficiency: The Development of Decision Skills,2001,N
10.4324/9781315102450-1,Introduction,2017,N
10.59350/snw2h-c5f75,How does the scalability of peer learning compare to expert-led coaching 'fellowships'?,2024,N
10.31234/osf.io/fc3da_v3,Similarity Ratings Reveal Expert-Novice Differences in Knowledge Organization,2026,N
10.1201/9781351076203-1,Real-Time Expert Systems,2018,N
10.1016/j.jvoice.2014.09.017,Occupational Vocal Health of Elite Sports Coaches: An Exploratory Pilot Study of Football Coaches,2015,N
10.4324/9780429433832,Achieving HR Excellence through Six Sigma,2021,N
10.30827/digibug.70280,Knowledge and Competences of Racket Sports Coaches: What do They Think and Know?,2021,N
10.1007/978-981-13-5898-2,Repositioning Pedagogical Content Knowledge in Teachers’ Knowledge for Teaching Science,2019,N
10.37514/wln-j.2019.43.9.05,"Tutors' Column: ""Exploring and Enhancing Writing Tutors' Resource-Seeking Behaviors""",2019,N
10.2307/jj.25291735.38,ELITE EIGHT,2016,N
10.1260/1747-9541.10.6.1001,Expert Coaches' Perceptions of Athlete Performance Optimization,2015,Y
10.1016/j.tate.2022.103652,Novice teachers’ appraisal of expert feedback in a teacher professional development programme in Chinese vocational education,2022,Y
10.4016/9362.01,Edukit Video Tutor,2008,N
10.7717/peerj-cs.315/fig-3,"Figure 3: Mean satisfaction and engagement scores with error bars representing SE, for the predictor of learning condition within immersive virtual environments (no tutor, humanoid tutor, abstract tutor).",,N
10.1016/j.jmig.2019.09.509,Overcoming Expert Blind Spot when Teaching the Novice Surgeon,2019,N
10.61608/9783775761390-001,Blind Spot Bias: Ästhetische Erfahrung und die blinden Flecken des Sehens,2025,N
10.4324/9781315854830-18,What About These Darn Standardized Tests?,2014,N
10.1007/978-3-032-11842-4_1,Introduction,2026,N
10.22251/jlcci.2025.25.12.877,"The Relationship between Attachment Pattern, Self-Esteem Level and Stability, and Relationship Perception Level and Stability in Heterosexual Couples",2025,N
10.1002/9781118089965.app2,Appendix B: 14 Compelling Reasons to Use a Professional Coach,2011,N
10.4324/9780203806913-24,"PERFORMANCE ANALYSIS, FEEDBACK AND COMMUNICATION IN COACHING",2013,N
10.1108/et-12-2017-0200,Tacit knowledge transfer from a master to an apprentice among hairdressers,2019,N
10.1007/978-1-4419-7707-6_12,Exploring Korean Teacher Classroom Expertise in Sociomathematical Norms,2010,N
10.7551/mitpress/13711.003.0002,An Introduction to the Blind Spot,2024,N
10.3233/icg-2007-30110,"CHESS GRANDMASTER L’AMI AGAINST ZAPPA March 6 - 7, 2007",2007,N
10.5040/9781474212304,Online Second Language Acquisition : Conversation Analysis of Online Chat,2010,N
10.37473/dac/10.3390/sym13101821,Investigating Human Torso Asymmetries: An Observational Longitudinal Study of Fluctuating and Directional Asymmetry in the Scoliotic Torso,,N
10.1109/64.207424,Knowledge-based and statistical approaches to text retrieval,1993,N
10.1037/e577262012-005,"The mental rotation tutors: A flexible, computer-based tutoring model for intelligent problem selection",2004,N
10.1109/ro-man60168.2024.10731328,"Exploring Help-Seeking Behavior, Performance, and Cognitive Load in Individual Tutoring: A Comparative Study between Human Tutors and Social Robots",2024,N
10.4018/978-1-61350-447-5.ch011,Guru,,N
10.4018/978-1-59904-768-3.ch001,Overview of Agent Modelling,2008,N
10.1007/978-3-662-70726-5_10,I Win the Ball,2025,N
10.4324/9781003089889-28,Narrative coaching,2020,N
10.4324/9781003041689-6,Educational applications,2025,N
10.1093/acprof:oso/9780195309607.003.0008,Modeling Perceptual Expertise,2009,N
10.4324/9780203125229-5,Introduction,2012,N
10.1111/ijal.70053/v1/review1,"Review for ""Linguistic Analyses on Written Corrective Feedback for Chinese as a Second Language: ChatGPT versus Human Teachers""",2025,N
10.1515/9780691265896-024,NOTES,2025,N
10.31234/osf.io/h9473,The Dual Pillars of Grit: The Synergistic Benefits of Combining Perseverance and Passion Alignment for Job Performance,2017,N
10.1007/springerreference_302577,Ability Determinants of Complex Skill Acquisition,,N
10.1257/rct.8933-1.1,Feasibility and effectiveness of an artificial intelligence enhanced application for student wellbeing: pilot trial of the Mind Tutor.,2022,N
10.3102/1436528,Pilot Study of a Tutorial Dialogue System That Emulates the Contingent Scaffolding of Human Tutors,2019,N
10.4324/9781410617071-23,Generating Tutorial Dialogue,2006,N
10.4324/9781410617071-15,A Tutoring Episode Analyzed,2006,N
10.1353/amu.2011.a407116,"From Folk to Popular and Back: Musical Feedback between Studio Recordings and Festival Dance-Songs in Uttarakhand, North India",2011,N
10.4324/9781032633534-6,Self-reflective journals,2024,N
10.4324/9781351272643-4,The Three Conference Stages and Tutoring Strategies,2018,N
10.1163/9789004410497_003,Social Practice Wisdom,2019,N
10.25236/ijnde.2023.050718,Research on the Role of Tutor Education in the Apprenticeship Tutoring System,2023,N
10.5040/9798881833435.ch-001,What is Coaching?,2020,N
10.1037/e574162010-001,Pathwise Mentoring for Novice Teachers Includes Special Education Foundation,2005,N
10.1177/1747954117727646,Systematizing coaches’ ‘eye for talent': Player assessments based on expert coaches’ subjective talent criteria in top-level youth soccer,2017,N
10.7190/shu-thesis-00508,Expert cricket coaches’ conceptions of the fast-bowling technique and how they coach it,,N
10.1037/e359782004-012,Feedback specificity and safety performance.,1999,N
10.1353/chapter.1195832,1 THE AMATEUR PROFESSIONAL AND THE PROFESSIONAL AMATEUR,,N
10.1016/b978-008043361-5/50018-3,Visual Search of Dynamic Scenes,1998,N
10.1007/978-3-642-30950-2_127,Cluster Based Feedback Provision Strategies in Intelligent Tutoring Systems,2012,N
10.1037/e449252006-001,Automated Tutoring Environment for Command (ATEC): Using an Intelligent Tutor to Model Expert Mentor Interactions,2002,N
10.4324/9780203132623.ch12,Defining Coaching Effectiveness,,N
10.1385/1-59259-335-6:075,"DNA Replication, Repair, and Recombination",,N
10.2307/jj.19307125.9,Mobilising Labour,2025,N
10.20868/upm.thesis.1936,A model for 3D virtual environment for learning based on the detection of collaboration through an autonomous virtual tutor = Modelo para Detectar la Colaboración en un Entorno Virtual 3D para la Mejora de la Enseñanza Basada en un Tutor Virtual Autónomo,,N
10.4324/9781003291879-16,Remote Learning Environments,2023,N
10.4324/9780429354700-45,Flip It!,2020,N
10.1017/cbo9780511609817.018,THE DEVELOPMENT OF EXPERTISE AND EXPERT PERFORMANCE,2009,N
10.1609/aaai.v28i1.8784,Analogy Tutor: A Tutoring System for Promoting Conceptual Learning via Comparison,2014,N
10.3389/fnagi.2017.00084,Commentary: Preconditioning tDCS facilitates subsequent tDCS effect on skill acquisition in older adults,2017,N
10.31274/rtd-20200716-54,The culture of architectural design studio: a qualitative pilot study on the interaction of the instructor and the student in their culture and the identification of the instructor's teaching styles,,N
10.4135/9781446251577.n9,"The Psy Expert Discourse: Coaching the Outward
                    Self",2012,N
10.59350/b67f9-mpg60,How does the scalability of peer learning compare to expert-led coaching 'fellowships'?,2024,N
10.1016/j.eswa.2022.117474,Teacher–student knowledge distillation based on decomposed deep feature representation for intelligent mobile applications,2022,N
10.21956/mep.19573.r29043,Peer Review Report For: Exploring tutor perceptions and current practices in facilitating diagnostic reasoning in preclinical medical students: Implications for tutor professional development needs [version 1],2018,N
10.1007/3-540-47987-2_65,Going Beyond the Problem Given: How Human Tutors Use Post-practice Discussions to Support Transfer,,N
10.1108/oxan-es254315,Election boycott will not resolve Venezuela impasse,2020,N
10.38151/akef.2022.16,Evaluation of Preservice Teachers  Computer-based Instructional Materials by Special Education Teachers,2022,N
10.1097/00000542-199904000-00045,An Unexpected Penlon Sigma Elite Vaporizer Leak ,1999,N
10.4324/9780429296482-5,Theoretical considerations of athlete decision-making,2020,N
10.1007/978-3-031-63031-6_26,Semi-automatic Construction of Bidirectional Dialogue Dataset for Dialogue-Based Reading Comprehension Tutoring System Using Generative AI,2024,N
10.21449/ijate.593636,Development of a Preschool Teachers’ Pedagogical Content Knowledge Scale regarding Mathematics,2020,N
10.5539/elt.v18n9p12,"The Inconclusive Effectiveness of Indirect, Coded and Direct Written Corrective Feedback on EFL Student Writing",2025,N
10.5840/bpej198543/426,"Equal Access to Computing, Computing Expertise, and Decision Making About Computers",1985,N
10.2478/v10237-012-0021-7,Practice Variability and Training Design: Strategies of Elite Horizontal Jump Coaches,2012,N
10.4324/9781003604600-9,The Changing Landscape of Coach Development in Québec,2026,N
10.1017/s0265051723000220,Power relations in the music teaching studio,2023,N
10.5040/9798881833435.ch-004,Coaching Skills,2020,N
10.1108/oxan-es270595,US impasse over online moderation is deepening,2022,N
10.4324/9781315102450-8,Developing athlete-centred coaching in high performance field hockey,2017,N
10.1515/9780691265896-026,INDEX,2025,N
10.1108/oxan-es198900,Americas Summit prompts diplomatic moves,2015,N
10.65645/3105-9104.1000,Integrating Deep Learning and Expert Systems in Negotiation Support: A Framework for Body Language Recognition to Augment Decision-Making Via Non-Verbal Cues,2025,N
10.7748/ns2008.01.22.19.30.b708,NLP and Coaching for Healthcare Professionals – Developing Expert PracticeNLP and Coaching for Healthcare Professionals – Developing Expert Practice,2008,N
10.4324/9781315443720-7,Introduction,2016,N
10.31979/etd.625m-3qze,Skill acquisition and assimilation by means of different methods of corrective instruction,,N
10.1007/3-540-68716-5_86,Cognitive Measures for Visual Concept Teaching with Intelligent Tutoring Systems,1998,N
10.4324/9780429354700-38,Ask Your Muse,2020,N
10.1163/9789004410497_005,Practice Wisdom and Professional Artistry,2019,N
10.5040/9798881833435.ch-005,Key Concepts within this Peer Coaching Framework,2020,N
10.33828/sei.v29.i2.3,Pre-service Science Teachers’ Perceptions toward Additional Instructional Strategies in Biology Laboratory Applications: Blended Learning,2018,N
10.5860/crln.75.3.9085,Exploring the learning commons: Tutoring moves into Hinckley Library,2014,N
10.5220/0014609200004852,Text Based Patient Feedback System for Sentiment Analysis Using Transformer Based Model,2025,N
10.4135/9781071845417.n1,Introduction,2021,N
10.4324/9781003232322-2,"Coach education, coach learning and professional development",2024,N
10.21832/9781800411241-008,5 Researching Teacher Noticing,2021,N
10.1097/iyc.0000000000000200,"Practices and Reflections of Experienced, Expert Early Childhood Coaches",2021,N
10.1177/1747954116676113,Development of the Assessment of Coach Emotions systematic observation instrument: A tool to evaluate coaches’ emotions in the youth sport context,2016,N
10.2139/ssrn.2921353,Voter Decision Making Models: Predetermined or Primed?,2017,N
10.1057/9780230307209_22,Elite performers,2011,N
10.1108/oxan-db276406,Party warfare threatens political impasse in Seoul,2023,N
10.4135/9781412971980.n148,Expert Systems,2009,N
10.4324/9781315174242-3,Building the Tutor Team,2018,N
10.1093/applin/amaf033,“It’s very well written!”: Revisiting praise in teacher written feedback from the perspective of feedback literacy,2025,N
10.1007/978-3-662-03037-0_8,Strengthening the Novice-Expert Shift Using the Self-Explanation Effect,1994,N
10.1080/13611267.2011.597118,Training Parents as Effective Literacy Tutors: Increasing the Procedural Integrity of Tutoring,2011,N
10.1016/j.tate.2022.103906,Real-time teacher-student interactions: The dynamic interplay between need supportive teaching and student engagement over the course of one school year,2023,N
10.4324/9780203934333-12,Using formative assessment and formative feedback in learning and teaching,2007,N
10.65961/ajelt-2012-1-001,Comparing Written-Only and Written-Plus-Spoken Peer Feedback in a Japanese EFL University Context,2012,N
10.21203/rs.3.rs-9923765/v1,Whose decision is it? Mapping and reconciling expert disagreement over athlete participation in elite-sport decision-making,2026,N
10.31838/jcr.07.11.17,"PERSEVERANCE AND PASSION IN THE TEACHING PROFESSION: TEACHERS’ GRIT, SELF-EFFICACY, BURNOUT, AND PERFORMANCE",2020,N
10.1002/bdm.391,Ambivalence in (not about ) naturalistic decision making,2001,N
10.4324/9781410604200-34,The Nature of Constraints on Collaborative Decision Making in Health Care Settings,2001,N
10.4324/9781315102450-15,Athlete-centred coaching in swimming,2017,N
10.21203/rs.3.rs-8701114/v1,From Coach Knowledge to Burnout: The Sequential Mediating Roles of Psychological Capital and Coach-Athlete Relationship Quality in Elite Football,2026,N
10.1515/9781503605060-006,Chapter 4. Step 3: make peer coaching a habit,2020,N
10.1007/978-3-319-76378-1_4,Person-Centred Coaching,2019,N
10.1163/9789004410497_021,The Place of Wisdom in Clinical Practice,2019,N
10.17265/2159-5526/2017.01.006,Analysis of the Efficiency of Teaching Chess in Schools,2017,N
10.32657/10356/182528,Controllable neural text generation in persona-based dialogue systems,,N
10.1109/icprime.2013.6496465,Reliable code coverage technique in software testing,2013,N
10.1371/journal.pone.0105843,Correction: Effectiveness of Treatment Approaches for Children and Adolescents with Reading Disabilities: A Meta-Analysis of Randomized Controlled Trials,2014,N
10.1080/21640629.2014.901712,Coaching elite athletes: How coaches stimulate elite athletes' reflection,2014,Y
10.32469/10355/44165,Speaking skills or communication? : What undergraduate students say makes an effective international teaching assistant,,N
10.2307/jj.22730662.10,Researching Teacher Noticing,2021,N
10.1007/s10677-012-9367-2,Wisdom as an Expert Skill,2012,N
10.1071/9781486308934.bk07812_ch03,What makes long-term monitoring effective?,2018,N
10.2307/jj.22730662.14,Noticing and Pre-Service Teachers,2021,N
10.4324/9780429354700-32,The Creative Zone,2020,N
10.1007/978-3-662-70726-5_11,We Win the Ball,2025,N
10.4324/9781003288961-15,Negotiating the expert/novice positions in language teacher professional development,2023,N
10.4324/9781003390527-3,Solution Focused Coaching Supervision,2024,N
10.1007/s11251-016-9367-z,Teacher vision: expert and novice teachers’ perception of problematic classroom management scenes,2016,Y
10.1126/science.310.5754.1599b,ERC Moves Forward Despite Budget Impasse,2005,N
10.4324/9781003400141-4,What Do Great Teachers Say on the First Day of School and the Days that Follow?,2023,N
10.1017/cbo9781139524698.004,Characteristics of Expert and Novice Teachers,2003,N
10.2307/j.ctv1mgm7ng.3,Introduction:,2021,N
10.5220/0005188503040311,Comparing Computerized Physician Order Entry Usability between Expert and Novice Primary Care Physicians,2015,N
10.1163/9789004410497_014,Bringing Spirituality and Wisdom into Practice,2019,N
10.21278/idc.2018.0159,SHAPING PRODUCTS: DIFFERENCES BETWEEN EXPERT AND NOVICE INDUSTRIAL DESIGNERS,2018,N
10.1016/j.eswa.2009.12.011,Extracting learning concepts from educational texts in intelligent tutoring systems automatically,2010,N
10.1123/att.8.2.34,Using Directed Instruction to Teach Initial Psychomotor-Skill Acquisition,2003,N
10.4324/9781315576855-22,Exploring and Encouraging Metacognitive Awareness in Novice Music Students,2016,N
10.4324/9781410604200-19,The Management of Temporal Constraints in Naturalistic Decision Making: The Case of Anesthesia,2001,N
10.59350/5ry62-hv582,"Calculating the relative effectiveness of expert coaching, peer learning, and cascade training",2024,N
10.4337/9781035321544.00025,Self-observation with video as a support for teacher noticing of student thinking,2025,N
10.1007/978-3-662-70726-5,Soccer – The Practical Guide for Athletes and Coaches from Weekend Warriors to Elite Competitors,2025,N
10.4324/9781003685951-10,Measuring your impact as a dual-qualified coach,2026,N
10.1007/springerreference_226146,Deliberate Practice and Its Role in Expertise Development,,N
10.4324/9780429351037-14,"Self-Paced Online Learning to Develop Novice, Entry-Level, and Volunteer Coaches",2019,N
10.1007/978-3-319-46753-5_14,“Maybe It’s a Status Problem.” Development of Mathematics Teacher Noticing for Equity,2017,N
10.1123/jsp.1.4.262,Coach and Athlete Personality Interaction: A Critical Variable in Athletic Success,1979,N
10.1353/ccr.2025.a966460,"After the Death of the Grandmaster (II), and: After the Death of the Grandmaster (VIII)",2025,N
10.1002/(sici)1098-237x(199706)81:3<277::aid-sce2>3.0.co;2-a,Teachers' beliefs and instructional strategies in science: Pushing analysis further,1997,N
10.4135/9781483329666.n6,Analyzing Coaching Scenarios,2008,N
10.1093/anb/9780198606697.article.1900152,"Murphy, Michael Charles (1861-1913), athletic trainer and track and field coach",2000,N
10.1108/oxan-db213910,Global narcotics consumption moves toward 'polydrugs',2016,N
10.1097/xcs.0000000000001506,What About the Coach? Mixed-Methods Study Assessing the Experience of Coaches in a Peer Surgical Coaching Program,2025,N
10.18260/1-2--30762,Lessons Learned from an Intelligent Tutoring System for  Computer Numerical Control Programming (CNC Tutor),,N
10.4337/9781035314812.00017,Individual Decision-making Expertise,2023,N
10.4324/9780429325977-15,Intentionalness,2020,N
10.1007/3-540-55606-0_6,Going from intelligent tutors to tools for learning,1992,N
10.21236/ada412016,Tacit Knowledge and Practical Intelligence: Understanding the Lessons of Experience,2002,N
10.1037/edu0000691.supp,Supplemental Material for A Comparative Analysis of Instructional Coaching Approaches: Face-to-Face Versus Remote Coaching in Preschool Classrooms,2021,N
10.3389/feduc.2025.1528603,Socratic wisdom in the age of AI: a comparative study of ChatGPT and human tutors in enhancing critical thinking skills,2025,N
10.4324/9781003008057,Teaching Fractions and Ratios for Understanding,2020,N
10.1016/j.learninstruc.2006.07.003,Fostering achievement and motivation with bug-related tutoring feedback in a computer-based training for written subtraction,2006,N
10.1037/e354072004-001,Evaluating Coach Training Effects on Coach Behavior,2003,Y
10.1093/acref/9780195301731.013.45613,Grandmaster Flash,2009,N
10.1007/978-1-4613-9733-5_14,Expert-Novice Differences and Knowledge Elicitation,1992,N
10.1080/0163853x.2013.797241,Communicative Effectiveness of Written Versus Spoken Feedback,2013,N
10.4324/9781315122724-26,Working with high performers,2018,N
10.4324/9780203803165,Teaching Fractions and Ratios for Understanding,2012,N
10.1037/e548052012-355,"Links between perceived coach motivational climate, goal orientation and burnout among elite adolescent athletes",2007,N
10.1371/journal.pone.0290808,"The clinical effectiveness of one-dose vaccination with an HPV vaccine: A meta-analysis of 902,368 vaccinated women",2024,N
10.17682/sportjournal/2015.003,Developing High School and Youth Coaches through the Concepts of Deliberate Practice,2015,N
10.4324/9781315472256-21,Deliberate Practice Exercises for Speciﬁc Models,2016,N
10.4324/9780203844441-7,Expertise and models of expert teaching: What do you call a ‘very good’ teacher?,2010,N
10.14418/5cxz1owj,AI-driven scaffolding for novice app developers using RAG-finetuned chatbot,,N
10.4324/9781003099345-7,The Social Network and the Coach,2023,N
10.1080/1046560x.2021.1966161,Video Analysis and Professional Noticing in the Wild of Real Science Teacher Education Classes,2021,N
10.1093/gmo/9781561592630.article.46873,Grandmaster Flash,2001,N
10.5040/9781718206694.ch-013,Professional Development Opportunities for Coaches,2020,N
10.4135/9781446217375.n10,The Tacit Foundations of Organizations,1999,N
10.4324/9780203062692-22,Adapting Instruction to Learner Performance and Background Variables,2013,N
10.1145/3249876,Session details: Paper - tools to support novice programmer,2013,N
10.4135/9781071845417.n4,Use Student Evidence From a Distance,2021,N
10.5040/9798216977643.0010,Chapter 7 What Distinguishes NCTM-Oriented Curricula?,2004,N
10.4135/9781036233556.n22,Peer Coaching,2024,N
10.5040/9781350162488.ch-027,Visuality | Discursivity,2021,N
10.1167/jov.20.11.140,"Individual Differences in Perceptual Organization: Reanalyzing Thurstone’s classic (1944) data and rediscovering factors for geometrical illusions, perceptual switching, and holistic ‘Gestalt’ closure",2020,N
10.5771/9781607094159-3,Ch01. DEVOLUTION OFPEER COACHING,2009,N
10.1515/9780691265896-007,5 Apprenticeship as Learning,2025,N
10.4135/9781529775068,What Makes for Effective Data Communication,2020,N
10.1123/jce.3.2.74,The Responsibilities of the Elite Coach: Embracing the Science of Coaching,2010,N
10.55877/cc.vol17.71,INSTITUTIONALISATION OF AMATEUR ARTS IN LATVIA: INVOLVEMENT OF AMATEUR ARTISTS IN DECISION-MAKING PROCESS,2022,N
10.58837/chula.pasaa.26.1.5,Expanding Peer Coaching : Pedagogical Applications of Conference Coaching,1996,N
10.1123/ijsc.2.2.205,Expert Teachers’ Instructional Communication in Golf,2009,Y
10.1093/oso/9780190694333.001.0001,Political Institutions and Practical Wisdom,2018,N
10.1007/978-3-662-70726-5_9,We Have the Ball,2025,N
10.4135/9781071887097.n7,Epilogue,2023,N
10.1891/9780826125996.0006,Socratic Pedagogy: Teaching Students to Think Like Nurses,2015,N
10.62710/sjw8e348,When the Coach Is a Screen: Tacit Knowledge Transformation in AI-Powered Marathon Coaching,2026,N
10.64240/56d2d5715a,What Makes School Family Partnerships More Equitable and Effective,2026,N
10.1111/j.1937-8327.2001.tb00227.x,Expertise Research Methodology: Identifying Differences and Factors Influencing High and Low Performance,2008,N
10.1167/11.14.3,Task-irrelevant perceptual expertise,2011,N
10.31390/gradschool_disstheses.7198,A Neuro-Expert Approach for Decision -Making in Welding Environment.,,N
10.1037/11669-000,A dialogue between a tutor and his pupil.,1768,N
10.4324/9781003472438-13,Integrating Opportunities to Understand and Promote Learning through Assessment in Coach Development,2024,N
10.1371/journal.pone.0252623,The effectiveness of peer-support for people living with HIV: A systematic review and meta-analysis,2021,N
10.4324/9781410617071-6,Origins of the CIRCSIM-Tutor Project,2006,N
10.1109/wkdd.2009.227,Impasse-Driven Learning in the Context of Video Games in Chinese Players,2009,N
10.3990/1.9789036552608,Tailoring coaching conversations with virtual health coaches,,N
10.1163/9789004410497_017,Learning Embodied Practice Wisdom,2019,N
10.1093/acprof:oso/9780199680788.003.0010,Reconsidering What Makes International Courts Effective,2017,N
10.1007/978-94-009-3249-4_3,Multi-Person Decision Making in Fuzzy Environments,1987,N
10.1007/978-3-642-30950-2_72,How Do They Do It? Investigating Dialogue Moves within Dialogue Modes in Expert Human Tutoring,2012,Y
10.21832/9781800411241-011,8 Noticing of Verbal Resources,2021,N
10.3828/dap.2023.4,Hybrid-active e-learning techniques in remote master level astronautics courses: Using technology to enhance student learning,2023,N
10.1108/978-1-62396-516-720251018,"Einstein and the Wright Brothers as Self-Directed, Transformative Change Agents",2013,N
10.1093/humrep/deh115,Prospective observational study of bone mineral density during pregnancy: low molecular weight heparin versus control,2004,N
10.4324/9781003148418,Science and Soccer,2023,N
10.1109/icesd.1994.302262,Conducting tutorials with a urological clinical tutor (UCT),,N
10.1037/0000442-002,Instructions for the career counseling deliberate practice exercises.,2025,N
10.1186/isrctn33648117,Does teaching children how to play chess improve maths test performance?,2013,N
10.1108/oxan-es259497,Pandemic may pave way for dialogue moves in Venezuela,2021,N
10.2139/ssrn.4479173,"Skill-Biased Imports, Skill Acquisition, and Migration",2023,N
10.7551/mitpress/9780262035477.003.0005,The Serious Gamer as Elite Athlete,2017,N
10.1016/j.eswa.2012.04.052,Protus 2.0: Ontology-based semantic recommendation in programming tutoring system,2012,N
10.21275/sr22413090432,Attitude and Anxiety of Master of Physiotherapy Students towards Research - An Observational Study,2022,N
10.4324/9781003400141-10,What Do Great Teachers Say When a Student Conflict Occurs?,2023,N
10.1097/bco.0b013e31827df3de,New Master Techniques section,2013,N
10.4324/9781003041689,From Stage to Studio,2025,N
10.4324/9781003153450-9,Coach-Athlete Relationships,2021,N
10.1145/632716.632769,Third generation computer tutors,1999,N
10.2139/ssrn.7518999,Beyond Answer Accuracy: Designing Adaptive Conversational Repair Strategies for Large Language Model–Based Intelligent Tutoring Systems,2026,N
10.51952/9781529254709,"Chess Club, Drama Club",2026,N
10.4337/9781035341641.00016,"Elite sport coaches as architects, sculptors, leaders, and performers",2026,N
10.1080/14626269109408276,OM: an intelligent tutor based on a qualitative model,1991,N
10.1007/s11016-014-9934-3,Tacit knowledge: In what sense?,2014,N
10.4135/9789351507956.n4,Performance Coaching: A Performance Enhancement Tool,2014,N
10.1177/1747954120971755,"Servant leadership, leader effectiveness, and the role of political skill: A study of interscholastic sport administrators and coaches",2020,N
10.1007/s11613-018-0533-9,Interkulturelles Coaching als interkulturelle Situation,2018,N
10.4324/9780429354700-11,Don’t Solve the Problem,2020,N
10.1016/j.tate.2023.104099,Digital video-based peer feedback training: The effect of expert feedback on pre-service teachers’ peer feedback beliefs and peer feedback quality,2023,N
10.1093/gmo/9781561592630.article.j433000,Studio musician,2003,N
10.58809/klex7726,Intuition : Differences Between Novice and Expert Nurses,,N
10.1167/10.7.1193,Classification of seismic images depends on perceptual skill more than geological expertise,2010,N
10.1108/oxan-es273114,Chadian leader moves to maintain power,2022,N
10.1037/e527342012-854,Conceptual Judgments of Expert Versus Novice Chemistry Students: An fMRI Study,2007,N
10.4324/9781315796253-7,The coach,2014,N
10.5771/2747-6073-2018-3-26,Coach-led team practice in elite youth soccer,2018,N
10.4324/9780203994986-22,WHERE ARE ALL THE WOMEN COACHES?,2005,N
10.32388/12kxdj,Defined Observation Result Target Coding System,2020,N
10.4324/9781003545484-12,Women Coaches Coaching Women,2026,N
10.1093/med:psych/9780195317046.003.0010,"Skill Acquisition, Direct Instruction, and Educational Curricula",2008,N
10.31979/etd.7ukx-f86x,UNVEILING GENDER BIAS,,N
10.1007/979-8-8688-2151-6_2,Mastering the Fundamentals: Essential Competencies for Agile Team Coaches,2025,N
10.1080/13573322.2022.2086113,Investigating the use of Appreciative Inquiry as a process for coach development within a National Governing Body talent development programme,2022,N
10.5353/th_b3123450,"Tutor supervision, tutoring behaviours and outcomes in peer tutored paired reading",,N
10.1145/3368089.3417932,CRSG: a serious game for teaching code review,2020,N
10.4324/9781315472256-27,Challenges to Deliberate Practice,2016,N
10.1080/09593985.2021.1987601,From expert to coach: health coaching to support behavior change within physical therapist practice,2021,N
10.5040/9781718206694.ch-018,Coach Behavior and Performance Analysis,2020,N
10.1167/15.12.1041,Contextual processing modulates hemispheric differences in visual perceptual selection,2015,N
10.1080/02640419508732253,"Discriminant analysis of biomechanical differences between novice, good and elite rowers",1995,N
10.1111/j.1556-4029.2011.01714.x,Naturalistic Decision Making in Forensic Science: Toward a Better Understanding of Decision Making by Forensic Team Leaders,2011,N
10.71097/ijsat.v16.i4.9190,Teachers Practices on Differentiated Instructional Strategies and Learners’Academic Performance in Mathematics,2025,N
10.1108/oxan-es261372,Nicaragua election moves further strengthen Ortega,2021,N
10.5040/9798216188414.ch-005,Conceptual Curriculum for Library Instruction Tutor Program,2000,N
10.64628/aa.cmegvp3x3,"Open, honest and effective: what makes Jacinda Ardern an authentic leader",2020,N
10.5040/9798881833435.ch-002,Who can Coach?,2020,N
10.1016/j.learninstruc.2025.102142,A cornerstone of adaptivity – A meta-analysis of the expertise reversal effect,2025,N
10.1108/978-1-64802-502-020251018,The Journey from Novice to Mastery,2021,N
10.4324/9780203876350-11,Identiﬁcation and Selection of Coaching Model Components,2013,N
10.4324/9781003400622-14,Deliberate Practice Exercises for Specific Models,2024,N
10.1108/978-1-80382-677-620221010,How Is Tacit Knowledge Transferred?,2022,N
10.26686/wgtn.29063822,Development of Student Teachers’ Pedagogical Content Knowledge for Teaching Primary Proportions during Practicum in China,,N
10.1080/00461520.2011.611369,"The Relative Effectiveness of Human Tutoring, Intelligent Tutoring Systems, and Other Tutoring Systems",2011,Y
10.1260/1747-9541.9.3.457,"The Transition from Elite Junior Track-and-Field Athlete to Successful Senior Athlete: Why Some Do, Why others Don't",2014,N
10.22251/jlcci.2022.22.22.1141,The Effect of Leisure Characteristics of Single-Person Households on Happiness Level: Focusing on the Mediating Effect of Leisure Satisfaction,2022,N
10.1364/fio.2005.fthi3,On-Road Eye Movement Tracking-Glance Analysis of Dynamic Scenes,2005,N
10.1007/s11251-015-9363-8,Expertise amiss: interactivity fosters learning but expert tutors are less interactive than novice tutors,2015,N
10.4324/9780203356630_chapter_7,Healthy societies,,N
10.4324/9781003656616-5,What instructional practices distinguish expert teachers and make them highly effective?,2026,N
10.1007/978-3-658-13510-2_5,Coach oder Couch? – Psychotherapie versus Coaching,2016,N
10.2307/j.ctv2rr3dwz.10,INTERLUDE:,2012,N
10.1093/med:psych/9780190222505.003.0005,Psychotherapy Expertise in Singapore,2016,N
10.4324/9781003400134-4,What Do Great Teachers Say on the First Day of School and the Days that Follow?,2024,N
10.1007/s10648-007-9054-3,Expertise Reversal Effect and Its Implications for Learner-Tailored Instruction,2007,N
10.14221/ajte.2021v46n8.6,Supporting Pre-Service Secondary Mathematics Teachers’ Professional Noticing of Student Thinking Professional Noticing of Student Thinking,2021,N
10.4324/9780429053573-6,Regarding content knowledge,2019,N
10.4324/9781003444817-5,Tips for Guidance of Departmental Mentoring,2023,N
10.1007/978-3-642-13388-6_44,How Adaptive Is an Expert Human Tutor?,2010,N
10.4324/9780429296482,Tactical Decision-Making in Sport,2020,N
10.64628/aai.95cqrak33,‘Grit’ and relentless perseverance can take a toll on brain health − particularly for people facing social stresses like racism,2025,N
10.38140/ijer-2024.vol6.38,E-formative feedback in emergency remote learning: First-year student teachers' experiences and challenges,2024,N
10.12775/qs.2016.019,Swimming coaches competences in the opinion of expert coaches,2016,N
10.1108/oxan-es265722,Coach crash will not ease Bulgaria-North Macedonia row,2021,N
10.1016/b978-0-12-373594-2.00008-3,Collaborative Inquiry Tutors,2009,N
10.4324/9781003127055-5,What works in executive coaching? What makes coaching really worthwhile?,2021,N
10.1111/j.1468-0394.1988.tb00346.x,Expert Tutoring Systems,1988,N
10.22201/fca.24488410e.2024.4861,Amateur vs. professional investors’ decision making in equity crowdfunding in Mexico,2023,N
10.22251/jlcci.2023.23.18.945,Effect on the Relationship between Hair Knowledge level and Hair NCS Module Proficiency and Job Performance Ability,2023,N
10.1109/mex.1987.4307101,Intention-Based Diagnosis of Novice Programming Errors,1987,Y
10.24235/eltecho.v5i2.6743.s1584,INSTRUMENTS OF ENGLISH TEACHERS’ PEDAGOGICAL CONTENT KNOWLEDGE: THE DEGREE OF CONSISTENCY BETWEEN PERCEPTION AND IMPLEMENTATION,,N
10.11606/d.3.1997.tde-08112024-095001,Um tutor Inteligente para análise orientada a objetos.,,N
10.4324/9780203857427-10,SUCCESSFUL COACHING,2010,N
10.5040/9798881847098.0009,The Effectiveness of Peer Tutoring for Peer Tutors in Higher Education,2025,N
10.5204/thesis.eprints.112507,The Teaching of Children's Literature: A Case Study of Primary Teachers' Pedagogical Content Knowledge,,N
10.51896/rilcods.v6i62.728,Revisión de la literatura para el desarrollo de un tutor inteligente chatbot del área de matemáticas en el nivel medio superior,2025,N
10.2307/jj.19307125.13,Outcomes,2025,N
10.4324/9781138609877-ree6-1,Intelligent Tutoring Systems,2022,N
10.28925/2414-0325.2018.5.123132,"""Language coach"" as an instrument for the crosscultural competence formation and development",2018,N
10.1016/j.eswa.2024.124283,Saliency infused dialogue response generation: Improving task oriented text generation using feature attribution,2024,N
10.4324/9780429058721-8,Transitioning from ‘outside observer’ to ‘inside player’ in social work: practitioner and student perspectives on developing expertise in decision-making,2020,N
10.4324/9781003235385-8,Conclusion,2021,N
10.1016/j.jss.2024.04.090,Adapting Surgical Coaching: Feasibility and Perceptions of Intraoperative Resident Peer Coaching,2024,N
10.1037/e506052006-003,What Makes Needle and Syringe Exchange Programs Effective in Preventing HIV Transmission?,2004,N
10.23880/oajda-16000138,An Optimization Method for Quiescence in Chess-Playing Automata,2024,N
10.1371/journal.pone.0138744,Correction: Group Size Effect on Cooperation in One-Shot Social Dilemmas II: Curvilinear Effect,2015,N
10.1057/9781137359209.0024,The organisation coach,,N
10.51952/9781529254709.ch001,1 Introducing the Chess Club and the Drama Club,2026,N
10.4324/9781315854540-11,Part Seven: Chapter 8: Hire Great Teachers,2014,N
10.17239/jowr-2021.12.03.02,The affect and effect of asynchronous written feedback comments on the peer feedback process: An ethnographic case-study approach within one L2 English doctorate writing group,2021,N
10.1017/9781009024648.013,Guarding the flame of teacher vision,2021,N
10.1167/jov.24.10.1034,Eye tracking in expertise assessment case studies,2024,N
10.1007/s11613-015-0427-z,Karrierecoaching Peer to Peer,2015,N
10.1123/iscj.2019-0005,Case Studies From Elite Youth Soccer: Reflections on Talent Development Practices,2021,N
10.4135/9781412972000.n132,Eye and Limb Tracking,2010,N
10.1017/s1930297500001388,On the use of recognition in inferential decision making: An overview of the debate,2011,N
10.1109/vlhcc.2015.7357199,Exploring novice programmer example use,2015,N
10.4324/9781041054351-3,Core values and skills of the personal tutor,2025,N
10.1260/1747-9541.4.1.121,Career Development of Expert Coaches,2009,N
10.1068/p5262,Expertise in Pictorial Perception: Eye-Movement Patterns and Visual Memory in Artists and Laymen,2007,N
10.4135/9781412971980.n147,Expert Opinion,2009,N
10.1201/b21363,The Field Guide to Achieving HR Excellence through Six Sigma,2017,N
10.1007/978-981-13-5898-2_1,Towards a Consensus Model: Literature Review of How Science Teachers’ Pedagogical Content Knowledge Is Investigated in Empirical Studies,2019,N
10.4324/9780203976272-10,Skill acquisition,2005,N
10.21236/ada199076,Knowledge Elicitation of Recognition-Primed Decision Making,1988,N
10.1109/csse.2008.259,Studying and Implementation of Embedded System's Code Replacement Technique,2008,N
10.31234/osf.io/fc3da_v1,Similarity Ratings Reveal Expert-Novice Differences in Knowledge Organization,2026,N
10.1093/med/9780199366149.003.0005,Deliberate Practice and the Acquisition of Expertise,2016,N
10.1108/oxan-es263470,Bulgaria’s political impasse looks set to continue,2021,N
10.1177/0272989x03260136,"What Is the Least Costly Strategy to Evaluate Cervical Abnormalities in Rural Women? Comparing Telemedicine, Local Practitioners, and Expert Physicians",2003,N
10.4324/9781315472256-12,"The Experiment, Phase 2: Solitary Deliberate Practice",2016,N
10.1145/3613905.3647957,Student Interaction with NewtBot: An LLM-as-tutor Chatbot for Secondary Physics Education,2024,N
10.7717/peerj.1013/fig-2,,,N
10.7551/mitpress/10406.003.0011,Recursion as a Usage-Based Skill,2016,Y
10.1017/s1930297500002060,Threshold models of recognition and the recognition heuristic,2011,N
10.1097/00001888-199305000-00011,Expert tutors versus non-expert tutors in PBL,1993,N
10.1201/9781032661391-2,Quantity Surveying Practice,2024,N
10.4324/9780367766924-ress121-1,The Coach-Athlete Relationship in High-Performance Sport: A Behavioural Perspective,2022,N
10.1525/9780520958739-014,9 Revealing the Blind Spot,2019,N
10.4018/978-1-4666-1782-7.ch004,Towards The New Episteme,,N
10.4324/9780203134252-9,Synthesis,2002,N
10.1515/9783111002415-007,Chapter 7 Coaching Skill: Listening for Understanding,2024,N
10.4135/9781412986076.n2,Implementing Systematic Self-Observation,2002,N
10.3030/739813,,2017,N
10.7717/peerj.10998/supp-9,Supplemental Information 9: Speculative schematic model,,N
10.1007/978-3-642-77202-3_19,WIZDOM A Multiple-Purpose Language Tutoring System Based on AI Techniques,1992,N
10.7717/peerj.14892/fig-1,Figure 1: Schematic of the SUQCR model.,,N
10.1007/978-981-10-8848-3_3,A Multi-factored Cost- and Code Coverage-Based Test Case Prioritization Technique for Object-Oriented Software,2018,N
10.4324/9781315266343-34,The coach nomad,2019,N
10.21125/inted.2019.2175,TUTOR-BOTS: A CONVERSATIONAL CHATBOT FOR EDUCATION,2019,N
10.1093/gmo/9781561592630.article.j755800,Art Studio,2003,N
10.5353/th_b3122706,An intelligent tutor : Smart Tutor,,N
10.3726/978-3-653-01977-3/15,Appendix C: Example of picture-based tests used in written production,,N
10.4324/9781315768595-11,Instruction Strategies,2014,N
10.1097/00001888-199508000-00015,What makes a tutor effective? A structural-equations modeling approach to learning in problem-based curricula,1995,N
10.14236/ewic/ndm2009.11,Modeling the Dynamics of Recognition-Primed Decision Making,2009,N
10.1515/9781503605060-008,Chapter 6. Peer coaching for deep learning,2020,N
10.22251/jlcci.2021.21.14.301,The mediating effect of teacher expertise on the teaching efficacy of early childhood teachers and their interaction with young child,2021,N
10.1365/s40896-017-0019-3,Die Rolle der emotionalen Kompetenz von Coaches im Coachingprozess,2017,N
10.1177/0001848191041003001,Teaching Learners To Be Self-Directed,1991,N
10.3102/2189467,Tutor-Tutee Relationships in a Near-Peer Online Tutoring Program,2025,N
10.1515/9781503605060-007,Chapter 5. Peer coaching groups,2020,N
10.1080/08924562.1988.10591631,Instructional Skills for Student Teachers,1988,N
10.5204/thesis.eprints.240795,Pre-service teachers' mathematical pedagogical content knowledge of the order of operations,,N
10.5040/9798881821104.ch-i,Introduction,2022,N
10.4324/9780203730188-17,Coach Confirmation Instrument,2019,N
10.31390/gradschool_disstheses.7184,The Southeastern Conference Coach: a Correlational Study Between Length of Service and Team Performance.,,N
10.2196/preprints.90374,Expert Evaluation and Consensus on Large Language Model Summaries of Clinical Letters: Results from the FRAIT Project (Preprint),2025,N
10.46423/izujed.752446,THE RELATIONSHIP BETWEEN IN-SERVICE TEACHERS’ MINDSET TYPES AND THEIR EFFICACY BELIEFS IN INSTRUCTIONAL STRATEGIES,2020,N
10.31237/osf.io/4yfrv,A Study on the Effectiveness of Written Feedback in Writing Tasks among Upper Secondary School Pupils,2020,N
10.4324/9781003595755-7,Performance Analysis within the Elite Player Performance Plan,2026,N
10.7551/mitpress/11307.003.0009,The Recognition-Primed Decision Model,2017,N
10.14264/accf2b2,Casual tutors/adjunct faculty in architectural design studios: identity and practice,,N
10.4324/9781138610514-2,Principles of formative assessment and feedback,2021,N
10.1177/030573569302100103,Perceptual Differences between Expert and Novice Music Listeners: A Multidimensional Scaling Analysis,1993,N
10.33915/etd.6939,Instructional Coaches in West Virginia: Who They Are and What They Do,,N
10.4324/9781003020189-8,Athlete Identity and Career Transition,2021,N
10.1142/9789813146976_0021,A NEW APPROACH OF COMBINING EXPERT JUDGMENT AND DATA KNOWLEDGE IN MULTI-ATTRIBUTE DECISION MAKING,2016,N
10.1109/cseet49119.2020.9206173,Creation of a Serious Game for Teaching Code Review: An Experience Report,2020,N
10.4324/9781410603418-14,"Changing Mind, Changing World: Practical Intelligence and Tacit Knowledge in Adult Learning",2013,N
10.1007/s11613-024-00915-w,Der talentierte Mr. Coach? – Eine empirische Untersuchung zu narzisstischer Grandiosität bei Coaches im Vergleich zur Normalbevölkerung,2024,N
10.3390/bs16010029,Body Knowledge and Emotion Recognition in Preschool Children: A Comparative Study of Human Versus Robot Tutors,2025,N
10.1007/978-3-642-30950-2_105,The Effectiveness of a Pedagogical Agent’s Immediate Feedback on Learners’ Metacognitive Judgments during Learning with MetaTutor,2012,N
10.1123/iscj.2018-0041,The Talent Development Environment Questionnaire as a Tool to Drive Excellence in Elite Sport Environments,2019,Y
10.4324/9781003184430-8,The role of skill acquisition in coach and athlete development in Paralympic Sport,2022,N
10.5951/mtlt.2024.0151,Noticing Student Thinking to Create Equity,2026,N
10.1515/9780691265896-011,"9 Laws, Rules, and Barriers to Skill",2025,N
10.4324/9780429433832-1,Organizational Excellence,2021,N
10.1787/888933315534,Figure 3.8 Differences in perseverance between low performers and better-performing students,,N
10.4324/9781003400141-7,What Do Great Teachers Say When a Student Outburst Happens?,2023,N
10.3102/1881880,Shifting Framings in Teacher Noticing of Student Mathematical Thinking: From Deficits to Strengths,2022,N
10.2139/ssrn.2076543,"The Wiki Quality Instrument: Coding Manual, Training Guidelines, and Coding Protocols",2012,N
10.4135/9781506377407.n8,Self-Directed Learners,2022,N
10.1109/tse.2023.3319509,Are Your Dependencies Code Reviewed?: Measuring Code Review Coverage in Dependency Updates,2023,N
10.4324/9780203976647-11,Teaching Techniques that can Reduce the Pressures on Tutors and Students,2005,N
10.4324/9781351272643,Talk about Writing,2018,N
10.1016/s1530-891x(20)46634-0,Abstract #290 Effect of Stanford Youth Diabetes Coaches Program on High School Student’s Diabetes Knowledge and Adult Perception of Youth Coaches,2019,N
10.2307/jj.19307125.21,APPENDIX 3:,2025,N
10.7771/1541-5015.1533,The Effect of Senior Medical Student Tutors Compared to Faculty Tutors on Examination Scores of First- and Second-Year Medical Students in Two Problem-Based Learning Courses,2015,N
10.4324/9781315660028,"Teaching, Coaching and Mentoring Adult Learners",2016,N
10.1109/cbms.1992.245015,Surface generation in a tutorial dialogue based on analysis of human tutoring sessions,,N
10.4324/9780203133712-28,Anticipatory behavior and expert performance,2012,N
10.4324/9781003400134-9,What Do Great Teachers Say When a Student Does Not Show Respect for Themselves or Others?,2024,N
10.2307/j.ctt46nxr5.19,CLASSROOM-BASED TUTORING AND THE “PROBLEM” OF TUTOR IDENTITY:,,N
10.4324/9781003400622-21,Clarifying Deliberate Practice from Traditional Training,2024,N
10.1007/978-94-007-0250-9,From Expert Student to Novice Professional,2011,N
10.1080/02701367.2019.1686451,The Characteristics Differentiating Expert and Competent Strength and Conditioning Coaches,2020,N
10.4324/9781315817507,What Teachers Can Learn From Sports Coaches,2014,N
10.7717/peerj.1709/supp-1,Figure S1: Schematic of Markov model,,N
10.1093/anb/9780198606697.article.1901010,"Abbott, Cleveland (1892-1955), Tuskegee Institute educator, administrator, and athletic coach",2014,N
10.1097/00005768-199705001-01124,COMPARISON OF NOVICE VERSUS EXPERT FOR A HANG CLEAN LIFT: MUSCLE ACTIVATION AND TEMPORAL DIFFERENCES 1126,1997,N
10.4324/9781003035725-4,Intuitive expertise,2022,N
10.4324/9781003426448-12,Teaching Nonbinary Singers,2024,N
10.4324/9781003288978-15,Enhancing communication through formative assessment and feedback in an online “academic conference”,2023,N
10.64628/ab.u63wjt69w,What makes test cricket’s best spin bowler so effective?,2016,N
10.4324/9781003232322-9,"An Embedded, Relational, Emergent coach learning and development strategy",2024,N
10.1109/tale66047.2025.11346609,BRIDGING Human Expertise and Generative AI in Software Quality: A Study on Code Smell Detection in Software Engineering Education,2025,N
10.4324/9781351139762-1,Making sense of teacher expertise,2020,N
10.4324/9780429322389-1,E-tutoring,2020,N
10.4324/9780203141939-30,Assessing adolescent decision-making competence,2013,N
10.1207/s1532690xci0504_5,Acquisition of Mental Multiplication Skill: Evidence for the Transition Between Counting and Retrieval Strategies,1988,N
10.1109/educon52537.2022.9766761,A Recommendation Algorithm for University Master Tutors Based on Machine Learning,2022,N
10.11606/d.45.2005.tde-20210729-144719,Diagnóstico baseado em modelos num sistema tutor inteligente para programação com padrões pedagógicos,,N
10.1515/9783110879032.364,Medical Speech Events as Resources for Inferring Differences in Expert- Novice Diagnostic Reasoning,1995,N
10.4324/9781315102450-13,Athlete-centred coaching for individual sports,2017,N
10.5897/err2017.3370,Unpacking instructional strategies of early childhood teachers: Insights from teachers perspectives,2017,N
10.4324/9780203797730-17,The nature and importance of coach–player relationships in the uptake of Game Sense by elite rugby coaches in Australia and New Zealand,2013,N
10.3390/educsci15050603,Developing Elite Strength and Conditioning Coaches’ Practice Through Facilitated Reflection,2025,N
10.1201/b13018-7,- Learning and skill acquisition,2016,N
10.4324/9781041054351-9,Reflective practice,2025,N
10.1108/oxan-es229856,Togolese talks could offer hope of breaking impasse,2018,N
10.2307/j.ctv2rh29ff.8,"From Novice to Expert, and Two Kinds of Expertise",2016,N
10.4324/9780203433096-23,Form Tutor Mentoring,2012,N
10.17161/jas.v7i2.14582,Harmonious or Conflicted? A Qualitative Study of Father-Coach and Daughter Relationships in Youth Sport,2022,N
10.14236/ewic/ndm2009.57,The Variations of Recognition Primed Decision-Making and How it Informs Design Decision-Making,2009,N
10.1002/bdm.386,Pursuing an integrated decision science:does ‘naturalistic decision making’ help or hinder?,2001,N
10.1108/20466851211231620,Mentoring novice teachers in Japanese schools,2012,N
10.1080/19388070609558453,Lesson observation and feedback: The practice of an expert reading coach,2006,Y
10.1145/1272848.1272896,Revisiting novice programmer errors,2007,N
10.1016/j.learninstruc.2006.02.008,Encountering the expertise reversal effect with a computer-based environment on electrical circuit analysis,2006,N
10.4324/9780203056899-17,Applying Cognitive Task Analysis and Research Methods to Assessment,2013,N
10.14221/ajte.2014v39n7.9,Title: How do Preservice Teacher Education students Move From Novice to Expert Assessors?,2014,N
10.4324/9781003593713-25,Case study 5 – Adventure,2026,N
10.1016/j.ijhcs.2003.12.017,Inspectable Bayesian student modelling servers in multi-agent tutoring systems,2004,N
10.1108/14777280610688014,When to coach – and when not to coach,2006,N
10.1007/3-540-45323-7_72,Active and Passive Strategies in Dialogue Program Generation,2000,N
10.21125/iceri.2020.0158,WITH A LITTLE HELP OF MY TUTORS – A CASE STUDY ON THE IMPORTANT ROLE OF TUTORS FOR GOOD E-LEARNING EXPERIENCES OF STUDENTS,2020,N
10.52086/001c.36066,What writing workshop tutors do,1999,N
10.1007/978-3-031-46019-7_1,TEAM-CBT and Deliberate Practice,2023,N
10.1093/ww/9780199540884.013.10000336,"Mccolgan-Nuttall, Elizabeth, (born 24 May 1964), athletic coach; Director: Athletic Zones; Doha Athletic Club; RunDohaRun",2007,N
10.2139/ssrn.5555222,“Article Laundry” or “Tutor in Pocket?”: Multilingual Writers’ Generative AI-Assisted Writing in Professional Settings,2025,N
10.1111/bjep.12547,Expertise reversal effect in a pen‐tablet‐based learning environment: The role of learningcentered emotions in the interplay between learner expertise and task complexity,2022,N
10.1371/journal.pone.0207962,Correction: Effectiveness of robot therapy on body function and structure in people with limited upper limb function: A systematic review and meta-analysis,2018,N
10.1542/9781610027151-ch29,Laboratory Services,2023,N
10.1145/142040.142052,Protocol analysis of a novice programmer,1992,N
10.4324/9781003294139-17,Feedback dialogue as the core of effective PCP coaching,2022,N
10.17323/jle.2025.19854,How Secondary English Teachers Employ Formative Assessment and Feedback to Scaffold Students' Odyssey in English Learning,2025,N
10.1093/ww/9780199540884.013.14833,"Elliot, Virginia Helen Antoinette, (born 1 Feb. 1955), trainer of National Hunt jockeys and horses; former equestrian event rider; Eventing High Performance Coach, Horse Sport Ireland, 2008–13",2007,N
10.1093/med/9780198722373.003.0006,"Psychiatric diagnosis, tacit knowledge, and criteria",2016,N
10.1007/3-540-45108-0_46,Bringing Scrutability to Adaptive Hypertext Teaching,2000,N
10.7202/1121998ar,Entrepreneurs (novice contre expert) et investisseurs : interactions et dynamique des rationalités (effectuale contre causale),2025,N
10.1002/hrm.3930160303,Master time lest it master you,1977,N
10.1097/nsg.0000000000000328,Transitioning expert clinicians to novice prelicensure part-time clinical faculty,2025,N
10.1080/21640629.2014.908626,‘Time to take the stage’: a contextual study of a high performance coach,2013,N
10.4324/9780203646564-20,Psychophysiological and related indices of attention during motor skill acquisition,2004,N
10.2139/ssrn.4510558,Apprenticeship is a Developmental Mechanism in Argumentation Skill Development,2023,N
10.33915/etd.13272,"Effects of Fluency-Based and Percentage-Based Mastery Criteria on Learning, Maintenance, Application, and Learner Experience in Behavior-Analytic Skill Acquisition",,N
10.24059/olj.v29i2.4469,"A Qualitative Study of Kindergarten Through Grade 6 Tutors’ Experiences Implementing Synchronous, One-On-One Online Tutoring as Literacy Intervention",2025,N
10.24114/jgk.v7i1.40992,PENGARUH METODE TUTOR SEBAYA (PEER TUTORING) DALAM MENINGKATKAN SELF REGULATION MAHASISWA PGSD FKIP UNIVERSITAS QUALITY MEDAN,2022,N
10.21437/interspeech.2005-704,Data driven subword unit modeling for speech recognition and its application to interactive reading tutors,2005,N
10.4324/9781410608871-20,"Performance Management, Development, and Coaching",2003,N
10.4324/9781003656616-1,"Why does expertise in teaching matter, and why do we need to talk about it?",2026,N
10.1177/0305735692202003,An Expert-Novice Comparison in Musical Composition,1992,N
10.20419/2023.32.569,Predstave trenerjev mladih atletov o pomembnih značilnostih trenerja in učinkovitih trenerskih vedenjih,2023,N
10.1007/978-3-032-11842-4_9,Discussion,2026,N
10.22251/jlcci.2022.22.12.420,A Validation of Process-based Assessement Scale for Middle School Teachers' Expertise,2022,N
10.54499/2021.04891.bd,,2022,N
10.21437/interspeech.2006-284,"Is ASR accurate enough for automated reading tutors, and how can we tell?",2006,N
10.1108/oxan-es265065,Guinea junta moves suggest prolonged transition,2021,N
10.62811/th.0159,"Mentoring Practices: The Perspectives of Principals, Mentors and Novice Teachers",,N
10.4324/9781410617088-16,AutoTutor: A Cognitive System That Simulates a Tutor Through Mixed-Initiative Dialogue,2006,N
10.1542/9781610027151-ch17,Contraception,2023,N
10.1007/s11613-021-00712-9,"Wer kann, der coacht: Ein Instrument zur Messung interpersoneller Coach-Fähigkeiten",2021,N
10.4324/9781003604600-17,Becoming a Surf Coach,2026,N
10.4324/9780429354700-14,Making a Space,2020,N
10.1109/hri.2013.6483539,Eliciting ideal tutor trait perception in robots Pinpointing effective robot design space elements for smooth tutor interactions,2013,N
10.4324/9780429325977-19,What About These Darn Standardized Tests?,2020,N
10.4324/9780429296482-7,Challenges that coaches face in empowering athletes to “think for themselves”,2020,N
10.1016/j.chb.2007.05.010,Impasse-driven learning in the context of video games,2008,N
10.5771/9781475817638-31,CHAPTER 2. WHAT WE CAN DO TO SELECT AND RETAIN GREAT TEACHERS,2015,N
10.4324/9781410604200-29,Tool Retention and Fatalities in Wildland Fire Settings: Conceptualizing the Naturalistic,2001,N
10.30827/digibug.71157,Knowledge and Competences of Racket Sports Coaches: What do They Think and Know?,2021,N
10.1504/jdr.2004.009846,Visual Analogy as a Cognitive Strategy in the Design Process. Expert Versus Novice Performance,2004,N
10.1080/0968465970040306,Using student‐centred teaching to develop human resource management competencies,1997,N
10.1167/9.6.7,The temporal advantage for individuating objects of expertise: Perceptual expertise is an early riser,2009,N
10.58809/uucv5285,A Biographical Study of Lowell \Alex\ Francis: Influential Coach and Teacher,,N
10.32642/ncpdje.v5i0.1250,National standardised achievement tests,2019,N
10.1017/cbo9781139015684.013,Learning judgment and decision making from feedback,2011,N
10.1007/978-3-540-69132-7_65,To Tutor the Tutor: Adaptive Domain Support for Peer Tutoring,,N
10.1515/9780691265896-005,3 Diffusing Skill and Innovation,2025,N
10.4324/9780429296482-27,Conclusion,2020,N
10.1108/oxan-es203243,Impasse could exacerbate Moldovan tensions,2015,N
10.7717/peerj.9798/fig-1,Figure 1: Schematic description of the model.,,N
10.1080/0142159x.2025.2513418,A comparison of the psychometric properties of GPT-4 versus human novice and expert authors of clinically complex MCQs in a mock examination of Australian medical students,2025,N
10.7717/peerj.15852/fig-1,Figure 1: The schematic model of the experiment.,,N
10.5040/9798881847098.0023,Tutor Training,2025,N
10.18293/seke2022-022,Contrastive Learning for Multi-Modal Automatic Code Review,2022,N
10.22251/jlcci.2021.21.20.821,The Mediating Effect of Teacher Expertise in the Relationship between Early Childhood Teachers' Teaching Efficacy and Teacher-child Interaction,2021,N
10.1080/135625100114984,Comments on Essays: Do students understand what tutors write?,2000,N
10.1093/oso/9780198871569.003.0004,Why Intuition Often Gets It Right,2023,N
10.3102/2187310,The Power of Instructional Coaches: Novice Coaches' Strategies for Influencing Without Authority,2025,N
10.5220/0009925412241230,The Effectiveness of using English Self-video Recording on Students’ Speaking Skill of Recount Text,2018,N
10.22215/etd/2023-15821,Evaluating the Effectiveness of Comparison Activities in a Programming Tutor,,N
10.1002/9781119695417.ch7,Introduction to Coaching in Practice,2021,N
10.22251/jlcci.2023.23.16.249,A Study on the Development of R&amp;D Planning Expertise as Processing Reality,2023,N
10.4135/9781071845417.n3,Mini Coaching Cycles : A Structure to Engage Teachers in This Moment,2021,N
10.4324/9781003472438-5,Reframing Assessment in Coach Education and Development Programmes,2024,N
10.1515/9780691265896-012,10 Exclusion in Practice? THE EFFECTS OF RULES ON APPRENTICESHIP,2025,N
10.1177/1747954115624821,Expert youth coaches’ diversification strategies in talent development: A qualitative typology,2016,N
10.1037/e537052012-203,Expert Versus Novice Category-Based Judgments About Food Items,2004,N
10.7330/9780874216622.c006,5 Straighten up and Fly Right:,2007,N
10.1109/t4e.2015.2,From Novice to Expert Instructional Designer: A Training Based on Cognitive Apprenticeship Model,2015,N
10.1108/oxan-es278886,Audit impasse may fuel Congo election controversies,2023,N
10.3389/feduc.2026.1896839,"Retrieval-augmented generation for pedagogically aware educational AI: an expert-rated comparison of a prompt-only LLM tutor and an integrated, learner-state-aware RAG tutor",2026,N
10.1163/9789004505452_001,Developing Science Teachers’ Pedagogical Content Knowledge,2021,N
10.1109/64.506754,Plan recognition for decision support,1996,N
10.2139/ssrn.5954659,Judgment Assurance: Governing Institutional Judgment in AI-Mediated Decision-Making,2026,N
10.4324/9781003566663,Teaching Fractions and Ratios for Understanding,2025,N
10.1007/978-981-19-0634-3_3,The Psychology of Music Learning,2022,N
10.1007/978-3-531-19343-4_17,Coaching fernab der Elite,2012,N
10.1016/j.teln.2021.06.008,Professional boundaries in nursing education: is this our blind spot?,2021,N
10.1108/oxan-es207654,Mexico security moves may spur more killings,2016,N
10.1515/9783111002415-011,Chapter 11 Coaching Skill: Developing Support,2024,N
10.37811/cli_w920,Consejos y herramientas para triunfar como un tutor virtual,2023,N
10.1159/000320633,Endurance Training and Elite Young Athletes,2010,N
10.1080/00336297.2025.2494505,“You Coach Coaches?” A Rationale for the Coach Developer Role and Practical Guidelines for Effective Working Relationships with Coaches,2025,N
10.4324/9781003390527-4,Individual Solution Focused Coaching Supervision,2024,N
10.1177/1555343416654629,Decision Errors and Accidents,2016,N
10.1177/17479541221077052,Characteristics of a person-centred coaching approach,2022,N
10.54859/kjogi108021-65491,Figure 2. Schematic representation of the CRMB model,,N
10.4324/9780203876350-14,How the Performance Coaching Model is Applied,2013,N
10.1057/9781137298881.0011,What Makes Aid Effective?,,N
10.65528/9780807776261-007,4. Systematic Observation of Teaching,2010,N
10.1016/j.jsurg.2024.09.004,Self-Assessment and Coaching Techniques Utilized in an Intraoperative Resident Peer Coaching Program,2024,N
10.1002/9781118089965.app4,Appendix D: Six Stages of Client Readiness for Change,2011,N
10.1016/j.eswa.2016.05.030,Explanation-based learning with analogy for impasse resolution,2016,N
10.2196/preprints.101820,Next-Day Mood Improvement After Asynchronous Text-Based Coaching on a Mobile Mental Health Platform in Singapore and Malaysia: Retrospective Observational Study (Preprint),2026,N
10.1007/s11613-010-0185-x,Ist Coaching reine Prozessberatung oder sind hier auch andere Beratungsmodelle relevant?,2010,N
10.1007/978-3-032-11842-4_6,The Development of the Coaching Effectiveness Scale: Study 1,2026,N
10.21088/cphn.2455.8621.1216.11,Level of Practice on Protein Rich Diet,2016,N
10.1093/oso/9780190945305.003.0011,Teaching Applied Music,2020,N
10.66669/cineforum.v66is5.1439,Morphometric and Morphological Parameters of the Adult Dry Human Mandible: An Observational Study with Sex-Based Comparison,2026,N
10.17161/jcel.v6i1.18490,From Novice to Expert: Building Copyright Expertise Over Time,2022,N
10.4135/9781526422392.n3,"Dimensions, Quantity and Quality",2018,N
10.37134/mrj.vol13.1.4.2024,Expert Consensus on the Usability of the SLC3DM Model: A Fuzzy Delphi Method Application,2024,N
10.1177/1321103x19899172,Differentiating between teaching experience and expertise in the music studio: A pilot study,2020,N
10.1093/acref/9780195301731.013.36941,Grandmaster Flash,2013,N
10.5040/9781472552846.ch-007,What do we understand from using images in the classroom?,,N
10.20325/kca.2026.18.4.25,Development of the C-PLUS Grit Coaching Program -Integration of Grit and Growth Mindset,2026,N
10.14264/366360,A process of changing coaching behaviours using a self-directed training program,,N
10.7717/peerj-cs.3501/fig-7,Figure 7: Schematic diagram of RotatE model.,,N
10.1007/3-540-46154-x_59,Strategies to Overcome Problematic Input in a Spanish Dialogue System,2002,N
10.4324/9781003179733-12,Coach learning and development,2022,N
10.4324/9781351130554-29,Coaching virtual and remote teams,2019,N
10.4324/9780429351037-10,Social Learning in Communities and Networks as a Strategy for Ongoing Coach Development,2019,N
10.3102/1431086,Preservice Teachers as Instructional Designers: Cueing Strategies for 360° Environments,2019,N
10.1145/63266.63267,The quality of expertise: implications of expert-novice differences for knowledge acquisition,1989,N
10.31274/etd-180810-4988,Message framing and physical activity: One size fits all versus a tailored approach,,N
10.1080/02640414.2011.635310,Developing the Coach Analysis and Intervention System (CAIS): Establishing validity and reliability of a computerised systematic observation instrument,2012,N
10.22533/at.ed.558282201043,DISTANCE EDUCATION AND TRAINING TEACHERS-TUTORS,2022,N
10.31390/gradschool_theses.2861,Ethics in public relations:  gauging ethical decision-making patterns of public relations practitioners,,N
10.1093/eurjpc/zwab061.380,Cardiovascular risks awareness in coaches and amateur athletes,2021,N
10.1108/oxan-es250116,South Sudan states impasse will fuel brinkmanship,2020,N
10.29333/pr/15647,Pre-service teachers manifested mathematics pedagogical content knowledge: The role of the teaching practicum,2025,N
10.4324/9781003595755-18,Coaching Analysis,2026,N
10.1007/978-3-031-13540-8_5,Pedagogically Sound: Audio Feedback as an Alternative to Written Feedback in Distance Education: EFL/ESL Students’ and Teachers’ Perceptions and Its Effectiveness,2022,N
10.5040/9781718214125.ch-005,Understanding the Dynamics of Skill Acquisition,2021,N
10.1016/s0020-7373(87)80058-5,Cognitive processing differences between novice and expert computer programmers,1987,N
10.53841/bpstcp.2005.1.2.3,Person-centred coaching psychology,2005,N
10.4324/9781003320104-4,The power of common sense,2023,N
10.5771/9781475865028-1,Introduction,2022,N
10.1016/c2013-0-00321-0,Master Techniques in Facial Rejuvenation,2018,N
10.52383/itfcoaching.v29i84.204,“Slippage” in the talent development environment of elite junior tennis players,2021,N
10.1108/9781803826776,The Philosophy of Tacit Knowledge,2022,N
10.1007/979-8-8688-0995-8,Strategic Software Engineering,2024,N
10.1109/wi-iat.2010.17,The Impacts of Diffusion Kernels on Recognition-Primed Multi-agent Decision Making,2010,N
10.1542/9781610027151-ch4,Asthma,2023,N
10.1037/e344792004-001,Multicultural Competency: Using Deliberate Practice to Bridge Theory and Practice,2003,N
10.30534/ijatcse/2019/7781.42019,Development of Multi Criteria Tacit Knowledge Acquisition Framework (MC-TKAF) to Support Talent Development Intervention Program in A Malaysian Comprehensive University,2019,N
10.1063/1.1807271,Expert-Novice Comparisons to Illuminate Differences in Perceptions of Problem Solutions,2004,N
10.7196/ajhpe.2016.v8i1.769,Third-year medical students’ and clinical teachers’ perceptions of formative assessment feedback in the simulated clinical setting,2016,N
10.1257/rct.13801-1.0,In-person Wage Premium: Evidence from Tutors,2024,N
10.1177/002248719104200407,Expert and Novice Teacher Decision Making,1991,Y
10.32920/21696128,I Have Never Felt so Novice: Using Narrative Reflection to Explore the Transition from Expert RN to Novice NP Student,2022,N
10.1007/978-3-032-31188-7_12,Teacher- and Student-Focused Argumentative Noticing,2026,N
10.4995/eurocall2025.2025.21191,Learning sequences and events in collaborative data-driven learning,2025,N
10.4135/9781483300252.n2,Why Peer Coaching?,2013,N
10.2139/ssrn.5287873,Expertise and context impact reactions to investment performance: An eye-tracking study,2025,N
10.1097/00006223-199611000-00005,Novice-Expert Differences in Decision Making,1996,N
10.1108/978-1-68123-793-020251008,On Athlete Centered Coaching,2017,N
10.1080/08924562.2017.1297748,The Domain Five Observation Instrument: A Competency-Based Coach Evaluation Tool,2017,N
10.4324/9781003400134-2,Great Teacher Language,2024,N
10.3928/0148-4834-19931001-10,Teaching Novice to Expert: The Transformed Teacher-Student Relationship,1993,N
10.2139/ssrn.1002864,On the Sources of Entrepreneurial Talent in Italy: Tacit vs. Codified Knowledge,2007,N
10.1002/9780470752937.ch30,"Judgment, Decision Making, and Public Policy",2004,N
10.1108/oxan-es212827,Rousseff impeachment moves to full Brazil Senate,2016,N
10.2307/j.ctt7s1cd.4,THE AMATEUR PROFESSIONAL AND THE PROFESSIONAL AMATEUR,,N
10.1063/1.2820905,Expert-Novice Differences on a Recognition Memory Test of Physics Diagrams,2007,N
10.1542/9781610027151-ch22,Fractures,2023,N
10.1177/17418305261475844,"Book Review:
                    <i>Coaching expertise: Six practical steps for every effective coach</i>
                    by McCormick, Iain McCormickIain (2025). Coaching expertise: Six practical steps for every effective coach. Troubador Publishing. ISBN 978-1836281535",2026,N
10.1111/j.1365-2524.2010.00978.x,Perceptions of team workers in youth care of what makes teamwork effective,2010,N
10.4324/9781003595755-19,Embedding Performance Analysis in Coach Development through the FA Youth Coach Developer Role,2026,N
10.1109/roman.2012.6343861,Human tutors intuitively reduce complexity in socially guided embodied grammar learning,2012,N
10.33915/etd.10887,Coach and athlete burnout: The role of coaches' decision-making style.,,N
10.1177/10464964251350659,"Enhancing Student Team Effectiveness Through Team Charter Revision, Feedback, and Coaching",2025,N
10.4324/9780203934333-14,Making use of ICTs in formative assessment and formative feedback,2007,N
10.1177/154193121005402713,Tutoring Ship Handling Skills: Intelligent Tutor and Expert Model in a Simulation,2010,N
10.1007/s11613-019-00599-7,New Work und Coaching – psychologisches Empowerment als Chance für Coaches,2019,N
10.4324/9780429433832-7,The TLS Continuum Methodology,2021,N
10.1080/01587919.2012.723167,Tutors’ influence on distance language students’ learning motivation: voices from learners and tutors,2012,N
10.4324/9780203976647-13,Institutional Support for Tutors,2005,N
10.3758/brm.40.3.673,Train-to-Code: An adaptive expert system for training systematic observation and coding skills,2008,N
10.1123/iscj.2024-0136,An Investigation of Canada’s National Coaching Certification Program’s Coaching Outcomes,2026,N
10.47750/jett.2023.14.05.015,Pedagogical Content Knowledge of Pre-Service Mathematics Teachers Leading to Continual Improvement,2023,N
10.1542/9781610027151-ch7,Behavioral Health,2023,N
10.1080/2331186x.2021.1901641,Enhancing written feedback: The use of a cover sheet influences feedback quality,2021,N
10.4324/9780429296482-21,Squash,2020,N
10.1080/13573322.2025.2522285,"The sports career of a Brazilian Chess Grandmaster: an heir who achieved success through his fragmented
                    <i>habitus</i>",2025,N
10.12794/metadc2137550,Transdisciplinary Information Flow and Key Challenges of Effective Knowledge Transfer between Expert and Novice,,N
10.4324/9780429354700-19,Character Activation,2020,N
10.4324/9781315854830,Study Guide: What Great Teachers Do Differently,2014,N
10.1093/gmo/9781561592630.article.28557,"Tuder [Tudor, Tutor], John",2001,N
10.5040/9781350961357,Coach Feedback 2,2020,N
10.1007/978-3-319-07221-0_38,Data-Driven Program Synthesis for Hint Generation in Programming Tutors,2014,N
10.1007/978-981-13-5898-2_15,Correction to: Repositioning Pedagogical Content Knowledge in Teachers’ Knowledge for Teaching Science,2020,N
10.4324/9780203994986-18,A HUMANISTIC APPROACH TO COACHING,2005,N
10.4324/9781315102450-5,Athlete-centred coaching in disability sport,2017,N
10.4018/979-8-3373-2637-5.ch007,AI-Powered Tutors and Human Teachers in ELT,2026,N
10.1037/11669-001,A dialogue between a tutor and his pupil.,,N
10.2307/jj.19307125.28,REFERENCES,2025,N
10.1177/1555343416672557,Analysis of In-Game Communication as an Indicator of Recognition Primed Decision Making in Elite Australian Rules Football Umpires,2016,N
10.4135/9781483300252.n4,The Coaching Plan,2013,N
10.4324/9781003161851-2,Believing to Belong: Addressing the Novice-Expert Problem in Polarized Scientific Communication,2022,N
10.4324/9780203062340-16,Issues and impacts of using computer-based assessments (CBAs) for formative assessment,2013,N
10.4324/9781410601247-8,What Makes Statistical Training Effective?,1999,N
10.4324/9781315102450-17,Coach educators as athlete-centred practitioners,2017,N
10.2139/ssrn.2212895,Bridging the Expert-Novice Divide in the Political Science Classroom,2013,N
10.36948/ijfmr.2026.v08i01.66719,"Teachers’ Digital Literacy, Innovative Practices, and Instructional Strategies",2026,N
