query,db,status,hits,doi,title,year,abstract
delayed retention test unassisted recall learning outcome,crossref,ok,4065073,10.32388/e663oo,Montreal Cognitive Assessment Delayed Recall Test,2020,
delayed retention test unassisted recall learning outcome,crossref,ok,4065073,10.1371/journal.pone.0051157,Short-Term Delayed Recall of Auditory Verbal Learning Test Is Equivalent to Long-Term Delayed Recall for Identifying Amnestic Mild Cognitive Impairment,2012,
delayed retention test unassisted recall learning outcome,crossref,ok,4065073,10.1080/13854049108404101,Narrative and visual spatial recall: Assessment incorporating learning and delayed retention,1991,
delayed retention test unassisted recall learning outcome,crossref,ok,4065073,10.1093/arclin/acw043.137,"B-62A Comparison of the Brown Location Test Paper Version and the California Verbal Learning Test-II on Short-Delayed Free Recall, Long-Delayed Free Recall, and Recognition Hits",2016,
delayed retention test unassisted recall learning outcome,crossref,ok,4065073,10.21061/jte.v9i1.a.2,Effects of Anticipation of Test on Delayed Retention Learning,1997,
delayed retention test unassisted recall learning outcome,crossref,ok,4065073,10.1016/s0022-5371(71)80023-3,Study versus test trials and long-term retention in free-recall learning,1971,
delayed retention test unassisted recall learning outcome,crossref,ok,4065073,10.1080/09084282.2011.595452,Rehearsal Significantly Improves Immediate and Delayed Recall on the Rey Auditory Verbal Learning Test,2011,
delayed retention test unassisted recall learning outcome,crossref,ok,4065073,10.7717/peerj.11693/fig-5,"Figure 5: Experiment 3. Mean percentage of correct responses in the cued recall test measured at the delayed test for participants whose immediate test was cued recall, and for those whose immediate test was multiple-choice when items were or were not previously tested.",,
delayed retention test unassisted recall learning outcome,crossref,ok,4065073,10.1016/s0959-4752(97)00016-9,Learning and recall of foreign-language vocabulary: Effects of a keyword strategy for immediate and delayed recall,1998,
delayed retention test unassisted recall learning outcome,crossref,ok,4065073,10.1037/e352192004-001,Delayed Recall in Normal Aging: Paragraph Versus List Learning,2003,
delayed retention test unassisted recall learning outcome,crossref,ok,4065073,10.1016/s0887-6177(00)80064-5,Immediate and delayed recall norms for the Butcher Story paragraph recall test with a disabled population,2000,
delayed retention test unassisted recall learning outcome,crossref,ok,4065073,10.1017/s0958344022000209,Factors affecting incidental L2 vocabulary acquisition and retention in a game-enhanced learning environment,2022,"AbstractIn recent years, the number of studies investigating the effectiveness of using digital games for incidental second language (L2) vocabulary learning has been rapidly increasing; however, there is still a lack of research identifying the factors that affect incidental L2 vocabulary learning. Hence, the current study examined vocabulary-related (word level, exposure frequency, salience) and learner-related (language proficiency, interest, viewing captions) variables and investigated factors affecting EFL students’ incidental vocabulary learning in the use of a vernacular (noneducational) murder mystery game (N = 59). The study employed a quantitative research method and descriptive and inferential statistics (repeated measures ANOVA and multiple linear regression). The results showed that playing the game greatly facilitated L2 vocabulary acquisition and retention. Among the vocabulary-related variables, the study found that only salience significantly influenced vocabulary acquisition. Regarding the learner-related variables, the students’ interest and viewing captions were positively related to vocabulary learning, whereas their language proficiency levels were negatively correlated. The study found that the students’ conscious attention, in conjunction with salience of the word, was the main facilitating factor in incidental vocabulary acquisition and retention in the game-enhanced language learning environment. The study suggested pedagogical implications for incidental vocabulary learning through game play based on the results of the study."
delayed retention test unassisted recall learning outcome,crossref,ok,4065073,10.31234/osf.io/e2v9w,Improved Memory or Decreased Forgetting? Magnitude of Negative Generation Effect is Reduced in a Delayed Verbal Recall Test,2022,"There were two aims of the present study: First, to establish whether the amount of semantic encoding, beyond the mere elicitation of semantic encoding, is related to the size of the generation effect, and second, to corroborate Mulligan and Peterson’s findings that a negative generation effect (i.e., when reading yields better memory ability than generating) may be eliminated at longer delays. A total of 168 psychology students from the University of New Brunswick Saint John participated in one of two online experiments, comprising each of three reading tasks and three generation tasks across three stimulus types: nonword lists, wordlists, and passages. In experiment one, participants engaged in a free recall test of the material from the previous task after a 2-minute distraction. In experiment two, the delay between encoding and free recall was six minutes. Within-subjects factorial analyses of variance were conducted for each experiment, and cross-experiment analyses were also conducted. Although a negative generation effect emerged across both delay conditions, cross-experiment results indicated that there was no significant difference in memory ability for generated material over longer delays, suggesting that generated material may be more robust to forgetting than material that is merely read."
delayed retention test unassisted recall learning outcome,crossref,ok,4065073,10.1016/0887-6177(92)90153-e,"Rey auditory-verbal learning test: The effects of age and gender, and norms for delayed recall and story recognition trials",1992,
delayed retention test unassisted recall learning outcome,crossref,ok,4065073,10.1093/arclin/15.8.686,Immediate and delayed recall norms for the Butcher Story paragraph recall test with a disabled population,2000,
delayed retention test unassisted recall learning outcome,crossref,ok,4065073,10.1080/23279095.2015.1135441,Effects of immediate recall trial on one-year delayed recall performance in Rey complex figure test,2016,
delayed retention test unassisted recall learning outcome,crossref,ok,4065073,10.21125/edulearn.2026.1790,COGNITIVE ASPECTS OF VOCABULARY RETENTION: WORD RECALL IN STORY-BASED LANGUAGE LEARNING,2026,
delayed retention test unassisted recall learning outcome,crossref,ok,4065073,10.7717/peerj.18195/fig-2,Figure 2: Average delayed recall scores.,,
delayed retention test unassisted recall learning outcome,crossref,ok,4065073,10.17161/kjm.vol18.24468,Metabolic Dysregulation and Memory Cognition: Baseline Findings Using a Delayed Recall Test,2025,
delayed retention test unassisted recall learning outcome,crossref,ok,4065073,10.1080/23279095.2018.1481067,Short-term delayed recall of auditory verbal learning test provides equivalent value to long-term delayed recall in predicting MCI clinical outcomes: A longitudinal follow-up study,2018,
delayed retention test unassisted recall learning outcome,crossref,ok,4065073,10.1037/e537272012-185,Delayed Recall Following Mnemonic Vocabulary Learning,1994,
delayed retention test unassisted recall learning outcome,crossref,ok,4065073,10.21236/ada052993,Immediate vs. Delayed Feedback in a Computer-Managed Test: Effects on Long-Term Retention,1978,
delayed retention test unassisted recall learning outcome,crossref,ok,4065073,10.7717/peerj.11693/fig-6,"Figure 6: Experiment 3. Mean percentage of correct responses in the multiple-choice test measured at the delayed test for participants whose immediate test was cued recall, and for those whose immediate test was multiple-choice, when items were or were not previously tested.",,
delayed retention test unassisted recall learning outcome,crossref,ok,4065073,10.14333/kjte.2017.33.4.113,The Effect of Initial Test and Cued-recall on Retention in Word-pair Learning Process,2017,
delayed retention test unassisted recall learning outcome,crossref,ok,4065073,10.20319/ictel.2026.161,IMPLEMENTING GESTURES INTO VOCABULARY INSTRUCTION TO AID RECALL AND RETENTION,2026,"This presentation will highlight the idea of incorporating gestures into vocabulary instruction to help the students recall and retain the new vocabulary words. I predict that with the incorporation of the strategy of gestures into instruction, kindergarten students will be able to retain more vocabulary words compared to vocabulary instruction that does not include gestures. The data being collected will be in the format of a pretest and posttest, paired with a teacher interview to see both the quantitative and qualitative sides of the study. The collection of previous relevant research will also be presented, as well as an analysis of the data collected."
delayed retention test unassisted recall learning outcome,crossref,ok,4065073,10.1093/arclin/7.5.407,"Rey auditory-verbal learning test: The effects of age and gender, and norms for delayed recall and story recognition trials",1992,
delayed retention test unassisted recall learning outcome,crossref,ok,4065073,10.2466/pr0.1973.33.1.307,"Effects of Type of Recall Test and Spaced Presentations of Stimulus Terms, Response Terms and Stimulus-Response Terms on Retention in Paired-Associate Learning",1973,"The present experiment tested the effects of reinforcement type (stimulus term, response term, and stimulus-response pairs) and type of recall-retention test (stimulus type or response type) as between-
                    S
                    variables and delay-of-reinforcement interval as a within-
                    S
                    variable on retention in paired-associate learning. The analysis showed that type of reinforcement and delay-of-reinforcement interval resulted in significant effects. Type of recall-retention test was not significant and interactions were nonsignificant."
delayed retention test unassisted recall learning outcome,crossref,ok,4065073,10.7717/peerj.15101/fig-4,"Figure 4: Comparative results during learning, memory retention test and the Gestalt transfer learning stages.",,
delayed retention test unassisted recall learning outcome,crossref,ok,4065073,10.1037/e527312012-024,"Delayed Judgments of Learning, Improved Restudy Decisions, and Improved Recall: A Causal Chain?",2008,
delayed retention test unassisted recall learning outcome,crossref,ok,4065073,10.19030/tlc.v7i6.126,"The Effects Of Songs In The Foreign Language Classroom On Text Recall, Delayed Text Recall And Involuntary Mental Rehearsal",2010,"Music represents an integral part of the human culture, and particularly language and communication. Music can be a powerful tool in the learning experience. The purpose of the present study is to investigate whether English native-speaker students learning a foreign language can benefit from integrating music into the curriculum. Students’ text recall was measured after listening to songs and text passages. Delayed recall and involuntary mental rehearsal (din) were also measured. Results showed text recall was better in the song condition that text passage. Also, treatment condition did not affect delayed recall; however it impacted involuntary mental rehearsal. Implications and suggestions about future applications of music in the curriculum are also explored."
delayed retention test unassisted recall learning outcome,crossref,ok,4065073,10.1111/j.1365-2044.1981.tb08652.x,Test of delayed memory recall suitable for assessing postoperative amnesia,1981,"Summary
                  The application of a test of delayed memory recall to determine the extent of postoperative (anterograde) amnesia is described. Results from studies following the application of different anaesthetic techniques to patients undergoing minor surgery suggests that a period of anterograde amnesia is inevitable following general anaesthesia.
                  The anterograde amnesia persists after apparent full clinical recovery and the possibility of clinical and medico‐legal problems from this cause must be recognised in the overall management of the patient."
delayed retention test unassisted recall learning outcome,crossref,ok,4065073,10.1037/e666672011-048,Improved Recall for Digits with Delayed Recall Cues,1969,
delayed retention test unassisted recall learning outcome,crossref,ok,4065073,10.3389/fpsyg.2021.749045,"Examining Delayed Recall in Cochlear Implant Users Using the Montreal Cognitive Assessment, California Verbal Learning Test, Third Edition, and Item Specific Deficit Approach: Preliminary Results",2021,"Purpose:Recent studies using the Montreal Cognitive Assessment (MoCA) suggest delayed recall is challenging for cochlear implant (CI) users. To better understand the underlying processes associated with delayed recall in CI users, we administered the MoCA and the California Verbal Learning Test, Third Edition (CVLT-3), which provides a more comprehensive assessment of delayed recall ability.Methods:The MoCA and CVLT-3 were administered to 18 high-performing CI users. For the CVLT-3, both the traditional scoring and a newer scoring method, the Item-Specific Deficit Approach (ISDA), were employed.Results:The original MoCA score and MoCA delayed recall subtest score did not relate to performance on any CVLT-3 measures regardless of scoring metric applied (i.e., traditional or ISDA). Encoding performance for both the CVLT-3 and ISDA were related. Consolidation, which is only distinctly defined by the ISDA, related to CVLT-3 cued delay recall performance but not free delay recall performance. Lastly, ISDA retrieval only related to CVLT-3 measures when modified.Conclusion:Performance on the MoCA and CVLT-3 in a high performing CI patient population were not related. We demonstrate that the ISDA can be successfully applied to CI users for the quantification and characterization of delayed recall ability; however, future work addressing lower performing CI users, and comparing to normal hearing controls is needed to determine the extent of potential translational applications. Our work also indicates that a modified ISDA retrieval score may be beneficial for evaluating CI users although additional work addressing the clinical relevance of this is still needed."
delayed retention test unassisted recall learning outcome,crossref,ok,4065073,10.1080/09588221.2023.2207603,"Neural machine translation in EFL classrooms: learners’ vocabulary improvement, immediate vocabulary retention and delayed vocabulary retention",2023,
delayed retention test unassisted recall learning outcome,crossref,ok,4065073,10.3758/bf03213472,The effects of recall and recognition test expectancies on the retention of prose,1983,
delayed retention test unassisted recall learning outcome,crossref,ok,4065073,10.3758/bf03202752,The effects of generation on item and order retention in immediate and delayed recall,1993,
delayed retention test unassisted recall learning outcome,crossref,ok,4065073,10.1017/s0958344017000337,"Effectiveness of computer-assisted argument mapping for comprehension, recall, and retention",2018,"Abstract
                  Compared to traditional pen-and-paper presentation of information, computer-assisted argument mapping seems to be more efficient in developing lower order thinking skills such as memory and comprehension. The present study investigated the impact of argument map construction and reading via computer versus pen and paper on English as a foreign language (EFL) majors’ comprehension, recall, and retention of argumentative texts. To this end, 120 Iranian EFL undergraduates were divided into low and high proficiency levels after taking a language proficiency test. Next, they were randomly assigned to two experimental groups; each group received 12 sessions of argument mapping instruction, one via computer and the other via pen and paper. At the end of the term, participants randomly received two argument map sizes (small vs. large) and were given 15 minutes to read the maps. Then tests of recall and comprehension relevant to the maps were administered, followed by a test of retention within a two-week interval. The results revealed that after controlling for spatial and verbal covariates, the type of treatment had a significant effect on recall, retention, and comprehension, with the software group outperforming the pen-and-paper group; however, proficiency level and argument size did not show any significant effect."
delayed retention test unassisted recall learning outcome,crossref,ok,4065073,10.21203/rs.3.rs-3651493/v1,Developing Appropriate Learning Behaviors in L2 Learners: Investigating the Impact of Consciousness Raising Tasks on Recall and Retention of Collocations,2023,"Abstract
        The purpose of this study was to investigate the impact of consciousness-raising tasks on Iranian EFL learners’ ability to recall and retain collocations. The study analyzed 60 female students aged between 18 and 25, who were at an intermediate level of English. They were selected from a language school in Tehran, Iran, and were homogeneous in terms of their language proficiency. A piloted sample of the Preliminary English Test (PET) was given to both intact classes. The experimental and control groups were randomly assigned, with 30 students in each. To ensure that both groups had equal knowledge of collocations, they were given a teacher-made multiple-choice test of collocations as a pretest. The treatment group received corrective feedback, such as clarification requests, repetitions, and meta-linguistic clues. The control group received the same instruction without feedback. After an eight-week treatment period, both groups were tested on their ability to recall collocations with an immediate post-test. One month later, the researchers gave the experimental group a delayed posttest to see how well they retained the learned grammatical collocations. The participants in the experimental group shared their thoughts and feelings about the effectiveness of the consciousness-raising (C-R) techniques used during the treatment. The written reports were analyzed and classified according to the frequency of the concepts and points presented, and the most prominent ones were reported. The analysis of the immediate and delayed post-test data revealed that receiving C-R tasks significantly improved the recall of collocations among EFL learners. The experimental group, which received C-R tasks, performed better than the control group in the posttest. The study found that learners’ retention of collocations is not affected by time, therefore C-R task practices enable retrieval during comprehension and retention. The findings can help learners and practitioners develop appropriate learning behaviors."
delayed retention test unassisted recall learning outcome,crossref,ok,4065073,10.1007/978-1-4419-1428-6_2379,Retention Test,2012,
delayed retention test unassisted recall learning outcome,crossref,ok,4065073,10.1007/s11409-021-09260-0,The effect of delayed judgments of learning on retention,2021,
delayed retention test unassisted recall learning outcome,crossref,ok,4065073,10.1016/j.jalz.2011.05.713,"P1‐431: Presentation of ADAS cog test with delayed recall and semantic encoding during the learning phase: Results in normal, MCI and dementia population",2011,
delayed retention test unassisted recall learning outcome,crossref,ok,4065073,10.7717/peerj.11693/fig-3,Figure 3: Experiment 2. Mean percentage of correct responses in the cued recall test for each learning condition and for the three different test types in the experiment.,,
delayed retention test unassisted recall learning outcome,crossref,ok,4065073,10.1016/s0022-5371(73)80023-4,Positive recency effect in a delayed free recall,1973,
delayed retention test unassisted recall learning outcome,crossref,ok,4065073,10.1159/000212026,"Age Differences in Learning, Immediate and One Week Delayed Recall",2009,"In an initial study, differences in learning and immediate recall were observed for groups of young and aged subjects on several measures. Retest data showed some differential loss for aged subjects after 1 week. Conclusions regarding long-term retention per se were not possible due to the nature of the design. In a second study, additional aged and young groups of subjects were run under delayed recall conditions. The data from these two groups were combined with data from the first study, with care taken to match subjects on a number of variables (health, education, intelligence). The results showed age-related differences for measures of learning and immediate recall but not for delayed 1 week retention."
delayed retention test unassisted recall learning outcome,crossref,ok,4065073,10.2466/pr0.1969.25.2.567,Retention as a Function of Successive Recall Trials following Original Learning,1969,"2 experiments, using paired adjectives, examined the effect of successive recall trials (SRC) that occurred immediately after OL on retention. Retention was measured after 0-, 24-, and 48-hr. retention intervals. The first experiment varied SRC trials (0 vs 10) following OL, and retention interval (0 vs 24 hr.). Exp. II extended the first by increasing the amount of post-OL SRC (0, 10, and 20 trials) and by increasing the retention interval (24 vs 48 hr.). Both experiments measured retention over 10 SRC trials. Correct recall was facilitated by post-OL SRC and increased during SRC trials after 24- and 48-hr. retention intervals. The results suggest that both associative and warm-up processes operate during SRC."
delayed retention test unassisted recall learning outcome,crossref,ok,4065073,10.1037/0278-7393.2.2.172,Imagery and the retention free-recall learning.,1976,
delayed retention test unassisted recall learning outcome,crossref,ok,4065073,10.37546/jalttlt40.4-2,Brain-Friendly Learning Tips for Long-Term Retention and Recall,2016,"The main study skills students presently rely on are massed practice, repetition, rereading, and highlighting which cause a false sense of fluency (Bjork &amp; Bjork, 1992). Memory has two strengths, storage strength and retrieval strength, with the theory of desirable difficulty stating that the harder one has to work to retrieve a memory, the greater the subsequent spike in retrieval and storage strength (Bjork &amp; Bjork, 1992; Hattie, 2013). Spaced repetition, pretesting, interleaving, and regular testing are a few study skills that can lead to deeper learning. Incorporating them into teaching as well as showing students how to use them could lead to deeper learning, stronger retrieval, and longer retention. This paper examines these study skills, including examples of how to incorporate them into various classroom activities.

学習者の主な学習スキルは、集中練習、反復、再読、蛍光ペンなどでマークすることだが、これらは学習者が流暢だと思い込む要因となり得る (Bjork  &amp; Bjork, 1992)。記憶力には「保持」と「想起」の2つがあり、「望ましい困難」は、記憶を想起する為に努力すればするほど、結果的に保持と記憶力が増加するという理論である(Bjork &amp; Bjork, 1992; Hattie, 2013)。Spaced repetition (間隔反復)、Pretesting（事前（予備）試験)、Interleaving(インターリーブ：交互配置)、定期試験は、より深い学びに至る学習スキルである。これらのスキルを授業に取り入れ、スキルの使い方を教えることは、より深い学習と学習者の達成感につながるだろう。本論文では、これらの学習スキルをどのように教室の授業活動に盛り込めるかについて具体的に検討する。"
delayed retention test unassisted recall learning outcome,crossref,ok,4065073,10.1093/arclin/acae067.025,A - 11 Organizational Strategies and Delayed Recall in Older Adults: Insights from the Rey-Osterrieth Complex Figure Test,2024,"Abstract
               
                  Objective
                  The objective of this study was to investigate the factors that influence older adults’ ability to recall complex figure in the Rey-Osterrieth Complex Figure (ROCF) test.
               
               
                  Method
                  172 participants (50% female; M = 74.64) between the ages of 60 and 100 were recruited through the Israel Interior Ministry. Participants were asked to complete the Rey-Osterrieth Complex Figure Test (ROCF), which involved two tasks: A) participants were first instructed to replicate the complex figure exactly as shown (copy task). Subsequently, they were asked to B) recall and redraw the figure after a 30-minute delay (delayed recall task). The evaluations were conducted at the participants’ homes. The participants were evaluated on three criteria: accuracy, continuation, and the symmetry. To analyze the relationship between participants’ scores on the accuracy, continuation, and symmetry, a linear regression analysis was performed.
               
               
                  Results
                  A linear regression model predicting delayed recall score was significant F(3,48) = 9.61, p &amp;lt; 0.001. Among the predictors, continuation (b = 0.75, p = 0.01) and copy scores (b = 0.39, p 0.02) displayed a significant positive relationship with delayed recall score.
               
               
                  Conclusion(s)
                  The ROCF test serves as a comprehensive measure of cognitive functions, such as visuospatial memory, executive and organizational abilities, and retrieval. The significant influence of organizational score underscores the important link between planning abilities and declarative memory. This supports previous findings that organizing ROCF into meaningful clusters of units during the copy task improves performance in delayed recall task."
delayed retention test unassisted recall learning outcome,crossref,ok,4065073,10.1037/h0031350,Retention of free recall learning: The whole-part problem.,1971,
delayed retention test unassisted recall learning outcome,crossref,ok,4065073,10.1016/0023-9690(87)90014-2,Food priming and short-term retention in the delayed alternation task,1987,
transfer test far transfer measurement instructional design,crossref,ok,5152619,10.22215/etd/2014-10382,Contributions to the Measurement and Control System Design of the Carleton Supercritical Fluid Heat Transfer Test Loops,,
transfer test far transfer measurement instructional design,crossref,ok,5152619,10.4324/9781315044743-19,Tutoring for Transfer of Technical Competence,2013,
transfer test far transfer measurement instructional design,crossref,ok,5152619,10.1007/s11251-011-9188-z,Beyond physics: A case for far transfer,2011,
transfer test far transfer measurement instructional design,crossref,ok,5152619,10.3403/01513142u,Fibre optic communication subsystem basic test procedures. Test procedures for digital systems,,
transfer test far transfer measurement instructional design,crossref,ok,5152619,10.3403/01513142,Fibre optic communication subsystem basic test procedures. Test procedures for digital systems,,
transfer test far transfer measurement instructional design,crossref,ok,5152619,10.31274/cc-20260223-60,Retention and Transfer of Procedural Tasks in Auto-Body Repair: An Instructional Design Study,2025,
transfer test far transfer measurement instructional design,crossref,ok,5152619,10.1037/t16607-000,Near Transfer and Far Transfer Test,2002,
transfer test far transfer measurement instructional design,crossref,ok,5152619,10.4018/978-1-60960-503-2.ch607,Knowledge Transfer in G2G Endeavors,,"Since the beginning of the 1980s, a movement was fomented by academics and executives to use information and communication technology (ICT) not only as a tool for processing data more rapidly, but also as a powerful strategic weapon. The need to use ICT as an enabler for reformulating old processes, rather than simply automating existing practices, was perceived by these academics and executives (see, for instance, Davenport &amp; Short, 1990; Venkatraman, 1994)."
transfer test far transfer measurement instructional design,crossref,ok,5152619,10.4324/9780203052778-17,Designing Training for Novel Problem-Solving Transfer: Richard E. Clark and Sydney Brooks Blake,2012,
transfer test far transfer measurement instructional design,crossref,ok,5152619,10.1109/adminc63617.2024.10775537,Review on Basic Solutions for Far-Field Wireless Power Transfer,2024,
transfer test far transfer measurement instructional design,crossref,ok,5152619,10.1115/97-gt-338,The Design of an Instructional Cogeneration Laboratory,1997,"California State University, Sacramento has designed and constructed a cogeneration laboratory for the instruction of students in modern electrical generation. This facility serves about 100 senior level students per year. The major components are a 75 kW gas turbine generator, a waste heat boiler and a small absorption chiller. Future plans include the addition of a 50 kW steam turbine.
               The analytical design of this plant is described from concept to final layout with particular emphasis on cycle analysis, selection and sizing of components and instrumentation, and the layout of the equipment. A diagram showing the entire cycle on a scaled temperature entropy plot provides an interesting graphical interpretation of the plant’s operation. While the gas turbine has a relatively low pressure ratio of 3.3:1 and thus a low thermal efficiency, the addition of the other components improves the performance significantly.
               An aspect of the analysis of particular interest is relating the cooling of the chiller to an equivalent work term thus enabling the determination of an overall thermal efficiency. If all of the steam were to be used for cooling the plant efficiency would improve slightly from 10% for the turbine alone; when made equivalent to other types of refrigeration the improvement is more than 6%. When all of the steam is used in the proposed steam turbine the efficiency will improve to about 17%. Using the chiller to cool inlet air to the gas turbine—thus increasing performance—is discussed at length. Student use of the laboratory is discussed briefly.
               While the plant is quite small and intended for laboratory use, the design analysis is applicable to similar plants which might be used in remote locations, or as stand-by or peaking power supplies."
transfer test far transfer measurement instructional design,crossref,ok,5152619,10.1007/bf02769112,Transfer of training principles for instructional design,1985,
transfer test far transfer measurement instructional design,crossref,ok,5152619,10.59403/ntq2z3,Amount A and Its Design So Far: Feasibility in Sight?,2023,"As they currently stand, the Pillar One Amount A rules raise several questions about their application, complexity and deviation from the traditional notions known in international tax. In this article, the authors highlight some of the issues in the various building blocks of Amount A and the possible challenges that could arise from its implementation."
transfer test far transfer measurement instructional design,crossref,ok,5152619,10.1007/bf00120698,The ADAPT design model: towards instructional control of transfer,1990,
transfer test far transfer measurement instructional design,crossref,ok,5152619,10.4018/978-1-5225-9279-2.ch060,Intercultural Knowledge Transfer in Teams,2020,"The following chapter is dedicated to knowledge management, whereby the focus is on the transfer of relevant knowledge in an intercultural team. The purpose of this study was to empirically examine, how an intercultural team deals with the cultural diversity of its members and how it influences the knowledge transfer. The research object was the intercultural team of the research institute Science-to-Business Marketing Research Centre at the Münster University of Applied Sciences (MUAS) in Germany. Ten guided interviews were conducted with ten employees of ten different nationalities. As the investigation has shown, the processes of knowledge transfer within the team of the research centre are not standardized. The actual transfer of knowledge occurs between team members on a personal level during intercultural communication in a setting of provided framework conditions. The team's cultural diversity is able not only to transfer but also to generate new knowledge. Intercultural competence in a provided framework is the crucial factor for successful cross-cultural knowledge transfer."
transfer test far transfer measurement instructional design,crossref,ok,5152619,10.3403/02454413,Elements of electrical and optical connection. Test methods,,
transfer test far transfer measurement instructional design,crossref,ok,5152619,10.3403/02454413u,Elements of electrical and optical connection. Test methods,,
transfer test far transfer measurement instructional design,crossref,ok,5152619,10.2172/4142137,SODIUM MASS TRANSFER.  I. TEST LOOP DESIGN,1962,
transfer test far transfer measurement instructional design,crossref,ok,5152619,10.3403/30147216,Fibre optic interconnecting devices and passive components. Basic test and measurement procedures,,
transfer test far transfer measurement instructional design,crossref,ok,5152619,10.3403/30147216u,Fibre optic interconnecting devices and passive components. Basic test and measurement procedures,,
transfer test far transfer measurement instructional design,crossref,ok,5152619,10.12681/eadd/48387,Transfer of learning in digital environments,,"Η εκπαίδευση και η μάθηση είναι σε ραγδαία αυξανόμενο ρυθμό ενσωματωμένη σε ψηφιακά περιβάλλοντα. Στην περίπτωση της επαγγελματικής μάθησης, η επικαιροποίηση υφιστάμενων και η απόκτηση νέων επαγγελματικών δεξιοτήτων εξελίσσεται σε όλο τον εργασιακό βίο και είναι απαραίτητη για την διατήρηση της δυνατότητας πρόσβασης στην εργασία. Σε μεγάλο βαθμό πλέον αυτή η αναγκαιότητα καλύπτεται όχι μόνο μέσω της ενδο-οργανωσιακής εκπαίδευσης και κατάρτισης, αλλά με την συμμετοχή των ατόμων στην δια βίου μάθηση. Η αποτελεσματικότητα των εκπαιδευτικών παρεμβάσεων σε αυτό το πλαίσιο κρίνεται. Η διατριβή αυτή διερευνά την αποτελεσματικότητα της ψηφιακής μάθησης με βάση τη δυνατότητα μεταφοράς της μάθησης στην εργασία και το επάγγελμα, από την οπτική γωνία των μεμονωμένων ατόμων που συμμετέχουν σε εκπαιδευτικά προγράμματα με στόχο την επαγγελματική τους ανάπτυξη. Η διατριβή επικαιροποιεί τα παραδοσιακά θεωρητικά πλαίσια μεταφοράς της μάθησης με παράγοντες που επηρεάζουν τη μεταφορά της μάθησης στο ψηφιακό περιβάλλον. Εξετάζονται σειρά θεμάτων ψηφιακού εκπαιδευτικού σχεδιασμού, η ικανοποίηση των εκπαιδευόμενων, και η μαθησιακή τους επίδοση στην πρόθεση μεταφοράς της ψηφιακής μάθησης (intention to digital learning transfer) στην εργασία και το επάγγελμα. Ειδικότερα, μετρήθηκαν 8 διαστάσεις ψηφιακού εκπαιδευτικού σχεδιασμού, δηλαδή ποιότητας της μαθησιακής εμπειρίας και αποτελεσματικότητας της εκπαίδευσης: μαθησιακό πλαίσιο, μαθησιακοί στόχοι σε όρους γνώσεων και δεξιοτήτων, αξιολόγηση μάθησης, ψηφιακοί εκπαιδευτικοί πόροι, αλληλεπιδραστικές δραστηριότητες του εκπαιδευομένου στο ψηφιακό εκπαιδευτικό περιβάλλον και με τους εκπαιδευτές του προγράμματος, την ποιότητα των υπηρεσιών των τεχνολογικών υποδομών παροχής της εκπαίδευσης, και την επιτελική υποστήριξη του εκπαιδευόμενου σε θέματα μαθησιακής προόδου. Σε όρους αποτελεσμάτων μετρήθηκαν (α) η ικανοποίηση του εκπαιδευόμενου από το πρόγραμμα (δηλαδή των διαστάσεων ποιότητας της μαθησιακής εμπειρίας), (β) η μαθησιακή του επίδοση με την ολοκλήρωση του προγράμματος και (γ) της πρόθεσης του εκπαιδευομένου και της ενδυνάμωσης (enablement) του για μεταφορά της εκπαίδευσης στην εργασία και στο επάγγελμα. Παρατηρήθηκαν τόσο συγκλίσεις όσο και σημαντικές διαφοροποιήσεις από τα ισχύοντα στο παραδοσιακό περιβάλλον της επαγγελματικής εκπαίδευσης. Τα αποτελέσματα της διατριβής δείχνουν ότι η ικανοποίηση των εκπαιδευόμενων από την μαθησιακή εμπειρία επηρεάζεται σημαντικά μόνο από την ποιότητα των ψηφιακών εκπαιδευτικών πόρων στο ψηφιακό εκπαιδευτικό περιβάλλον - όπως άλλωστε και στη δια ζώσης εκπαίδευση και κατάρτιση. Αντιθέτως με το ότι ισχύει στο δια ζώσης περιβάλλον - η πρόθεση για μεταφορά δεν επηρεάζεται από το επίπεδο της μαθησιακής επίδοσης (learning achievement) όπως αποτυπώνεται στη βαθμολογία των εκπαιδευομένων στα πλαίσια της αξιολόγησης των γνώσεων που αποκτήθηκαν στην εκπαίδευση. Η εμπειρική έρευνα της διατριβής αποτελεί ένα field study στον χώρο της επαγγελματικής ψηφιακής δια βίου μάθησης σε βάθος τεσσάρων ετών. Εξετάστηκαν 28 προγράμματα ψηφιακής επαγγελματικής εκπαίδευσης και κατάρτισης. Κατά τη διάρκεια της διατριβής πραγματοποιήθηκαν τρεις εμπειρικές έρευνες (δύο προκαταρκτικές και μία βασική). Τα ερωτηματολόγια είναι η κύρια τεχνική συλλογής δεδομένων για τις τρεις εμπειρικές έρευνες. Οι μετρικές που χρησιμοποιούνται στα ερωτηματολόγια επιλέχθηκαν από υφιστάμενα θεωρητικά πλαίσια στο παραδοσιακό και στο ψηφιακό περιβάλλον και τροποποιήθηκαν κατάλληλα ώστε να ταιριάζουν με τους ερευνητικούς στόχους αυτής της μελέτης. Τα αποτελέσματα συμβάλλουν σε μια καινοτόμο εννοιολογικοποίηση (conceptualization) της μεταφορά της μάθησης στο ψηφιακό περιβάλλον. Επεκτείνει την υπάρχουσα έρευνα για τη μεταφορά της μάθησης στο χώρο εργασίας εστιάζοντας σε παράγοντες που σχετίζονται με την ψηφιακή μάθηση. Η διατριβή, στους κλασικούς και εδραιωμένους όρους που ορίζουν την μεταφορά ως δυνατότητα γενίκευσης και δυνατότητα διατήρησης/συντήρησης της γνώσης που αποκτήθηκε, αναδεικνύει την αξία της πρόθεσης για μεταφορά (intention to transfer) στην οικοδόμησης της δυνατότητας (enablement) για μεταφορά στο ψηφιακό εκπαιδευτικό περιβάλλον, δηλαδή αναδεικνύει την πρόθεση για μεταφορά σε ένα αυτοδύναμο μαθησιακό αποτέλεσμα το οποίο χρειάζεται να αξιολογηθεί. Σε επίπεδο εφαρμογής, παράγει σχεδιαστικές αρχές και οδηγίες εφαρμογής που ενσωματώνουν τα ιδιαίτερα χαρακτηριστικά της ψηφιακής μάθησης και μπορούν να λειτουργήσουν ως πλαίσιο διοίκησης της αποτελεσματικότητας της ψηφιακής δια βίου μάθησης στον τομέα της επαγγελματικής ανάπτυξης. Συγκεκριμένα οι προτάσεις σχεδιασμού αναφέρονται σε μια σειρά θεμάτων που σχετίζονται με την ισορροπία μεταξύ σχεδιασμού, παιδαγωγικής, τεχνολογία και εκπαιδευτή και εισάγουν τα πρόσθετα χαρακτηριστικά του ψηφιακού εκπαιδευτή (γνώση πρακτικών ψηφιακού εκπαιδευτικού σχεδιασμού, σχεδιαστικές προσεγγίσεις εκπαιδευτικής ενσωμάτωσης της ψηφιακής τεχνολογίας) ενώ επιβεβαιώνει την σημασία και επιδραστικότητα των ικανοτήτων του εκπαιδευτή για την παρακίνηση των εκπαιδευομένων προκειμένου να αντιμετωπιστούν τα θέματα της λεκτικής και εξωλεκτικής ψυχολογικής αποστασιοποίησης (psychological distance) προτείνοντας πρακτικές για την ενίσχυση της ψηφιακής παρουσίας (teaching presence). Οι νέοι παράγοντες επιρροής που αναδεικνύονται αφορούν τον σχεδιασμό παροχής της ψηφιακής εκπαίδευσης (digital learning service design) δηλαδή παράγοντες που αφορούν στο περιβάλλον παροχής της εκπαίδευσης."
transfer test far transfer measurement instructional design,crossref,ok,5152619,10.2514/5.9781600865718.0378.0394,Low Lift-to-Drag Aerobrake Heat-Transfer Test at Mach 10,1985,
transfer test far transfer measurement instructional design,crossref,ok,5152619,10.1016/0022-4073(62)90058-4,The absolute measurement of intensity and wavelength in the far ultraviolet,1962,
transfer test far transfer measurement instructional design,crossref,ok,5152619,10.2172/1155425,The Design of the Beam Transfer System for the Doubler Sector Test,1978,
transfer test far transfer measurement instructional design,crossref,ok,5152619,10.1016/b978-0-12-188950-0.50011-4,Transfer of Information: An Instructional Perspective,1987,
transfer test far transfer measurement instructional design,crossref,ok,5152619,10.22215/etd/2012-06844,Design of test loops for forced convection heat transfer studies at supercritical state,,
transfer test far transfer measurement instructional design,crossref,ok,5152619,10.1520/d3382-24,Test Methods for Measurement of Energy and Integrated Charge Transfer Due to Partial Discharges (Corona) Using Bridge Techniques,,
transfer test far transfer measurement instructional design,crossref,ok,5152619,10.1520/d3382-13,Test Methods for Measurement of Energy and Integrated Charge Transfer Due to Partial Discharges (Corona) Using Bridge Techniques,,
transfer test far transfer measurement instructional design,crossref,ok,5152619,10.1520/d3382-95r01e01,Test Methods for Measurement of Energy and Integrated Charge Transfer Due to Partial Discharges (Corona) Using Bridge Techniques,,
transfer test far transfer measurement instructional design,crossref,ok,5152619,10.1109/wptc48563.2020.9295528,Design of Rotman Lens for Far-field Wireless Power Transfer at Ka-band,2020,
transfer test far transfer measurement instructional design,crossref,ok,5152619,10.1520/d3382-07,Test Methods for Measurement of Energy and Integrated Charge Transfer Due to Partial Discharges (Corona) Using Bridge Techniques,,
transfer test far transfer measurement instructional design,crossref,ok,5152619,10.1520/d3382-22,Test Methods for Measurement of Energy and Integrated Charge Transfer Due to Partial Discharges (Corona) Using Bridge Techniques,,
transfer test far transfer measurement instructional design,crossref,ok,5152619,10.1520/e2611,Test Method for Measurement of Normal Incidence Sound Transmission of Acoustical Materials Based on the Transfer Matrix Method,,
transfer test far transfer measurement instructional design,crossref,ok,5152619,10.1520/d3382-95,Test Methods for Measurement of Energy and Integrated Charge Transfer Due to Partial Discharges (Corona) Using Bridge Techniques,,
transfer test far transfer measurement instructional design,crossref,ok,5152619,10.1520/e2611-09,Test Method for Measurement of Normal Incidence Sound Transmission of Acoustical Materials Based on the Transfer Matrix Method,,
transfer test far transfer measurement instructional design,crossref,ok,5152619,10.1520/d3382,Test Methods for Measurement of Energy and Integrated Charge Transfer Due to Partial Discharges (Corona) Using Bridge Techniques,,
transfer test far transfer measurement instructional design,crossref,ok,5152619,10.1520/e2611-17,Test Method for Measurement of Normal Incidence Sound Transmission of Acoustical Materials Based on the Transfer Matrix Method,,
transfer test far transfer measurement instructional design,crossref,ok,5152619,10.4324/9780203477380-11,Measurement of fluid flow,2002,
transfer test far transfer measurement instructional design,crossref,ok,5152619,10.25236/far.2023.050814,Activation and Transfer: The Application of Digital Media in Environmental Art Design,2023,
transfer test far transfer measurement instructional design,crossref,ok,5152619,10.3403/30244646,Fibre optic interconnecting devices and passive components. Basic test and measurement procedures,,
transfer test far transfer measurement instructional design,crossref,ok,5152619,10.3403/30040813u,Fibre optic interconnecting devices and passive components. Basic test and measurement procedures,,
transfer test far transfer measurement instructional design,crossref,ok,5152619,10.31234/osf.io/x2keh_v3,From expert to learner metrics of transfer:  Examination of how learner perceived similarity predicts transfer and moderates instructional practices,2026,"Theories of transfer argue that people are more likely to transfer knowledge to a new scenario the more similar the scenario is to what they have previously learned. However, prior research predominantly relies on expert- or researcher-based judgements of how similar two scenarios are, rather than learner-based similarity metrics. Two studies (N total = 483) with undergraduate students in the United States examined how learner-based similarity judgments relate to transfer. These studies also show how using learner-based metrics can help researchers explore how features of lessons (i.e., the richness of diagrams) influence transfer. Participants sorted the stimuli in the posttest based on their similarity either at the beginning (Study 1) or the end of the study (Study 2). Participants learned about metamorphosis using either perceptually rich or bland life cycle diagrams. After the lesson, they completed a posttest after the lesson and after a month. Both studies showed that participants’ similarity judgments predict transfer. Using this metric also showed that participants were more likely to extend their knowledge to animals similar to the ladybug when they learned with the rich diagram, but to dissimilar animals when they learned with the bland diagram. This was consistent after the one-month delay."
transfer test far transfer measurement instructional design,crossref,ok,5152619,10.31234/osf.io/x2keh,From expert to learner metrics of transfer:  Examination of how learner perceived similarity predicts transfer and moderates instructional practices,2024,"Theories of transfer argue that people are more likely to transfer knowledge to a new scenario the more similar the scenario is to what they have previously learned. However, prior research predominantly relies on expert- or researcher-based judgements of how similar two scenarios are, rather than learner-based similarity metrics. Two studies (N total = 483) with undergraduate students in the United States examined how learner-based similarity judgments relate to transfer. These studies also show how using learner-based metrics can help researchers explore how features of lessons (i.e., the richness of diagrams) influence transfer. Participants sorted the stimuli in the posttest based on their similarity either at the beginning (Study 1) or the end of the study (Study 2). Participants learned about metamorphosis using either perceptually rich or bland life cycle diagrams. After the lesson, they completed a posttest after the lesson and after a month. Both studies showed that participants’ similarity judgments predict transfer. Using this metric also showed that participants were more likely to extend their knowledge to animals similar to the ladybug when they learned with the rich diagram, but to dissimilar animals when they learned with the bland diagram. This was consistent after the one-month delay."
transfer test far transfer measurement instructional design,crossref,ok,5152619,10.31234/osf.io/x2keh_v2,From expert to learner metrics of transfer:  Examination of how learner perceived similarity predicts transfer and moderates instructional practices,2025,"Theories of transfer argue that people are more likely to transfer knowledge to a new scenario the more similar the scenario is to what they have previously learned. However, prior research predominantly relies on expert- or researcher-based judgements of how similar two scenarios are, rather than learner-based similarity metrics. Two studies (N total = 483) with undergraduate students in the United States examined how learner-based similarity judgments relate to transfer. These studies also show how using learner-based metrics can help researchers explore how features of lessons (i.e., the richness of diagrams) influence transfer. Participants sorted the stimuli in the posttest based on their similarity either at the beginning (Study 1) or the end of the study (Study 2). Participants learned about metamorphosis using either perceptually rich or bland life cycle diagrams. After the lesson, they completed a posttest after the lesson and after a month. Both studies showed that participants’ similarity judgments predict transfer. Using this metric also showed that participants were more likely to extend their knowledge to animals similar to the ladybug when they learned with the rich diagram, but to dissimilar animals when they learned with the bland diagram. This was consistent after the one-month delay."
transfer test far transfer measurement instructional design,crossref,ok,5152619,10.1115/gt2024-122051,Configuration of a Heat Transfer Design Verification Test System Using Airfoil Additive Manufacturing,2024,"Abstract
               In the process of designing novel high-pressure turbine components, temperature emerges as a pivotal factor, given its profound impact on material stress thresholds and operational life. Hence, it is imperative not only to derive efficient cooling designs but also to establish methods for their effective and reliable validation. In this study, we employed an additive manufacturing (AM) method to fabricate turbine blades and vane specimens that closely resemble the shape of actual components, intended for surface temperature measurements. Additionally, we established a high-temperature test rig equipped with three types of pyrometers for simultaneous acquisition of cooling airfoils surface temperature data. For the AM test specimens, we built channels in both the pressure and suction sides, allowing for the insertion of thermocouples with a 0.8mm diameter from the cooling air supply to the airfoil surface. For the test rig, we configured an annular flow path to accommodate multiple cooling airfoil specimens and established a bypass system capable of supplying high-temperature gas at a flow rate of 3kg/s by combusting liquid fuel. Through these experiments, we were able to compare errors based on measurement methods and obtain data for selecting sensors suitable for observations under different test conditions."
transfer test far transfer measurement instructional design,crossref,ok,5152619,10.1109/date.1998.655850,Register transfer level VHDL models without clocks,,
transfer test far transfer measurement instructional design,crossref,ok,5152619,10.20343/teachlearninqu.8.1.12,Beyond the afterglow: Effective transfer of learning through instructional design,2020,"This article examines the experiences of students after completing an online postgraduate learning technologies applications course with respect to the transfer of learning of skills, knowledges, and perspectives to their professional educational practice. Transfer of learning was perceived to have occurred with respect to overall course design and specific learning activities. Transfer of learning from the course to educational practice was seen as effective for most study participants; however, the strong community of practice inculcated within the course eroded after the course ended."
transfer test far transfer measurement instructional design,crossref,ok,5152619,10.4324/9781003287049-5,Developing a Localization of Context to Support Transfer of Learning,2023,
transfer test far transfer measurement instructional design,crossref,ok,5152619,10.1109/isemc.1975.7567857,Transfer Impedance Measurement as a Test for Electromagnetic Compatibility,1975,
transfer test far transfer measurement instructional design,crossref,ok,5152619,10.1016/0022-4073(87)90085-9,Measurement and analysis of the far infrared absorption spectrum of the gaseous mixture H2-CH4,1987,
self-report learning illusion fluency judgment of learning,crossref,ok,5712478,10.5709/acp-0260-3,Metacognitive Illusion in Category Learning: Contributions of Processing Fluency and Beliefs,2019,
self-report learning illusion fluency judgment of learning,crossref,ok,5712478,10.1037/xlm0001088.supp,Supplemental Material for Delaying Metamemory Judgments Corrects the Expectancy Illusion in Source Monitoring: The Role of Fluency and Belief,2021,
self-report learning illusion fluency judgment of learning,crossref,ok,5712478,10.3724/sp.j.1041.2008.00994,The Effects of Encoding Fluency and Retrieval Fluency on Children's with-Learning Disabilities Judgements of Learning,2008,
self-report learning illusion fluency judgment of learning,crossref,ok,5712478,10.51636/jotd.2023.08.19.2.47,The Effect of Illusion in Test Score Prediction and Learning Strategy Judgment on Academic Achievement,2023,
self-report learning illusion fluency judgment of learning,crossref,ok,5712478,10.5325/j.ctt32bb1t.11,"JUDGMENT, LOVE, AND ILLUSION",,
self-report learning illusion fluency judgment of learning,crossref,ok,5712478,10.2139/ssrn.4300064,"Socioeconomic Status Moderates the Effects of Self-Regulated Learning Strategy on Writing Complexity, Accuracy, and Fluency: Evidence from China",2022,
self-report learning illusion fluency judgment of learning,crossref,ok,5712478,10.51636/jotd.2022.08.18.2.23,An Illusion Analysis on the Judgment of Effectiveness and Use of Learning Strategies through Bayesian Inference,2022,
self-report learning illusion fluency judgment of learning,crossref,ok,5712478,10.1007/978-981-10-4917-0_1,The Quality Illusion in Learning and Teaching,2017,
self-report learning illusion fluency judgment of learning,crossref,ok,5712478,10.51636/jotd.2019.08.15.2.27,Analysis of Illusion of Competency Reflected on Judgment of Learning,2019,
self-report learning illusion fluency judgment of learning,crossref,ok,5712478,10.1080/09588221.2010.512551,Fluency and anxiety in self-access speaking tasks: the influence of environment,2010,
self-report learning illusion fluency judgment of learning,crossref,ok,5712478,10.1016/j.lindif.2018.06.009,Can reading fluency and self-efficacy of reading fluency be enhanced with an intervention targeting the sources of self-efficacy?,2018,
self-report learning illusion fluency judgment of learning,crossref,ok,5712478,10.37237/090202,"Self-Access Centers and Autonomous Learning: Report on the Japan Association for Self-Access Learning (JASAL) Conference, 2017",2018,"JASAL (The Japan Association for Self-Access Learning) held their 12th Annual Conference/Forum on December 16th, 2017 at Kanda University of International Studies (KUIS) in Chiba. JASAL is a non-profit organization that fosters learner autonomy and self-access learning to a cross-section of educational institutions in Japan. This article contextualizes the plenary talk and selected presentations that captured the underlying themes of this conference: 1) necessity to become a social learning space for language learners, 2) necessity of structured support, and 3) necessity to assess and modify."
self-report learning illusion fluency judgment of learning,crossref,ok,5712478,10.1007/s11409-026-09455-3,Teachers’ assessment competence in self-regulated learning – presence of non-diagnostic cues diminishes judgment accuracy,2026,"Abstract
                  
                    When assessing student skills, accurate judgment is essential for effective teaching; however, teachers’ competence in doing so (assessment competence) can be compromised by the availability of non-diagnostic cues. This study investigates how various cue types and cue-related information affect teachers’ accuracy in making judgments within the specific context of assessing self-regulated learning (SRL). Participants (
                    N
                     = 263) were divided into three groups: one received only diagnostic cues (e.g., students’ use of elaboration strategies,
                    n
                     = 83); another had access to both diagnostic and non-diagnostic cues (e.g., handwriting, social school reports,
                    n
                     = 84); and a third group received both types of cues along with explicit information about the low diagnostic value of certain cues (
                    n
                     = 96). Findings showed that judgment accuracy was highest when only diagnostic cues were available, and accuracy declined when non-diagnostic cues were introduced. This was consistent across different levels of teachers’ content knowledge. These results demonstrate that the difficulty of distinguishing relevant from irrelevant cues—previously observed in other judgment domains—also occurs in the context of SRL assessment, highlighting the importance of fostering teachers’ assessment competence in this area."
self-report learning illusion fluency judgment of learning,crossref,ok,5712478,10.1016/0094-730x(87)90015-5,Fluency and disfluency; Illusion and identification,1987,
self-report learning illusion fluency judgment of learning,crossref,ok,5712478,10.4337/9781839104107.00018,Developing and learning leadership judgment,2021,
self-report learning illusion fluency judgment of learning,crossref,ok,5712478,10.1007/springerreference_302480,Human-Automated Judgment Learning,,
self-report learning illusion fluency judgment of learning,crossref,ok,5712478,10.21956/mep.19066.r27439,Peer Review Report For: Self-directed learning during problem-based learning sessions [version 1],2016,
self-report learning illusion fluency judgment of learning,crossref,ok,5712478,10.21956/mep.19066.r27438,Peer Review Report For: Self-directed learning during problem-based learning sessions [version 1],2016,
self-report learning illusion fluency judgment of learning,crossref,ok,5712478,10.21956/mep.19066.r27437,Peer Review Report For: Self-directed learning during problem-based learning sessions [version 1],2016,
self-report learning illusion fluency judgment of learning,crossref,ok,5712478,10.1027/1864-1105/a000250,How Perceived Processing Fluency Influences the Illusion of Knowing 					in Learning From TV Reports,2020,"Abstract. The present two-study work aims to contribute to an understanding of the causes and consequences of perceived processing fluency. Regarding its causes, the experimental studies ( N1 = 399; N2 = 337) found that features of television reports (e.g., footage used, background music) can heighten perceptions of processing fluency. Regarding its consequences, it was found that heightened perceived fluency biases metacognitive judgments. Specifically, considering perceived knowledge in relation to actual knowledge, recipients experiencing fluency have been found to overestimate their knowledge about the issue depicted in the experimental stimuli. The resulting illusion of knowing was particularly pronounced under conditions of low involvement, indicating that the so-called ease-of-processing heuristic underlies the effect."
self-report learning illusion fluency judgment of learning,crossref,ok,5712478,10.1007/978-94-007-4369-4_19,Teaching and Learning for Epistemic Fluency,2016,
self-report learning illusion fluency judgment of learning,crossref,ok,5712478,10.21832/9781788926317-003,1. Defining Fluency in L2 Learning and Use,2019,
self-report learning illusion fluency judgment of learning,crossref,ok,5712478,10.1037/e633962013-232,Reversing fluency-effects: Learning the ecological validity of fluency,2006,
self-report learning illusion fluency judgment of learning,crossref,ok,5712478,10.21956/mep.19066.r27436,Peer Review Report For: Self-directed learning during problem-based learning sessions [version 1],2018,
self-report learning illusion fluency judgment of learning,crossref,ok,5712478,10.2307/jj.22730469.14,Fluency in Evaluating and Assessing Translations,2019,
self-report learning illusion fluency judgment of learning,crossref,ok,5712478,10.1057/9781137449405.0026,Improving Fluency in EFL Reading Comprehension in Adolescents with Learning Difficulties,,
self-report learning illusion fluency judgment of learning,crossref,ok,5712478,10.2307/jj.22730469.8,Fluency in L2 Listening,2019,
self-report learning illusion fluency judgment of learning,crossref,ok,5712478,10.5749/j.ctttszcf.6,The Illusion Organ,,
self-report learning illusion fluency judgment of learning,crossref,ok,5712478,10.1016/j.jfludis.2018.09.004,Self-report of self-disclosure statements for stuttering,2018,
self-report learning illusion fluency judgment of learning,crossref,ok,5712478,10.4324/9781003313250-3,Unconscious Inference and Judgment in Perception,2022,
self-report learning illusion fluency judgment of learning,crossref,ok,5712478,10.1108/978-1-61735-002-320251008,The Future of Distance Learning,2010,
self-report learning illusion fluency judgment of learning,crossref,ok,5712478,10.1177/0022219412450618,Using Video Self- and Peer Modeling to Facilitate Reading Fluency in Children With Learning Disabilities,2012,The authors compared the effects of video self-modeling and video peer modeling on oral reading fluency of elementary students with learning disabilities. A control group was also included to gauge general improvement due to reading instruction and familiarity with researchers. The results indicated that both interventions resulted in improved fluency. Students in both experimental groups improved their reading fluency. Two students in the self-modeling group made substantial and immediate gains beyond any of the other students. Discussion is included that focuses on the importance that positive imagery can have on student performance and the possible applications of both forms of video modeling with students who have had negative experiences in reading.
self-report learning illusion fluency judgment of learning,crossref,ok,5712478,10.69732/nltc9752,"Learning Space Design and Usage in Self-Access Language Learning: Report on the Japan Association for Self-Access Learning (JASAL) Conference, 2021",2022,
self-report learning illusion fluency judgment of learning,crossref,ok,5712478,10.12677/ap.2021.114124,The Influence of Motoric Fluency on Judgment of Learning,2021,
self-report learning illusion fluency judgment of learning,crossref,ok,5712478,10.51636/jotd.2019.12.15.3.73,Causal Analysis of the Illusion of Competency in Judgment of Learning Strategy Effectiveness,2019,
self-report learning illusion fluency judgment of learning,crossref,ok,5712478,10.30525/978-9934-26-669-0-83,The impact of AI on language learning: between real progress and the illusion of fluency in comparison with traditional methods,2026,
self-report learning illusion fluency judgment of learning,crossref,ok,5712478,10.4324/9781315697048-20,Validity and the Use of Self-Report Questionnaires to Assess Self-Regulated Learning,2017,
self-report learning illusion fluency judgment of learning,crossref,ok,5712478,10.1108/978-1-61735-002-320251003,Active Learning in Online Courses,2010,
self-report learning illusion fluency judgment of learning,crossref,ok,5712478,10.1007/springerreference_302046,Judgment Frequency Effects in Causal Learning,,
self-report learning illusion fluency judgment of learning,crossref,ok,5712478,10.1017/cbo9781139015684.013,Learning judgment and decision making from feedback,2011,
self-report learning illusion fluency judgment of learning,crossref,ok,5712478,10.2307/jj.22730469.11,Fluency in Sign Language,2019,
self-report learning illusion fluency judgment of learning,crossref,ok,5712478,10.1016/j.learninstruc.2018.02.002,Teacher judgment accuracy regarding students' self-concepts: Affected by social and dimensional comparisons?,2018,
self-report learning illusion fluency judgment of learning,crossref,ok,5712478,10.33394/jollt.v14i2.18207,Task-Based Learning Reimagined: How Gemini AI Enhances EFL Students’ Speaking Fluency in Self-Directed Learning,2026,"In self-directed learning, EFL learners face persistent fluency challenges, particularly when access to native speakers or teachers is limited. Recent advancements in generative AI, such as Gemini AI, offer transformative potential by simulating human-like interactions and adapting to individual learner needs. This study investigates how Gemini AI uniquely facilitates speaking fluency through Task-Based Learning in self-directed learning and its impact on students’ speaking performance. This study involved 19 participants enrolled in an English Discussion class at the Universitas Teknologi Yogyakarta who engaged in a four-week intervention program. Utilizing a mixed-methods design, the study combined quantitative analysis of speaking fluency metrics with qualitative examination of student reflection reports. Participants completed weekly speaking tasks using Gemini AI as a conversational partner, documenting their experiences in a structured report. Quantitative results showed a 13% average improvement in speaking fluency, particularly in lexical diversity and reduced hesitation. Qualitative analysis revealed five key themes: increased confidence in spontaneous speech, appreciation for 24/7 accessible practice, effective feedback to improve students' speaking skills, enhancing vocabulary, and fostering a non-judgmental learning environment. The findings suggest that Gemini AI can effectively supplement classroom instruction for speaking skill development. However, the generalizability of findings is constrained by the small number of participants and the short intervention period. Future research should employ longitudinal designs with larger cohorts to substantiate the long-term efficacy of AI-assisted task-based language teaching. Subsequent studies should also systematically investigate strategies to mitigate Gemini shortcomings, including optimizing feedback relevance and turn-taking mechanics for educational dialogue."
self-report learning illusion fluency judgment of learning,crossref,ok,5712478,10.31219/osf.io/u8crd_v1,Scaffolding GenAI Literacy and Fluency at Scale: A Practical Self-Assessment Framework for Personalised Learning,2025,"As generative AI (genAI) tools become increasingly embedded in higher education and professional contexts, there is a growing need for scalable, theoretically grounded instruments that are also practical and easy to implement. This paper presents the development of a formative self-assessment instrument for genAI literacy and fluency, designed to facilitate personalised, self-determined learning. Grounded in Bloom’s revised taxonomy, and mapped to the UNESCO AI Competency Framework, the instrument comprises 28 behavioural indicators across cognitive and knowledge domains. The resulting two-dimensional matrix supports the identification of developmental learning objectives and learner needs, offering a clear and actionable alternative to existing abstract competency frameworks. The instrument underwent three rounds of expert review, which included targeted input from a legal and digital ethics expert. This work offers a timely and practice-oriented contribution to AI literacy efforts, enabling educators, designers, and learners to engage with genAI in informed, ethical, and learner-centred ways."
self-report learning illusion fluency judgment of learning,crossref,ok,5712478,10.31219/osf.io/u8crd_v3,Scaffolding GenAI Literacy and Fluency at Scale: A Practical Self-Assessment Framework for Personalised Learning,2025,"As generative AI (genAI) tools become increasingly embedded in higher education and professional contexts, there is a growing need for scalable, theoretically grounded instruments that are also practical and easy to implement. This paper presents the development of a formative self-assessment instrument for genAI literacy and fluency, designed to facilitate personalised, self-determined learning. Grounded in Bloom’s revised taxonomy, and mapped to the UNESCO AI Competency Framework, the instrument comprises 28 behavioural indicators across cognitive and knowledge domains. The resulting two-dimensional matrix supports the identification of developmental learning objectives and learner needs, offering a clear and actionable alternative to existing abstract competency frameworks. The instrument underwent three rounds of expert review, which included targeted input from a legal and digital ethics expert. This work offers a timely and practice-oriented contribution to AI literacy efforts, enabling educators, designers, and learners to engage with genAI in informed, ethical, and learner-centred ways."
self-report learning illusion fluency judgment of learning,crossref,ok,5712478,10.2307/jj.22730469.10,Fluency in English as a Lingua Franca Interaction,2019,
self-report learning illusion fluency judgment of learning,crossref,ok,5712478,10.1016/j.lindif.2016.10.017,"Interpersonal and intrapersonal skill assessment alternatives: Self-reports, situational-judgment tests, and discrete-choice experiments",2017,
self-report learning illusion fluency judgment of learning,crossref,ok,5712478,10.56916/jirpe.v1i2.179,Students' Mathematical Procedural Fluency Based on Self-regulated learning,2022,"Mathematical procedural fluency is an important aspect and must be mastered by students, whose mathematical skills are built on conceptual understanding, strategic competence, adaptive reasoning, and problem-solving. Procedural skills are also related to attitude aspects such as self-regulated learning. Therefore, this study aims to analyze mathematical procedural fluency based on students' self-regulated learning. The research method used is descriptive qualitative. The subjects in this study involved 10 6th grade students at SDN 075061 Balodano. The data analysis technique was carried out descriptively through analysis text. The description of students' self-regulated learning and its relation to mathematical procedural fluency was also analyzed descriptively through a graphical display of data. The results showed that the general description of students' mathematical procedural fluency was still relatively low. However, in general, students showed a positive attitude towards self-regulated learning. Overall, the results of this study indicate a relationship between mathematical procedural fluency and self-regulated learning."
self-report learning illusion fluency judgment of learning,crossref,ok,5712478,10.31219/osf.io/u8crd_v2,Scaffolding GenAI Literacy and Fluency at Scale: A Practical Self-Assessment Framework for Personalised Learning,2025,"As generative AI (genAI) tools become increasingly embedded in higher education and professionalcontexts, there is a growing need for scalable, theoretically grounded instruments that are also practicaland easy to implement. This paper presents the development of a formative self-assessmentinstrument for genAI literacy and fluency, designed to facilitate personalised, self-determined learning.Grounded in Bloom’s revised taxonomy, and mapped to the UNESCO AI Competency Framework, theinstrument comprises 28 behavioural indicators across cognitive and knowledge domains. Theresulting two-dimensional matrix supports the identification of developmental learning objectives andlearner needs, offering a clear and actionable alternative to existing abstract competency frameworks.The instrument underwent three rounds of expert review, which included targeted input from a legaland digital ethics expert. This work offers a timely and practice-oriented contribution to AI literacyefforts, enabling educators, designers, and learners to engage with genAI in informed, ethical, andlearner-centred ways."
self-report learning illusion fluency judgment of learning,crossref,ok,5712478,10.9708/jksci.2025.30.04.117,"The Influence of Metacognition, Illusion in Learning Judgment, and Degree of Usage in Learning Strategies on Academic Achievement among Nursing Students",2025,
metacognitive calibration accuracy predicting test performance,crossref,ok,3739699,10.3102/1438448,Metacognitive Judgments: Repeated Exercise and Feedback Improve Metacognitive Judgment Accuracy and Test Performance,2019,
metacognitive calibration accuracy predicting test performance,crossref,ok,3739699,10.5430/ijhe.v2n2p141,Student Metacognitive Monitoring: Predicting Test Achievement from Judgment Accuracy,2013,
metacognitive calibration accuracy predicting test performance,crossref,ok,3739699,10.7717/peerj-cs.2005/table-5,Table 5: Test accuracy and calibration performance of BertGCN with different loss functions.,,
metacognitive calibration accuracy predicting test performance,crossref,ok,3739699,10.1080/15434303.2016.1154555,"Test Takers’ Performance Appraisals, Appraisal Calibration, and Cognitive and Metacognitive Strategy Use",2016,
metacognitive calibration accuracy predicting test performance,crossref,ok,3739699,10.2139/ssrn.4832690,Metacognitive and Computation Skills: Predicting Students’ Performance in Mathematics,2024,"Computation and Metacognitive skills are essential sub-skills under the domain of Critical Thinking which is a 21st Century Skill. Having acquired these skills can greatly help students to have a better performance in the Mathematics course. The purpose of this study was to determine whether computation and metacognitive skills are significant predictors of students’ performance in Mathematics. Students from four sections of the course Mathematics in the Modern World which was offered during the first semester of the academic year 2018-2019 were selected as the participants of this study which was conducted at Gov. Alfonso D. Tan College, Tangub City, Misamis Occidental, Philippines. The results of this study showed that students’ scores in computation and metacognitive test of skills significantly correlate with the students’ performance in Mathematics in terms of Grade Point Average (GPA) and a positive direct relationship has been established. Using the Regression Analysis, the result revealed that both computation and metacognitive skills of the students were significant predictors of their performance in Mathematics. These research outcomes affirm that if students acquire these skills, they tend to perform better in Mathematics. This suggests that teachers are encouraged to be more strategic in training the students to acquire and develop computation and metacognitive skills by administering various mathematical problems that encourage students to think critically."
metacognitive calibration accuracy predicting test performance,crossref,ok,3739699,10.1037/0022-0663.86.2.290,Delaying students' metacognitive monitoring improves their accuracy in predicting their recognition performance.,1994,
metacognitive calibration accuracy predicting test performance,crossref,ok,3739699,10.1520/e2847-21,Test Method for Calibration and Accuracy Verification of Wideband Infrared Thermometers,,
metacognitive calibration accuracy predicting test performance,crossref,ok,3739699,10.1520/e2847-11,Test Method for Calibration and Accuracy Verification of Wideband Infrared Thermometers,,
metacognitive calibration accuracy predicting test performance,crossref,ok,3739699,10.1520/e2847-13e01,Test Method for Calibration and Accuracy Verification of Wideband Infrared Thermometers,,
metacognitive calibration accuracy predicting test performance,crossref,ok,3739699,10.1520/e2847,Test Method for Calibration and Accuracy Verification of Wideband Infrared Thermometers,,
metacognitive calibration accuracy predicting test performance,crossref,ok,3739699,10.1520/e2847-13,Test Method for Calibration and Accuracy Verification of Wideband Infrared Thermometers,,
metacognitive calibration accuracy predicting test performance,crossref,ok,3739699,10.1520/e2847-14,Test Method for Calibration and Accuracy Verification of Wideband Infrared Thermometers,,
metacognitive calibration accuracy predicting test performance,crossref,ok,3739699,10.1520/e2847-21r26,Test Method for Calibration and Accuracy Verification of Wideband Infrared Thermometers,,
metacognitive calibration accuracy predicting test performance,crossref,ok,3739699,10.1007/978-981-10-6325-1_5,Effects of Metacognitive and Cognitive Strategy Use on Reading Test Performance,2017,
metacognitive calibration accuracy predicting test performance,crossref,ok,3739699,10.31234/osf.io/jrkzm,Measuring metacognitive performance: type 1 performance dependence and test-retest reliability [now published in Neuroscience of Consciousness],2021,"Research on metacognition − thinking about thinking − has grown rapidly and fostered our understanding of human cognition in healthy individuals and clinical populations. Of central importance is the concept of metacognitive performance, which characterizes the capacity of an individual to estimate and report the accuracy of primary (type 1) cognitive processes or actions ensuing from these processes. Arguably one of the biggest challenges for measures of metacognitive performance is their dependency on objective type 1 performance, although more recent methods aim to address this issue. In the present work we scrutinize the most popular metacognitive performance measures in terms of their validity (independence of type 1 performance) and test-retest reliability. Based on data of the Confidence Database we find that no current metacognitive performance measure is independent of type 1 performance. The shape of this dependency is reproduced by a simple computational model which considers metacognitive noise in addition to sensory noise. Moreover, we show that the reliability of metacognitive performance measures is highly sensitive to the combination of type 1 performance and trial number. Critically, trial numbers frequently employed in metacognition research are too low to achieve an acceptable level of test-retest reliability. Finally, we investigate design choices and analytical remedies to improve both validity and reliability and provide general recommendations for studies investigating metacognitive performance."
metacognitive calibration accuracy predicting test performance,crossref,ok,3739699,10.1007/978-981-10-6325-1_6,Gender Differences in Metacognitive and Cognitive Strategy Use and Reading Test Performance,2017,
metacognitive calibration accuracy predicting test performance,crossref,ok,3739699,10.31234/osf.io/t8kjh,Math anxiety relates positively to metacognitive insight into mathematical test performance,2019,"The current study reports a pre-registered investigation into the interrelations between mathematics anxiety, metacognition and mathematical performance. Although this question has already received some attention in previous work, reliance on self-report measures of metacognition has hindered its interpretation. Here, a novel experimental mathematical task was used in which participants solved mathematical assignments of varying difficulty, and expressed their level of confidence in the accuracy of their decision both prospectively and retrospectively. Mathematics anxiety was measured using a standardized questionnaire. Both prospective and retrospective confidence judgments predicted unique variation in accuracy, however, the explanatory effect of prospective confidence disappeared after taking task difficulty into account. This suggests that prospective, but not retrospective, confidence is largely based on superficial cues indicative of performance. Results of a multiple regression analysis indicated that individual differences in mathematics anxiety were negatively related to the overall level of confidence (both prospectively and retrospectively), and positively related to metacognitive efficiency (only prospectively). Having insight in these interrelationships is important in the context of remediating mathematics anxiety, which might in turn be useful with regard to the worldwide need for more workers with degrees in science, technology, engineering, or mathematics (STEM)."
metacognitive calibration accuracy predicting test performance,crossref,ok,3739699,10.1037/edu0000674.supp,Supplemental Material for Calibrating Calibration: A Meta-Analysis of Learning Strategy Instruction Interventions to Improve Metacognitive Monitoring Accuracy,2021,
metacognitive calibration accuracy predicting test performance,crossref,ok,3739699,10.1109/test.2004.1386994,Timing accuracy enhancement by a new calibration scheme for multi-Gbps ATE,,
metacognitive calibration accuracy predicting test performance,crossref,ok,3739699,10.3102/2105609,Achievement Goal Orientation and Self-Efficacy Matter in Predicting Metacognitive Judgments and Performance (Poster 39),2024,
metacognitive calibration accuracy predicting test performance,crossref,ok,3739699,10.1093/nc/niab040,Measuring metacognitive performance: type 1 performance dependence and test-retest reliability,2021,"Abstract
                  Research on metacognition—thinking about thinking—has grown rapidly and fostered our understanding of human cognition in healthy individuals and clinical populations. Of central importance is the concept of metacognitive performance, which characterizes the capacity of an individual to estimate and report the accuracy of primary (type 1) cognitive processes or actions ensuing from these processes. Arguably one of the biggest challenges for measures of metacognitive performance is their dependency on objective type 1 performance, although more recent methods aim to address this issue. The present work scrutinizes the most popular metacognitive performance measures in terms of two critical characteristics: independence of type 1 performance and test-retest reliability. Analyses of data from the Confidence Database (total N = 6912) indicate that no current metacognitive performance measure is independent of type 1 performance. The shape of this dependency is largely reproduced by extending current models of metacognition with a source of metacognitive noise. Moreover, the reliability of metacognitive performance measures is highly sensitive to the combination of type 1 performance and trial number. Importantly, trial numbers frequently employed in metacognition research are too low to achieve an acceptable level of test-retest reliability. Among common task characteristics, simultaneous choice and confidence reports most strongly improved reliability. Finally, general recommendations about design choices and analytical remedies for studies investigating metacognitive performance are provided."
metacognitive calibration accuracy predicting test performance,crossref,ok,3739699,10.7717/peerj.20625/table-1,Table 1: Diagnostic accuracy of serum allergen-specific IgE and IgG antibody levels for predicting skin prick test (SPT) results.,,
metacognitive calibration accuracy predicting test performance,crossref,ok,3739699,10.64387/tjs.2026.278152,Performance of APCS Risk Score and Fecal Immunochemical Test in Predicting Colorectal Cancer: A Retrospective Diagnostic Accuracy Study.,2026,"Objective: To evaluate the diagnostic performance of APCS and FIT for predicting colorectal cancer (CRC), and to develop an enhanced predictive model incorporating clinical and laboratory parameters.
Methods: A retrospective study of 662 patients undergoing colonoscopy at Rattanaburi Hospital, Thailand (January 2022–April 2025). Clinical data, quantitative FIT, APCS scores, and histopathology were analyzed
Results: Mean age was 61.3 years; 42.45% were male. Adenomas comprised 93.96% of lesions, and adenocarcinomas (CA) 2.87%. The subgroup with APCS ≥4 and positive FIT had the highest CA detection rate (6.29%). For predicting CA, FIT alone had an AUROC of 0.56 (sensitivity 68.4%, specificity 45.3%), while APCS ≥4 alone had an AUROC of 0.59 (sensitivity 68.4%, specificity 50.7%). Combining FIT and APCS ≥4 increased specificity to 79.0% (sensitivity 47.4%, AUROC 0.64). Multivariable regression identified FIT positivity (OR=7.66), APCS ≥4 (OR=4.54), diabetes mellitus (OR=8.84), and hematocrit (OR=0.70) as independent CA predictors (p&lt;0.01 for all except APCS p=0.01). An enhanced model combining these variables significantly improved performance (AUROC 0.86).
Conclusion: Standalone APCS or FIT scores offer limited predictive accuracy (AUROC &lt;0.65). However, incorporating diabetes and hematocrit into an enhanced model significantly improves diagnostic performance (AUROC 0.86), showing high potential for risk-based screening."
metacognitive calibration accuracy predicting test performance,crossref,ok,3739699,10.2139/ssrn.5208650,Building Energy Simulation Calibration Accuracy and Modelling Complexity: Implications for Energy Performance Improvement,2025,
metacognitive calibration accuracy predicting test performance,crossref,ok,3739699,10.1037/edu0000674,Calibrating calibration: A meta-analysis of learning strategy instruction interventions to improve metacognitive monitoring accuracy.,2022,
metacognitive calibration accuracy predicting test performance,crossref,ok,3739699,10.3102/2190148,Metacognitive Monitoring and Calibration During Fraction Arithmetic: Effects of Visual Signaling Cues and Metacognitive Prompts,2025,
metacognitive calibration accuracy predicting test performance,crossref,ok,3739699,10.7717/peerjcs.2459/table-7,"Table 7: Performance of FL, SL and SFL with GAN images indicates the individual train accuracy, train loss, test accuracy, test loss, precision and recall for both the clients.",,
metacognitive calibration accuracy predicting test performance,crossref,ok,3739699,10.5270/esa-16d42oh,_14019,,
metacognitive calibration accuracy predicting test performance,crossref,ok,3739699,10.5270/esa-ukpe55q,_14383,,
metacognitive calibration accuracy predicting test performance,crossref,ok,3739699,10.5270/esa-g94y4b1,_11427,,
metacognitive calibration accuracy predicting test performance,crossref,ok,3739699,10.1093/arclin/acu051,"The Efficiency and Accuracy of The Test of Memory Malingering Trial 1, Errors on the First 10 Items of The Test of Memory Malingering, and Five Embedded Measures in Predicting Invalid Test Performance",2014,
metacognitive calibration accuracy predicting test performance,crossref,ok,3739699,10.1093/arclin/acs044,"The Efficiency and Accuracy of The Test of Memory Malingering Trial 1, Errors on the First 10 Items of The Test of Memory Malingering, and Five Embedded Measures in Predicting Invalid Test Performance",2012,
metacognitive calibration accuracy predicting test performance,crossref,ok,3739699,10.3390/educsci14040370,"The Interplay between Metacognitive Knowledge, L2 Language Proficiency, and Question Formats in Predicting L2 Reading Test Scores",2024,"In the context of L2 academic reading, teachers tend to use a variety of question formats to assess students’ reading comprehension. Studies have revealed that not only question formats but also L2 language proficiency might affect how students use metacognitive strategies. Moreover, studies have determined that students’ L2 reading comprehension is positively influenced by their metacognitive knowledge, though whether this positive influence is reflected in students’ test scores is still under debate. This study therefore adopted path analyses to investigate the relationship between metacognitive knowledge, L2 reading proficiency, L2 reading test scores, and question formats. A total of 108 ESL students took English reading tests in multiple-choice and short-answer question formats and completed a reading strategy survey to measure their metacognitive knowledge of three types of strategies: global, problem-solving, and supporting. In both question formats, path analyses indicated that (1) metacognitive knowledge contributed to L2 reading test scores and (2) students’ L2 reading proficiency mediated the impact of metacognitive knowledge on their test performance. Moreover, path analyses revealed that question formats might play an important role in altering the impact of metacognitive knowledge on L2 reading test scores. Implications for instruction and L2 reading assessment are discussed."
metacognitive calibration accuracy predicting test performance,crossref,ok,3739699,10.1201/9781420071863-13,Calibration and Alignment of Test Facilities,2009,
metacognitive calibration accuracy predicting test performance,crossref,ok,3739699,10.1016/j.learninstruc.2007.10.002,Do Chinese students' perceptions of test value affect test performance? Mediating role of motivational and metacognitive regulation in test preparation,2008,
metacognitive calibration accuracy predicting test performance,crossref,ok,3739699,10.3320/1.2758859,"148. Professional Practice in Maintaining the Accuracy, Performance and Calibration of Air Quality Instruments",2006,
metacognitive calibration accuracy predicting test performance,crossref,ok,3739699,10.7717/peerj.20865/fig-4,"Figure 4: Calibration curves assessing the nomogram’s performance in predicting 1-year, 2-year and 3-year event-free status.",,
metacognitive calibration accuracy predicting test performance,crossref,ok,3739699,10.31577/sp.2022.03.852,Predicting the Most Common Incorrect Response: Metacognitive Advantage of Deliberative over Intuitive Responders on Cognitive Reflection Test,2022,
metacognitive calibration accuracy predicting test performance,crossref,ok,3739699,10.32469/10355/44715,Predicting predictive accuracy :||performance of fixed-weight decision models compared to ordinary least squares regression,,
metacognitive calibration accuracy predicting test performance,crossref,ok,3739699,10.1007/s11409-013-9098-3,Metacognitive monitoring in university classes: anticipating a graded vs. a pass-fail test affects monitoring accuracy,2013,
metacognitive calibration accuracy predicting test performance,crossref,ok,3739699,10.1167/jov.20.11.949,Stimulus generalizability of performance feedback training on metacognitive accuracy of visual working memory,2020,
metacognitive calibration accuracy predicting test performance,crossref,ok,3739699,10.5964/ejop.2397,Anchoring effect of performance feedback on accuracy of metacognitive monitoring in preschool children,2021,"Preschool children are generally inaccurate at evaluating past and predicting future performance. The present study examines the effect of performance feedback on the accuracy of preschoolers’ predictive judgments and tests whether performance feedback acts as an anchor for postdictive judgments. In Experiment 1, preschool children (n = 40) solved number patterns, and in Experiment 2 they solved object patterns (n = 59). The results in both experiments revealed, firstly, that children receiving performance feedback made more accurate predictive judgments and lowered their certainty after their incorrect answer. Secondly, the children relied on performance feedback more than on actual task experience when making postdictive judgments, indicating that performance feedback was used as an anchor for subsequent postdictive judgments."
metacognitive calibration accuracy predicting test performance,crossref,ok,3739699,10.1080/01443410.2011.570250,The effect of test expectations on study strategies and test performance: a metacognitive perspective,2011,
metacognitive calibration accuracy predicting test performance,crossref,ok,3739699,10.61686/niyvn39533,,,
metacognitive calibration accuracy predicting test performance,crossref,ok,3739699,10.7763/ijtef.2011.v2.77,"Comparing Accuracy Performance of ANN, MLR, and GARCH Model in Predicting Time Deposit Return of Islamic Bank",2011,
metacognitive calibration accuracy predicting test performance,crossref,ok,3739699,10.33915/etd.3345,Mothers' Accuracy and Bias in Predicting their Toddlers Performance on the Bayley Scales of Infant Development,,
metacognitive calibration accuracy predicting test performance,crossref,ok,3739699,10.31390/gradschool_dissertations.2067,Predicting performance on high stakes testing:  validity and accuracy of curriculum-based measurement of reading and writing,,
metacognitive calibration accuracy predicting test performance,crossref,ok,3739699,10.17770/sie2021vol4.6294,PREDICTING PERFORMANCE IN SPEED CLIMBING: ACCURACY OF THE FORCE-VELOCITY TEST ON A CYCLE ERGOMETER,2021,"The present study examined the validity of the force-velocity (F-V) mechanical parameters of the lower limbs as a predictors of the competitive performance in junior male speed climbing. The second aim was to evaluate F-V characteristics in competitive speed climbers in the junior male category. Ten junior male speed climbers (age: 18±0.5 years; BH: 174.7±4.5 cm; BW: 66.4±6.6 kg; with mean best climbing time from the competition BCT: 7.29±0.66 s) were participants in the research. All they were participants in the Youth European Cup in speed climbing. F-V characteristics were measured using a cycle ergometer test according to the Vandewalle’s protocol. To evaluate of the validity between BCT (criterion) and mechanical parameters (practical measures) from F-V test a standard error of the estimate (expressed as a raw and standardized typical error, TE) and correlation coefficients (rx,y) were used. Moreover, the validity of BCT as a potentially predictor of final competition rank (as a criterion for BCT) was evaluated. Additionally the mean value and standard deviation were calculated for all measured variables. Validity of the BCT as a competition place predictor was largely overestimated (TE=0.73 and rx,y=0.81, p p≤0.05). Accuracy of the BCT prediction for somatic and mechanical variables were very largely error biased. The standardized values of TE for these variables were: 1.93÷7.25. The rx,y were in the range of -0.18 to -0.46. The level of the mechanical variables from the F-V cycle ergometer as a predictors of the BCT in speed climbing may be largely error biased. Application of the cycle ergometer F-V test of prediction BCT values in speed climbing may have low practical value. Moreover, BCT variable may be a poor predictor of the final competition result. Coaches should take these suggestions into account during preparations to speed climbing competitions."
metacognitive calibration accuracy predicting test performance,crossref,ok,3739699,10.7717/peerj.7191/table-4,Table 4: Statistics obtained when adding in participant aptitude (as measured by performance on the Pitch Contour Perception Test task at pre-test) into the models predicting performance on the test and training tasks.,,
metacognitive calibration accuracy predicting test performance,crossref,ok,3739699,10.3390/bs15030307,Monitoring-Based Rewards Enhance Both Learning Performance and Metacognitive Monitoring Accuracy,2025,"Utilization of monetary rewards in educational settings remains contentious due to its potential adverse effects such as performance-related anxiety, metacognitive inaccuracy, and diminished intrinsic motivation. The current study developed a novel reward-based learning paradigm wherein rewards are granted based on monitoring accuracy rather than learning performance. Specifically, learners receive rewards for items that they predict they will remember and subsequently successfully remember them during the final test. Two experiments were conducted to assess the efficacy of this paradigm: Experiment 1 focused on learning Chinese medicine images, while Experiment 2 examined the transfer of math knowledge in classroom settings. The results indicated that rewarding the alignment between performance and metacognitive accuracy improved learning performance compared to both a baseline group and a group receiving performance-based rewards. Furthermore, this paradigm effectively mitigated performance-related anxiety and preserved intrinsic motivation. Overall, our findings highlight the critical role of reward-based learning design and emphasize the importance of addressing metacognitive accuracy alongside performance in educational practice."
durable learning measure long-term retention interval,crossref,ok,4758011,10.33423/jhetp.v18i6.146,Assurance of Learning and Knowledge Retention: Do AOL Practices Measure Long-Term Knowledge Retention or Short-term Memory Recall?,2018,"In response to greater emphasis on quantitative measures of assurance of learning the authors propose that while useful, the assessment tools currently being utilized, and the desired outcomes that they measure, may not be well aligned with how the brain acquires and stores knowledge over the long-term. The following paper considers current approaches to teaching, assessment and long-term knowledge retention and makes a call for additional assessment measures that can assist in establishing teaching strategies that support the neurological functions that occur in the brain to allow short-term memory to become long-term knowledge retention."
durable learning measure long-term retention interval,crossref,ok,4758011,10.4324/9781315782911-15,Long-term retention,2013,
durable learning measure long-term retention interval,crossref,ok,4758011,10.5220/0006705001240133,Who Learns Better - Achieving Long-term Knowledge Retention by Programming-based Learning,2018,
durable learning measure long-term retention interval,crossref,ok,4758011,10.1006/nlme.1997.3801,Temporal Determinants of Olfactory Long-Term Retention in Honeybee Classical Conditioning: Nonmonotonous Effects of the Training Trial Interval,1998,
durable learning measure long-term retention interval,crossref,ok,4758011,10.32478/al-mudarris.v4i2.682,Learning Strategy Based on Long Term Retention in Islamic elementary school / Strategi Pembelajaran Berbasis Long Term Retention di Madrasah Ibtidaiyah,2021,"This study aims to describe a learning model based on long term memory retention using the SMART learning model for students at the basic education level that is applied by teachers in the Natural Science (IPA) learning process. The method used is descriptive qualitative with case studies. The data source is high grade teachers in elementary schools. The results showed that the SMART learning model is a model with a STEM (Science, Technology, Engineering, Mathematics) approach that integrates religious and artistic values in learning. This model can be used as a reference for a learning model that has a role to strengthen the retention rate of elementary school science material."
durable learning measure long-term retention interval,crossref,ok,4758011,10.1093/geronj/30.3.312,"Age, Word Imagery, and Delay Interval: Effects on Short-Term and Long-Term Retention",1975,
durable learning measure long-term retention interval,crossref,ok,4758011,10.1016/s0022-5371(68)80024-6,Short-term retention of paired associates as a function of instructions and retention measure,1968,
durable learning measure long-term retention interval,crossref,ok,4758011,10.1093/geronj/36.3.338,Effects of Age on Long-term Memory: Retention of Fixed Interval Responding,1981,
durable learning measure long-term retention interval,crossref,ok,4758011,10.32890/mjli.10.2013.7655,Inductive Learning: Does Interleaving Exemplars Affect Long-Term Retention?,2013,"Purpose – The present study investigated whether or not the benefits of interleaving of exemplars from several categories vary with retention interval in inductive learning.   Methodology – Two experiments were conducted using paintings (Experiment 1) and textual materials (Experiment 2), and the experiments used a mixed factorial design. Forty students participated in each experiment for course credit. In each experiment, participants studied a series of exemplars from several categories which were presented massed and interleaved, and later their induction was tested either shortly after the study phase (short-term retention) or after a week’s delay (long- term retention).   Findings – Consistent with findings from previous studies, the interleaving effect was found in the short-term retention condition, and crucially, the present study provided the initial evidence that interleaving of exemplars also affected long-term retention. Interestingly, massing was judged to be more effective than spacing (interleaving) in most groups, even when actual performance showed the opposite.   Significance – The present study shows that interleaved exemplars have considerable potential in improving inductive learning in the long term. For example, induction is used in case-based reasoning which requires one to start with learning from specifi c cases, and then form generalizations of these cases by identifying the commonalities between them. In order to enhance long-term retention, educators may want to consider using interleaved presentation rather than massed presentation in teaching examples or cases from a particular category or concept."
durable learning measure long-term retention interval,crossref,ok,4758011,10.5353/th_b4517659,Short-term and long-term retention of new words : investigating the role of L1 glossing in vocabulary learning among Hong Kong ESL learners,,
durable learning measure long-term retention interval,crossref,ok,4758011,10.1037/e469432008-043,Short-Term Memory and Retention-Interval Activity,1965,
durable learning measure long-term retention interval,crossref,ok,4758011,10.4314/marang.v20i1.56821,Memory Vocabulary Learning Strategies and Long-Term Retention,2010,
durable learning measure long-term retention interval,crossref,ok,4758011,10.1016/j.lmot.2009.03.001,Super-latent inhibition of conditioned taste preference with a long retention interval,2009,
durable learning measure long-term retention interval,crossref,ok,4758011,10.1007/978-1-4612-2868-4_1,A Functional and Cognitive Analysis of Infant Long-Term Retention,1992,
durable learning measure long-term retention interval,crossref,ok,4758011,10.1016/0001-6918(75)90008-6,Cumulative learning and long-term retention of sentences,1975,
durable learning measure long-term retention interval,crossref,ok,4758011,10.1007/978-1-4612-1062-7_7,Major Variables Affecting Long-Term Retention,1987,
durable learning measure long-term retention interval,crossref,ok,4758011,10.1007/978-1-4684-3974-8_15,The Interactive Effects of Imagery Learning Strategy and Originality on Learning and Long-Term Retention,1981,
durable learning measure long-term retention interval,crossref,ok,4758011,10.1007/978-1-4419-1428-6_2378,Retention Interval,2012,
durable learning measure long-term retention interval,crossref,ok,4758011,10.1007/978-1-4612-2868-4_8,Toward a Theory of the Development of Long-Term Retention,1992,
durable learning measure long-term retention interval,crossref,ok,4758011,10.2307/j.ctvddzm4h.9,Mnemonics and Creativity as Tools for Enhancing Long-term Knowledge Retention,2013,
durable learning measure long-term retention interval,crossref,ok,4758011,10.32890/mjli2013.10.7,Inductive Learning: Does Interleaving Exemplars Affect Long-Term Retention?,2013,"Purpose â€“ The present study investigated whether or not the benefits of interleaving of exemplars from several categories vary with retention interval in inductive learning.
 
Methodology â€“ Two experiments were conducted using paintings (Experiment 1) and textual materials (Experiment 2), and the experiments used a mixed factorial design. Forty students participated in each experiment for course credit. In each experiment, participants studied a series of exemplars from several categories which were presented massed and interleaved, and later their induction was tested either shortly after the study phase (short-term retention) or after a weekâ€™s delay (long- term retention).
 
Findings â€“ Consistent with findings from previous studies, the interleaving effect was found in the short-term retention condition, and crucially, the present study provided the initial evidence that interleaving of exemplars also affected long-term retention. Interestingly, massing was judged to be more effective than spacing (interleaving) in most groups, even when actual performance showed
the opposite.
 
Significance â€“ The present study shows that interleaved exemplars have considerable potential in improving inductive learning in the long term. For example, induction is used in case-based reasoning which requires one to start with learning from specifi c cases, and then form generalizations of these cases by identifying the commonalities between them. In order to enhance long-term retention, educators may want to consider using interleaved presentation rather than massed presentation in teaching examples or cases from a particular category or concept."
durable learning measure long-term retention interval,crossref,ok,4758011,10.14336/ad.2024.0642,"Long-Term Improvement in Hippocampal-Dependent Learning Ability in Healthy, Aged Individuals Following High Intensity Interval Training",2024,
durable learning measure long-term retention interval,crossref,ok,4758011,10.18608/jla.2018.53.3,Scaling Effective Learning Strategies: Retrieval Practice and Long-Term Knowledge Retention in MOOCs,2018,"Scientific evidence for effective learning strategies is primarily derived from studies conducted in controlled laboratory or classroom settings with homogeneous populations. Large-scale online learning environments such as MOOCs provide an opportunity to evaluate the efficacy of these learning strategies in an informal learning context with a diverse student population. Retrieval practice, a learning strategy focused on actively recalling information, is recognized as one of the most effective learning strategies in the literature. In this study, we evaluate the extent to which retrieval practice facilitates long-term knowledge retention among MOOC learners using an instructional intervention. We conducted a pre-registered randomized encouragement experiment to test how retrieval practice affects learning outcomes in a MOOC. We observed no effect on learning outcomes and high levels of treatment non-compliance. This suggests that even evidence-based strategies may not work ""out of the box"" in new learning contexts and require context-aware research on effective implementation approaches. We conducted a series of exploratory studies on the extent to which learners recall knowledge gained in MOOCs over the long term. To our surprise, passing and non-passing learners scored similarly on a knowledge post-test, and both retained approximately two-thirds of what they learned over the long term."
durable learning measure long-term retention interval,crossref,ok,4758011,10.1037/e527352012-265,Repeated retrieval during learning is the key to enhancing long-term retention,2006,
durable learning measure long-term retention interval,crossref,ok,4758011,10.1037/0278-7393.1.3.229,Control processes in short-term memory: Use of retention interval information.,1975,
durable learning measure long-term retention interval,crossref,ok,4758011,10.1037/0278-7393.3.3.264,Effects of length of retention interval on proactive interference in short-term visual memory.,1977,
durable learning measure long-term retention interval,crossref,ok,4758011,10.1111/j.2042-7158.1966.tb07942.x,Programmed learning and long-term retention,1966,
durable learning measure long-term retention interval,crossref,ok,4758011,10.4324/9780203787410-41,Long Term Retention of Instrumentally Learned Heart-Rate Changes in the Curarized Rat,2017,
durable learning measure long-term retention interval,crossref,ok,4758011,10.1242/jeb.201.4.515,Sensorimotor Learning in Bumblebees: Long-Term Retention and Reversal Training,1998,"ABSTRACT
               Bumblebees were trained in biologically realistic sensorimotor tasks to test how learnt information from more than a single task is organised in memory. Bees (Bombus impatiens and Bombus occidentalis) learned to collect sucrose solution from the arms of small T-mazes. The reward was offered in the right arm of a maze when the entrance was marked blue, and in the left arm when the entrance was yellow. Bees were trained on either one or both of these tasks until after they had reached saturation in terms of speed and accuracy. One group of bees (Bombus impatiens) was evaluated for long-term retention by retesting (a) on the day after training and (b) between 3 and 4 weeks after training. Performance did not decline overnight but, when bees were tested after a delay of several weeks, an increase in error scores and times taken to negotiate mazes occurred. However, bees started out at a better level than during the initial training, indicating that information acquired during initial training had not been entirely erased from memory. A second group of bees (Bombus occidentalis) was tested to see whether it was possible to reverse the association between colour and direction, so that blue entrances now meant that the reward was on the left side, and yellow entrances meant that it was on the right. Bees reached saturation on both tasks as rapidly as they had during the initial training.
               However, after a second reversal, bees chose directions randomly for several hundred trials, indicating that the first-learnt colour–direction associations had not been forgotten as a consequence of the first reversal: instead, information from the initial training must have been retained, but actively suppressed, causing difficulties in re-establishing the appropriate sensorimotor associations during the second reversal. Finally, a single Bombus impatiens worker was trained on only a single task, but with multiple reversals. The bee went through an intermediate phase when performance was poor until, after more than seven reversals, it required only three trials to assess that a reversal had taken place. This indicates that bees can learn actively to suppress irrelevant information, but only with an extended training schedule. Taken together, these results suggest that sensorimotor information is rarely lost from long-term memory, either during extended lay-offs or during interfering reversal training sessions. Organizing, correctly retrieving and suppressing information accumulated in memory seems to be more of a challenge than storing new information."
durable learning measure long-term retention interval,crossref,ok,4758011,10.1016/0022-2496(66)90022-8,Recognition learning as a function of the length of the retention interval and changes in the retention interval,1966,
durable learning measure long-term retention interval,crossref,ok,4758011,10.2139/ssrn.4329471,Long-Term Effects of Grade Retention,2023,"Grade retention offers students a chance to catch up with unmastered material but also leads to less labor-market experience by delaying graduation and labor-market entry. This is the first paper to quantify this trade-off, using an exit exam cutoff of Dutch academic secondary schools, where failing implies grade retention. I find no impact of retaining on final educational attainment, although retained students are later to graduate. Grade retention does lead to annual earnings loss at age 28 of 3000 euro (8.5%) due to reduced labor-market experience. Overall, grade retention is of no benefit for students around the cutoff."
durable learning measure long-term retention interval,crossref,ok,4758011,10.1016/s0022-5371(73)80049-0,Imagery and long-term retention,1973,
durable learning measure long-term retention interval,crossref,ok,4758011,10.3410/f.1159115.619411,Faculty Opinions recommendation of Long-term retention explained by a model of short-term learning in the adaptive control of reaching.,2009,
durable learning measure long-term retention interval,crossref,ok,4758011,10.31234/osf.io/c73ws_v1,Modality-Specific Consolidation Shapes Long-Term Retention in Statistical Learning,2025,"Everyday learning unfolds across multiple senses, yet the long-term retention of multisensory statistical learning (SL) remains poorly understood. SL—the implicit detection and extraction of regularities from continuous input—has been documented across sensory modalities, but most work has focused on immediate learning in unisensory contexts. This study, using a within-subject design, directly compared 24-hour consolidation trajectories of auditory, visual, and audiovisual SL in young adults. Twenty-six participants completed familiarization and an immediate test phase in all three modalities, followed by delayed testing after 24 hours. Multisensory input yielded higher recognition accuracy than unisensory input at both immediate and delayed tests, demonstrating a robust performance advantage. However, only auditory SL showed overnight gains, while visual and multisensory SL remained stable across the retention interval. Cross-task correlations—both within each testing timepoint and for consolidation magnitudes—were weak, suggesting that modality-specific processes make a substantial contribution to SL. These findings provide the first direct evidence on the long-term retention of multisensory SL. While multisensory input boosts overall performance, consolidation trajectories remain constrained by modality-specific mechanisms."
durable learning measure long-term retention interval,crossref,ok,4758011,10.31234/osf.io/c73ws_v3,Modality-Specific Consolidation Shapes Long-Term Retention in Statistical Learning,2026,"Individuals routinely learn patterns from sights and sounds, yet it remains unclear how memories of those patterns compare across senses over time. Statistical learning, the implicit detection and extraction of patterns from continuous input, has been documented across sensory modalities, but most work has focused on immediate learning in unisensory contexts. This study, using a within-subject design, directly compared 24-hour consolidation trajectories of auditory, visual, and audiovisual statistical learning. Twenty-six young adults completed three statistical learning tasks across auditory, visual, and audiovisual modalities. In each task, participants were exposed to a continuous stream of stimuli with embedded triplet patterns. Learning of these patterns was tested immediately after exposure and again 24 hours later. Across immediate and delayed tests, multisensory exposure yielded higher accuracy than unisensory exposure, demonstrating a robust multisensory-over-unisensory advantage. In contrast, only auditory statistical learning showed overnight gains, whereas visual and multisensory learning remained stable, suggesting a consolidation advantage for auditory input. Cross-task correlations, both at immediate test and for consolidation magnitudes, were weak, suggesting substantial modality-specific contributions to statistical learning. These findings provide the first evidence that multisensory input boosts long-term retention of learned patterns, and the consolidation of these patterns operates in a modality-specific manner."
durable learning measure long-term retention interval,crossref,ok,4758011,10.1016/j.isci.2026.116489,Learning pathway determines motor organization and long-term retention of tool use in hornbills,2026,
durable learning measure long-term retention interval,crossref,ok,4758011,10.1109/fie.2018.8659156,Special Session: Learning and Practice of Engineering Fundamental Principles for Long-Term Retention,2018,
durable learning measure long-term retention interval,crossref,ok,4758011,10.1016/j.nlm.2007.03.005,Positive and negative sources of emotional arousal enhance long-term word-list retention when induced as long as 30min after learning,2007,
durable learning measure long-term retention interval,crossref,ok,4758011,10.52041/serj.v19i1.116,STATISTICS EDUCATION THAT INSPIRES LONG-TERM RETENTION OF LEARNING – A QUALITATIVE MODEL,2020,"Statistical methods are an indispensable partner in all scientific work and in many other professional and commercial fields. So it is not surprising that statistics is widely studied at university. Yet most students never complete more than a single course in the discipline – and that is usually early in their studies. In this situation especially, it makes sense that teaching should aim at inspiring students to retain their learning for the long term. Here the author presents a comprehensive qualitative model of education designed for this goal. The model translates readily into practice and this is demonstrated by bridging it to a rich set of workable tools that are drawn from related papers by the author.
First published February 2020 at Statistics Education Research Journal Archives"
durable learning measure long-term retention interval,crossref,ok,4758011,10.31234/osf.io/c73ws_v2,Modality-Specific Consolidation Shapes Long-Term Retention in Statistical Learning,2025,"Individuals routinely learn patterns from sights and sounds, yet it remains unclear how memories of those patterns compare across senses over time. Statistical learning, the implicit detection and extraction of patterns from continuous input, has been documented across sensory modalities, but most work has focused on immediate learning in unisensory contexts. This study, using a within-subject design, directly compared 24-hour consolidation trajectories of auditory, visual, and audiovisual statistical learning. Twenty-six young adults completed three statistical learning tasks across auditory, visual, and audiovisual modalities. In each task, participants were exposed to a continuous stream of stimuli with embedded triplet patterns. Learning of these patterns was tested immediately after exposure and again 24 hours later. Across immediate and delayed tests, multisensory exposure yielded higher accuracy than unisensory exposure, demonstrating a robust multisensory-over-unisensory advantage. In contrast, only auditory statistical learning showed overnight gains, whereas visual and multisensory learning remained stable, suggesting a consolidation advantage for auditory input. Cross-task correlations, both at immediate test and for consolidation magnitudes, were weak, suggesting substantial modality-specific contributions to statistical learning. These findings provide the first evidence that multisensory input boosts long-term retention of learned patterns, and the consolidation of these patterns operates in a modality-specific manner."
durable learning measure long-term retention interval,crossref,ok,4758011,10.1037/0278-7393.33.4.704,"Expanding retrieval practice promotes short-term retention, but equally spaced retrieval enhances long-term retention.",2007,
durable learning measure long-term retention interval,crossref,ok,4758011,10.1037//0278-7393.3.3.264,Effects of length of retention interval on proactive interference in short-term visual memory.,1977,
durable learning measure long-term retention interval,crossref,ok,4758011,10.1520/d4436-04,Test Method for Rock Bolt Long-Term Load Retention Test,,
durable learning measure long-term retention interval,crossref,ok,4758011,10.1520/d4436-84r98,Test Method for Rock Bolt Long-Term Load Retention Test,,
durable learning measure long-term retention interval,crossref,ok,4758011,10.1520/d4436,Test Method for Rock Bolt Long-Term Load Retention Test,,
durable learning measure long-term retention interval,crossref,ok,4758011,10.1520/d4436-13,Test Method for Rock Bolt Long-Term Load Retention Test,,
durable learning measure long-term retention interval,crossref,ok,4758011,10.1520/d4436-08,Test Method for Rock Bolt Long-Term Load Retention Test,,
durable learning measure long-term retention interval,crossref,ok,4758011,10.1017/9781316822548.018,Test-Enhanced Learning: Using Retrieval Practice via Testing to Enhance Long-Term Retention of Knowledge,,
durable learning measure long-term retention interval,crossref,ok,4758011,10.1520/d4436-13e01,Test Method for Rock Bolt Long-Term Load Retention Test,,
durable learning measure long-term retention interval,crossref,ok,4758011,10.31219/osf.io/3vfkz,Acquisition of predator knowledge from alarm calls via one-trial social learning in monkeys (before: Long-term retention of meaning from one-trial social learning in monkeys),2022,"How do animals learn the meaning of signals? In humans, links between linguistic utterances and underlying concepts are gradually acquired in infancy through iterated social learning processes, learning through observation or interaction with others, but it remains unclear whether this process is shared with other species. Here, we show that young sooty mangabeys, Cercocebus atys, learn to classify an unfamiliar predator by attending to others’ alarm calls and that associations are retained over long periods. In field experiments, we exposed subjects to a chimeric predator model with both snake- and leopard-like features, combined with playbacks of either conspecific snake or leopard alarms. We found that adults classified the novel predator as non-threatening but one single exposure was sufficient for juveniles to form a stable association, suggesting a sensitive phase in young monkeys and plausibility judgments in experienced adults. We then retested juveniles more than a year after this single experience and found that they continued to show their original response, demonstrating long-term retention of call-referent relationships."
desirable difficulties measuring learning versus performance,crossref,ok,5904687,10.4135/9781452257044.n88,Desirable Difficulties Perspective on Learning,2013,
desirable difficulties measuring learning versus performance,crossref,ok,5904687,10.1111/lang.12464,Desirable Difficulties in Language Learning? How Talker Variability Impacts Artificial Grammar Learning,2021,"Abstract
                  Contending with talker variability has been found to lead to processing costs but also benefits by focusing learners on invariant properties of the signal, indicating that talker variability acts as a desirable difficulty. That is, talker variability may lead to initial costs followed by long‐term benefits for retention and generalization. Adult participants learned an artificial grammar affording learning of multiple components in two experiments varying in difficulty. They learned from one, two, or eight talkers and were tested at three time points. The eight‐talker condition did not impact learning. The two‐talker condition negatively impacted some aspects of learning, but only under more difficult conditions. Generalization of the grammatical dependency was difficult. Thus, we discovered that high and limited talker variability can differentially impact artificial grammar learning. However, talker variability did not act as a desirable difficulty in the current paradigm as the few evidenced costs were not related to long‐term benefits."
desirable difficulties measuring learning versus performance,crossref,ok,5904687,10.31234/osf.io/d5bce,Desirable difficulties in statistical learning? How talker variability impacts artificial grammar learning,2021,"Contending with talker variability has been found to lead to processing costs but also benefits by focusing learners on invariant properties of the signal. These discrepant findings may indicate that talker variability acts as a desirable difficulty. That is, talker variability may lead to initial costs followed by long term benefits for retention and generalization. Adult participants learned an artificial grammar affording learning of multiple components by 1-, 2- or 8- talkers, tested at 3 time points. The 8-talker condition did not impact learning. The 2-talker condition negatively impacted some aspects of learning, but only under more difficult learning conditions. Across both experiments, generalization of the grammatical dependency was difficult. Taken together, we discovered that high and limited talker variability differentially impact artificial grammar learning. However, talker variability does not act as a desirable difficulty in the current paradigm, as the few evidenced costs were not related to long-term benefits."
desirable difficulties measuring learning versus performance,crossref,ok,5904687,10.1177/17470218241308143/v2/review1,"Review for ""Does difficulty moderate learning? A comparative analysis of the desirable difficulties framework and cognitive load theory""",2024,
desirable difficulties measuring learning versus performance,crossref,ok,5904687,10.1177/17470218241308143/v2/review2,"Review for ""Does difficulty moderate learning? A comparative analysis of the desirable difficulties framework and cognitive load theory""",2024,
desirable difficulties measuring learning versus performance,crossref,ok,5904687,10.1177/17470218241308143/v1/review2,"Review for ""Does difficulty moderate learning? A comparative analysis of the desirable difficulties framework and cognitive load theory""",2024,
desirable difficulties measuring learning versus performance,crossref,ok,5904687,10.1177/17470218241308143/v1/review1,"Review for ""Does difficulty moderate learning? A comparative analysis of the desirable difficulties framework and cognitive load theory""",2024,
desirable difficulties measuring learning versus performance,crossref,ok,5904687,10.1080/01443410.2017.1387644,Learning the hard way: Need for Cognition influences attitudes toward and self-reported use of desirable difficulties,2017,
desirable difficulties measuring learning versus performance,crossref,ok,5904687,10.21203/rs.3.rs-7421926/v1,Incorporating Desirable Difficulties into the design of digital learning: A think-aloud study,2025,"Abstract
                Background
The use of digital learning platforms is becoming increasingly common in health professions education, but there are few studies evaluating their effectiveness based on cognitive science principles. Here, we draw upon well-established learning concepts grounded in cognitive science – desirable difficulties, productive struggle and cognitive load theory – to explore whether and how digital learning platforms can enhance learning. Our study aims were to i) identify points of struggle when participants processed learning material on a digital platform compared to traditional PDF learning materials and ii) explore how design factors influenced their subsequent responses.
Methods
Using in-depth think-aloud interviews, we compared how medical student participants engaged with learning material in traditional PDF format versus similar content on an online learning platform (five participants, two interviews each for a total of ten interviews).  Participants were instructed to navigate the learning material as they would in their usual practice while verbalizing their thoughts during the process. Interviews were conducted on Zoom and video-recorded. Transcripts and videos were analysed using thematic analysis.
Results
We identified three themes centred around non-struggle, generative struggle and non-generative struggle. In the absence of struggle, learners tended to learn superficially and remained disengaged from the material. Desirable difficulties, such as in the form of online quizzes, enhanced learning through introducing points of struggle that led to deeper processing of information, which we term generative struggle. However, struggle that resulted from increased extraneous load due to flawed design was counter-productive and led to disengagement, which we term non-generative struggle.
Conclusions
Based on our work, we propose a model for how increased cognitive load due to desirable difficulties promotes generative processing and greater engagement with the learning material. This work can guide the future design and evaluation of digital learning platforms for more effective learning based on cognitive science principles."
desirable difficulties measuring learning versus performance,crossref,ok,5904687,10.1177/17470218241308143/v2/decision1,"Decision letter for ""Does difficulty moderate learning? A comparative analysis of the desirable difficulties framework and cognitive load theory""",2024,
desirable difficulties measuring learning versus performance,crossref,ok,5904687,10.1177/17470218241308143/v1/decision1,"Decision letter for ""Does difficulty moderate learning? A comparative analysis of the desirable difficulties framework and cognitive load theory""",2024,
desirable difficulties measuring learning versus performance,crossref,ok,5904687,10.1177/17470218241308143/v3/decision1,"Decision letter for ""Does difficulty moderate learning? A comparative analysis of the desirable difficulties framework and cognitive load theory""",2024,
desirable difficulties measuring learning versus performance,crossref,ok,5904687,10.53776/learning-to-learn,Learning to Learn: The importance of embracing desirable difficulties,2022,"When my children were young and wanted to play in the AYSO soccer league, I decided to train to be a referee. I took all the required classes, studied hard, and passed the written certification exam.   At my first match, dressed in my uniform, I strode into the middle of the field with the players all gathered around—and suddenly realized I couldn’t recall how to start the game."
desirable difficulties measuring learning versus performance,crossref,ok,5904687,10.4324/9781003442721-6,Teaching First-Year And At-Risk Students To Embrace Desirable Difficulties,2023,
desirable difficulties measuring learning versus performance,crossref,ok,5904687,10.3389/fpsyg.2018.01701,Desirable Difficulties in Spatial Learning: Testing Enhances Subsequent Learning of Spatial Information,2018,
desirable difficulties measuring learning versus performance,crossref,ok,5904687,10.4324/9781003442721-4,Mix It up to Make Learning Last,2023,
desirable difficulties measuring learning versus performance,crossref,ok,5904687,10.5406/amerjpsyc.128.2.0241,Desirable Difficulties in Vocabulary Learning,2015,"Abstract
                  In this article we discuss the role of desirable difficulties in vocabulary learning from two perspectives, one having to do with identifying conditions of learning that impose initial challenges to the learner but then benefit later retention and transfer, and the other having to do with the role of certain difficulties that are intrinsic to language processes, are engaged during word learning, and reflect how language is understood and produced. from each perspective we discuss evidence that supports the notion that difficulties in learning and imposed costs to language processing may produce benefits because they are likely to increase conceptual understanding. We then consider the consequences of these processes for actual second- language learning and suggest that some of the domain- general cognitive advantages that have been reported for proficient bilinguals may reflect difficulties imposed by the learning process, and by the requirement to negotiate cross- language competition, that are broadly desirable. as alice Healy and her collaborators were perhaps the first to demonstrate, research on desirable difficulties in vocabulary and language learning holds the promise of bringing together research traditions on memory and language that have much to offer each other."
desirable difficulties measuring learning versus performance,crossref,ok,5904687,10.1037/e669392012-005,Enhancing learning in large classes by introducing desirable difficulties: Examples from the UCLA research methods course,2011,
desirable difficulties measuring learning versus performance,crossref,ok,5904687,10.1177/17470218241308143/v3/response1,"Author response for ""Does difficulty moderate learning? A comparative analysis of the desirable difficulties framework and cognitive load theory""",2024,
desirable difficulties measuring learning versus performance,crossref,ok,5904687,10.1177/17470218241308143/v2/response1,"Author response for ""Does difficulty moderate learning? A comparative analysis of the desirable difficulties framework and cognitive load theory""",2024,
desirable difficulties measuring learning versus performance,crossref,ok,5904687,10.1017/s0142716421000631,Lag effects in grammar learning: A desirable difficulties perspective,2022,"AbstractThis paper examined lag effects in the learning of second language (L2) grammar. Moreover, following the Desirable Difficulty Framework for L2 practice, the present study investigated whether lag effects could be explained by other sources of difficulty. Using digital flashcards, 117 English language learners (aged 10–18) learned two grammatical structures over two different sessions at a 1-day or 7-day intersession interval (ISI). Learners’ performance was analyzed at two retention intervals (RIs) of 7 and 28 days, respectively. Linguistic difficulty was compared by examining two different structures, while learner-related difficulty was analyzed by comparing learners who differed in terms of age, proficiency, and time required to complete the training. Results showed no main effect of ISI, a main effect of RI, and a small but significant ISI × RI interaction. Linguistic difficulty and age did not interact with ISI or RI. However, longer lags led to significantly higher scores for faster learners and learners of higher proficiency, while shorter lags promoted significantly higher scores for slower learners and learners of lower proficiency. The findings provide some support for the Desirable Difficulty Framework in its potential to explain L2 lag effects."
desirable difficulties measuring learning versus performance,crossref,ok,5904687,10.3402/rlt.v6i1.10989,Possible versus desirable in instructional systems: who's driving?,2011,"The popularity of the Internet has infected education, particularly distance education, with technological opportunism. Educators feel the 'technology pull' of Web applications and want to experiment. I have talked to colleagues from around the world, and their stories about new developments usually start with the technology, for example: 'We wanted to see what we could do with Java.' Reinhardt (1995, 55) predicts an optimistic future with improved educational productivity and qualitatively changing learning profiles - he predicts an improvement in learning due to technology alone. But do simple Internet translations of existing materials offer anything more to the student, or do we need other strategies for the effective exploitation of the Internet for teaching?DOI:10.1080/0968776980060111"
desirable difficulties measuring learning versus performance,crossref,ok,5904687,10.19053/uptc.01235095.v11.n37.2025.19790,Constructing a Desirable Theory of Chinese Cosmopolitanism: The Difficulties and a Solution,2025,"Facing the challenge of de-globalization, the cosmopolitan actions of China need to be grounded in a systematic theory. However, the Chinese theory of cosmopolitanism encounters two main difficulties. One is that Chinese individuals are not necessarily supporters of the country’s cosmopolitan actions, and the other is that foreigners could regard those actions as alien or even dangerous. To address these two difficulties, the theory of Chinese cosmopolitanism needs to claim desirability. This paper argues that only when Chinese cosmopolitanism meets three criteria –individual preference, the consent of a domestic majority, and intercultural consensus– can it become a desirable theory. Based on these criteria, the three main approaches to cosmopolitanism in the Chinese academic world (based on Confucianism, universal principles, and reflective communicative action) all have pros and cons. To ensure that the Chinese cosmopolitanism constructed for world citizens is desirable, I distinguish between two different contexts of discourse in which the three approaches of cosmopolitanism can be used."
desirable difficulties measuring learning versus performance,crossref,ok,5904687,10.26481/dis.20241220eo,Promoting the self-regulated use of desirable difficulties,,
desirable difficulties measuring learning versus performance,crossref,ok,5904687,10.15640/ijmpa.v6n2a5,The Difficulties of Sprechstimme in “Pierrot Lunaire”: Achieving a Desirable Performance and Translation,2018,
desirable difficulties measuring learning versus performance,crossref,ok,5904687,10.4324/9781003786870-9,Measuring rates of learning,2026,
desirable difficulties measuring learning versus performance,crossref,ok,5904687,10.4324/9780203065778-15,Measuring Your Body,2013,
desirable difficulties measuring learning versus performance,crossref,ok,5904687,10.1017/s1366728919000622,Desirable difficulties while learning collocations in a second language: Conditions that induce L1 interference improve learning,2019,"AbstractLearning conventional verb-noun combinations in a second language is known to be highly problematic when word choices differ from those in the native language. Grounded on recent proposals of desirable difficulties in vocabulary learning (Bjork &amp; Kroll, 2015), we tested Spanish learners of English on a new paradigm that aimed to induce interference from the native language during lexical selection in a second language, as a way to train regulation of the dominant language. Results showed that recall rates were significantly higher in the group of learners that practiced in conditions of L1-interference. Faster RTs showed more efficient lexical selection in those same learners. Additionally, RTs revealed that the more successful learners in both groups incurred a cost in accessing verb choices congruent with the native language, a finding that is consistent with an inhibitory account."
desirable difficulties measuring learning versus performance,crossref,ok,5904687,10.12968/sece.2018.14.7,Desirable difficulties,2018,"When planning lessons, we should not worry about students getting stuck, we should worry about them not getting stuck. Caroline Sherwood explains"
desirable difficulties measuring learning versus performance,crossref,ok,5904687,10.4324/9780203065778-18,Measuring Lines: Standard Units,2013,
desirable difficulties measuring learning versus performance,crossref,ok,5904687,10.4324/9780203065778-17,Measuring Length: Standard Units,2013,
desirable difficulties measuring learning versus performance,crossref,ok,5904687,10.31235/osf.io/esdgp_v1,"AI for Me, Not (Yet) for Thee? Desirable Difficulties and Deliberate Friction with LLMs",2026,"I am simultaneously a critical skeptic of large language models (LLMs) and their role in the learning process, and a reluctant and wary user of those same tools in my own work. This essay is an attempt to work through this tension by examining how LLM-based tools shape and reshape the foundations of expertise required to use them. If learners can generate working code through a Google search, if they can upload a blank problem set template and get a completed assignment in seconds, and if they can design, carry out, and analyze research projects in minutes, how can they build the expertise that is required to work with LLM output? Relatedly, if experienced researchers spend the bulk of their time reviewing LLM output and not working through code themselves, what happens to their expertise? The answer to these questions, I argue, is to deliberately introduce difficulty and friction in quantitative work, allowing learners to build expertise and helping experienced researchers maintain it."
desirable difficulties measuring learning versus performance,crossref,ok,5904687,10.5353/th_b3196082,Effects of cooperative learning on mathematics performance for students with learning difficulties,,
desirable difficulties measuring learning versus performance,crossref,ok,5904687,10.31234/osf.io/7esv8_v1,Desirable difficulties during the development of active inquiry skills,2018,"This study explores developmental changes in the ability to ask informative questions, hypothesizing a link between the ability to update beliefs in light of evidence and the ability to ask informative questions. Five- to ten-year-old children played an iPad game asking them to identify a hidden insect. Learners could either ask about individual insects, or make a series of feature queries (e.g., “Does the hidden insect have antennae?”) that could more efficiently narrow the hypothesis space. Critically, the task display either helped children integrate evidence with the hypothesis space or required them to perform this operation themselves. Our prediction was that assisting children with belief updating would help them formulate more informative queries. Although this assistance improved some aspects of their active inquiry behavior, children required to update their own beliefs asked questions that were more context-sensitive and thus informative. The results show how making a task more difficult may actually improve children’s active inquiry skills, thus illustrating a type of “desirable difficulty” for reasoning."
desirable difficulties measuring learning versus performance,crossref,ok,5904687,10.31234/osf.io/7esv8,Desirable difficulties during the development of active inquiry skills,2018,"This study explores developmental changes in the ability to ask informative questions, hypothesizing a link between the ability to update beliefs in light of evidence and the ability to ask informative questions. Five- to ten-year-old children played an iPad game asking them to identify a hidden insect. Learners could either ask about individual insects, or make a series of feature queries (e.g., “Does the hidden insect have antennae?”) that could more efficiently narrow the hypothesis space. Critically, the task display either helped children integrate evidence with the hypothesis space or required them to perform this operation themselves. Our prediction was that assisting children with belief updating would help them formulate more informative queries. Although this assistance improved some aspects of their active inquiry behavior, children required to update their own beliefs asked questions that were more context-sensitive and thus informative. The results show how making a task more difficult may actually improve children’s active inquiry skills, thus illustrating a type of “desirable difficulty” for reasoning."
desirable difficulties measuring learning versus performance,crossref,ok,5904687,10.4324/9781003442721,A Concise Guide to Teaching With Desirable Difficulties,2023,
desirable difficulties measuring learning versus performance,crossref,ok,5904687,10.1016/j.intell.2019.101405,Relatively unintelligent individuals do not benefit from intentionally hindered learning: The role of desirable difficulties,2019,
desirable difficulties measuring learning versus performance,crossref,ok,5904687,10.1215/15314200-3600797,The Desirable Difficulties of Studying Romanticism,2016,"Academics have inherited conventions for the presentation of literature in anthologies that do not take into account difficulties in comprehension that undergraduates have with difficult material, such as Romantic poetry. This article describes two experimental surveys given to undergraduates to learn what instructional materials they find most useful."
desirable difficulties measuring learning versus performance,crossref,ok,5904687,10.4324/9780203065778-16,Measuring Length: Non-standard Units,2013,
desirable difficulties measuring learning versus performance,crossref,ok,5904687,10.4324/9781003442721-1,Introduction,2023,
desirable difficulties measuring learning versus performance,crossref,ok,5904687,10.1016/j.learninstruc.2024.101942,Instruction meets experience: Using theory- and experience-based methods to promote the use of desirable difficulties,2024,
desirable difficulties measuring learning versus performance,crossref,ok,5904687,10.4324/9781003657019-8,Desirable Difficulties,2026,
desirable difficulties measuring learning versus performance,crossref,ok,5904687,10.4324/9781003504382-10,Desirable difficulties to address disadvantage,2025,
desirable difficulties measuring learning versus performance,crossref,ok,5904687,10.1016/j.plas.2021.100027,Stop sanitizing project management education: Embracing Desirable Difficulties to enhance practice-relevant online learning,2021,
desirable difficulties measuring learning versus performance,crossref,ok,5904687,10.1177/0731948719865499,The Deficit Profile of Elementary Students With Computational Difficulties Versus Word Problem-Solving Difficulties,2019,"The purpose of the study was to compare the deficit profiles of two important types of mathematics difficulties. Three cognitive measures (working memory, processing speed, and reasoning), two mathematics measures (numerical facts retrieval and mathematics vocabulary), and reading comprehension were assessed among 237 Chinese fourth-grade students, among whom 28 were classified as students with only computational difficulties (CD), 34 were classified as having only word problem-solving difficulties (WPD), 20 were classified as students with computational and word problem-solving difficulties (CD + WPD), and 43 typically developing (TD) peers. Multivariate analysis showed that, compared with TD, CD was associated with weakness in numerical working memory; WPD was associated with weakness in reading comprehension; both CD and WPD were associated with weakness in mathematics vocabulary. However, CD and WPD did not differ from each other on any of those profiling measures. Implications for understanding mathematics competence and identification of mathematics difficulties are discussed."
desirable difficulties measuring learning versus performance,crossref,ok,5904687,10.4324/9781003442721-7,Negotiating Student Resistance,2023,
desirable difficulties measuring learning versus performance,crossref,ok,5904687,10.64628/ab.hre4kd6xn,Arsenal’s Mikel Arteta uses ‘desirable difficulties’ to prepare his players – is this a good coaching strategy?,2026,
desirable difficulties measuring learning versus performance,crossref,ok,5904687,10.3389/fpsyg.2017.01353,The Positive Facet of Self-compassion Predicts Self-reported Use of and Attitudes toward Desirable Difficulties in Learning,2017,
desirable difficulties measuring learning versus performance,crossref,ok,5904687,10.1111/j.1467-1770.1963.tb01432.x,DIFFICULTIES IN MEASURING PRONUNCIATION IMPROVEMENT,1963,
desirable difficulties measuring learning versus performance,crossref,ok,5904687,10.1257/rct.17117-1.0,A Year of Desirable Difficulties: The Impact of Interleaving Math Practice in Nigeria,2025,
programming skill assessment instrument validated,crossref,ok,2069583,10.1037/t46801-000,Java Programming Skill Task Instrument,2012,
programming skill assessment instrument validated,crossref,ok,2069583,10.1016/s0016-5085(12)61441-3,Sa2015 Tridimensional Stool Assessment Instrument (TS): A Validated Instrument for use in Children and Adults,2012,
programming skill assessment instrument validated,crossref,ok,2069583,10.62754/joe.v3i7.4543,Speaking Skill Assessment Instrument Validity: An Investigation into Instructors’ Perceptions,2024,"To EFL learners, speaking the target language with satisfactory fluency is a highly significant aspect of learning the language. Assessment of learners’ progress and achievement in speaking skills is equally significant to identify the course of further action, whether it is for feedback, placement, or grading. At the English Language Institute (ELI), King Abdulaziz University in Saudi Arabia, learners’ proficiency in spoken English is assessed for end-of-the-term grading using Interview and Speaking Project as test instruments. The Interview questions are random, while the Speaking Project involves collection of materials on a chosen topic and report writing, followed by presentation and question-answer session. An empirical research study was conducted to examine ELI teachers’ perceptions on the reliability and validity of the two assessment instruments to accurately measure learners’ proficiency in speaking skill and meeting the requirements to reflect the learning outcomes designed for the speaking English course. The data were collected through a survey questionnaire and a structured interview. The surveyed instructors were also encouraged to express their opinions on the role of formative assessment in determining learners’ final grades in English speaking skill."
programming skill assessment instrument validated,crossref,ok,2069583,10.1007/978-3-032-13203-1_1,Literature Review on Conceptual Understanding in Programming: Foundations for a Validated Assessment Instrument,2026,
programming skill assessment instrument validated,crossref,ok,2069583,10.1061/41020(339)15,Construction Student Technology Skill Assessment: A Survey Instrument,2009,
programming skill assessment instrument validated,crossref,ok,2069583,10.29408/edumatic.v6i1.5393,Pengembangan Aplikasi E-Assessment Skill Programming berbasis Web,2022,"In online learning, lecturers cannot assess students' programming abilities optimally. This is because the lecturer cannot see directly step by step in making program code. It is very possible that the program code sent by the student was not the result of his work. The purpose of this research is to develop a web-based assessment application using Jupyter Notebook. The development method uses Research and Development (RD) with a quantitative descriptive approach to several development processes, including needs analysis, data collection, application design, testing, and implementation. The data collection technique uses literature study, observation, and documentation with data analysis using the Aiken'V validation test. The results of the research are the development of E-Assessment applications that can be used by lecturers and students in the programming learning process with the results of application system validation 0.88, application output 0.85, user security 0.85, display design 0.84, and user convenience 0.83 so that the E-Assessment application is suitable for use in assessing students on programming skills."
programming skill assessment instrument validated,crossref,ok,2069583,10.1097/prs.0b013e3181fad4c2,"Discussion: A New, Validated Instrument to Evaluate Competency in Microsurgery: The University of Western Ontario Microsurgical Skills Acquisition/Assessment Instrument [Outcomes Article]",2011,
programming skill assessment instrument validated,crossref,ok,2069583,10.1097/prs.0b013e3181f95adb,"A New, Validated Instrument to Evaluate Competency in Microsurgery: The University of Western Ontario Microsurgical Skills Acquisition/Assessment Instrument [Outcomes Article]",2011,
programming skill assessment instrument validated,crossref,ok,2069583,10.1123/apaq.1.1.52,The Reliability of Classification Decisions Made with the Objectives-Based Motor Skill Assessment Instrument,1984,This study was designed to investigate the reliability of classification decisions in the fundamental motor skill domain using the Objectives-Based Motor Skill Assessment Instrument. Nonhandicapped (n = 80) and mentally retarded (n = 40) students in the age range of 3 through 10 were assessed on two separate days. Two likely domain mastery criterion levels were used (85 and 70% of the total test score). The proportion of agreement (P) and Kappa (K) were the reliability indices employed. The reliability estimates for the nonhandicapped group were P = .89 and K = .78 using the 85% mastery criterion and P = .92 and K = .84 for the 70% criterion. The reliability estimates obtained for the mentally retarded group using an 85% criterion were P = .87 and K = .62 and for the 70% criterion P = .93 and K = .83. Based on these results the criterion-referenced test appears to consistently classify students on two occasions as masters or non-masters of fundamental motor skills using either cut-off score.
programming skill assessment instrument validated,crossref,ok,2069583,10.1016/j.clsr.2015.01.005,Information security culture and information protection culture: A validated assessment instrument,2015,
programming skill assessment instrument validated,crossref,ok,2069583,10.4085/1062-6050-49.2.22,A Generalizability Theory Study of Athletic Taping Using the Technical Skill Assessment Instrument,2014,"Context:Athletic taping skills are highly valued clinical competencies in the athletic therapy and training profession. The Technical Skill Assessment Instrument (TSAI) has been content validated and tested for intrarater reliability.Objective:To test the reliability of the TSAI using a more robust measure of reliability, generalizability theory, and to hypothetically and mathematically project the optimal number of raters and scenarios to reliably measure athletic taping skills in the future.Setting:Mount Royal University.Design:Observational study.Patients or Other Participants:A total of 29 university students (8 men, 21 women; age = 20.79 ± 1.59 years) from the Athletic Therapy Program at Mount Royal University.Intervention(s):Participants were allowed 10 minutes per scenario to complete prophylactic taping for a standardized patient presenting with (1) a 4-week-old second-degree ankle sprain and (2) a thumb that had been hyperextended. Two raters judged student performance using the TSAI.Main Outcome Measure(s):Generalizability coefficients were calculated using variance scores for raters, participants, and scenarios. A decision study was calculated to project the optimal number of raters and scenarios to achieve acceptable levels of reliability. Generalizability coefficients were interpreted the same as other reliability coefficients, with 0 indicating no reliability and 1.0 indicating perfect reliability.Results:The result of our study design (2 raters, 1 standardized patient, 2 scenarios) was a generalizability coefficient of 0.67. Decision study projects indicated that 4 scenarios were necessary to reliably measure athletic taping skills.Conclusions:We found moderate reliability coefficients. Researchers should include more scenarios to reliably measure athletic taping skills. They should also focus on the development of evidence-based practice guidelines and standards of athletic taping and should test those standards using a psychometrically sound instrument, such as the TSAI."
programming skill assessment instrument validated,crossref,ok,2069583,10.1123/apaq.1.3.230,Reliability of Scores Obtained with the Objectives-Based Motor Skill Assessment Instrument,1984,"This study was designed to investigate the reliability of individual and composite scores obtained with the Objectives-Based Motor Skill Assessment Instrument. Generalizability theory was used to determine if the test scores were reliable across raters and occasions. Two D studies were conducted to ascertain whether an increase in the number of raters from 10 to 20 would increase the reliability. Twenty raters were required to evaluate the fundamental motor skills of 10 subjects across two occasions from videotapes. In 92% of the individual skill scores, the between-subject variance component contributed the most to total variance. Therefore, it can be concluded that the test is extremely reliable across raters and occasions. Examination of the generalizability coefficients for the two D studies indicates that the reliability is not largely affected by increasing the number of raters."
programming skill assessment instrument validated,crossref,ok,2069583,10.18260/p.24497,Model of Domain Learning Based Skill Assessment: Instrument Set Flexibility,,
programming skill assessment instrument validated,crossref,ok,2069583,10.21009/jisae.v10i2.50762,Developing a Validated Essay-Based Assessment Instrument to Measure Science Literacy in Energy Topics,2024,"Science literacy is a critical skill in the 21st century, particularly for middle school students navigating the complexities of energy concepts in science education. This study aims to develop and validate an essay-based assessment instrument designed to measure students' science literacy skills in the context of energy. Employing a mixed-methods approach, the research involved expert validation, panel validation, and empirical testing with 111 students from junior high school in Sukabumi, Indonesia. The results revealed that the instrument possesses strong content validity, with Aiken's V, CVR, and I-CVI scores exceeding 0.80. Construct validity analysis using Exploratory Factor Analysis (EFA) confirmed the suitability of the factor structure, while reliability tests yielded McDonald’s ω = 0.886 and Cronbach's α = 0.922, indicating excellent internal consistency. The instrument also includes a detailed analytical rubric to ensure objective and transparent evaluation. This validated tool offers educators a reliable means of assessing students' science literacy comprehensively, addressing a critical gap in science education evaluation. By fostering more effective assessment practices, this study contributes to enhancing the quality of science education in Indonesia and beyond."
programming skill assessment instrument validated,crossref,ok,2069583,10.1109/icra.2019.8794038,Laparoscopy instrument tracking for single view camera and skill assessment,2019,
programming skill assessment instrument validated,crossref,ok,2069583,10.21831/reid.v5i1.22525,An assessment instrument of mind map product to assess students' creative thinking skill,2019,"Education is now more demanding for students to think more at a higher and more complex level. Mind map also builds creativity because it is more flexible in expressing ideas. The result of need assessment was the teachers cannot put on equation about creative thinking in test because the input of heterogeneous students, but they carried out project and practicum assessments, which required relatively much time, place and equipment. Therefore, the researchers develop instruments for assessing students' creative thinking skills at the high-school level trough mind map on valid and reliable biology subjects so that teachers can use them as a more efficient assessment tool. This research employed research and development (RD) method; adapting ADDIE (Analyze, Design, Development, Implementation, and Evaluation) model. Content validity was achieved using the Lawshe method; CVR formula, while the construct validity was achieved through exploratory factor analysis with the SPSS program and then confirm with confirmatory factor analysis using Lisrel program. It is found out that the construct validity was proven by the significant value of MSA and Loading Factor value. Suitability of the construct model with the data was indicate with p-value= 0.68 (≥0.05); Root Mean Square Error Approximation = 0.00 (≤0.08); and Goodness of Fit Index= 0.94 (0.90). The reliability of the instrument is 0.774, which means reliable. The assessment instrument of mind map product to assess creative thinking skill of students at the high school level in biology subjects has ten fit items in four factors; Flexibility, Elaboration, Originality, and Fluency."
programming skill assessment instrument validated,crossref,ok,2069583,10.24114/jpkim.v14i1.31382,Development of higher order thinking skill (HOTS) assessment instrument for salt hydrolysis,2022,"This study aims to determine the results of the analysis of instrumentation requirements, the feasibility category of the Higher Order Thinking Skills an assessment instrument in terms of an expert validation. The research and the development model applied is 4-D (four-D) model.  The trial design consisted of content validation tests by experts and analyzed by Aiken's formula. The assessment instrument obtained 37 items that are suitable for use, which means the assessment instrument has met the content validity by the expert judgment which has been analyzed using Aiken's V of 0.85, which means that all items are valid."
programming skill assessment instrument validated,crossref,ok,2069583,10.3389/frobt.2022.1030846,Surgical instrument detection and tracking technologies: Automating dataset labeling for surgical skill assessment,2022,"Surgical skills can be improved by continuous surgical training and feedback, thus reducing adverse outcomes while performing an intervention. With the advent of new technologies, researchers now have the tools to analyze surgical instrument motion to differentiate surgeons’ levels of technical skill. Surgical skills assessment is time-consuming and prone to subjective interpretation. The surgical instrument detection and tracking algorithm analyzes the image captured by the surgical robotic endoscope and extracts the movement and orientation information of a surgical instrument to provide surgical navigation. This information can be used to label raw surgical video datasets that are used to form an action space for surgical skill analysis. Instrument detection and tracking is a challenging problem in MIS, including robot-assisted surgeries, but vision-based approaches provide promising solutions with minimal hardware integration requirements. This study offers an overview of the developments of assessment systems for surgical intervention analysis. The purpose of this study is to identify the research gap and make a leap in developing technology to automate the incorporation of new surgical skills. A prime factor in automating the learning is to create datasets with minimal manual intervention from raw surgical videos. This review encapsulates the current trends in artificial intelligence (AI) based visual detection and tracking technologies for surgical instruments and their application for surgical skill assessment."
programming skill assessment instrument validated,crossref,ok,2069583,10.53402/ajet.v1i3.171,An Empirical Study on the Usage of Assessment Instrument in Empowering Creative Thinking Skill,2022,"This study aimed to determine how the analysis of assessment instruments is based on creative thinking skills. The objects in this study were 6 educators and 20 students of grade V elementary school at MI Muhammadiyah Banjarsari Metro. A qualitative method was applied, with research instruments such as observation and structured interviews. The data analysis method employed was descriptive qualitative. According to the findings of this preliminary study, the creative thinking ability of fifth-grade elementary school students at MI Muhammadiyah Banjarsari Metro is still relatively low, particularly in creative thinking skills, because students do not know how to give diverse interpretations by developing the opinions of other students, students' inability to come up with ideas because they are worried and afraid of being wrong on the answers given by the teacher, and even fear of being scolded by the teacher for the wrong answer. Thus, it can be concluded that the development of assessment instruments that can improve students' creative thinking skills, allowing them to maximize their understanding in providing diverse interpretations, is to develop opinions and express ideas or thoughts that spur their creative thinking skills."
programming skill assessment instrument validated,crossref,ok,2069583,10.22454/fammed.2024.477519,Leadership Development in Graduate Medical Education: A Pilot Study of Implementation of a Validated Self-assessment Instrument,2024,"Background and Objectives:  Graduate medical education programs need leadership assessments and curricula to engage residents and advance their leadership skills. The Foundational Healthcare Leadership Self-assessment (FHLS) is a validated 21-item self-assessment of leadership skills residents need to be effective team leaders in health care settings. It generates a composite score along five foundational leadership domains: accountability, collaboration, communication, team management, and self-management. Our objective was to determine whether a leadership curriculum, using the FHLS as an educational tool to support self-assessment, self-directed learning, and reflective practice, promotes self-awareness and engagement in leadership development.
Methods:  We conducted a qualitative pilot study in the University of Utah Family Medicine Residency Program, integrating the FHLS into our residency’s longitudinal leadership curriculum using coaching, self-directed learning, and reflective practice. Family medicine residents completed the FHLS prior to their leadership rotation. Faculty met with each resident during their rotation using a coaching paradigm based on data from the FHLS to inform leadership self-awareness. Residents identified a leadership domain for self-improvement, selected resources for self-study, and submitted a written reflection. We conducted qualitative content analysis on the reflections for evidence of self-awareness and engagement in leadership development.
Results:  Residents completed 27 leadership rotations between May 2019 and April 2020, generating 21 reflections. Qualitative content analysis of resident reflections grouped by FHLS leadership domains identified evidence of impact on the residents’ leadership development.
Conclusions:  This qualitative pilot study supports the usefulness of the FHLS within a residency leadership curriculum to promote self-awareness and engagement in leadership development."
programming skill assessment instrument validated,crossref,ok,2069583,10.1109/ojemb.2024.3402393/mm1,Objective and Automated Quantification of Instrument Handling for Open Surgical Suturing Skill Assessment: A Simulation-Based Study_supp1-3402393.pdf,,
programming skill assessment instrument validated,crossref,ok,2069583,10.36227/techrxiv.170723611.12261495/v1,Objective and Automated Quantification of Instrument Handling for Open Surgical Suturing Skill Assessment: A Simulation-Based Study,2024,"Goal:
                  Vascular surgical procedures are challenging and
require proficient suturing skills. To develop these skills, medical
training simulators with objective feedback for formative assessment are
gaining popularity. As hardware advancements offer more complex, unique
sensors, determining effective task performance measures becomes
imperative for efficient suturing training.
                  Methods:
                  97
subjects of varying clinical expertise completed four trials on a
suturing skills measurement and feedback platform (SutureCoach).
Instrument handling metrics were calculated from electromagnetic motion
trackers affixed to the needle driver.
                  Results:
                  The results of
the study showed that all metrics significantly differentiated between
novices (no medical experience) from both experts (attending
surgeons/fellows) and intermediates (residents). Rotational motion
metrics were more consistent in differentiating experts and
intermediates over traditionally used tooltip motion metrics.
                  Conclusions:
                  Our work emphasizes the importance of tool motion
metrics for open suturing skills assessment and establishes groundwork
to explore rotational motion for quantifying a critical facet of
surgical performance.
                
                
                  Impact Statement
                  –This study aims to determine the
effectiveness of metrics derived from needle driver rotational and
tooltip motion tracking to determine differences in clinical expertise
in open needle driving."
programming skill assessment instrument validated,crossref,ok,2069583,10.1109/sp63933.2026.00174,LISA: A Scale-Optimized and Psychometrically-Validated Instrument for the Lightweight Assessment of Organizational Information Security Awareness in Heterogeneous Organizations,2026,
programming skill assessment instrument validated,crossref,ok,2069583,10.18502/kss.v4i14.7863,Developing the Instrument of Non-Cognitive Skill Assessment for Science at Junior High School Grade VII: A Conceptual Review,2020,"This research is a qualitative study based on the previous research, which will, apply and adapt the earlier findings to Indonesia’s education system. The particular focus of this study is the non-cognitive skills needed for the study of science subjects at junior high school grade VII, namely: accurateness; perseverance; conscientiousness; responsibility; critical thinking; innovation; open mindedness; sensitivity; empathy; and environmental awareness. This is based on non-cognitive skill construction involving: individual character; emotion; habit; and process. Those aspects can be developed into the syllabus and lesson plans, both evaluating and developing the students’ non-cognitive skills.
Keywords: developing instrument, cognitive skill, non-cognitive skill, science, junior high school"
programming skill assessment instrument validated,crossref,ok,2069583,10.26418/jpmipa.v14i1.55497,THE CHARACTERISTICS AND DEVELOPING AN ASSESSMENT INSTRUMENT OF HIGH ORDER THINKING SKILL (HOTS) ITEMS WITH 4-D MODELS,2023,"The 21st century learning aims to develop and improve the process of high order thinking in students, including when solving mathematical problems. This research will discuss the characteristics and developing an assessment instrument of HOTS (high order thinking skill) items. The method used is research and development method with 4-D models (define, design, develop, disseminate). Scoring in Politomus scale was used and analyzed by Partial Credit Model 1 Parameter Logit (PCM 1-PL). Results of the research is 20 test items there are 17 items that qualify as a good items views of validity and reliability. Results based the criteria of Infit Mean Square is 1.00 and a standard deviation of 0.17 indicates test items fit with Partial Credit Model (PCM). Reliability items indicated by Cronbach's Alpha coefficient was 0.79 with the very reliable category. Test items validity based on the empirical analysis showed there are 17 valid test items with 12 test items as good categorized 5 test items as good enough category."
programming skill assessment instrument validated,crossref,ok,2069583,10.21009/jisae.v1i1.1666,INSTRUMENT DEVELOPMENT OF HIGHER ORDER THINKING SKILL IN MATHEMATICS INSTRUCTIONAL ON SENIOR HIGH SCHOOL,2015,"The purpose of this research was to develop an instrument that can be used to measure higher-order thinking skills (HOTS) in mathematics instructional of high school students. This research was conducted using a standard procedure of instrument development, from the development of conceptual definition, development of operational definitions, determination constructs, dimensions, and indicators, to the preparation of blue print, item preparation, expert validation, and testing. Data results from trials be analyzed using factor analysis and analysis of structural equation modeling (SEM). The data analysis shows that there are 9 factors HOTS that construct the instrument with good validity and reliability. This instrument classifies high school students in the five categories of HOTS ability. HOTS grouping results can be used by various interested institutions to evaluate the instructional of mathematics. These evaluations are used to determine the success of student learning and the success of teachers' teaching."
programming skill assessment instrument validated,crossref,ok,2069583,10.14257/ijseia.2016.10.10.16,NCS Communication Skill Performance Assessment Instrument: A Reliability and Usability Test,2016,
programming skill assessment instrument validated,crossref,ok,2069583,10.1097/mao.0b013e31829c1106,Resident Participation in Cadaveric Temporal Bone Dissection Correlates With Improved Performance on a Standardized Skill Assessment Instrument,2014,
programming skill assessment instrument validated,crossref,ok,2069583,10.29303/jppipa.v10i7.7545,"Development of Instrument Soft Skill Assessment in Problem-Based Learning to Improve Students' Collaboration Skills, Communication Skills, and Social Skills",2024,"The research aims to produce the instrument soft skill assessment in problem-based learning that are valid, practical, and effective in assessing students' collaboration, communication, and social skills. This research uses the 4-D development model consisting of four stages: define, design, develop, and disseminate. At the define stage, a preliminary study is carried out in the form of a needs analysis and literature study, then the formulation of objectives. At the design stage, product determination is carried out, product design is created and the instrument soft skills assessment is designed. At the development stage, initial field tests are carried out in the form of expert validation, product revisions, main field tests to obtain data on the practicality and effectiveness of the product, then the final product is obtained. At the disseminate stage, product distribution was carried out on a large scale, but this research only reached the development stage due to limited research time. The research sample consists of tenth-grade students at SMA N 1 Padang Cermin, Lampung. Data collection techniques include methods such as self assessment questionnaires and documentation. Data analysis employs qualitative analysis with descriptive percentage for expert practitioner validation, effectiveness, and quantitative analysis using SPSS for effectiveness. The results of this study indicate that the instrument soft skill assessment in problem-based learning to improve students' collaboration, communication, and social skills in high schools are developed with theoretical, practical, and effective feasibility."
programming skill assessment instrument validated,crossref,ok,2069583,10.3390/asi5030047,Components and Indicators of the Robot Programming Skill Assessment Based on Higher Order Thinking,2022,"Robot programming skill classes are becoming more popular. Higher order thinking, on the other hand, is an important issue in developing the skills of 21st-century learners. Truth be told, those two abilities are consistent subjects that are trending in academics. The purpose of this study is to design the components and indicators of a robot programming skill assessment based on higher order thinking. The methodology is divided into two phases: (1) qualitative research: a review of the literature on the issues for the synthesis of components and indicators of the robot programming skill assessment based on higher order thinking; and (2) quantitative research: to test the validity of the robot programming skill assessment by the content validity index test (CVI) with seven experts and the reliability with Cronbach’s alpha statistic test with the questionnaire results from 50 participants. The results show that the synthesized robot programming skill assessment consists of three components with 16 indicators, all of which are accepted for their agreed content validity index assessment (CVI = 1.00), and the internal consistency calculation results for the reliability test are found to have an acceptable reliability (α = 0.747)."
programming skill assessment instrument validated,crossref,ok,2069583,10.2139/ssrn.4778716,Burden Tolerance: Developing a Validated Measurement Instrument across Seven Countries,2024,"The emergence of the administrative burden literature has generated new theoretical, conceptual and empirical knowledge. However, the accumulation of comparable knowledge is limited by the lack of validated measurement of core concepts. This paper validates a four-item scale of burden tolerance, i.e., people’s acceptance of state actions that impose administrative burdens on citizens and residents inter-acting with government, using data from seven countries and 12 surveys. We illustrate the usefulness of the scale by examining its correlates. Burden tolerance varies substantially across the countries examined, but is generally higher for males, young adults, less well educated, those with good health, those who trust state actors more, and ideological conservatives. We demonstrate how the scale can be adapted to specific policy areas and that our generic scale correlates highly with the tolerance for burdens in such diverse domains as income supports, health insurance, passport renewals, and small business licensing."
programming skill assessment instrument validated,crossref,ok,2069583,10.2991/icamr-18.2019.33,The Development of High Order Thinking Skill Instrument Assessment in Math Study at Senior High School,2019,
programming skill assessment instrument validated,crossref,ok,2069583,10.4085/1947-380x-3.3.91,The Intra-rater Reliability of Nine Content-Validated Technical Skill Assessment Instruments (TSAI) for Athletic Taping Skills.,2008,"Objective: To establish the intra-rater reliability of nine content-validated Technical Skill Assessment Instruments (TSAI) for the skills of athletic taping.
        
          Setting: University of Calgary.
        
          Subjects: Canadian Certified Athletic Therapists, CAT(C), with a mean ± SD of 9.6 ± 10.8 years as a CAT(C), 7.8 ± 10.9 years as a Supervisory Athletic Therapist, 8.5 ± 12.0 years teaching athletic taping skills, and 9.2 ± 11.5 years evaluating athletic taping skills.
        
          Design: Six Certified Athletic Therapists from Canada completed the repetitive evaluations of nine different athletic taping scenarios. Each rater evaluated the performance of a student therapist taping a standardized patient while using the appropriate TSAI designed for each athletic taping scenario. Evaluations occurred once per month for five successive months. Raters viewed the performances on a portable DVD player at a central testing site.
        
          Measurements: The percent scores of 270 completed TSAIs were used for analysis. ICC (3, k) was used to quantify the intra-rater reliability. We used a One-way ANOVA with repeated measures to determine if mean differences across testing months existed within raters. Significance was achieved with α = 0.05.
        
          Results: ICC values for the nine TSAIs ranged from 0.65 to 0.95 with Ankle 3 and Thumb 2 achieving the lowest and highest ICC values respectively. One-way ANOVA with repeated measures did not provide significant mean differences between testing months within each rater.
        
          Conclusion: The nine TSAIs possess substantial to almost perfect reliability with seven TSAIs appropriate for summative evaluations and two appropriate for formative evaluations."
programming skill assessment instrument validated,crossref,ok,2069583,10.1088/1757-899x/180/1/012164,Instrument Development of Authentic Assessment for Manipulative Fundamental Motor Skill at Elementary School,2017,
programming skill assessment instrument validated,crossref,ok,2069583,10.1088/1742-6596/947/1/012026,Process Skill Assessment Instrument: Innovation to measure student’s learning result holistically,2018,
programming skill assessment instrument validated,crossref,ok,2069583,10.4085/1062-6050-48.6.10,A Generalizability Theory Study of Athletic Taping Using the Technical Skill Assessment Instrument,2014,
programming skill assessment instrument validated,crossref,ok,2069583,10.24036/ekj.v2.i2.a134,Evaluation of Pedagogy Competence of Chemistry Teacher in Compiling Higher Order Thinking Skill (HOTS) Assessment Instrument for High School Students,2020,"Basic Competence (BC) is a minimum students’ achievement after learning process. Most of the BC in the 2017 revised Indonesian curriculum requires students to have higher order thinking skills (HOTS), therefore teachers have to prepare assessment instruments referring HOTS. However, there are still many teachers who misperceive HOTS and think that HOTS is a difficult problem. This causes the teacher’s understanding of HOTS questions to be low. This study aims to describe chemistry teachers’ competence in evaluating HOTS of students. 19 teachers from 14 Senior High Schools was examined using structured essay test to figure out their ability and problems in compiling HOTS assessment instrument. The data collected was analysed using Miles Huberman methods starting with data reduction, data display and conclusion. Through this evaluation, it is known that only 10.53% of teachers comprehended HOTS and were able to apply it in evaluation, 57,89% of them understood the HOTS but weren’t able to apply in evaluation while 31,58% others didn’t know the comprehensive HOTS evaluation. This fact will certainly disrupt the planning, implementation and assessment of learning. Furthermore, the instrument compiled to assess higher order thinking skills based on BC does not measure expected abilities."
programming skill assessment instrument validated,crossref,ok,2069583,10.1016/j.nedt.2015.04.010,Development of an assessment instrument to evaluate performance of the skill of decontamination,2015,
programming skill assessment instrument validated,crossref,ok,2069583,10.1186/ccf-2002-75550,A validated delirium instrument for the ICU,2002,
programming skill assessment instrument validated,crossref,ok,2069583,10.25299/sportarea.2026.vol11(2).24837,Development and psychometric validation of a volleyball skill assessment instrument for children aged 10-13 years,2026,"Background: Existing volleyball skill assessment tools are commonly adapted from adolescent or adult performance standards and may not accurately represent the motor development characteristics of children aged 10-13 years. Moreover, psychometrically validated instruments specifically designed for elementary school students remain limited. Objectives: The objective of this research is to create and test a volleyball skill assessment tool tailored for elementary school pupils aged 10 to 13 years. Methods: The study employed a research and development (R&amp;D) design adapted from the Borg and Gall model. Test building concepts served as the basis for a research and development strategy. Five fundamental volleyball abilities were evaluated by the test: smash, underhand passing, overhand passing, underhand serving, and overhand service. Purposive sampling was used to pick 50 Bengkulu City primary school pupils as participants. Aiken’s V and CVR were used to assess content validity with six experts. Data processing utilised G*Power (v3. 1.9.7) and Jamovi (v2.3.2). Results: Strong content validity was shown by every skill component (CVR &gt; 0.83; Aiken's V ≥ 0.87). EFA identified a two-factor structure that explained 71.84% of the overall variance: offensive technical ability and basic ball control. There were moderate to high relationships between criterion validity and game performance (r = 0.63-0.71). All subtests had strong reliability indices (ICC = 0.87-0.94; test–retest r = 0.79-0.86). Conclusion: The developed instrument demonstrated satisfactory validity and reliability and shows potential for assessing basic volleyball skills among elementary school students. The constraints include a limited sample size and a restricted geographical scope. Future studies should encompass larger, more diverse groups and investigate technology-based evaluation formats to improve applicability."
programming skill assessment instrument validated,crossref,ok,2069583,10.21203/rs.2.22362/v1,Developing A Validated Instrument To Assess Paediatric Interns In South Africa,2020,"Abstract
        Background: Recently graduated South African medical practitioners (interns) are expected to be efficient and resilient in limited resource contexts that face multiple disease burdens. Work-based assessment in SA internship focuses on clinical skills and neglects the evaluation of non-clinical skills. This sub-optimal assessment process creates a daunting task for clinician supervisors who are expected to certify these interns for independent practice. Methods: Using a mixed methodological approach, the study sampled a cross section of 411 interns in seven hospitals in KwaZulu-Natal and their intern supervisors . Data collection methods included focus groups discussions and surveys. A 4-round modified Delphi-process was followed to reach consensus on the set of core competencies required. The assessment tool that resulted in the process included a variety of competencies and the tool was validated through factor analysis and internal consistency was measured with Cronbach’s alpha. Results : A competency-based assessment tool was developed that allows for the assessment of both clinical and non-clinical skills. This tool was found to be very reliable, with an overall Cronbach alpha of 0.927. Factor analysis for the instrument revealed 61 observable clinical activities aggregated into entrustable professional activities and these measured four major factors. The factors correspond with procedural clinical skills; holistic-care skills; and emotional skills related to social competence and self-management. Conclusion: A locally relevant competency-based assessment tool was developed in SA to assess local paediatric interns. The validated tool’s function as a multidimensional instrument to assess both clinical and non-clinical skills included the assessment of emotional skills which are largely neglected. Validated work-based assessment instruments can be developed that are responsive to local needs and support the development of holistic clinicians in high disease-burdened contexts."
programming skill assessment instrument validated,crossref,ok,2069583,10.31227/osf.io/8h2av,DESIGNING THE RELIABLE AND VALID ASSESSMENT’S INSTRUMENT FOR ENGLISH SPEAKING SKILL,2017,"Speaking is one important aspect that must be mastered in language, especially English. Althoughconsidered to be important, its very difficult to find the instruments of judgment this aspect. Eventhoughthere were, that would not be valid and reliable instrument. The paper is about the design of theassessment’s instrument for English speaking skill at senior high school. There are 10 aspects ofassessment used by the authors, namely the aspects of Content, Grammar, Vocabulary, Fluently,Pronunciation, Intonation, Diction, Organization, Interactive Communication, and DiscourseManagement. To produce a quality assessment instrument, the author make a test of the validity andreliability on the instrument. The current study author English involve experts to examine the structureand substance of the assessment, in addition, the authors also tested the instrument as a statistical test.These instruments are used to assess two techniques in speaking English, which is a technique inspeaking English as a monologue and interpersonal. Based on the validity of expert English andstatistical analysis showed that the 10 aspects of assessment is feasible used to test the ability to speakEnglish."
programming skill assessment instrument validated,crossref,ok,2069583,10.15294/jpii.v6i1.7885,The Development of Alternative Assessment Instrument in Web-Based Scientific Communication Skill in Science Education Seminar Course,2017,"&lt;p&gt;Science Education Seminar course aims to develop the communication skill of students. The materials and assignments are given to train how to communicate effectively both written and orally. The tasks consist of the scientific papers analysis, conceptual article draft, and other assignments. It took longer time to assess those assignments with only pencil and paper methods therefore a web-based alternative assessment was designed to assess the assignments. Web-based alternative assessment (e-assessment) can facilitate students and lecturer in the process of collecting and assessing tasks. The validation score by the assessment expert of the four aspects resulted 94,64%, 92,86%, 91,07%, and 92,86% meanwhile the score of expert information systems was 90, 63%. Thus the product can be said as valid in very feasible category with the average score of 81.5%. The percentage of positive responses of students was 84,43% that indicates the product is effective to help students and lecturers in the assessing students’ assignment and performance. Therefore, it can be said that the research has met the indicator of feasibility to result a valid and effective product.&lt;/p&gt;"
programming skill assessment instrument validated,crossref,ok,2069583,10.21009/1.04203,The Development of Authentic Assessment Instrument to Measure Science Process Skill and Achievement based on Students' Performance,2018,"This study aims to develop an authentic assessment instrument based on students' performance. It can build the science process skill and measure the cognitive aspects of studentâ€™s achievement. The procedure of research &amp; development method is adapted from Borg and Gallâ€™s model, consisting collecting information, planning, early product development, preliminary field testing, first product revision, field testing, second product revision, and dissemination. The initial field testing was executed to 15 participants, and the field testing to 31 participants in MAN III Yogyakarta use the One â€“ Shot Case Study model. The results of the study as follows: (1) instruments according to the experts' judgment, physics teachers and peers, in general, was valid, (2) instruments at the preliminary field test and main field test was reliable, and (3) instruments could build skills and measure cognitive achievementâ€™s aspect of the scientific process skills of the senior high-school students for heat and temperature topic."
programming skill assessment instrument validated,crossref,ok,2069583,10.2466/pms.1984.59.1.175,The Objectives-Based Motor-Skill Assessment Instrument: Validation of Instructional Sensitivity,1984,"To validate the instructional sensitivity of the Objectives-based Motor-skill Assessment Instrument 34 preschoolers aged 30 to 65 mo. were randomly assigned to a group who received formal motor-skill instruction or one who received supervised free play for 30 min. three times weekly for 10 wk. This test was administered before and after 10 wk. according to standardized procedures. A one-way analysis of covariance was applied to the total-test score to examine the effect of training, using the pretest data as the covariate. When the differences attributed to pretest scores were partialled out, there were significant between-group differences in posttest scores favoring the instructed group. This result supports the claim by the test developer that the test can be used to evaluate the success of fundamental training programs for gross motor skill."
programming skill assessment instrument validated,crossref,ok,2069583,10.31227/osf.io/8h2av_v1,DESIGNING THE RELIABLE AND VALID ASSESSMENT’S INSTRUMENT FOR ENGLISH SPEAKING SKILL,2017,"Speaking is one important aspect that must be mastered in language, especially English. Althoughconsidered to be important, its very difficult to find the instruments of judgment this aspect. Eventhoughthere were, that would not be valid and reliable instrument. The paper is about the design of theassessment’s instrument for English speaking skill at senior high school. There are 10 aspects ofassessment used by the authors, namely the aspects of Content, Grammar, Vocabulary, Fluently,Pronunciation, Intonation, Diction, Organization, Interactive Communication, and DiscourseManagement. To produce a quality assessment instrument, the author make a test of the validity andreliability on the instrument. The current study author English involve experts to examine the structureand substance of the assessment, in addition, the authors also tested the instrument as a statistical test.These instruments are used to assess two techniques in speaking English, which is a technique inspeaking English as a monologue and interpersonal. Based on the validity of expert English andstatistical analysis showed that the 10 aspects of assessment is feasible used to test the ability to speakEnglish."
programming skill assessment instrument validated,crossref,ok,2069583,10.1590/0034-7167-2016-0595,Assessment of professional competence of nurses in emergencies: created and validated instrument,2018,"ABSTRACT  Objective: To create an instrument to assess the professional competence of nurses in emergencies.  Method: Methodological study carried out between 2013 and 2016 in a Brazilian university. We used the Pasquali's model and Psychometrics as references because they allow subjective phenomena to be measured. The survey covered defining steps of the behavior to be measured, the formulation of the items in the instrument, development of instructions for using the instrument and elements necessary to demonstrate validity evidence. Although we have previously performed, in a distinct and consecutive way, the literature review, definition of the Core (or Matrix) Competence and the Competence Profile, and identification of validity with Delphi, essential components to structure a technology, in this step we continued the conclusion of these Theoretical Procedures.  Result: We created an instrument for self- and/or hetero-evaluation containing: personal/professional/academic characterization, Competency Scale, fictitious cases and actions representing the practice.  Conclusion: We created a new soft-hard technology based on the validity evidence of contents according to experts of the five regions of Brazil."
programming skill assessment instrument validated,crossref,ok,2069583,10.1111/coa.13973/v2/review2,"Review for ""&lt;scp&gt;FiveQ&lt;/scp&gt; : A new easy‐to‐use validated clinical instrument for tinnitus severity""",2022,
programming skill assessment instrument validated,crossref,ok,2069583,10.1109/tale56641.2023.10398412,Towards the Development of Qualities of Online Programming Teachers Instrument,2023,
programming skill assessment instrument validated,crossref,ok,2069583,10.1007/s00464-015-4346-z,Objective assessment of robotic surgical skill using instrument contact vibrations,2015,
code writing unaided assessment novice programmer,crossref,ok,2135941,10.1145/1584322.1584336,"A closer look at tracing, explaining and code writing skills in the novice programmer",2009,
code writing unaided assessment novice programmer,crossref,ok,2135941,10.1109/csde50874.2020.9411562,Code Complexity Analyser and Visualiser for Novice Programmer,2020,
code writing unaided assessment novice programmer,crossref,ok,2135941,10.15388/infedu.2023.15,Automatically detecting previous programming knowledge from novice programmer code compilation history,2022,"Prior programming knowledge of students has a major impact on introductory programming courses. Those with prior experience often seem to breeze through the course. Those without prior experience see others breeze through the course and disengage from the material or drop out. The purpose of this study is to demonstrate that novice student programming behavior can be modeled as a Markov process. The resulting transition matrix can then be used in machine learning algorithms to create clusters of similarly behaving students. We describe in detail the state machine used in the Markov process and how to compute the transition matrix. We compute the transition matrix for 665 students and cluster them using the k-means clustering algorithm. We choose the number of cluster to be three based on analysis of the dataset. We show that the created clusters have statistically different means for student prior knowledge in programming, when measured on a Likert scale of 1-5."
code writing unaided assessment novice programmer,crossref,ok,2135941,10.1007/978-1-4842-7147-6,C# Programming for Absolute Beginners,2021,
code writing unaided assessment novice programmer,crossref,ok,2135941,10.4324/9781315808321,Studying the Novice Programmer,2013,
code writing unaided assessment novice programmer,crossref,ok,2135941,10.1007/978-1-4842-7147-6_9,Numbers,2021,
code writing unaided assessment novice programmer,crossref,ok,2135941,10.1201/9780429292835-6,Writing Machine Learning Code,2023,
code writing unaided assessment novice programmer,crossref,ok,2135941,10.1007/978-1-4842-7147-6_17,Compound Conditions,2021,
code writing unaided assessment novice programmer,crossref,ok,2135941,10.1007/978-1-4842-7147-6_8,Input,2021,
code writing unaided assessment novice programmer,crossref,ok,2135941,10.1007/978-1-4842-7147-6_21,Improving Loops,2021,
code writing unaided assessment novice programmer,crossref,ok,2135941,10.1007/978-1-4842-7147-6_13,Accumulating Values,2021,
code writing unaided assessment novice programmer,crossref,ok,2135941,10.1007/978-1-4842-7147-6_10,Economic Calculations,2021,
code writing unaided assessment novice programmer,crossref,ok,2135941,10.1007/978-1-4842-7147-6_1,Getting Ready,2021,
code writing unaided assessment novice programmer,crossref,ok,2135941,10.1007/978-1-4842-7147-6_18,Multiple Conditions,2021,
code writing unaided assessment novice programmer,crossref,ok,2135941,10.1007/978-1-4842-7147-6_20,First Loops,2021,
code writing unaided assessment novice programmer,crossref,ok,2135941,10.1007/978-1-4842-7147-6_25,Advanced Loops,2021,
code writing unaided assessment novice programmer,crossref,ok,2135941,10.1007/978-1-4842-7147-6_14,Essential Tools,2021,
code writing unaided assessment novice programmer,crossref,ok,2135941,10.1007/978-1-4842-7147-6_22,Number Series,2021,
code writing unaided assessment novice programmer,crossref,ok,2135941,10.1007/978-1-4842-7147-6_16,Practical Conditions,2021,
code writing unaided assessment novice programmer,crossref,ok,2135941,10.1007/978-1-4842-7147-6_11,Calculations with Dates,2021,
code writing unaided assessment novice programmer,crossref,ok,2135941,10.1007/978-1-4842-7147-6_3,Dealing with Output,2021,
code writing unaided assessment novice programmer,crossref,ok,2135941,10.5220/0005789802890297,Semi-Automatic Assessment Approach to Programming Code for Novice Students,2016,
code writing unaided assessment novice programmer,crossref,ok,2135941,10.1007/978-1-4842-7147-6_5,Working with Objects,2021,
code writing unaided assessment novice programmer,crossref,ok,2135941,10.1007/978-1-4842-7147-6_19,Advanced Conditions,2021,
code writing unaided assessment novice programmer,crossref,ok,2135941,10.1007/978-1-4842-7147-6_4,Using Variables,2021,
code writing unaided assessment novice programmer,crossref,ok,2135941,10.4135/9781526475503,Module 4: A Brief Guide: Thinking Like a Programmer,2017,
code writing unaided assessment novice programmer,crossref,ok,2135941,10.1007/978-1-4842-7147-6_6,Using Object Actions,2021,
code writing unaided assessment novice programmer,crossref,ok,2135941,10.1007/978-1-4842-7147-6_2,Your First Program,2021,
code writing unaided assessment novice programmer,crossref,ok,2135941,10.1007/978-1-4842-7147-6_7,More About Objects,2021,
code writing unaided assessment novice programmer,crossref,ok,2135941,10.1007/978-1-4842-7147-6_24,Accumulating Intermediate Results,2021,
code writing unaided assessment novice programmer,crossref,ok,2135941,10.1007/978-1-4842-7147-6_15,Getting Started with Conditions,2021,
code writing unaided assessment novice programmer,crossref,ok,2135941,10.1007/978-1-4842-7147-6_23,Unknown Number of Repetitions,2021,
code writing unaided assessment novice programmer,crossref,ok,2135941,10.1007/978-1-4842-7147-6_12,Understanding Different Kinds of Numbers,2021,
code writing unaided assessment novice programmer,crossref,ok,2135941,10.2139/ssrn.4626326,Improving the Debugging Skills of a Novice Programmer Through Enhanced Knowledge of Interactive Debugging,2023,
code writing unaided assessment novice programmer,crossref,ok,2135941,10.1109/rtcdc.2005.201638,Visual programming for novice programmer teachers,2005,
code writing unaided assessment novice programmer,crossref,ok,2135941,10.5749/minnesota/9780816696994.003.0003,Programmer as Writer,2015,
code writing unaided assessment novice programmer,crossref,ok,2135941,10.1145/1095242.1095254,Visual programming for novice programmer teachers,2005,
code writing unaided assessment novice programmer,crossref,ok,2135941,10.1109/fie.2014.7044420,Meaningful categorisation of novice programmer errors,2014,
code writing unaided assessment novice programmer,crossref,ok,2135941,10.1145/1272848.1272896,Revisiting novice programmer errors,2007,"Although programmer errors have been investigated, only a limited range of error types typically made by novices have been scrutinized. In this paper we present an expanded classification of the types of errors considered in previous research. In particular, problems which require the use of more difficult program constructs such as nested loops, arrays, recursion and functions have been somewhat neglected. We hope this paper will encourage other researchers to further analyze the types of errors advanced novices will make and the types of misunderstandings which underlie such errors."
code writing unaided assessment novice programmer,crossref,ok,2135941,10.1145/3385548,Session details: Paper Session: Novice Programmer Behaviors,2020,
code writing unaided assessment novice programmer,crossref,ok,2135941,10.1109/fie43999.2019.9028699,Debugging: The key to unlocking the mind of a novice programmer?,2019,
code writing unaided assessment novice programmer,crossref,ok,2135941,10.1145/142040.142052,Protocol analysis of a novice programmer,1992,"This study examined the problem solving of a novice programmer writing a first draft of an elementary computer program. The latter stages of entering and debugging the program were not part of the analysis. A detailed analysis of the tape-recorded protocol confirmed the major themes of the research on novice problem solving. Some characteristics specific to programming were also identified. In particular, the subject emphasized the syntax of the language, showed little advanced planning, and organized her programming information in the order it had been presented in class. There were distinct phases of (a) understanding the problem, (b) devising a plan, and (c) carrying out the plan. There was also evidence of both positive and negative transfer from what the student had previously learned in class. A number of practical guidelines for teaching novices to program emerged from the analysis and the literature."
code writing unaided assessment novice programmer,crossref,ok,2135941,10.1109/vlhcc.2018.8506481,The novice programmer needs a plan,2018,
code writing unaided assessment novice programmer,crossref,ok,2135941,10.1109/ipcc.2005.1494255,What part writer? what part programmer? a survey of practices and knowledge used in programmer writing,,
code writing unaided assessment novice programmer,crossref,ok,2135941,10.59350/thntz-mdg46,Large Language Models for Code Writing: Security Assessment,2024,"Introduction With the surge of Large Language Models (LLMs) nowadays, there is a rising trend among developers to use Large Language Models to assist their daily code writing. Famous products include GitHub Copilot or simply ChatGPT. However, just like those codes written by human developers, code generated by LLMs can sometimes have a lot of security risks as well."
code writing unaided assessment novice programmer,crossref,ok,2135941,10.5013/ijssst.a.17.32.38,B-Learning on Novice Programmer Learning with Roles of Variables,2016,
code writing unaided assessment novice programmer,crossref,ok,2135941,10.59350/c9qeh-m6z87,Large Language Models for Code Writing: Security Assessment,2024,"Introduction With the surge of Large Language Models (LLMs) nowadays, there is a rising trend among developers to use Large Language Models to assist their daily code writing. Famous products include GitHub Copilot or simply ChatGPT. However, just like those codes written by human developers, code generated by LLMs can sometimes have a lot of security risks as well."
code writing unaided assessment novice programmer,crossref,ok,2135941,10.37514/jwa-j.2020.4.1.05,Writing Analytics and Program Assessment: How Novice Writers Use Rubric Terminology in Reflective Essays,2020,
code writing unaided assessment novice programmer,crossref,ok,2135941,10.1109/vlhcc.2015.7357199,Exploring novice programmer example use,2015,
code writing unaided assessment novice programmer,crossref,ok,2135941,10.1017/cbo9780511811326.011,Writing Interpreters for the λ-Calculus,1996,
CS1 knowledge test language independent assessment,crossref,ok,4832184,10.1145/1953163.1953200,The FCS1,2011,
CS1 knowledge test language independent assessment,crossref,ok,4832184,10.1145/2960310.2960316,"Replication, Validation, and Use of a Language Independent CS1 Knowledge Assessment",2016,
CS1 knowledge test language independent assessment,crossref,ok,4832184,10.1145/3576882.3617910,Validating a Language-Independent CS1 Learning Outcomes Assessment,2023,
CS1 knowledge test language independent assessment,crossref,ok,4832184,10.1145/3287324.3287370,An Item Response Theory Evaluation of a Language-Independent CS1 Knowledge Assessment,2019,
CS1 knowledge test language independent assessment,crossref,ok,4832184,10.1186/s40468-018-0075-2,Toward measuring language teachers’ assessment knowledge: development and validation of Language Assessment Knowledge Scale (LAKS),2018,
CS1 knowledge test language independent assessment,crossref,ok,4832184,10.4324/9780203053768-9,Validating a Test to Measure Depth of Vocabulary Knowledge,2013,
CS1 knowledge test language independent assessment,crossref,ok,4832184,10.1177/0265532216677106,Topical knowledge in L2 speaking assessment: Comparing independent and integrated speaking test tasks,2016,"Integrated speaking test tasks (integrated tasks) provide reading and/or listening input to serve as the basis for test-takers to formulate their oral responses. This study examined the influence of topical knowledge on integrated speaking test performance and compared independent speaking test performance and integrated speaking test performance in terms of how each was related to topical knowledge. The researchers derived four integrated tasks from TOEFL iBT preparation materials, developed four independent speaking test tasks (independent tasks), and validated four topical knowledge tests (TKTs) on a group of 421 EFL learners. For the main study, they invited another 352 students to respond to the TKTs and to perform two independent tasks and two integrated tasks. Half of the test takers took the independent tasks and integrated tasks on one topic combination while the other half took tasks on another topic combination. Data analysis, drawing on a series of path analyses, led to two major findings. First, topical knowledge significantly impacted integrated speaking test performance in both topic combinations. Second, the impact of topical knowledge on the two types of speaking test performances was topic dependent. Implications are proposed in light of these findings."
CS1 knowledge test language independent assessment,crossref,ok,4832184,10.1186/s40468-021-00135-4,EFL teachers’ perceptions and practices of their language assessment knowledge,2021,"Abstract
                  Research on language assessment knowledge (LAK) of teachers has focused on two major topics: identifying the LAK needs of teachers and developing appropriate LAK tests. Although the prior research findings significantly contributed to our understanding of the parameters of LAK, they were mostly quantitative and did not provide much information about EFL teachers’ perceptions and applications of their LAK in a direct and face-to-face situation. Therefore, this qualitative study was designed to shed light on some key issues related to teachers’ LAK using semi-structured interviews. The issues included EFL teachers’ perception of their LAK and their utilization of LAK in their teaching. The participants were 11 teachers with a high level of LAK and 10 teachers with a low level of LAK determined by their performance on a LAK test. The interviews were recorded, transcribed, and content analyzed. The findings did not reveal significant differences in the responses provided by the two groups of teachers. Further, to investigate the extent of teachers’ application of LAK in classroom contexts, some of the tests made by the participating teachers were collected and content analyzed. The results showed that teachers with high LAK wrote longer tests with more varied sections and tasks. Finally, no meaningful relationship was found between the teachers’ level of LAK and their students’ performance on classroom achievement tests. The findings imply that the language assessment field needs more research on multiple dimensions of LAK."
CS1 knowledge test language independent assessment,crossref,ok,4832184,10.1186/s40468-021-00146-1,Correction to: EFL teachers’ perceptions and practices of their language assessment knowledge,2021,
CS1 knowledge test language independent assessment,crossref,ok,4832184,10.1186/isrctn17924218,"Validating a self-adminstered, language-independent iPad-based test for assessment and monitoring of cognitive impairment in patients with multiple sclerosis (MS)",2018,
CS1 knowledge test language independent assessment,crossref,ok,4832184,10.1080/15434303.2019.1648474,Using a Listening Vocabulary Levels Test to Explore the Effect of Vocabulary Knowledge on GEPT Listening Comprehension Performance,2019,
CS1 knowledge test language independent assessment,crossref,ok,4832184,10.1080/15434303.2019.1666848,The Role of Discipline-Related Knowledge and Test Task Objectivity in Assessing Reading for Academic Purposes,2019,
CS1 knowledge test language independent assessment,crossref,ok,4832184,10.5220/0006069703520359,Syllabification with Frequent Sequence Patterns - A Language Independent Approach,2016,
CS1 knowledge test language independent assessment,crossref,ok,4832184,10.2307/j.ctv36xw6dg.26,TEST YOUR KNOWLEDGE,2010,
CS1 knowledge test language independent assessment,crossref,ok,4832184,10.12794/metadc12134,The perception of English language arts teachers about instructional changes following the implementation of the Texas Assessment of Knowledge and Skills test.,,"Accountability in education has been expanding for the past twenty years. As standards for curricular areas continued to develop, educational shareholders desired a way to measure student achievement contextualized by the established standards. Since 1964, policies expanded federal involvement with education, and with the No Child Left Behind Act in 2001, high-stakes testing became a significant part of public education. In Texas, testing transitioned in 2003 to the Texas Assessment of Knowledge and Skill (TAKS) test, an assessment that determines grade advancement for students, ratings for school districts, and additional compensation for some teachers. Along with the increasing expectations for student achievement, the need for effective instruction also increases. This dissertation studies how English language arts (ELA) teachers in four North Texas suburban high schools perceive instructional change following the implementation of TAKS. One hundred twenty-one teachers (n=121) were surveyed using an instrument broken into seven categories: student-centered instruction, student interest, instructional communication, time, classroom environment, teacher knowledge, and assessment. Participants were separated into two groups, teachers with one to six years of experience with a district or seven or more years with a district. Using a rating scale for each statement on the survey instrument, participants indicated the direction and magnitude of change or indicated no change occurred. When comparing an overall average frequency percentage for each possible rating for each category, the two highest percentages for both surveyed groups indicated no instructional change since the implementation of TAKS. However, when considering specific statements about professional growth and instructor knowledge, both groups were likely to rate a change as positive. Whereas, if the statement suggested instructional areas constricted by time, participants for both groups were likely to rate a change as negative. Additionally, an ANOVA indicated no significant difference between either of the participating groups."
CS1 knowledge test language independent assessment,crossref,ok,4832184,10.1080/15434300701375865,"Test Fairness, Test Bias, and DIF",2007,
CS1 knowledge test language independent assessment,crossref,ok,4832184,10.1007/978-94-011-0657-3_6,Language Testing: Matching Assessment Procedures with Language Knowledge,1996,
CS1 knowledge test language independent assessment,crossref,ok,4832184,10.31274/td-20240329-656,Scenario-based language assessment: Developing a language assessment literacy test for Indonesian teachers of English as a foreign language,,
CS1 knowledge test language independent assessment,crossref,ok,4832184,10.1080/15434303.2017.1347789,Formative Assessment in a Test-Dominated Context: How Test Practice Can Become More Productive,2017,
CS1 knowledge test language independent assessment,crossref,ok,4832184,10.29140/lea.v4n2.480,"Perceived effects of CET4 test preparation, language ability, and test performance: An exploratory study of Chinese EFL learners",2021,"This study examined the perceived effects of test preparation for College English Test Band 4 (CET4) on development of language ability and test performance, which has not received sufficient attention previously. A total of 79 undergraduate students from two classes in a Chinese university participated in the study. At the end of the CET4 preparation program provided by the university, the participants completed a questionnaire indicating their perceived improvement in the various attributes (language skill development, skill understanding, test-taking strategies and confidence) in relation to writing, listening, reading, and translating measured by the test. Six participants took part in one-to-one interviews to provide detailed information about their perceived effectiveness of learning as a result of the preparation program. Overall participants thought they made more progress in reading and translating, but less in listening and writing. Regression analyses mainly established that the perceived improvements of most of the attributes and language abilities are significant predictors of students’ anticipated and actual CET4 performance. Implications for test preparation programs, language learners and instructors are discussed with reference to how to facilitate learners’ learning and development of language ability and how to improve performance on future tests."
CS1 knowledge test language independent assessment,crossref,ok,4832184,10.51224/srxiv.512,sports nutrition knowledge of large language model (LLM) artificial intelligence (AI) chatbots,2025,
CS1 knowledge test language independent assessment,crossref,ok,4832184,10.22454/fammed.2022.831717,Racial Bias in Test Performance:,2022,
CS1 knowledge test language independent assessment,crossref,ok,4832184,10.3403/00910435,Information technology. Test methods for measuring conformance to directory services. Application program interface (API) (language independent),,
CS1 knowledge test language independent assessment,crossref,ok,4832184,10.7763/ijtef.2014.v5.368,Assessment of Students’ Knowledge of Computer: Construction of a Test for Assessment,2014,
CS1 knowledge test language independent assessment,crossref,ok,4832184,10.3403/00910435u,Information technology. Test methods for measuring conformance to directory services. Application program interface (API) (language independent),,
CS1 knowledge test language independent assessment,crossref,ok,4832184,10.1080/15434303.2017.1399396,The Effects of Test Preparation on Second-Language Listening Test Performance,2017,
CS1 knowledge test language independent assessment,crossref,ok,4832184,10.1207/s15434311laq0303_4,COMMENTARY: An Analysis of a Language Test for Employment: The Authenticity of the PhonePass Test,2006,
CS1 knowledge test language independent assessment,crossref,ok,4832184,10.5790/hongkong/9789888083640.003.0003,"Learner autonomy, self-assessment and language tests: Towards a new assessment culture",2011,
CS1 knowledge test language independent assessment,crossref,ok,4832184,10.31384/jisrmsse/2016.14.1.7,ANALYZING CHARACTERISTICS OF READING TEST TASKS DESIGNED FOR UNDERGRADUATE LANGUAGE ASSESSMENT,2016,
CS1 knowledge test language independent assessment,crossref,ok,4832184,10.31979/etd.rk92-htn4,A study to test the reliability of an independent living skills assessment instrument,,
CS1 knowledge test language independent assessment,crossref,ok,4832184,10.1080/15434303.2016.1236110,When the Test Developer Does Not Speak the Target Language: The Use of Language Informants in the Test Development Process,2016,
CS1 knowledge test language independent assessment,crossref,ok,4832184,10.1080/15434303.2021.1947288,Language Test Misuse,2021,
CS1 knowledge test language independent assessment,crossref,ok,4832184,10.1186/s40468-021-00130-9,Exploring tertiary EFL practitioners’ knowledge base component of assessment literacy: implications for teacher professional development,2021,"Abstract
                  Language teachers’ assessment literacy has been a much debated subject in the educational arena recently. Teachers’ assessment knowledge base and skills, important aspects of their assessment literacy, have been extensively investigated at the school level; however, the research on this subject in the tertiary EFL context remains underdeveloped. This study reports findings of tertiary EFL teachers’ assessment literacy in terms of their assessment knowledge base in the context of Saudi Arabia. The study is informed by sociocultural theoretical background, with pragmatism as the philosophical underpinning. It uses an adapted instrument called Classroom Assessment Literacy Questionnaire, and the data are obtained from 80 questionnaire respondents. The statistical analysis of the data revealed that tertiary EFL teachers’ current assessment knowledge base is very limited and not consistent with the contemporary trends and approaches to educational assessment in terms of their preparation and readiness for the continuously mounting challenges posed by classroom-based assessments. These results indicating gaps and inadequacies in tertiary EFL practitioners’ assessment literacy have strong implications for teacher development in the area of assessment and testing at the level of policy, practice and professional development programmes."
CS1 knowledge test language independent assessment,crossref,ok,4832184,10.1080/15434303.2019.1691216,Test Review: Texas English Language Proficiency Assessment System (TELPAS),2019,
CS1 knowledge test language independent assessment,crossref,ok,4832184,10.1080/15434303.2010.516042,Cultivating Assessment Literacy: Standards Evaluation Through Language-Test Specification Reverse Engineering,2010,
CS1 knowledge test language independent assessment,crossref,ok,4832184,10.2172/6131118,TRAC-PF1/MOD1 independent assessment: Semiscale Mod-2A intermediate break test S-IB-3,1986,
CS1 knowledge test language independent assessment,crossref,ok,4832184,10.1596/978-1-60244-145-3,"International Assessment of Agricultural Knowledge, Science, and Technology for Development",2010,
CS1 knowledge test language independent assessment,crossref,ok,4832184,10.1080/15434303.2023.2291731,Test-Taker Engagement in AI Technology-Mediated Language Assessment,2023,
CS1 knowledge test language independent assessment,crossref,ok,4832184,10.1017/s0269888918000218,Language independent recommender agent,2018,"Abstract
                  This paper presents a new ‘Language Independent Recommender Agent’ (LIRA), using information distributed over any text-source pair on the Web about candidate items. While existing review-based recommendation systems learn the features of candidate items and users’ preferences, they do not handle varying perspectives of users on those features. LIRA constructs agents for each user, which run regression algorithms on texts from different sources and builds trust relations. The key advantages of LIRA can be listed as: LIRA does not require reviews from target users, LIRA calculates trust values based on prediction accuracy instead of social connections or rating similarity, LIRA does not require the reviews to come from the same community or peer user group. Since ratings of the reviewers are not necessary for LIRA, we can collect and use reviews from different sources (web pages, professional critiques), as long as we know the corresponding item and source of that text. Since LIRA does not combine text from different sources, texts from different sources are not required to be in the same language. LIRA can utilize text from multiple languages, as long as sources are consistent with their language usage."
CS1 knowledge test language independent assessment,crossref,ok,4832184,10.58379/afsn8254,Test of English as a Foreign Language Internet Based Test (TOEFL iBT) writing test,2013,n/a
CS1 knowledge test language independent assessment,crossref,ok,4832184,10.1080/15434303.2018.1448821,"Test of English Language Learning (TELL) (Pearson, 2016)",2018,
CS1 knowledge test language independent assessment,crossref,ok,4832184,10.1016/j.knosys.2016.10.014,Towards a language-independent solution: Knowledge base completion by searching the Web and deriving language pattern,2017,
CS1 knowledge test language independent assessment,crossref,ok,4832184,10.1186/s40468-026-00430-y,Formative assessment for knowledge cultivation in university EFL classrooms: a systematic review from higher education,2026,
CS1 knowledge test language independent assessment,crossref,ok,4832184,10.21236/ada595522,A Language-Independent Approach to Automatic Text Difficulty Assessment for Second-Language Learners,2013,
CS1 knowledge test language independent assessment,crossref,ok,4832184,10.58837/chula.pasaa.66.1.2,"Language Assessment Literacy: Thai EFL Lecturers’ Language Assessment Knowledge, Beliefs, and Practices",2023,
CS1 knowledge test language independent assessment,crossref,ok,4832184,10.1177/0265532208090158,Constructing a language assessment knowledge base: A focus on language assessment courses,2008,"The competencies required for conducting assessment in the educational context have recently been reformulated in view of social constructivist perspectives and the acknowledgement of the role of classroom assessment in promoting learning. These changes have impacted the knowledge base language assessors need to obtain, and hence the contents of language assessment courses. This paper considers the possible components of a language assessment literacy knowledge base, and proposes the establishment of a core knowledge framework for courses in language assessment."
CS1 knowledge test language independent assessment,crossref,ok,4832184,10.3726/978-3-653-01171-5/5,Chapter 3:From test validation to validity evaluation in educational assessment 37,,
CS1 knowledge test language independent assessment,crossref,ok,4832184,10.29140/lea.v6n1.1175,Memorizing and fabricating? Uncovering online writing test preparation,2023,"With high-stakes decisions relying on standardized language tests (Chapelle, 2021a), many test takers seek test preparation from commercial ‘cram schools’, including TOEFL iBT writing (E.-Y. J. Kim, 2017; S. Kim, 2021). Despite a $1.2 billion market for online test preparation courses in Korea, previous studies have primarily focused on in-person classes through interviews and surveys, neglecting online courses. This study analyzed ten prerecorded online lectures from two popular cram schools, applying Messick’s (1982) taxonomy of test preparation to code instructional content. The analysis revealed that three types of instructional activities: three Type 1 (enhancing construct-relevant factors), four Type 2 (reducing construct-irrelevant factors), and four Type 3 (enhancing construct-irrelevant factors) test preparation activities were identified. Type 1 activities primarily covered vocabulary, grammar, and organizational patterns. Type 2 focused on teaching test formats, TOEFL trends, time management, and topic choice. Type 3 addressed templates, fabricating examples, gaming the scoring system, and cramming tips. Notably, students were encouraged to utilize memorized templates and fabricate examples. However, these practices may undermine support for the explanation and consequence implication inferences of the validity argument of TOEFL iBT. This study provides valuable insights into language testing preparation, applicable to various contexts with different tests."
CS1 knowledge test language independent assessment,crossref,ok,4832184,10.1207/s15434311laq0101_3,"Developing Formative Teacher Assessment: Knowledge, Practice, and Change",2004,
CS1 knowledge test language independent assessment,crossref,ok,4832184,10.1207/s15434311laq0301_5,Test and Item Specifications Development,2006,
automated assessment programming exercise mastery,crossref,ok,2536421,10.5220/0014814300004021,Chatbot-Based Assessment of Code Understanding in Automated Programming Assessment Systems,2026,
automated assessment programming exercise mastery,crossref,ok,2536421,10.5220/0007424800150026,Smart Like a Fox: How Clever Students Trick Dumb Automated Programming Assignment Assessment Systems,2019,
automated assessment programming exercise mastery,crossref,ok,2536421,10.5220/0013203000003932,An Online Integrated Development Environment for Automated Programming Assessment Systems,2025,
automated assessment programming exercise mastery,crossref,ok,2536421,10.5220/0012556400003693,Requirements for an Online Integrated Development Environment for Automated Programming Assessment Systems,2024,
automated assessment programming exercise mastery,crossref,ok,2536421,10.20944/preprints202512.2709.v1,Educational AI: Automated Computational Thinking Assessment from Visual Programming Artifacts,2025,"This paper introduces an enhanced version of Dr.Scratch, a web-based tool for automatically assessing Compu-tational Thinking (CT) skills evident in visual programmingprojects. We propose a fuzzy logic-based scoring framework toaddress limitations in existing rule-based assessment systems.The paper reviews relevant prior initiatives, details the analyticalframework employed to interpret Scratch code, and elucidatesthe computational aspects considered when deriving a CT scorefrom user-created artifacts. Our methodology integrates fuzzyinference to generate continuous, explainable scores across coreCT dimensions. Experimental analysis of over 250 Scratchprojects demonstrates that the fuzzy scoring model providesfiner granularity, better alignment with educator evaluation, andimproved interpretability compared to deterministic approaches.We present preliminary findings from our investigation, discussfuture directions, and address current limitations in automatededucational assessment. The contributions of this work advancethe field of Educational AI toward more nuanced, pedagogicallygrounded computational thinking assessment."
automated assessment programming exercise mastery,crossref,ok,2536421,10.18260/1-2-1153-49848,Designing the Ideal Assessment System to Support Mastery Learning of Computer Programming in an Online Environment,,
automated assessment programming exercise mastery,crossref,ok,2536421,10.1109/mipro60963.2024.10569406,Interactive Programming Tutorials in Automated Programming Assessment System Edgar,2024,
automated assessment programming exercise mastery,crossref,ok,2536421,10.32388/5hr401,"Review of: ""Analyzing Students’ Perceptions of Collaborative Tools for Automated Assessment of Programming Assignments in Distance Education""",2024,
automated assessment programming exercise mastery,crossref,ok,2536421,10.32388/kthubc,"Review of: ""Analyzing Students’ Perceptions of Collaborative Tools for Automated Assessment of Programming Assignments in Distance Education""",2024,
automated assessment programming exercise mastery,crossref,ok,2536421,10.32388/fkpdwp,"Review of: ""Analyzing Students’ Perceptions of Collaborative Tools for Automated Assessment of Programming Assignments in Distance Education""",2024,
automated assessment programming exercise mastery,crossref,ok,2536421,10.32388/wgx0w7,"Review of: ""Analyzing Students’ Perceptions of Collaborative Tools for Automated Assessment of Programming Assignments in Distance Education""",2024,
automated assessment programming exercise mastery,crossref,ok,2536421,10.3102/2272922,Automated Extraction of Computational Thinking Features in Visual Programming Assessment,2026,
automated assessment programming exercise mastery,crossref,ok,2536421,10.32388/mhdcfw,"Review of: ""Analyzing Students’ Perceptions of Collaborative Tools for Automated Assessment of Programming Assignments in Distance Education""",2024,
automated assessment programming exercise mastery,crossref,ok,2536421,10.32388/0r9qay,"Review of: ""Analyzing Students’ Perceptions of Collaborative Tools for Automated Assessment of Programming Assignments in Distance Education""",2024,
automated assessment programming exercise mastery,crossref,ok,2536421,10.32388/vvoxdu,"Review of: ""Analyzing Students’ Perceptions of Collaborative Tools for Automated Assessment of Programming Assignments in Distance Education""",2024,
automated assessment programming exercise mastery,crossref,ok,2536421,10.32388/v2pt6a,"Review of: ""Analyzing Students’ Perceptions of Collaborative Tools for Automated Assessment of Programming Assignments in Distance Education""",2024,
automated assessment programming exercise mastery,crossref,ok,2536421,10.32388/xqa8ex,"Review of: ""Analyzing Students’ Perceptions of Collaborative Tools for Automated Assessment of Programming Assignments in Distance Education""",2024,
automated assessment programming exercise mastery,crossref,ok,2536421,10.32388/wv50ne,"Review of: ""Analyzing Students’ Perceptions of Collaborative Tools for Automated Assessment of Programming Assignments in Distance Education""",2024,
automated assessment programming exercise mastery,crossref,ok,2536421,10.1007/978-3-031-88475-7_1,Functional Capacity Assessment,2025,
automated assessment programming exercise mastery,crossref,ok,2536421,10.4135/9781529705829.n4,Linking planning and assessment together to evidence mastery,2020,
automated assessment programming exercise mastery,crossref,ok,2536421,10.32388/yqcgwe,"Review of: ""Analyzing Students’ Perceptions of Collaborative Tools for Automated Assessment of Programming Assignments in Distance Education""",2024,
automated assessment programming exercise mastery,crossref,ok,2536421,10.1109/cie.2002.1185898,Proposal of an automated record integration system for a programming exercise class,,
automated assessment programming exercise mastery,crossref,ok,2536421,10.15388/lmr.2007.24213,Possibilities for automated programming style assessment in informatics olympiads,2021,"Programming Style is an important part of program quality and it should be taken into account while assessing programs designedby competitors in informatics. In InternationalOlympiad in Informatics grading is automated and based on testing results only, while programming style is not taken into account. However there exists practice in universities in programming courses where programming style of submitted programs is evaluated automatically. The paper reviews existing experience and discusses possibilities for automated grading of programming style in informatics olympiads."
automated assessment programming exercise mastery,crossref,ok,2536421,10.1142/9789812701664_0016,AN ON-LINE PROGRAMMING ENVIRONMENT WITH AUTOMATED ASSESSMENT,2005,
automated assessment programming exercise mastery,crossref,ok,2536421,10.32388/9hz4w6,"Review of: ""Analyzing Students’ Perceptions of Collaborative Tools for Automated Assessment of Programming Assignments in Distance Education""",2024,
automated assessment programming exercise mastery,crossref,ok,2536421,10.32388/hk9ih1,"Review of: ""Analyzing Students’ Perceptions of Collaborative Tools for Automated Assessment of Programming Assignments in Distance Education""",2024,
automated assessment programming exercise mastery,crossref,ok,2536421,10.32388/xb96np,"Review of: ""Analyzing Students’ Perceptions of Collaborative Tools for Automated Assessment of Programming Assignments in Distance Education""",2024,
automated assessment programming exercise mastery,crossref,ok,2536421,10.1109/fie58773.2023.10343243,Towards Automated Assessment of High School Programming,2023,
automated assessment programming exercise mastery,crossref,ok,2536421,10.32388/nlgsgt,"Review of: ""Analyzing Students’ Perceptions of Collaborative Tools for Automated Assessment of Programming Assignments in Distance Education""",2024,
automated assessment programming exercise mastery,crossref,ok,2536421,10.32388/oec9ei,"Review of: ""Analyzing Students’ Perceptions of Collaborative Tools for Automated Assessment of Programming Assignments in Distance Education""",2024,
automated assessment programming exercise mastery,crossref,ok,2536421,10.1063/1.5043714,Possibilities of an automated assessment of Java programming homework in elearning,2018,
automated assessment programming exercise mastery,crossref,ok,2536421,10.1016/b978-0-444-81597-2.50030-9,New Metrics for Automated Programming Assessment,1993,
automated assessment programming exercise mastery,crossref,ok,2536421,10.21100/msor.v18i2.1095,Automated assessment in a programming course for mathematicians,2020,"The paper reports on a programming course for undergraduate Mathematics students in their 2nd year, with some parts compulsory for single-subject students. Assessment takes the form of several programming projects. Formative feedback as well as summative assessment is aided by automated unit tests, which allow for rapid and consistent marking, while focussing markerâ€™s time on students who require the most help."
automated assessment programming exercise mastery,crossref,ok,2536421,10.32388/ychty9,"Review of: ""Analyzing Students’ Perceptions of Collaborative Tools for Automated Assessment of Programming Assignments in Distance Education""",2024,
automated assessment programming exercise mastery,crossref,ok,2536421,10.4135/9781483332222.n174,Mastery and Control Beliefs,2014,
automated assessment programming exercise mastery,crossref,ok,2536421,10.1109/itre.2004.1393651,Automated peer-assisted assessment of programming skills,,
automated assessment programming exercise mastery,crossref,ok,2536421,10.18260/1-2--56569,Fearless Coders: Empowering Students in Programming Mastery,,
automated assessment programming exercise mastery,crossref,ok,2536421,10.1109/icalt.2004.1357692,Design of an automated record integration system for a programming exercise class,,
automated assessment programming exercise mastery,crossref,ok,2536421,10.32388/o5mbrn,"Review of: ""Analyzing Students’ Perceptions of Collaborative Tools for Automated Assessment of Programming Assignments in Distance Education""",2024,
automated assessment programming exercise mastery,crossref,ok,2536421,10.22152/programming-journal.org/2018/2/6,Proactive Empirical Assessment of New Language Feature Adoption via Automated Refactoring: The Case of Java 8 Default Methods,2018,
automated assessment programming exercise mastery,crossref,ok,2536421,10.21125/edulearn.2024.2254,ENHANCING LEARNING IN AN INTERNET PROGRAMMING COURSE: IMPLEMENTING PAIR PROGRAMMING AND FEATURES OF MASTERY-BASED INSTRUCTION,2024,
automated assessment programming exercise mastery,crossref,ok,2536421,10.1007/978-3-031-88475-7_2,Exercise Programming,2025,
automated assessment programming exercise mastery,crossref,ok,2536421,10.1109/mipro70003.2026.11591607,Automated Assessment of University Programming Exams Using Gemini API,2026,
automated assessment programming exercise mastery,crossref,ok,2536421,10.3390/electronics12040942,Scaling Automated Programming Assessment Systems,2023,"The first automated assessment of student programs was reported more than 60 years ago, but this topic remains relevant and highly topical among computer science researchers and teachers. In the last decade, several factors have contributed to the popularity of this approach, such as the development of massive online courses, where large numbers of students can hardly be assessed manually, the COVID-19 pandemic with a strong online presence and physical relocation of students, and the ever-increasing shortage of personnel in the field CS. Modern Automated Programming Assessment Systems (APASs) are nowadays implemented as web applications. For such web applications, especially those that support immediate (on-demand) program assessments and feedback, it can be quite a challenge to implement the various system modules in a secure and scalable manner. Over the past six years, we have developed and actively deployed “Edgar”—a state-of-the-art APAS that enables immediate program evaluation and feedback in any programming language (SQL, C, Java, etc.). In this article, we look at the APAS web application architecture with a focus on scalability issues. We review fundamental features such as dynamic analysis and untrusted code execution, as well as more complex cases such as static analysis and plagiarism detection, and we summarize the lessons learned over the previous six years of research. We identify scalability challenges, show how they have been addressed in APAS Edgar, and then propose general architectural solutions, building blocks and patterns to address those challenges."
automated assessment programming exercise mastery,crossref,ok,2536421,10.1109/acit68900.2025.11510574,Improving Automated Assessment of Programming Exams via Context Window Management,2025,
automated assessment programming exercise mastery,crossref,ok,2536421,10.38094/jastt721238,Automated Programming Assessment Based on Multi-Connect Architecture Associated Memory Neural Network for Introductory Programming Course,2026,"Automated Programming Assessment (APA) has evolved into an essential and effective method of assisting students in the computer programming learning, also providing students with proper support of formative assessment. Assessment feedback assists students in moving forward when they are struggling with their programming codes. Several studies have proposed various APA approaches. However, current research highlights a significant limitations: struggle to deliver feedback that is both immediate and contextually relevant, delayed and irrelevant feedback often results in reduced motivation and diminished learning effectiveness. This underscores the growing demand for APA tools capable of providing timely and meaningful feedback. Current APA studies emphasize that effective feedback should be timely, clear, relevant, and provide guidance aligned with the assignment requirements. To overcome these limitations, this study proposes an automated feedback generation approach called MCA-FGen to support a static analysis of APA using a Multi-Connect Architecture (MCA) Associative Memory Neural Network technique to handle syntax and semantic programming errors that arise during program compilation. Prior to this, a primary dataset containing 104 potential syntax and semantic programming errors was created for use in the learning phase MCA. The implementation and evaluation of the MCA-FGen and its corrective feedback were carried out through Technical and Controlled Experiments. The evaluation of the MCA-FGen in the technical experiment is demonstrated exceptional retrieval performance, achieving 100% accuracy across the primary dataset of manually captured syntax and semantic Java errors. High similarity scores (99.95%) and minimal Hamming distances (0–6 pixels out of 8100) confirm the fidelity of reconstructed patterns, while consistent retrieval times (0.4549 seconds in average) indicate stable convergence behavior. The controlled experiment involved 55 students and employed a feedback form as the data collection instrument. The forms demonstrated excellent internal consistency, with all constructs achieving Cronbach's alpha values above 0.90. The controlled experiment demonstrated a high level of student satisfaction with the proposed MCA-FGen. The overall evaluation across all forms dimensions produced mean scores ranging from approximately 6.5 to 6.9 on a 7-point Likert scale, indicating consistently positive perceptions. Among the evaluated dimensions, Timing achieved the highest overall mean, followed by Feedback Characteristics, Feedback Perception, and EUCS. These findings validate the MCA-FGen’s ability to reliably recognize and reconstruct error patterns, supporting accurate feedback generation. Overall, the results provide strong empirical support for the MCA-FGen’s core functionality while highlighting avenues for optimization in real-time educational contexts."
automated assessment programming exercise mastery,crossref,ok,2536421,10.1016/b978-0-240-80703-4.50026-0,Automated Lighting Programming,2006,
automated assessment programming exercise mastery,crossref,ok,2536421,10.18260/1-2--42271,Application of Mastery Learning in an Online MATLAB Programming Course,,
automated assessment programming exercise mastery,crossref,ok,2536421,10.1007/978-3-642-57678-2_68,Applying techniques of dynamic programming to sequential mastery testing,2000,
automated assessment programming exercise mastery,crossref,ok,2536421,10.32388/sxfme3,Analyzing Students’ Perceptions of Collaborative Tools for Automated Assessment of Programming Assignments in Distance Education,2024,"The pandemic situation generated by COVID-19 forced sectors such as education to change how they carry out their activities, moving abruptly from a face-to-face to a fully online model. These online models require the development of constructivist learning environments that contain not only cognitive tools but also conversation and collaboration tools as one of essential components. This experiment, it has designed and developed the integration of an adaptation of Mattermost in combination with DSLab in an e-learning environment in Higher Education. The goals were to facilitate communication between students, collaborating with each other by means of direct messages among students and the teacher, support the creation of public channels where students' questions can be answered by the lecturer or by other students, and encourage spontaneous learning, sending emoticons where students can reflect their moods and other substantial improvements with respect to the traditional virtual campus forum. This study aims to examine the effects of this integration on students' academic performance by enabling the possibilities for collaboration among teachers and students to be expanded and providing improved interactions and student learning. The experiment was carried out on 271 computer and telecommunication engineering students as an important part of the distributed systems subject in the university's virtual campus. The findings suggest an improvement in academic results that there are increases in students' emotional states such as motivation, self-learning and improvement in academic results invite us to think that, beyond a probable novelty effect, these tools have potential as a technological artifact to support learning."
process data keystroke log measuring programming learning,crossref,ok,7478352,10.1080/09588221.2019.1632901,Scaffolding process knowledge in L2 writing development: insights from computer keystroke log and process graph,2019,
process data keystroke log measuring programming learning,crossref,ok,7478352,10.3389/fpsyg.2021.628660,Identifying Mixture Components From Large-Scale Keystroke Log Data,2021,"In a computer-based writing assessment, massive keystroke log data can provide real-time information on students’ writing behaviors during text production. This research aims to quantify the writing process from a cognitive standpoint. The hope is that the quantification may contribute to establish a writing profile for each student to represent a student’s learning status. Such profiles may contain richer information to influence the ongoing and future writing instruction. Educational Testing Service (ETS) administered the assessment and collected a large sample of student essays. The sample used in this study contains nearly 1,000 essays collected across 24 schools in 18 U.S. states. Using a mixture of lognormal models, the main findings show that the estimated parameters on pause data are meaningful and interpretable with low-to-high cognitive processes. These findings are also consistent across two writing genres. Moreover, the mixture model captures aspects of the writing process not examined otherwise: (1) for some students, the model comparison criterion favored the three-component model, whereas for other students, the criterion favored the four-component model; and (2) students with low human scores have a wide range of values on the mixing proportion parameter, whereas students with higher scores do not possess this pattern."
process data keystroke log measuring programming learning,crossref,ok,7478352,10.59720/24-087,Gradient boosting with temporal feature extraction for modeling keystroke log data,2024,"Although there has been great progress in the field of Natural language processing (NLP) over the last few years, particularly with the development of attention-based models, less research has contributed towards modeling keystroke log data. State of the art methods handle textual data directly and while this has produced excellent results, the time complexity and resource usage are quite high for such methods. Additionally, these methods fail to incorporate the actual writing process when assessing text and instead solely focus on the content. Therefore, we proposed a framework for modeling textual data using keystroke-based features. Such methods pay attention to how a document or response was written, rather than the final text that was produced. These features are vastly different from the kind of features extracted from raw text but reveal information that is otherwise hidden. We hypothesized that pairing efficient machine learning techniques with keystroke log information should produce results comparable to transformer techniques, models which pay more or less attention to the different components of a text sequence in a far quicker time. Transformer-based methods dominate the field of NLP currently due to the strong understanding they display of natural language. We showed that models trained on keystroke log data are capable of effectively evaluating the quality of writing and do it in a significantly shorter amount of time compared to traditional methods. This is significant as it provides a necessary fast and cheap alternative to increasingly larger and slower LLMs."
process data keystroke log measuring programming learning,crossref,ok,7478352,10.1201/9781482292909-9,Measuring Time and Frequency,1998,
process data keystroke log measuring programming learning,crossref,ok,7478352,10.1163/9789004760264-004,Keystroke Data Logging and Visualisation: Design Process and Possibilities and Limitations,2026,
process data keystroke log measuring programming learning,crossref,ok,7478352,10.1145/3328778.3366863,A Study of Keystroke Data in Two Contexts,2020,
process data keystroke log measuring programming learning,crossref,ok,7478352,10.3390/data5030082,Extraction of Missing Tendency Using Decision Tree Learning in Business Process Event Log,2020,"In recent years, process mining has been attracting attention as an effective method for improving business operations by analyzing event logs that record what is done in business processes. The event log may contain missing data due to technical or human error, and if the data are missing, the analysis results will be inadequate. Traditional methods mainly use prediction completion when there are missing values, but accurate completion is not always possible. In this paper, we propose a method for understanding the tendency of missing values in the event log using decision tree learning without supplementing the missing values. We conducted experiments using data from the incident management system and confirmed the effectiveness of our method."
process data keystroke log measuring programming learning,crossref,ok,7478352,10.52731/ijltle.v5.i1.565,Analysis of Student’s Learning Log Data in Fill-in-the-Blank Programming Questions,2022,
process data keystroke log measuring programming learning,crossref,ok,7478352,10.1007/s44311-025-00036-2,Probabilistic learning of processing and waiting times: a scalable approach for process event log data,2026,"Abstract
                  
                    Business process analysis and improvement approaches typically require accurate models of activity processing or preceding waiting times. Data-driven methods derive these from historical event log data, but typically fit static probability distributions that overlook contextual information or train regression models to produce point estimates, disregarding potential uncertainties. To address these limitations, we present the
                    Pro3Log
                    approach that enables
                    Pro
                    babilistic learning of
                    Pro
                    cessing and waiting times of activities based on
                    Pro
                    cess event logs. Probabilistic learning is a machine learning approach that enables the learning of dynamic probability distributions, which can model uncertainties while incorporating relevant contextual information. Our
                    Pro3Log
                    approach encodes the history of a process case to a fixed-sized input vector and uses DR-BART, a tree-based ensemble model, for deriving dynamic probability distributions. To handle large event logs,
                    Pro3Log
                    uses a Mixture of Experts framework where several DR-BART models are trained on a predefined number of subsets of an event log. The subsets are obtained by splitting the event log into clusters using the agglomerative Information Bottleneck algorithm, aiming for homogeneity in processing and waiting times within each cluster. This approach reduces data complexity, allowing for more effective training on each cluster. We apply
                    Pro3Log
                    in a business process simulation and demonstrate that it can be used to improve the accuracy of simulation models. These results demonstrate
                    Pro3Log
                    ’s potential to enhance diverse BPM techniques, including predictive process monitoring or resource allocation approaches."
process data keystroke log measuring programming learning,crossref,ok,7478352,10.25126/jtiik.1077987,Analisis Interaksi Aktivitas Pembelajaran Daring Berdasarkan Data Log Aktivitas pada Learning Managemefnt System (LMS) Menggunakan Educational Process Mining,2024,"Perpaduan perkembangan teknologi di bidang pendidikan telah mengembangkan suatu inovasi yang disebut LMS (Learning Management System) yang dapat diakses dari mana saja dan kapan saja tanpa harus melakukan pertemuan secara fisik di kelas. Kegiatan interaksi pada LMS memiliki event log yang dapat diekstraksi untuk mengidentifikasi analisis menggunakan Educational Process Mining (EPM). Kami mengekstrak event log dari ELING, platform LMS yang disediakan oleh fakultas kami. Selanjutnya, kami melakukan Process Mining menggunakan metode Heuristic Miner dari tiga dosen kelas mata kuliah Data Warehouse yang berbeda. Analisis yang dilakukan yaitu melihat gambaran kegiatan pembelajaran yang diberikan oleh masing-masing dosen dan pendekatannya dalam mengarahkan mahasiswa untuk berinteraksi dengan modul materi pada ELING apakah sesuai urutan dalam Rencana Pembelajaran Semester (RPS). Kami memvariasikan dependency threshold untuk mengidentifikasi modul pembelajaran mana yang memiliki tingkat ketergantungan yang lebih tinggi antar event yang menjadi inti pembelajaran mata kuliah tersebut. Pada dependency threshold 0,6, jumlah kegiatan dari model yang ditemukan untuk semua dosen adalah 21. Sementara pada threshold 0,8, jumlah kegiatan bervariasi antara 12 dan 20. Dengan variasi dependency threshold ini juga akan mengidentifikasi modul mana yang tetap muncul yang berhubungan dengan bentuk model aktivitas pembelajaran dan apakah model yang dihasilkan sesuai dengan urutan RPS.
 
Abstract
 
The combination of technological developments in the field of education has developed an innovation called LMS (Learning Management System) that can be accessed from anywhere and anytime without having to conduct physical meetings in class. Interaction activities in the LMS have event logs that can be extracted to identify analysis using Educational Process Mining (EPM). We extract event logs from ELING, an LMS platform provided by our faculty. Next, we conducted Process Mining using the Heuristic Miner method from three different Data Warehouse course class lecturers. The analysis carried out is to see an overview of the learning activities provided by each lecturer and their approach in directing students to interact with the material modules on ELING whether in the order in the Semester Learning Plan (RPS). We vary the dependency threshold to identify which learning modules have a higher level of dependency between events that are at the core of the course's learning. At a dependency threshold of 0.6, the number of activities from the model found for all lecturers was 21. While at the threshold of 0.8, the number of activities varies between 12 and 20. With dependency threshold variations, it will also identify which modules still appear that relate to the shape of the learning activity model and whether the resulting model matches the RPS sequence."
process data keystroke log measuring programming learning,crossref,ok,7478352,10.32614/cran.package.apachelogprocessor,ApacheLogProcessor: Process the Apache Web Server Log Files,2015,
process data keystroke log measuring programming learning,crossref,ok,7478352,10.25126/jtiik.2024117987,Analisis Interaksi Aktivitas Pembelajaran Daring Berdasarkan Data Log Aktivitas pada Learning Managemefnt System (LMS) Menggunakan Educational Process Mining,2024,"Perpaduan perkembangan teknologi di bidang pendidikan telah mengembangkan suatu inovasi yang disebut LMS (Learning Management System) yang dapat diakses dari mana saja dan kapan saja tanpa harus melakukan pertemuan secara fisik di kelas. Kegiatan interaksi pada LMS memiliki event log yang dapat diekstraksi untuk mengidentifikasi analisis menggunakan Educational Process Mining (EPM). Kami mengekstrak event log dari ELING, platform LMS yang disediakan oleh fakultas kami. Selanjutnya, kami melakukan Process Mining menggunakan metode Heuristic Miner dari tiga dosen kelas mata kuliah Data Warehouse yang berbeda. Analisis yang dilakukan yaitu melihat gambaran kegiatan pembelajaran yang diberikan oleh masing-masing dosen dan pendekatannya dalam mengarahkan mahasiswa untuk berinteraksi dengan modul materi pada ELING apakah sesuai urutan dalam Rencana Pembelajaran Semester (RPS). Kami memvariasikan dependency threshold untuk mengidentifikasi modul pembelajaran mana yang memiliki tingkat ketergantungan yang lebih tinggi antar event yang menjadi inti pembelajaran mata kuliah tersebut. Pada dependency threshold 0,6, jumlah kegiatan dari model yang ditemukan untuk semua dosen adalah 21. Sementara pada threshold 0,8, jumlah kegiatan bervariasi antara 12 dan 20. Dengan variasi dependency threshold ini juga akan mengidentifikasi modul mana yang tetap muncul yang berhubungan dengan bentuk model aktivitas pembelajaran dan apakah model yang dihasilkan sesuai dengan urutan RPS.
 
Abstract
 
The combination of technological developments in the field of education has developed an innovation called LMS (Learning Management System) that can be accessed from anywhere and anytime without having to conduct physical meetings in class. Interaction activities in the LMS have event logs that can be extracted to identify analysis using Educational Process Mining (EPM). We extract event logs from ELING, an LMS platform provided by our faculty. Next, we conducted Process Mining using the Heuristic Miner method from three different Data Warehouse course class lecturers. The analysis carried out is to see an overview of the learning activities provided by each lecturer and their approach in directing students to interact with the material modules on ELING whether in the order in the Semester Learning Plan (RPS). We vary the dependency threshold to identify which learning modules have a higher level of dependency between events that are at the core of the course's learning. At a dependency threshold of 0.6, the number of activities from the model found for all lecturers was 21. While at the threshold of 0.8, the number of activities varies between 12 and 20. With dependency threshold variations, it will also identify which modules still appear that relate to the shape of the learning activity model and whether the resulting model matches the RPS sequence."
process data keystroke log measuring programming learning,crossref,ok,7478352,10.2139/ssrn.4810106,Integrating Deep Learning and Data Fusion for Advanced Keystroke Dynamics Authentication,2024,
process data keystroke log measuring programming learning,crossref,ok,7478352,10.1007/s11145-019-09953-8,Understanding the keystroke log: the effect of writing task on keystroke features,2019,
process data keystroke log measuring programming learning,crossref,ok,7478352,10.1016/b978-0-12-176560-6.50019-7,normed effects in log-linear models for dichotomous data,1979,
process data keystroke log measuring programming learning,crossref,ok,7478352,10.1109/icalt.2013.161,Predicting Students' Performance in an Introductory Programming Course Using Data from Students' Own Programming Process,2013,
process data keystroke log measuring programming learning,crossref,ok,7478352,10.1007/978-3-031-08518-5_8,Measuring Professional Competence Using Computer-Generated Log Data,2022,
process data keystroke log measuring programming learning,crossref,ok,7478352,10.18178/wcse.2024.06.039,On the Machine Learning Based Business Process for User  Identification Using Keystroke Datasets,2024,
process data keystroke log measuring programming learning,crossref,ok,7478352,10.1021/acs.est.4c09395.s001,Applying Gaussian Process Machine Learning and Modern Probabilistic Programming to Satellite Data to Infer CO2 Emissions,,
process data keystroke log measuring programming learning,crossref,ok,7478352,10.2139/ssrn.4272409,Feature Engineering Process on Well Log Data for Machine Learning-Based Sagd Performance Prediction,2022,
process data keystroke log measuring programming learning,crossref,ok,7478352,10.58837/chula.the.2003.1558,Implementation of the ellipse algorithm to process caliper log data,,"A new procedure to process caliper measurements of wellbore radii to indicate the locations of damage(s) in the casing which may occur as a result of drilling, tripping equipment in and out of the wellbore, corrosion, etc and locations of scale precipitation is proposed. In general, to identify the location of the damage in the casing, a caliper survey tool is lowered into the wellbore to measure radii of the casing. The current algorithm used to process, called the vector sum, assume the casing to be round. Since the tool may not be perfectly centered in the wellbore, the measurements are corrected for eccentricity. However, this process introduces errors since the casing may be ellipse fit, uses an elliptic rather than circular, especially when the casing is under stress and strain of different magnitudes. The new method proposed in this paper, called the ellipse fit, uses an elliptic equation to fit the data via least squares fitting. The location of casing damage or scale precipitation can be found by comparing the measurements with the ellipse fit. Caliper measurements at different times help us identify development of casing damage or scale precipitation. By comparing measurements of radii at different times, the location of casing damage or scale precipitation can be pinpointed. Synchronization between different measurements must be performed since each measurement may start at a different position. This can be done by rotating the positions of the radii until there is a match between radii of the two runs. Being able to identify the location of casing damage or scale precipitation enables us to make necessary plans for well repair."
process data keystroke log measuring programming learning,crossref,ok,7478352,10.58837/chula.the.2012.937,Authentication process using eye vision with keystroke patterns,,"Biometrics authentication is one of the powerful solutions that being used broadly in the Information Security due to its high effective and accurate results. Nevertheless, most of these methods require specific devices to gain input data. The keystroke dynamics authentication is a biometric technique that requires a common device which is a keyboard. Therefore, this biometric is a very useful technology that can be implemented on various systems over the Internet as long as those users use keyboards. Unfortunately, the defect of using the keystroke dynamics is that the authentication result is invalid when users have different tempers. Thus, the accuracy of the use of the keystroke dynamics can be increased when combining this technique with other biometrics, such as the fingerprint and the iris scan. The unsuitable for these combinations is that special devices are required in the authentication process. So, to eliminate such requirements, this research proposes the modification of keystroke dynamics biometric by adapting it with the speed of eyes vision in order to increase the higher accuracy of identifying legitimate users. The proposed solution presents that the authentication process can be performed on a basic device such as the keyboard."
process data keystroke log measuring programming learning,crossref,ok,7478352,10.1163/9789004760264-007,Towards a 3-Sided Behavioural/Linguistic/Machine Learning Analysis and Visualisation of Key-Log Data,2026,
process data keystroke log measuring programming learning,crossref,ok,7478352,10.4324/9781003585176-6,Knowledge Tracing within Single Programming Practice Using Problem-Solving Process Data,2025,
process data keystroke log measuring programming learning,crossref,ok,7478352,10.31979/etd.x9yp-98ku,Keystroke Dynamics Based on Machine Learning,,
process data keystroke log measuring programming learning,crossref,ok,7478352,10.1109/spc.2018.8704135,Machine Learning Algorithm on Keystroke Dynamics Pattern,2018,
process data keystroke log measuring programming learning,crossref,ok,7478352,10.1007/978-3-319-77525-8_100046,Business Process Execution Log,2019,
process data keystroke log measuring programming learning,crossref,ok,7478352,10.1117/12.3061295.2551e4fe-c6d1-ef11-a9a6-005056914f1c,,,
process data keystroke log measuring programming learning,crossref,ok,7478352,10.7290/n8lx7b8,Data for Investigating the effect of metal powder recycling in Electron beam Powder Bed Fusion using process log data - Data for Investigating the effect of metal powder recycling in Electron beam Powder Bed Fusion using process log data,2019,
process data keystroke log measuring programming learning,crossref,ok,7478352,10.1080/10494820.2017.1341941,Keystroke-level analysis to estimate time to process pages in online learning environments,2017,
process data keystroke log measuring programming learning,crossref,ok,7478352,10.7290/kt6k64lji,Data for Investigating the effect of metal powder recycling in Electron beam Powder Bed Fusion using process log data - Data for Investigating the effect of metal powder recycling in Electron beam Powder Bed Fusion using process log data,2019,
process data keystroke log measuring programming learning,crossref,ok,7478352,10.7717/peerjcs.2086/fig-2,Figure 2: Average keystroke timing data across selected users.,,
process data keystroke log measuring programming learning,crossref,ok,7478352,10.1109/icpm.2019.00024,Measuring the Behavioral Quality of Log Sampling,2019,
process data keystroke log measuring programming learning,crossref,ok,7478352,10.1007/979-8-8688-1615-4_5,Bash: Combining Commands and Variables to Make Pipelines and Scripts to Process Data,2025,
process data keystroke log measuring programming learning,crossref,ok,7478352,10.1163/9789004760264-008,Visualising the Genesis of a Text: a Workflow for Analysing Keystroke Logging Data with a Text Genetic Approach,2026,
process data keystroke log measuring programming learning,crossref,ok,7478352,10.4101/jvwr.v2i3.631,Measuring aggregate production in a virtual economy using log data,2009,"Virtual worlds typically contain systems of resource allocation, production, and consumption, which are often called virtual economies. The operator of a virtual world clearly has an incentive to monitor the virtual economy, and users and outside observers would benefit from e.g. temporal or cross-economy comparisons. Standard methodology of computing macroeconomic aggregates for virtual economies would allow this kind of analysis, but such method is currently unavailable. This study fills this gap by employing the concepts of national accounting and unique log data from a virtual world. &#x0D;
In particular, the focus is on virtual economies where the production of new virtual goods takes place as the users expend inputs to produce predetermined outputs along predetermined production paths. The major MMOGs fall into this category. Previous attempts on measuring the aggregate production of a virtual economy have been based on non-standard method and externally collected data. In virtual economies the operator can collect extensive data automatically, a characteristic feature that should be reflected in any standard accounting scheme.&#x0D;
Macroeconomic aggregates for a national economy are computed using the UN System of National Accounts (SNA). It is a standard accounting system, and its probably most quoted outcome is the gross domestic product. The most relevant borderline in SNA lies between the national economy and the rest of the world: domestic production is included, whereas foreign production is not.&#x0D;
SNA cannot be directly used in a virtual economy, as the concepts of “domestic” and “foreign” are not applicable. In this study, the concepts and methods of SNA are transferred to a virtual economy context. The relevant distinction in a virtual economy is made between production by the users and the creation of goods by the virtual world code. Application of the concepts of SNA and flow chart analysis result in an aggregate measure called the Gross User Product (GUP), which measures the value of the aggregate output of production activities – of both goods and services – by the users of a virtual economy.&#x0D;
In the empirical part of this study, the potential of GUP is demonstrated by measuring it for the virtual economy of EVE Online based on extensive log data collected by the operator. Temporal comparisons are performed after purging the GUP values from the effect of significant deflation using a chained Fischer index. A 50% real growth per user is observed for the first half of the year 2007. The composition of GUP has remained rather stable during this period of significant growth.&#x0D;
The concept of GUP is general, and it can be used for quantifying virtual economies other than that in EVE Online on the macro level."
process data keystroke log measuring programming learning,crossref,ok,7478352,10.1145/3386527.3406726,Detecting Contract Cheaters in Online Programming Classes with Keystroke Dynamics,2020,
process data keystroke log measuring programming learning,crossref,ok,7478352,10.1080/10508406.2013.837391,From Log Files to Assessment Metrics: Measuring Students' Science Inquiry Skills Using Educational Data Mining,2013,
process data keystroke log measuring programming learning,crossref,ok,7478352,10.1007/s40593-019-00189-9,Time- and Learner-Dependent Hidden Markov Model for Writing Process Analysis Using Keystroke Log Data,2020,
process data keystroke log measuring programming learning,crossref,ok,7478352,10.3102/ip.23.2007192,Investigating the Evidence of Differential Item Functioning From Interactive Process Log Data,2023,
process data keystroke log measuring programming learning,crossref,ok,7478352,10.1002/j.2333-8504.2012.tb02305.x,A PRELIMINARY ANALYSIS OF KEYSTROKE LOG DATA FROM A TIMED WRITING TASK,2012,"ABSTRACTThe Fall 2007 and Spring 2008 pilot tests for theCBAL™ Writing assessment included experimental keystroke logging capabilities. This report documents the approaches used to capture the keystroke logs and the algorithms used to process the outputs. It also includes some preliminary findings based on the pilot data. In particular, it notes that the distribution of most of the pause length is consistent with data generated from a mixture of lognormal distributions. This corresponds to a cognitive model in which some pauses are merely part of the transcription (i.e., typing) process and some are part of more involved cognitive process (e.g., attention to writing conventions, word choice, and planning). In the pilot data, many of the features extracted from the keystroke logs were correlated with human scores. Due to the small sample sizes of the pilot studies, these findings are suggestive, not conclusive; however, they suggest a line of analysis for a large sample containing keystroke logging gathered in the fall of 2009."
process data keystroke log measuring programming learning,crossref,ok,7478352,10.1145/3594781.3594783,Programming Representations: Uncovering the Process of Constructing Data Visualizations in a Block-based Programming Environment,2023,
process data keystroke log measuring programming learning,crossref,ok,7478352,10.1007/978-3-642-32639-4_52,A Framework for Application of Tree-Structured Data Mining to Process Log Analysis,2012,
process data keystroke log measuring programming learning,crossref,ok,7478352,10.1109/cimps.2018.8625613,Measuring data privacy preserving and machine learning,2018,
process data keystroke log measuring programming learning,crossref,ok,7478352,10.1007/978-3-319-32010-6_300141,Keystroke Recorder,2022,
process data keystroke log measuring programming learning,crossref,ok,7478352,10.36227/techrxiv.19532269.v1,Keystroke Dynamics based Recognition Systems using Deep Learning: A Survey,2022,"This paper starts has information from review or survey papers related
to biometrics, deep learning and keystroke dynamics. Further it provides
an insightful narration of recent state-of-art contributions to develop
a KDBRS (Keystroke Dynamics Based Recognition System) using deep
learning methods comprehensively."
process data keystroke log measuring programming learning,crossref,ok,7478352,10.1007/978-3-319-32010-6_300140,Keystroke Logger,2022,
process data keystroke log measuring programming learning,crossref,ok,7478352,10.31979/etd.euj7-au26,Enhancing Deep Learning Classifiers for Dynamic Keystroke Authentication via GANs,,
process data keystroke log measuring programming learning,crossref,ok,7478352,10.58459/rptel.2025.20013,Extract instructional process from xAPI log data: a case study in Japanese junior high school,2024,"This study proposed a method to automatically extract the instructional process from log data, which can be collected daily, to encourage teachers to reflect. We applied the proposed method to log data collected in a classroom and reported how the class proceeded. This is important to obtain feedback on the process of instruction and for teachers to improve their daily teaching. One of the popular methods of extracting instructional processes for teachers’ reflection has been video recording. However, it is challenging to use video recording for their reflection in daily classes because of data collection and analysis costs. To resolve this issue, our proposed method utilizes data that can be collected from daily class activities. This study offers a cost-effective and efficient method for teachers to visualize their instructional process and identify areas for improvement, contributing to the overall improvement of education quality."
process data keystroke log measuring programming learning,crossref,ok,7478352,10.3403/30476429u,Industrial- process measurement and control. Data structures and elements in process equipment catalogues,,
coding assessment transfer near far novice,crossref,ok,3095333,10.31234/osf.io/gtnza,Near and far transfer: Is music special?,2021,"Bigand, E., Tillmann, B. Near and far transfer: Is music special?. Mem Cogn (2021). https://doi.org/10.3758/s13421-021-01226-6 ---- Far transfer is rare to occur, and a recent meta-analysis suggests that music is no exception. The overall effect of musical training on cognition was claimed to be null when considering studies with active control groups or implemented randomization procedures (Sala &amp;amp; Gobet, 2020). Using the authors’ data file and program (https://osf.io/rquye), we did not confirm the effect of randomization, and we demonstrated that their conclusion is based in part on the failure to differentiate near and far transfer, with near transfer effect sizes being selectively excluded for the musical training group studies, but not for the active control group studies. Reanalyzing their data file resulted in a significant effect size (g = .234), and also provided new evidence that far-transfer effects of musical training can challenge near-transfer effects of linguistic training. Music is a recreational activity that may be special in allowing for small, but statistically significant far-transfer effects."
coding assessment transfer near far novice,crossref,ok,3095333,10.17760/d20659820,Intelligent thermal modulation induced by far- and near-field radiative heat transfer,,
coding assessment transfer near far novice,crossref,ok,3095333,10.2139/ssrn.6616503,Effects of Prompt-Constrained Generative AI-Mediated Structured Case Review on Near-Transfer Initial Emergency Assessment Performance and Knowledge Acquisition in Novice Medical Students: A Randomized Controlled Study,2026,"Objective: To determine whether prompt-constrained, generative AI-mediated structured case review enhances near-transfer initial emergency assessment performance and short-term knowledge acquisition among medical students with no prior training in emergency medicine.Methods: This single-center randomized controlled study enrolled 96 first-year medical students from one medical school after a standardized teaching session. Participants were randomly assigned to an AI or conventional review group. The AI group completed a structured case-review intervention delivered through an AI platform, which used fixed cases, predefined knowledge boundaries, a standardized response template, and a uniform feedback format. The conventional group reviewed materials aligned with the same instructional content. Both groups received identical teaching content and equal review time. Six students were excluded because of missing outcome data or incomplete records. The final analysis included 90 students (46 AI; 44 conventional). The primary outcome was standardized initial emergency assessment performance, scored under blinded conditions with a 5-point rubric. The secondary outcome was a written knowledge test.Results: The AI group achieved higher scores than the conventional group on standardized initial emergency assessment performance (4.25±1.04 vs 3.15±0.93; mean difference, 1.10; 95% CI, 0.69 to 1.52; Hedges’ g=1.10; P&lt;0.001). Written knowledge test scores were likewise higher in the AI group (89.28±8.33 vs 82.23±8.78; mean difference, 7.06; 95% CI, 3.47 to 10.64; Hedges’ g=0.82; P&lt;0.001).Conclusion: Prompt-constrained generative AI-mediated structured case review improved short-term near-transfer performance and knowledge acquisition within a predefined instructional scope. These findings should not be interpreted as evidence of broader clinical competence or real-world emergency performance."
coding assessment transfer near far novice,crossref,ok,3095333,10.17232/kset.23.3.1,"""Identifying of Relationship among Self efficacy, Metacognition, Learning Achievement, Transfer Climate and Near and Far Transfer in the Context of Corporate Training""",2007,
coding assessment transfer near far novice,crossref,ok,3095333,10.33915/etd.6543,Far-Field Ground Strain Failure Mode Assessment for Mineral Extraction Near Dams,,
coding assessment transfer near far novice,crossref,ok,3095333,10.2139/ssrn.4186253,Cosmic Coding and Transfer (COSMOCAT) for Ultra High Security Near-Field Communications,2022,"SUMMARYBy using true random number (TRN) generators, encoding with the highest security can be realized. A methodology to generate TRNs has already been established by using external and unpredictable physical variables such as the radioactive decay of isotopes. However, a completely secure strategy to transfer these TRNs as an encryption key to different locations has not yet been devised. Quantum Key Distribution (QKD) has attempted to establish secure key distribution methodology of this kind, however its shortcoming is that in reality, it is difficult to design the required single-photon transmitter and receiver. As a result, QKD inevitably leaves data vulnerable to hacking, and several quantum cracking strategies have been predicted and experimentally demonstrated. COSMOCAT is a new methodology for key generation and distribution. With COSMOCAT, TRNs are generated from naturally occurring and ubiquitous cosmic-ray muons and the generated cosmic keys are distributed by these muons (cosmic key generation and distribution: CKGD) with an unprecedented level of security. In this work, COSMOCAT was invented as a solution for next-generation ultra-high security near-field communications and this paper describes it for the first time; moreover, the performance of the COSMOCAT prototype will be evaluated. The successful results of this experiment indicate that our prototype and the new CKGD standard can be utilized for practical encoding and near field data transfer at rates of 10-100 Mbps. It is anticipated that COSMOCAT will be one of key techniques for future high security, near-field communication management."
coding assessment transfer near far novice,crossref,ok,3095333,10.1093/acprof:oso/9780198508335.003.0008,Coding near and far space,2002,"AbstractThis chapter provides a review on coding near and far space. It begins by describing the anatomy and neurophysiological mechanisms of space coding. It is shown that monkey experiments indicate that space representation derives from the combined activity of several independent brain circuits. In addition, evidence on the anatomical correlates of peripersonal and far space in humans may be acquired from two sources — lesion studies and brain imaging experiments. The neuropsychological and functional magnetic resonance imaging (fMRI) data illustrate that near and far space are differently coded in the human brain; near space is coded in areas that appear to be the homologs of those coding peripersonal space in monkeys; and peripersonal space is implemented in a system of bimodal neurons which are responsible for the various effects of cross-modal extinction. In general, the data clearly show that there is no unitary representation of the space in the brain. Monkey studies and human data suggest that different cortical areas code near and far space and that the neurophysiological mechanisms underlying space representation are different for the two space sectors."
coding assessment transfer near far novice,crossref,ok,3095333,10.31234/osf.io/q5xmp,Getting at Underlying Mechanisms of Far Transfer - the Mediating Role of Near Transfer,2021,"The extent that working memory training improves performance on untrained tasks is highly controversial. Here we address this controversy by testing the hypothesis that far transfer may depend upon near transfer using mediation models in three separate randomized controlled trials (RCTs). In all three RCTs, totaling 460 individuals, performance on untrained N-back tasks (near transfer) mediated transfer to Matrix Reasoning (a measure of fluid intelligence, representing far transfer). Untrained N-back performance also mediated transfer to a working memory composite (RCT 3). These findings support a model of N-back training in which transfer to untrained n-back tasks gates further transfer, at least in the case of working memory at the construct level, and matrix reasoning. This model can help adjudicate between the many studies and meta-analyses of working memory training that have provided mixed results but have not examined the relationship between near and far transfer on an individual differences level."
coding assessment transfer near far novice,crossref,ok,3095333,10.4324/9780203120637-9,Introduction When Near is Far and Far is Near,2012,
coding assessment transfer near far novice,crossref,ok,3095333,10.1006/nimg.2001.0815,Coding of Far and Near Space in Neglect Patients,2001,
coding assessment transfer near far novice,crossref,ok,3095333,10.70675/cdc3d0f6zde2cz4089zb3b6zb93795b1e2ef,Systematic comparison of near and far transfer effects of collective and individual musical expertise and training,,"Comparaison systématique des effets de transfert proche et lointain d'une expertise et d'un entraînement en musique dans un mode collectif ou individuel
                Faire de la musique est une activité exigeante qui sollicite de multiples fonctions cognitives. L'expertise musicale est associée à un meilleur fonctionnement cognitif dans des domaines directement impliqués par la musique, tels que la perception musicale (effets de transfert proche) ou dans des domaines indirectement liés, tels que les fonctions exécutives ou la cognition sociale (effets de transfert lointain). Cependant, ce meilleur fonctionnement cognitif associé à l'expertise musicale peut être dû à des dispositions préexistantes qui ont conduit les musiciens à faire de la musique, plus qu'à des effets de l'expertise musicale en elle-même. Pour contrôler ces prédispositions, des études interventionnelles évaluant les compétences des participants avant et après entraînement musical sont nécessaires. De plus, différents modes d'entraînement musical - tels que la pratique en collectif ou en individuel - peuvent avoir des effets cognitifs différents et n'ont pourtant jamais été systématiquement comparés. Tandis que certains programmes d'entraînement musical fondés sur la communauté ciblent des enfants issus de populations à faible statut socioéconomique (SSE) et sont basés sur un entraînement musical en collectif, il est important de comparer l'impact cognitif de ce mode d'entraînement musical au mode d'entraînement plus traditionnel en individuel - qui est le plus souvent étudié dans des contextes de SSE moyen ou élevé. Dans cette thèse, nous avons conduit une étude sur l'expertise musicale et une étude interventionnelle dans le contexte d'un programme musical en collectif nommé Démos. Nous avons testé des enfants âgés de 5 à 14 ans issus de familles ayant un SSE faible. Dans chaque étude, nous avons comparé deux groupes avec des expériences musicales différentes, ayant appris la musique dans un contexte collectif (Démos) et dans un contexte individuel (conservatoires) respectivement, à un groupe contrôle passif sans expérience de pratique musicale. Nous avons évalué les compétences musico-cognitives (transfert proche), les fonctions exécutives et les compétences socio-cognitives (transfert lointain) des participants de chacun de ces trois groupes. Les résultats montrent que l'expertise musicale acquise dans un mode individuel est associée à une meilleure perception de la mélodie et une meilleure attention sélective auditive. Ils montrent aussi qu'après un an et demi d'entraînement musical, les enfants entraînés dans un mode individuel montrent déjà une meilleure perception de la mélodie, par contraste avec les enfants entraînés dans un mode collectif et avec ceux ne faisant pas de musique. De plus, un entraînement musical en collectif ou en individuel semblent tous deux induire une meilleure attention sélective auditive, par comparaison avec une absence d'entraînement musical. Cependant, nous n'avons pas trouvé d'autre effet significatif de l'entraînement musical en collectif ou en individuel sur les fonctions exécutives et les compétences socio-cognitives évaluées. Nous terminons par une discussion sur les implications de ces résultats empiriques."
coding assessment transfer near far novice,crossref,ok,3095333,10.5592/co/2crocee.2023.86,STATISTICAL SEISMIC PERFORMANCE ASSESSMENT OF VISCOUS DAMPER IN BENCHMARK BUILDINGS UNDER FAR-FAULT AND NEAR-FAULT EARTHQUAKES,2023,"The viscous damper produces a force proportional to the velocity by moving the fluid inside their cylinder and, causes energy dissipation due to the dynamic vibrations by converting mechanical energy into heat. Viscose dampers with their three special features as powerful passive control devices have been widely studied in recent decades. The ability to improve the seismic performance of the structures with significant energy loss, production of out-of-phase damping force relative to displacement, and the increase of the structural damping without making major changes in the stiffness characteristics of the structure are its distinguishing features in comparison with other passive control methods. In this study, the seismic performance of viscous dampers is investigated to control the vibration of three benchmark steel buildings (i.e. 3-, 9-, and 20-story buildings designed for the SAC project) under two sets of recorded near-fault (NF) ground motions possessing forward-directivity (FD) or fling-step (FS) features and compared with the building responses under a suite of far-fault (FF) accelerograms. The results indicate the superior performance of viscous dampers in low-rise buildings and under FF earthquakes, i.e. 59% and 53% reduction in the mean of the maximum roof displacement and velocity, respectively. However, to control the mean of the maximum roof acceleration, the best performance was obtained in the high-rise buildings and under FF earthquakes, showing a maximum of 84% reduction. In general, it can be concluded that the damper has the highest reduction in acceleration response under the FF records, and under the NF records with FD has the least decrease in the velocity response."
coding assessment transfer near far novice,crossref,ok,3095333,10.2139/ssrn.4680344,Seismic Response Assessment of Hyperbolic Cooling Tower Under Near and Far Field Earthquake Ground Motion,2023,
coding assessment transfer near far novice,crossref,ok,3095333,10.1037/t16607-000,Near Transfer and Far Transfer Test,2002,
coding assessment transfer near far novice,crossref,ok,3095333,10.17077/drivingassessment.1398,Detecting Transfer of Training Through Simulator Scenario Design: A Novice  Driver Training Study,2011,
coding assessment transfer near far novice,crossref,ok,3095333,10.1037/e636952013-478,Near and far-transfer effects of working memory training for children,2013,
coding assessment transfer near far novice,crossref,ok,3095333,10.1037/e502412013-370,"Working Memory Training: Evidence for Near, but Not Far Transfer",2012,
coding assessment transfer near far novice,crossref,ok,3095333,10.1016/j.isci.2022.105897,Cosmic coding and transfer for ultra high security near-field communications,2023,
coding assessment transfer near far novice,crossref,ok,3095333,10.1109/telsks.2017.8246215,Near- and far-field wireless power transfer,2017,
coding assessment transfer near far novice,crossref,ok,3095333,10.1093/oso/9780190240400.003.0006,"Washoku, Far and Near",2018,"This chapter analyzes the politics of cultural heritage and gastrodiplomacy, or official efforts at “edible nation branding” designed to increase trade, tourism, and national soft power. It explains how and why most Japanese conceive of washoku as a conceptual category in contrast with yōshoku, or Euro-American cuisine. Tracing Japan's pursuit of a UNESCO designation for washoku as an intangible cultural treasure, the chapter details how officials sought the award for both foreign recognition and to encourage the domestic public to consume more traditional foodstuffs. It also describes how a failed earlier effort to strictly regulate Japanese restaurants abroad, ridiculed as “the sushi police,” has led state agencies to adopt softer and more inclusive campaigns to promote washoku."
coding assessment transfer near far novice,crossref,ok,3095333,10.61686/lwfux51335,,2016,
coding assessment transfer near far novice,crossref,ok,3095333,10.3390/ncrna7030042,Commuting to Work: Nucleolar Long Non-Coding RNA Control Ribosome Biogenesis from Near and Far,2021,"Gene expression is an essential process for cellular growth, proliferation, and differentiation. The transcription of protein-coding genes and non-coding loci depends on RNA polymerases. Interestingly, numerous loci encode long non-coding (lnc)RNA transcripts that are transcribed by RNA polymerase II (RNAPII) and fine-tune the RNA metabolism. The nucleolus is a prime example of how different lncRNA species concomitantly regulate gene expression by facilitating the production and processing of ribosomal (r)RNA for ribosome biogenesis. Here, we summarise the current findings on how RNAPII influences nucleolar structure and function. We describe how RNAPII-dependent lncRNA can both promote nucleolar integrity and inhibit ribosomal (r)RNA synthesis by modulating the availability of rRNA synthesis factors in trans. Surprisingly, some lncRNA transcripts can directly originate from nucleolar loci and function in cis. The nucleolar intergenic spacer (IGS), for example, encodes nucleolar transcripts that counteract spurious rRNA synthesis in unperturbed cells. In response to DNA damage, RNAPII-dependent lncRNA originates directly at broken ribosomal (r)DNA loci and is processed into small ncRNA, possibly to modulate DNA repair. Thus, lncRNA-mediated regulation of nucleolar biology occurs by several modes of action and is more direct than anticipated, pointing to an intimate crosstalk of RNA metabolic events."
coding assessment transfer near far novice,crossref,ok,3095333,10.4324/9780203120637-17,The Far Side of Leadership: Rather Difficult to Face,2012,
coding assessment transfer near far novice,crossref,ok,3095333,10.14260/jemds/2020/584,Assessment of Wound Dehiscence in Smead Jones (Far - Near Near - Far) Technique of Midline Abdominal Wound Closure - An Observational Study,2020,
coding assessment transfer near far novice,crossref,ok,3095333,10.3758/s13421-021-01226-6,Near and far transfer: Is music special?,2021,
coding assessment transfer near far novice,crossref,ok,3095333,10.4324/9780203120637-11,Foundations of Distance,2012,
coding assessment transfer near far novice,crossref,ok,3095333,10.1109/aps.1982.1148847,"Spherical near-to-near, near-to-far- and far-to-near-field transforms: Calculated versus measured radiation distributions in the spherical waveguide",,
coding assessment transfer near far novice,crossref,ok,3095333,10.1007/978-1-4684-6997-4_10,Far and Near Ultraviolet Light as Molecular Probes for Assessment of DNA Repair and Radiosensitivity,1980,
coding assessment transfer near far novice,crossref,ok,3095333,10.1111/j.1937-8327.1997.tb00049.x,Use of Case Study Method To Increase Near and Far Transfer of Learning,2008,
coding assessment transfer near far novice,crossref,ok,3095333,10.31234/osf.io/9efqd,Near and Far Transfer in Cognitive Training: A Second-Order Meta- Analysis,2018,"Theory building in science requires replication and integration of findings regarding a particular research question. Second-order meta-analysis (i.e., a meta-analysis of meta-analyses) offers a powerful tool for achieving this aim, and we use this technique to illuminate the controversial field of cognitive training. Recent replication attempts and large meta-analytic investigations have shown that the benefits of cognitive-training programs hardly go beyond the trained task and similar tasks. However, it is yet to be established whether the effects differ across cognitive-training programs and populations (children, adults, and older adults). We addressed this issue by using second-order meta-analysis. In Models 1 (k = 99) and 2 (k = 119), we investigated the impact of working-memory training on near-transfer (i.e., memory) and far-transfer (e.g., reasoning, speed, and language) measures, respectively, and whether it is mediated by the type of population. Model 3 (k = 233) extended Model 2 by adding six meta-analyses assessing the far-transfer effects of other cognitive-training programs (video-games, music, chess, and exergames). Model 1 showed that working-memory training does induce near transfer, and that the size of this effect is moderated by the type of population. By contrast, Models 2 and 3 highlighted that far-transfer effects are small or null. Crucially, when placebo effects and publication bias were controlled for, the overall effect size and true variance equaled zero. That is, no impact on far-transfer measures was observed regardless of the type of population and cognitive-training program. The lack of generalization of skills acquired by training is thus an invariant of human cognition."
coding assessment transfer near far novice,crossref,ok,3095333,10.21437/interspeech.2021-1980,Multi-Level Transfer Learning from Near-Field to Far-Field Speaker Verification,2021,
coding assessment transfer near far novice,crossref,ok,3095333,10.1109/wptce62521.2025.11062171,Printed Antenna for Simultaneous Near-and Far-Field Wireless Power Transfer,2025,
coding assessment transfer near far novice,crossref,ok,3095333,10.4324/9780203120637-12,Notes on Distance and Leadership,2012,
coding assessment transfer near far novice,crossref,ok,3095333,10.2514/6.2020-1753,Near- and Far-Field Grid Assessment for Hover Prediction in Engineering Applications,2020,
coding assessment transfer near far novice,crossref,ok,3095333,10.1016/j.ijpsycho.2021.07.090,Musical Expertise and Novel Word Learning: Near and Far Transfer Effects,2021,
coding assessment transfer near far novice,crossref,ok,3095333,10.31390/gradschool_theses.2089,Memories near and far,,
coding assessment transfer near far novice,crossref,ok,3095333,10.1515/9781503639829-007,FOUR The Geopolitics of Near Waters and Far Waters,2024,
coding assessment transfer near far novice,crossref,ok,3095333,10.1016/j.jqsrt.2010.08.022,Near-field and far-field modeling of scattered surface waves. Application to the apertureless scanning near-field optical microscopy,2011,
coding assessment transfer near far novice,crossref,ok,3095333,10.1007/s38311-012-0178-9,Assessment of far and near-field beam patterns,2012,
coding assessment transfer near far novice,crossref,ok,3095333,10.3758/bf03201188,Independent reference frames in human spatial memory: Body-centered and environmentcentered coding in near and far space,1998,
coding assessment transfer near far novice,crossref,ok,3095333,10.1007/s12283-025-00531-6,Transfer of computer-based assessment to in-situ performance in novice field hockey goalkeepers,2025,
coding assessment transfer near far novice,crossref,ok,3095333,10.4324/9780203120637-19,Women as Leaders: Paths Through the Labyrinth,2012,
coding assessment transfer near far novice,crossref,ok,3095333,10.3389/conf.fpsyg.2016.68.00061,N-back training in aphasia: a systematic investigation of near and far transfer effects,2016,
coding assessment transfer near far novice,crossref,ok,3095333,10.4324/9780203416891-28,Cognitive apprenticeship learning—ensuring far transfer of knowledge through computer-based assessment,2003,
coding assessment transfer near far novice,crossref,ok,3095333,10.4324/9780203120637-21,The Apple does not Fall Far from the Tree: Steve Jobs’s Leadership as Simultaneously Distant and Close,2012,
coding assessment transfer near far novice,crossref,ok,3095333,10.1016/j.ijheatmasstransfer.2017.11.088,Temperature induced in human organs due to near-field and far-field electromagnetic exposure effects,2018,
coding assessment transfer near far novice,crossref,ok,3095333,10.1109/icalt.2013.122,The Role of Framing in Scaffolding Near and Far Transfer: A Case Study,2013,
coding assessment transfer near far novice,crossref,ok,3095333,10.1016/j.gie.2019.07.024,"Risk assessment for Barrett’s esophagus: so near, yet so far!",2019,
coding assessment transfer near far novice,crossref,ok,3095333,10.4324/9780203120637-15,Engaging Followers at a Distance: Leadership Approaches that Work,2012,
coding assessment transfer near far novice,crossref,ok,3095333,10.1049/sbew549e_ch4,Near-field to far-field transformations in planar scanning geometry,2022,
skill decay retention interval overlearning measurement,crossref,ok,1248394,10.1037/e475882008-001,"The effects of task organization, training time and retention interval on the retention of skill",1962,
skill decay retention interval overlearning measurement,crossref,ok,1248394,10.2466/pms.1973.36.2.503,Effects of Overlearning on Retention and Relearning of Gross-Motor Skill by Mentally Retarded Males,1973,"To study the effects of gross-motor skill overlearning on retention and relearning by mild, moderate, and severe institutionalized male retardates 79 mentally retarded males were randomly assigned to a learning group or an overlearning group. Learning to throw a bean bag at a target at 8 ft. occurred when Ss accumulated 10 points in 3 consecutive throws, and at 16 ft. when 6 points were accumulated in three consecutive throws. The learning group reached criterion at one time at each distance, but the overlearning group was given three consecutive trials at criterion. All Ss were retrained after 5 wk. Trials to criterion for original acquisition and relearning indicated overlearning gave superior performance on retention."
skill decay retention interval overlearning measurement,crossref,ok,1248394,10.1080/00222895.1972.10734934,Retention of Fast and Slow Learners Following Overlearning of a Gross Motor Skill,1972,
skill decay retention interval overlearning measurement,crossref,ok,1248394,10.64643/ijirtv12i12-203304-459,SkillArchive : Skill Decay &amp; Knowledge Retention Tracker,2026,
skill decay retention interval overlearning measurement,crossref,ok,1248394,10.1093/oxfordhb/9780198795872.013.47,Skill Decay,2018,"Abstract
               With a focus on its intersection with the expertise literature, a number of conclusions arise from the present review of the skill/knowledge decay and retention literature. First, decay is more a matter of interference rather than simply the forgetting of information and processes through the passage of time. Second, decay is highly dependent on task and situational factors. Third, decay on complex tasks appears to be smaller than that observed for simple tasks. Fourth, retention is generally stronger with more practice, elaborative rehearsal, and greater mastery—expertise—of the task. Fifth, although related, retention, reacquisition, and transfer are meaningfully distinct. Sixth, there is very limited empirical research that integrates the study of expertise in the context of skill acquisition with the study of decay, adaptable performance, and enhancing retention (or mitigating loss) in complex real-world performance domains. Intersecting these rich yet separate literatures would be of great theoretical and practical value and warrants future research attention."
skill decay retention interval overlearning measurement,crossref,ok,1248394,10.1037/bul0000481.supp,Supplemental Material for Procedural Skill Retention and Decay: A Meta-Analytic Review,2025,
skill decay retention interval overlearning measurement,crossref,ok,1248394,10.1080/10671315.1977.10762147,Motor Skill Overlearning Effects on Retention and Relearning by Retarded Boys,1977,
skill decay retention interval overlearning measurement,crossref,ok,1248394,10.1080/10671188.1971.10615036,Effects of Overlearning on the Retention of a Gross Motor Skill,1971,
skill decay retention interval overlearning measurement,crossref,ok,1248394,10.21236/ada368456,Moderators of Skill Retention Interval-Performance Decrement Relationships: Implications for Skill Maintenance,1998,
skill decay retention interval overlearning measurement,crossref,ok,1248394,10.31234/osf.io/cysqr,Retention of emergent Korean vocabulary following foreign tact training and overlearning,2024,"Overlearning refers to the repeated practice of material beyond initial mastery (Dougherty &amp;amp; Johnston, 1996; Shibata et al., 2017). In this preliminary study, we evaluated the effects of overlearning on the retention of emergent intraverbal Korean vocabulary with five adults. The participants completed two training conditions (regular training and overlearning) involving tacting visual stimuli in Korean. In the overlearning condition, participants were set additional fluency criteria and continued to practice beyond the initial accuracy mastery criterion. Both conditions generated high levels of emergent intraverbal responding post-training; however, data indicated that retention of emergent relations was greater following overlearning."
skill decay retention interval overlearning measurement,crossref,ok,1248394,10.1016/j.jamcollsurg.2015.08.094,Overlearning enhances skill retention in a simulated model of laparoscopic cholecystectomy,2015,
skill decay retention interval overlearning measurement,crossref,ok,1248394,10.1080/00140139.2013.869357,Counteracting skill decay: four refresher interventions and their effect on skill and knowledge retention in a simulated process control task,2014,
skill decay retention interval overlearning measurement,crossref,ok,1248394,10.1037/h0026239,"Task coherence, training time, and retention interval effects on skill retention.",1968,
skill decay retention interval overlearning measurement,crossref,ok,1248394,10.1126/science.135.3504.666,Retention as a Function of Degree of Overlearning,1962,"The effects of overlearning on retention were investigated with serial lists of words of high and low frequency of linguistic usage. For both types of materials, amount recalled showed a positively accelerated increase with degree of overlearning. These increases in recall resulted from improved retention of relatively difficult parts of the lists. Speed of relearning to complete mastery was a direct function of degree of overlearning."
skill decay retention interval overlearning measurement,crossref,ok,1248394,10.1037/h0072036,The effect of overlearning on retention.,1929,
skill decay retention interval overlearning measurement,crossref,ok,1248394,10.1037/0021-9010.77.5.615,Effect of overlearning on retention.,1992,
skill decay retention interval overlearning measurement,crossref,ok,1248394,10.1207/s15327043hup1101_3,Factors That Influence Skill Decay and Retention: A Quantitative Review and Analysis,1998,
skill decay retention interval overlearning measurement,crossref,ok,1248394,10.1080/00221309.1957.9920339,Overlearning and the Retention of Meaningful Prose,1957,
skill decay retention interval overlearning measurement,crossref,ok,1248394,10.1002/acp.1266,The effects of overlearning and distributed practise on the retention of mathematics knowledge,2006,
skill decay retention interval overlearning measurement,crossref,ok,1248394,10.3758/bf03334568,Subjective random number generation and attention deployment during acquisition and overlearning of a motor skill,1980,
skill decay retention interval overlearning measurement,crossref,ok,1248394,10.1061/(asce)me.1943-5479.0000282,Modeling Retention Loss in Project Networks: Untangling the Combined Effect of Skill Decay and Turnover on Learning,2014,
skill decay retention interval overlearning measurement,crossref,ok,1248394,10.1177/154193128903301904,Toward an Understanding of Skill Decay: Retention of Automatic Component Processes,1989,"This investigation addresses fundamental aspects of the reliability and stability of both basic cognitive functions and automatic processing components of skills. In the present experiment we investigated the pattern of component skill retention (or decay) exhibited after training on automatic and controlled processing task components. Participants were trained on a hybrid memory/visual, semantic-category search task and received low (720 trials), moderate (2,160 trials) and high (4,320 trials) amounts of consistently mapped (CM) training plus variably mapped (VM) training (720 trials). Retention was tested at five time intervals: one day, 30 days, 90 days, 180 days and 365 days following training. Critical data for this investigation involve the pattern of performance decay across conditions and retention intervals. After an initial decline in the first 30 days following training, performance in CM conditions remained stable from Day 30 to Day 365. VM performance was erratic. The present research has practical and theoretical significance for elucidation of the mechanisms underlying long-term retention of automatic processes. Specification of these mechanisms is essential in the attempt to predict performance after a period of inactivity, to determine what constitutes appropriate refresher training, and to designate which skill components to emphasize during training."
skill decay retention interval overlearning measurement,crossref,ok,1248394,10.1037//0021-9010.77.5.615,Effect of overlearning on retention.,1992,
skill decay retention interval overlearning measurement,crossref,ok,1248394,10.2139/ssrn.7373299,The Proficiency-Currency Matrix: A Two-Axis Framework for Distinguishing Skill Decay from Skill Obsolescence in Competency Assessment,2026,"Competency and skill-acquisition frameworks such as the Dreyfus five-stage model treat proficiency as a single scalar that a person accumulates and, absent practice, may lose. This treatment conflates two mechanistically distinct phenomena documented separately in the labor-economics and vocationaleducation literatures: skill decay, the erosion of a person's grip on a stable target through disuse, and skill obsolescence, the decline in a skill's value or applicability because the target itself has moved while the person's proficiency against it has not changed. A person can sit at the highest proficiency level on a decay-only model while being substantially misaligned with current practice, because decayonly instruments have no mechanism for detecting drift in the task definition. This paper proposes the Proficiency-Currency Matrix, a two-axis instrument that scores a competency independently on (1) a Dreyfus-style proficiency stage against a named task definition, and (2) a currency score reflecting how recently and how substantially that task definition itself has been revalidated against present practice. We define both axes operationally, derive four resulting quadrant states with distinct organizational implications, and work through an illustrative, sector-agnostic application. We close with limitations and directions for empirical validation."
skill decay retention interval overlearning measurement,crossref,ok,1248394,10.1037//0022-0167.27.3.286,Social-skills training with institutionalized elderly: Effects of precounseling structuring and overlearning on skill acquisition and transfer.,1980,
skill decay retention interval overlearning measurement,crossref,ok,1248394,10.1037/bul0000481,Procedural skill retention and decay: A meta-analytic review.,2025,
skill decay retention interval overlearning measurement,crossref,ok,1248394,10.5040/9781492595625.ch-011,Skill Retention,2011,
skill decay retention interval overlearning measurement,crossref,ok,1248394,10.1037/0022-0167.27.3.286,Social-skills training with institutionalized elderly: Effects of precounseling structuring and overlearning on skill acquisition and transfer.,1980,
skill decay retention interval overlearning measurement,crossref,ok,1248394,10.1016/j.surg.2016.11.011,Effects of a retention interval and refresher session on intracorporeal suturing and knot tying skill and mental workload,2017,
skill decay retention interval overlearning measurement,crossref,ok,1248394,10.1093/oed/2577438061,"overlearning, n.",2023,
skill decay retention interval overlearning measurement,crossref,ok,1248394,10.2139/ssrn.4916412,(Inaccurate) Beliefs about Skill Decay,2024,
skill decay retention interval overlearning measurement,crossref,ok,1248394,10.1016/s0001-6918(96)00040-6,Tradeoff of semantic relatedness and degree of overlearning: Differential effects on metamemory and on long-term retention,1997,
skill decay retention interval overlearning measurement,crossref,ok,1248394,10.1002/acp.1083,The effect of overlearning on long‐term retention,2004,"AbstractOnce material has been learned to a criterion of one perfect trial, further study within the same session constitutes overlearning. Although overlearning is a popular learning strategy, its effect on long‐term retention is unclear. In two experiments presented here, 218 college students learned geography facts (Experiment 1) or word definitions (Experiment 2). The degree of learning was manipulated and measured via multiple test‐with‐feedback trials, and participants returned for a final cued recall test between 1 and 9 weeks later. The overlearners recalled far more than the low learners at the 1‐week test, but this difference decreased dramatically thereafter. These data suggest that overlearning (and its concomitant demand for additional study time) is an inefficient strategy for learning material for meaningfully long periods of time. Copyright © 2004 John Wiley &amp; Sons, Ltd."
skill decay retention interval overlearning measurement,crossref,ok,1248394,10.1207/s15327043hup1101_4,Moderators of Skill Retention Interval/Performance Decrement Relationships in Eight U.S. Air Force Enlisted Specialties,1998,
skill decay retention interval overlearning measurement,crossref,ok,1248394,10.2139/ssrn.3613015,Skill Retention and Deliberate Practice with First-Year Nursing Students,2020,"Nursing students demonstrate skill decay in some of the many psychomotor clinical skills taught in pre-licensure programs such as urinary catheter insertion which requires the use of a sterile technique previously taught in the program. First-year associate degree nursing students (N = 11) participated in a pretest/posttest study to explore the impact of deliberate practice on skill retention of a sterile procedure. All participants contaminated the sterile field in the pretest and participated in the deliberate practice session. Using McNemar’s test, there was no statistically significant difference in the proportion of participants who contaminated the sterile field or who maintained sterility pre- and post-intervention, p = .062, but performance improved for some of the participants (n = 5; 45.5%). The study findings reinforce the prevalence of skill decay using traditional teaching methods for sterile technique and contribute to future exploration of influences on skill retention in nursing education. Recommendations for future research are discussed."
skill decay retention interval overlearning measurement,crossref,ok,1248394,10.2139/ssrn.5257241,Obsolescence-Aware Talent Matching Via Temporal Hypergraphs with Adaptive Skill Decay,2025,
skill decay retention interval overlearning measurement,crossref,ok,1248394,10.1017/exp.2022.28.pr2,Review 2: Skill retention after Desktop and Head-Mounted-Display Virtual Reality training,2022,
skill decay retention interval overlearning measurement,crossref,ok,1248394,10.1017/exp.2022.28.pr1,Review 1: Skill retention after Desktop and Head-Mounted-Display Virtual Reality training,2022,
skill decay retention interval overlearning measurement,crossref,ok,1248394,10.1037/e354192004-001,Master Athletes and the Retention of Skill,2003,
skill decay retention interval overlearning measurement,crossref,ok,1248394,10.1016/0022-2496(66)90022-8,Recognition learning as a function of the length of the retention interval and changes in the retention interval,1966,
skill decay retention interval overlearning measurement,crossref,ok,1248394,10.21236/ada134017,Basic Rifle Marksmanship Skill Retention: Implications for Retention Research.,1981,
skill decay retention interval overlearning measurement,crossref,ok,1248394,10.1177/10648046241236519,Predicting Skill Decay: A Practical Application of the Skill Decay Analysis Tool,2024,"This paper describes a skill decay prediction model that was applied to a safety critical task conducted by rail workers. The tool is easy to use and promotes skill maintenance for operators in environments that have an increased risk of skill decay. A skill decay analysis tool called the User Decision Aid was adapted for use in a large, transportation organisation. The tool is an easy-to-use method that has proven useful in guiding training to prevent the degradation of skill and knowledge in various tasks. It produces skill decay curves, addressing questions such as
                    how frequently should an operator receive training or undertake practice in an activity, to remain skilled and competent in that activity?
                    The skill decay tool provides useful benefits to organisations as it allows the judicious allocation of training resourcing, and can guide the design of tasks."
skill decay retention interval overlearning measurement,crossref,ok,1248394,10.1036/1097-8542.697600,Time-interval measurement,,
skill decay retention interval overlearning measurement,crossref,ok,1248394,10.4135/9781412959537.n268,Retention Interval and Eyewitness Memory,2008,
skill decay retention interval overlearning measurement,crossref,ok,1248394,10.1175/1520-0493(1955)083<0011:notmof>2.0.co;2,NOTE ON THE MEASUREMENT OF FORECAST SKILL USING A MOVING CLASS INTERVAL,1955,
skill decay retention interval overlearning measurement,crossref,ok,1248394,10.4324/9780203576076,Individual and Team Skill Decay,2013,
skill decay retention interval overlearning measurement,crossref,ok,1248394,10.21236/ada069945,Chaparral Skill Retention,1979,
skill decay retention interval overlearning measurement,crossref,ok,1248394,10.1007/978-1-4419-1428-6_2378,Retention Interval,2012,
skill decay retention interval overlearning measurement,crossref,ok,1248394,10.1037/t32091-000,Skill Retention Measure,2011,
skill decay retention interval overlearning measurement,crossref,ok,1248394,10.2172/4677613,INTERVAL DISTRIBUTION IN CORRELATED (PARENT-DAUGHTER) DECAY. ESTIMATION OF DAUGHTER HALF-LIFE,1964,
deliberate practice performance measure objective outcome,crossref,ok,4746922,10.36266/ijscp/151f,Accessing the Kinematical Possibilities at the Knee Joint Replaces Subjective-Objective Outcome Measure,2023,
deliberate practice performance measure objective outcome,crossref,ok,4746922,10.1037/int0000406,“Is it really deliberate practice?” A new measure for assessing deliberate practice in psychotherapy.,2026,
deliberate practice performance measure objective outcome,crossref,ok,4746922,10.4324/9780203646564-18,Deliberate practice and expert performance,2004,
deliberate practice performance measure objective outcome,crossref,ok,4746922,10.1093/oxfordhb/9780198795872.013.40,Learning with Zeal,2019,"AbstractRecent theories of expertise and expert performance emphasize effort over talent. Specifically, the amount of deliberate practice that performers accumulate has been strongly correlated with their level of expertise in domains including chess, music, and sports. Indeed, it is widely accepted that becoming an expert requires an average of 10,000 hours, or 10 years, of deliberate practice—that is, activities directed by an instructor or coach that are designed to improve specific aspects of performance in measureable ways that offer timely feedback and refinement of skills through repetition. While it is easy to envision deliberate practice by aspiring athletes and musicians, however, many domains of performance do not have established cultures of practice. In particular, consciously incorporating deliberate practice during college-based professional education and deliberate performance during the career work of professionals (who typically have little time to “practice”) can accelerate the development of professionals to expert levels."
deliberate practice performance measure objective outcome,crossref,ok,4746922,10.4324/9781003656616-3,How do we measure expertise?,2026,
deliberate practice performance measure objective outcome,crossref,ok,4746922,10.4324/9780367198459-reprw262-1,Deliberate Practice,2025,
deliberate practice performance measure objective outcome,crossref,ok,4746922,10.1017/cbo9780511552366.005,Deliberate practice and elite musical performance,1995,
deliberate practice performance measure objective outcome,crossref,ok,4746922,10.4324/9780367198459-reprw262-0,Deliberate Practice,2025,
deliberate practice performance measure objective outcome,crossref,ok,4746922,10.1016/0887-8994(92)90282-4,Objective measure of treatment outcome in epilepsy,1992,
deliberate practice performance measure objective outcome,crossref,ok,4746922,10.4324/9781315472256-27,Challenges to Deliberate Practice,2016,
deliberate practice performance measure objective outcome,crossref,ok,4746922,10.4324/9781315472256-11,"The Experiment, Phase 1: Deliberate Practice",2016,
deliberate practice performance measure objective outcome,crossref,ok,4746922,10.1037/e567302010-001,Performance Measure Results on California's Community Mental Health Performance Outcome Systems,2002,
deliberate practice performance measure objective outcome,crossref,ok,4746922,10.4324/9781315562476-5,"Deliberate Play, Deliberate Practice and Deliberate Preparation",2017,
deliberate practice performance measure objective outcome,crossref,ok,4746922,10.4324/9781315472256-20,Deliberate Practice Exercises for Basic Skills,2016,
deliberate practice performance measure objective outcome,crossref,ok,4746922,10.4324/9781351189750-10,Operationalising deliberate practice for performance improvement in sport,2019,
deliberate practice performance measure objective outcome,crossref,ok,4746922,10.4324/9781003400622-22,Challenges to Deliberate Practice,2024,
deliberate practice performance measure objective outcome,crossref,ok,4746922,10.4324/9781315472256-21,Deliberate Practice Exercises for Speciﬁc Models,2016,
deliberate practice performance measure objective outcome,crossref,ok,4746922,10.1016/j.jmpt.2003.07.001,Subjective and objective numerical outcome measure assessment (SONOMA). a combined outcome measure tool: findings on a study of reliability,2003,
deliberate practice performance measure objective outcome,crossref,ok,4746922,10.4324/9781315472256-12,"The Experiment, Phase 2: Solitary Deliberate Practice",2016,
deliberate practice performance measure objective outcome,crossref,ok,4746922,10.4324/9781003400622-13,Deliberate Practice Exercises for Basic Skills,2024,
deliberate practice performance measure objective outcome,crossref,ok,4746922,10.1007/bfb0110043,A composite performance measure,,
deliberate practice performance measure objective outcome,crossref,ok,4746922,10.1017/9781316480748.038,"The Differential Influence of Experience, Practice, and Deliberate Practice on the Development of Superior Individual Performance of Experts",,
deliberate practice performance measure objective outcome,crossref,ok,4746922,10.4324/9781003400622-20,The Research on Deliberate Practice,2024,
deliberate practice performance measure objective outcome,crossref,ok,4746922,10.4324/9781003400622-14,Deliberate Practice Exercises for Specific Models,2024,
deliberate practice performance measure objective outcome,crossref,ok,4746922,10.4324/9781003400622-21,Clarifying Deliberate Practice from Traditional Training,2024,
deliberate practice performance measure objective outcome,crossref,ok,4746922,10.9734/bpi/nhmmr/v11/16182d,Assessing Affordance Replaces Subjective-Objective Outcome Measure at the Knee Joint,2022,
deliberate practice performance measure objective outcome,crossref,ok,4746922,10.1002/9781119165590.ch5,Qualitative Methods for Routine Outcome Measurement,2017,
deliberate practice performance measure objective outcome,crossref,ok,4746922,10.4324/9781315472256-25,Advice for Supervisors: Integrating Deliberate Practice into Supervision,2016,
deliberate practice performance measure objective outcome,crossref,ok,4746922,10.1016/b978-0-12-374714-3.00007-0,The Expert Performance Approach and Deliberate Practice,2012,
deliberate practice performance measure objective outcome,crossref,ok,4746922,10.4324/9781410604088-9,Attaining Excellence Through Deliberate Practice: Insights From the Study of Expert Performance,2001,
deliberate practice performance measure objective outcome,crossref,ok,4746922,10.4324/9781003088943-6,"Deliberate Play, Deliberate Practice and Deliberate Preparation",2022,
deliberate practice performance measure objective outcome,crossref,ok,4746922,10.1016/j.apnr.2015.04.009,Development of an instrument to measure deliberate practice in professional nurses,2016,
deliberate practice performance measure objective outcome,crossref,ok,4746922,10.5040/9781492596257.ch-003,Development of Elite Performance and Deliberate Practice,2003,
deliberate practice performance measure objective outcome,crossref,ok,4746922,10.16962/elkapj/si.arimpie-2015.64,SOLVING MULTI-OBJECTIVE PROBLEM ON SUPPLY CHAIN PERFORMANCE MEASURE BY MULTI-OBJECTIVE EVOLUTIONARY ALGORITHM,2015,
deliberate practice performance measure objective outcome,crossref,ok,4746922,10.1093/med/9780199366149.003.0005,Deliberate Practice and the Acquisition of Expertise,2016,"The American medical system has room for improvement in the area of quality. Many systems-level approaches have been tried, but most have not yielded significant improvements in healthcare quality. This chapter focuses on strategies that mediate individual-level expert performance in a variety of domains. A central strategy underlying expert performance is deliberate practice. Deliberate practice is supported by having a learning orientation and “grit,” which is defined as long-term perseverance and passion for a goal, even if the goal is arduous. A general approach to performance improvement for individuals is also discussed. A reinvestment model for performance improvement proposes that individuals invest their time, effort, and cognitive resources, such as working memory capacity, in the design and implementation of deliberate practice for performance improvement."
deliberate practice performance measure objective outcome,crossref,ok,4746922,10.32469/10355/48697,Expertise development in musicians : the roles of deliberate play and deliberate practice,,"For many years, researchers have been investigating how and why certain people develop into experts in a given field. A primary difference between experts and non-experts is how they practice. Experts spend considerable amounts of time in deliberate practice, i.e., an intense, targeted form of practice (Ericsson, 1996), rather than mindless repetition. While this explains expertise in musicians, chess players and medical students (Ericsson, 2008), it does not fully explain the differences among athletes (Starkes, Deakin, Allard, Hodges, and Hayes, 1996). At first, sport psychologists were not able to understand why some athletes were able to change sports and learn the skills for the new sport with less than predicted amounts of deliberate practice. While studying athletes, sport psychologists developed a more comprehensive model to explain athletic expertise by including activities in a new category, deliberate play. The Developmental Model of Sport Participation (DMSP) includes the intense activities of deliberate practice, and the more flexible, play-like activities of deliberate play. Like many other fields, music study requires a great deal of time and effort before a student can progress to expert levels of performance. DMSP has clarified how athletes develop, particularly by accounting for the skills gained before intense, deliberate practice becomes a priority. Research has shown that musicians also gain skills through deliberate practice; however, deliberate play activities have not been considered in a music setting. Given recent advances in research related to the development of expertise in athletes, the purpose of this dissertation was to apply these theories to the development of expertise in musicians, through three studies. The first study is a review of literature pertaining to expertise development and the activities of development. The second study was based on interviews to determine if DMPS and the concept of deliberate play could be applied to expert musicians. Findings from the two studies indicated that DMSP did explain music expertise development, and that a new aspect termed awareness should be added to the model for musicians. The third study was an experiment to investigate the use of deliberate play activities in band classes, carried out with two groups of middle school students. One group of students replaced traditional music scale practice as part of their group warm-up with deliberate play scale games. The second group of students continued to practice their scales using the traditional methods. Each week, the students audio recorded a scale for the researcher. The weekly scale performance scores were compared for accuracy and overall skill level, but there was no difference between groups. Results of a practice behavior and motivation questionnaire indicated that attitudes did not change during the short study. By considering the results of the three papers, I have determined that music deliberate play is an idea relevant to musicans' development, and that students can learn through music deliberate play activities. Although more research is needed to determine how deliberate play functions in a classroom setting, educators should consider using these types of activities because they may be more enjoyable than traditional practice techniques."
deliberate practice performance measure objective outcome,crossref,ok,4746922,10.1111/j.1528-1157.1996.tb00611.x,Objective Measure of Treatment Outcome in Epilepsy,1996,"Summary:  Treatment outcome in epilepsy is too often a vague, ill‐defined subjective measure. Based on a proposal of Shoffer and Temkin (1987) of “time to kth seizure” as a measure of seizure frequency, we devised the formula: % improvement = 100 ‐ [time to X seizure (i*) * 100]/ [time to X seizure (f*)]. This formula provides an objective measure of treatment outcome and should prove useful in clinical settings and research. We offer examples of practical applications of the formula."
deliberate practice performance measure objective outcome,crossref,ok,4746922,10.1037/0000364-009,Deliberate practice for immediacy: Skill use and client outcome.,2023,
deliberate practice performance measure objective outcome,crossref,ok,4746922,10.4324/9781003299042-8,Deliberate Practice for Golf Learning and Training,2023,
deliberate practice performance measure objective outcome,crossref,ok,4746922,10.3102/1893088,Deliberate Practice With the Practi Mobile App Improved Undergraduate Students' Numerical Analysis Quiz Performance,2022,
deliberate practice performance measure objective outcome,crossref,ok,4746922,10.1037/t16060-000,Problems Precipitating Deliberate Self-Harm Measure,2005,
deliberate practice performance measure objective outcome,crossref,ok,4746922,10.9734/bpi/cimms/v3/3126c,Measuring the Knee Joint Awareness Cuts Across the Dichotomy of Subjective-Objective Outcome Measure,2022,
deliberate practice performance measure objective outcome,crossref,ok,4746922,10.5040/9781492596257.ch-005,A Search for Deliberate Practice,2003,
deliberate practice performance measure objective outcome,crossref,ok,4746922,10.1017/cbo9780511816796.038,The Influence of Experience and Deliberate Practice on the Development of Superior Expert Performance,2006,
deliberate practice performance measure objective outcome,crossref,ok,4746922,10.1155/2014/579273,Comment on “Simulation-Based Mastery Learning with Deliberate Practice Improves Clinical Performance in Spinal Anesthesia”,2014,
deliberate practice performance measure objective outcome,crossref,ok,4746922,10.1097/acm.0b013e31826d557b,"Flow, Deliberate Practice, and Renewal Are the Keys to Peak Performance",2012,
deliberate practice performance measure objective outcome,crossref,ok,4746922,10.3109/09593985.2015.1025320,Critical Care Functional Rehabilitation Outcome Measure: developing a validated measure,2015,
deliberate practice performance measure objective outcome,crossref,ok,4746922,10.1177/1049731509331951,Subjective Outcome and Objective Outcome Evaluation Findings: Insights From a Chinese Context,2009,"Objective: As there are few studies examining the relationship between subjective and objective outcome evaluation findings, this study investigated the linkage between these two types of outcomes in the Chinese culture. Method: In an experimental study, 3,298 Chinese secondary school students responded to the Chinese Positive Youth Development Scale assessing objective outcome (CPYDS) at pretest and posttest. They also responded to the Chinese Subjective Outcome Scale (CSOS) assessing subjective outcome at posttest. Results: The CSOS total and subscale scores were significantly correlated with posttest CPYDS scores and difference scores; they also predicted changes in CPYDS scores across time. Conclusions: The present findings demystify the common belief that findings based on the client satisfaction approach are unrelated to objective outcome evaluation findings."
deliberate practice performance measure objective outcome,crossref,ok,4746922,10.1037/0000351-002,Instructions for the psychodynamic therapy deliberate practice exercises.,2023,
deliberate practice performance measure objective outcome,crossref,ok,4746922,10.1097/scs.0000000000008826,Objective Outcome Measure of Beauty and Attractiveness in Esthetic Surgery: Making the Impossible Possible,2022,
skill acquisition curve power law practice measurement,crossref,ok,6372618,10.4324/9780203728178-6,Mechanisms of Skill Acquisition and the Law of Practice: Allen Newell and Paul S. Rosenbloom,2013,
skill acquisition curve power law practice measurement,crossref,ok,6372618,10.4324/9780203646564-11,Individual differences in skill acquisition,2004,
skill acquisition curve power law practice measurement,crossref,ok,6372618,10.3389/fpsyg.2019.01126,"Flow Experiences During Visuomotor Skill Acquisition Reflect Deviation From a Power-Law Learning Curve, but Not Overall Level of Skill",2019,
skill acquisition curve power law practice measurement,crossref,ok,6372618,10.4324/9780203646564-6,A historical perspective on skill acquisition,2004,
skill acquisition curve power law practice measurement,crossref,ok,6372618,10.4324/9780203646564-24,The evolution of coordination during skill acquisition,2004,
skill acquisition curve power law practice measurement,crossref,ok,6372618,10.4324/9781003051343-2,Introduction to Skill Acquisition in Judo,2024,
skill acquisition curve power law practice measurement,crossref,ok,6372618,10.4324/9780203056899-16,Assessment Procedures for Predicting and Optimizing Skill Acquisition After Extensive Practice,2013,
skill acquisition curve power law practice measurement,crossref,ok,6372618,10.4324/9780203646564-20,Psychophysiological and related indices of attention during motor skill acquisition,2004,
skill acquisition curve power law practice measurement,crossref,ok,6372618,10.1037/xhp0001414.supp,Supplemental Material for Post-power Law of Practice: Comparing Static and Dynamical Models of Skill Acquisition,2026,
skill acquisition curve power law practice measurement,crossref,ok,6372618,10.4324/9780203133712-22,Motor skill consolidation,2012,
skill acquisition curve power law practice measurement,crossref,ok,6372618,10.1093/acprof:oso/9780198570417.003.0002,"Skill acquisition: History, questions, and theories",2005,
skill acquisition curve power law practice measurement,crossref,ok,6372618,10.4324/9780203133712-27,The development of skill in sport,2012,
skill acquisition curve power law practice measurement,crossref,ok,6372618,10.4324/9781003051343,Skill Acquisition for Judo,2024,
skill acquisition curve power law practice measurement,crossref,ok,6372618,10.35841/1836-1935.12.8.239-245,"Evaluating the skill curve of psychomotor skill acquisition in arthroscopy, using a virtual reality simulator in trainee doctors",2019,
skill acquisition curve power law practice measurement,crossref,ok,6372618,10.37099/mtu.dc.etds/487,Skill Acquisition and the Influence of Attentional Focus and Practice,,
skill acquisition curve power law practice measurement,crossref,ok,6372618,10.31390/gradschool_disstheses.6073,Variability of Practice in Motor Skill Acquisition: A Task Dynamics Perspective.,,
skill acquisition curve power law practice measurement,crossref,ok,6372618,10.5040/9781718257993.0008,References,2025,
skill acquisition curve power law practice measurement,crossref,ok,6372618,10.4324/9780203646564-18,Deliberate practice and expert performance,2004,
skill acquisition curve power law practice measurement,crossref,ok,6372618,10.5040/9781718257993.0006,Epilogue,2025,
skill acquisition curve power law practice measurement,crossref,ok,6372618,10.4324/9780203646564-26,Musculoskeletal constraints on the acquisition of motor skills,2004,
skill acquisition curve power law practice measurement,crossref,ok,6372618,10.4324/9781351189750-1,Enhancing motor skill acquisition with augmented feedback,2019,
skill acquisition curve power law practice measurement,crossref,ok,6372618,10.4324/9780203646564-8,Contextual interference,2004,
skill acquisition curve power law practice measurement,crossref,ok,6372618,10.4324/9781003051343-14,Shuhari,2024,
skill acquisition curve power law practice measurement,crossref,ok,6372618,10.4324/9780203646564-15,Observational learning,2004,
skill acquisition curve power law practice measurement,crossref,ok,6372618,10.4324/9780203646564-12,Decision training,2004,
skill acquisition curve power law practice measurement,crossref,ok,6372618,10.31390/gradschool_disstheses.4989,Variability of Practice and the Contextual Interference Effect in Motor Skill Acquisition.,,
skill acquisition curve power law practice measurement,crossref,ok,6372618,10.5040/9781718257993.0011,About the Contributors,2025,
skill acquisition curve power law practice measurement,crossref,ok,6372618,10.5040/9781718257993.0010,About The Editors,2025,
skill acquisition curve power law practice measurement,crossref,ok,6372618,10.5040/9781718257993,Sport Skill Acquisition,2025,"In recent decades, sport science has seen an explosion in the volume of knowledge regarding skill acquisition and motor control. Sport Skill Acquisition carefully and critically considers the expanding knowledge, with a focus on application, examining three major theoretical perspectives that dominate the field: cognitive, ecological dynamics, and predictive processing. Editors Dave Collins, PhD, and Jamie Taylor, PhD, use their combined wisdom as coaches, coach developers, and expert sport psychology practitioners to offer practical advice on blending theoretical approaches, using examples from a variety of sports and activities. Students and practitioners across a variety of professions based on the development and refinement of effective movement—including coaches, sport scientists, physical educators, physical therapists, and trainers—will appreciate the applied focus of Sport Skill Acquisition. The text champions the connection of research to direct application using a practice termed professional judgment and decision making (PJDM), or the it depends approach, which stresses the need to carefully consider and apply the best strategy for each particular context. Organized into four parts, Sport Skill Acquisition begins by considering the three theoretical approaches to skill acquisition. It goes on to explore how these different approaches can be used separately or in a blended form, before considering the wider ramifications of an integrated approach. Then the mental, organizational, planning, and social aspects of skill are discussed, along with practical guidance on how skill can best be planned for, developed, executed, and integrated. Throughout the book, learning features guide readers through the content. Chapter objectives direct readers on their learning path and ensure they focus on key concepts, while chapter summaries offer a concise wrap-up of the material presented. Review questions and key terms support understanding and knowledge. Case studies and practical questions offer real-life situations that support critical thinking. For those looking to improve their work with performers, Sport Skill Acquisition provides a road map for choosing the best approach for each unique situation to develop skills for optimal sport performance."
skill acquisition curve power law practice measurement,crossref,ok,6372618,10.4324/9780203133712-10,The roles and uses of augmented feedback in motor skill acquisition RICHARD A . M AG ILL AND DAV I D I . ANDERSON,2012,
skill acquisition curve power law practice measurement,crossref,ok,6372618,10.4324/9781003051343-6,Considering Complex Systems,2024,
skill acquisition curve power law practice measurement,crossref,ok,6372618,10.4324/9781003051343-7,Understanding Nonlinear Pedagogy,2024,
skill acquisition curve power law practice measurement,crossref,ok,6372618,10.4324/9780203646564-9,The utilization of visual feedback in the acquisition of motor skills,2004,
skill acquisition curve power law practice measurement,crossref,ok,6372618,10.4324/9781003051343-16,Athlete-Centred Coaching,2024,
skill acquisition curve power law practice measurement,crossref,ok,6372618,10.4324/9781003051343-18,Creating Autonomous Judoka,2024,
skill acquisition curve power law practice measurement,crossref,ok,6372618,10.4324/9781003051343-3,Understanding Motor Control,2024,
skill acquisition curve power law practice measurement,crossref,ok,6372618,10.4324/9781351189750,Skill Acquisition in Sport,2019,
skill acquisition curve power law practice measurement,crossref,ok,6372618,10.4324/9781003051343-4,Exploring Motor Learning,2024,
skill acquisition curve power law practice measurement,crossref,ok,6372618,10.5040/9781718257993.ch-9,Athlete Management,2025,
skill acquisition curve power law practice measurement,crossref,ok,6372618,10.5040/9781718257993.ch-12,Team Management,2025,
skill acquisition curve power law practice measurement,crossref,ok,6372618,10.4324/9780203646564,Skill Acquisition in Sport,2004,
skill acquisition curve power law practice measurement,crossref,ok,6372618,10.5040/9781718257993.ch-8,Mental Skills,2025,
skill acquisition curve power law practice measurement,crossref,ok,6372618,10.4324/9780203646564-10,One-trial motor learning,2004,
skill acquisition curve power law practice measurement,crossref,ok,6372618,10.1002/9781405198431.wbeal0067,"Automatization, Skill Acquisition, and Practice in Second Language Acquisition",2012,"AbstractIn the last few decades, the study of second language acquisition has been dominated by perspectives from linguistics, in particular syntactic theory, psycholinguistics, and socio‐linguistics. Cognitive‐psychological perspectives are increasingly common in the study of the mental lexicon and online processing. Given, however, that second/foreign language proficiency implies a set of skills that enable speakers to comprehend and produce messages quickly and efficiently, cognitive psychology in general and skill acquisition theory in particular are also unquestionably relevant to second language acquisition, assuming that one is interested in what students can do with the language at various stages of learning, and not just what the underlying abstract competence is."
skill acquisition curve power law practice measurement,crossref,ok,6372618,10.4324/9780203646564-21,From novice to expert performance,2004,
skill acquisition curve power law practice measurement,crossref,ok,6372618,10.4324/9781351189750-19,The development of skill and interest in sport,2019,
skill acquisition curve power law practice measurement,crossref,ok,6372618,10.4324/9780203133712-12,Attentional focus affects movement efficiency,2012,
skill acquisition curve power law practice measurement,crossref,ok,6372618,10.4324/9781003051343-11,Kano's Vision for Judo,2024,
skill acquisition curve power law practice measurement,crossref,ok,6372618,10.4324/9780203133712-13,Advances in implicit motor learning,2012,
skill acquisition curve power law practice measurement,crossref,ok,6372618,10.5040/9781718214125.ch-009,Practice for Sports Teams,2021,
long-term skill retention without practice decay rate,crossref,ok,4615313,10.1093/oxfordhb/9780198795872.013.47,Skill Decay,2018,"Abstract
               With a focus on its intersection with the expertise literature, a number of conclusions arise from the present review of the skill/knowledge decay and retention literature. First, decay is more a matter of interference rather than simply the forgetting of information and processes through the passage of time. Second, decay is highly dependent on task and situational factors. Third, decay on complex tasks appears to be smaller than that observed for simple tasks. Fourth, retention is generally stronger with more practice, elaborative rehearsal, and greater mastery—expertise—of the task. Fifth, although related, retention, reacquisition, and transfer are meaningfully distinct. Sixth, there is very limited empirical research that integrates the study of expertise in the context of skill acquisition with the study of decay, adaptable performance, and enhancing retention (or mitigating loss) in complex real-world performance domains. Intersecting these rich yet separate literatures would be of great theoretical and practical value and warrants future research attention."
long-term skill retention without practice decay rate,crossref,ok,4615313,10.12965/jer.2142178.089,Neural mechanisms of interleaved practice that support long-term retention of motor skill in stroke: translational research perspective,2021,
long-term skill retention without practice decay rate,crossref,ok,4615313,10.1101/2020.10.14.330357,Leave-one-out cross-validation and linear modeling of visuospatial memory to predict long-term motor skill retention in individuals with and without chronic stroke: A short report,2020,"Abstract
                Motor learning is fundamental to motor rehabilitation outcomes and has been associated with visuospatial memory function in previous studies. Current predictive models of motor recovery of individuals with stroke generally exclude cognitive measures, overlooking the connection between motor learning and visuospatial memory. Recent work has demonstrated that a clinical test of visuospatial memory (Rey-Osterrieth Complex Figure Delayed Recall) may predict one-month skill learning in older adults, but if this relationship persists in individuals with chronic stroke remains unknown. The purpose of this short report was to extend these findings by evaluating the extent these test scores impacted prediction in older adults and determine if this relationship generalized to individuals with stroke pathology. To address these questions, we trained two regression models (one including Delayed Recall scores and one without) using data from non-stroke older adults. To determine the extent to which Delayed Recall test scores impacted prediction accuracy of one-month skill learning in older adults, we used leave-one-out cross-validation to evaluate the prediction error between models. To determine if this predictive relationship persisted in individuals with chronic ischemic stroke, we then tested each trained model on an independent stroke dataset. Results indicated that in both stroke and non-stroke datasets, inclusion of Delayed Recall scores explained significantly more variance of one-month skill performance than models that included age, education, and baseline motor performance alone. This proof-of-concept suggests that the relationship between delayed visuospatial memory and one-month motor skill performance generalizes to individuals with chronic stroke and supports the idea that visuospatial testing may provide prognostic insight into motor rehabilitation outcomes."
long-term skill retention without practice decay rate,crossref,ok,4615313,10.21236/ada336077,Optimizing the Long-Term Retention of Skills: Structural and Analytic Approaches to Skill Maintenance,1997,
long-term skill retention without practice decay rate,crossref,ok,4615313,10.21236/ada293798,Optimizing the Long-Term Retention of Skills:   Structural and Analytic Approaches to Skill Maintenance.,1995,
long-term skill retention without practice decay rate,crossref,ok,4615313,10.1101/186742,Abdominal adiposity negatively associates with the rate of long term sequential skill learning,2017,"Obesity is associated with functional and structural differences in the corticostriatal systems of the brain. These pathways are known to be critical for the acquisition of complex sensorimotor skills, such as the ability to learn a coordinated sequence of actions. Thus, individual differences in obesity should be associated with reduced efficiency of learning sequential skills. Here we measured long-term sequence learning across five days of training on the serial reaction time task in a cohort of neurologically healthy adults (N=30) with body types ranging from lean to obese. As expected, individuals with a greater degree of central adiposity, measured as central waist circumference, exhibited slower rates of learning, across all training days, than their leaner counterparts. This association between learning and central adiposity was restricted to response speeds, but not accuracy. These findings show that obesity is negatively associated with the efficiency of learning a long-term sequential skill, possibly due to previously observed associations between obesity and general basal ganglia function."
long-term skill retention without practice decay rate,crossref,ok,4615313,10.64643/ijirtv12i12-203304-459,SkillArchive : Skill Decay &amp; Knowledge Retention Tracker,2026,
long-term skill retention without practice decay rate,crossref,ok,4615313,10.4135/9781483326887.n2,The Long-Term Retention of a Complex Skill,1995,
long-term skill retention without practice decay rate,crossref,ok,4615313,10.1016/j.surg.2016.11.022,"Early crisis nontechnical skill teaching in residency leads to long-term skill retention and improved performance during crises: A prospective, nonrandomized controlled study",2017,
long-term skill retention without practice decay rate,crossref,ok,4615313,10.2466/pms.1971.32.3.773,Long-Term Retention of a Pursuitmeter Skill,1971,"Number of errors for 1 S on a pursuitmeter by 3 3.81-min. cycles separated by 9-min. rests during 12 practice days, occurring every other day during acquisition and by 1 month periods over 1 ½ yr., over 1 yr. for 2 yr., and after 1 ½ yr. are presented and remarked upon."
long-term skill retention without practice decay rate,crossref,ok,4615313,10.1080/00223980.1965.10544617,Short-Term Retention and Long-Term Retention as a Function of Practice,1965,
long-term skill retention without practice decay rate,crossref,ok,4615313,10.1787/888932344824,4.5. Long term unemployment rate,,
long-term skill retention without practice decay rate,crossref,ok,4615313,10.1037/bul0000481.supp,Supplemental Material for Procedural Skill Retention and Decay: A Meta-Analytic Review,2025,
long-term skill retention without practice decay rate,crossref,ok,4615313,10.2190/cs.11.3.f,Leveraging What We Know to Enhance Short-Term and Long-Term Retention of University Students,2009,"Logistic regression models of students' 1-year retention and 6-year retention/graduation for the fall 2000 entering class of students at a research-extensive university in the Midwest were estimated by combining university, financial aid, and Cooperative Institutional Research Program data ( n = 1,905; 45% female, 87% Caucasian, 75% in-state). Statistically significant predictors of retention to the second year were first-year cumulative grade point average, financial aid variables, learning community membership, information technology use in high school, and in-state residence. Six-year retention/graduation was predicted significantly by the students' last registered term cumulative grade point average, number of years living on campus, transfer credits, financial aid variables, gender, ability measures (high school rank, ACT composite score), in-state residence, and female gender."
long-term skill retention without practice decay rate,crossref,ok,4615313,10.31234/osf.io/dk63q,Retrieval practice promotes long-term retention irrespective of the placement,2020,"The current study aimed at comparing the effect of three placements of the re-exposure episodes on memory retention (interpolated-small, interpolated-medium, postponed), depending on whether retrieval practice or re-reading was used, and on retention interval (one week vs one month)."
long-term skill retention without practice decay rate,crossref,ok,4615313,10.2139/ssrn.3613015,Skill Retention and Deliberate Practice with First-Year Nursing Students,2020,"Nursing students demonstrate skill decay in some of the many psychomotor clinical skills taught in pre-licensure programs such as urinary catheter insertion which requires the use of a sterile technique previously taught in the program. First-year associate degree nursing students (N = 11) participated in a pretest/posttest study to explore the impact of deliberate practice on skill retention of a sterile procedure. All participants contaminated the sterile field in the pretest and participated in the deliberate practice session. Using McNemar’s test, there was no statistically significant difference in the proportion of participants who contaminated the sterile field or who maintained sterility pre- and post-intervention, p = .062, but performance improved for some of the participants (n = 5; 45.5%). The study findings reinforce the prevalence of skill decay using traditional teaching methods for sterile technique and contribute to future exploration of influences on skill retention in nursing education. Recommendations for future research are discussed."
long-term skill retention without practice decay rate,crossref,ok,4615313,10.21608/cvrepj.2025.475698,The Aswan Maximize Practice Retention (AMPR) Framework: A Novel Model for Enhancing Long-Term Knowledge and Practice Retention Among Cardiovascular Nurses.,2025,
long-term skill retention without practice decay rate,crossref,ok,4615313,10.21236/ada362103,"Optimizing the Long-Term Retention of Skills: Structural and Analytic Approaches to Skill Maintenance. Annual Report, 1991-1992.",1999,
long-term skill retention without practice decay rate,crossref,ok,4615313,10.4324/9780203787410-41,Long Term Retention of Instrumentally Learned Heart-Rate Changes in the Curarized Rat,2017,
long-term skill retention without practice decay rate,crossref,ok,4615313,10.1016/j.annemergmed.2005.06.052,Short and Long Term Skill Retention After Resident Training in Cricothyroidotomy,2005,
long-term skill retention without practice decay rate,crossref,ok,4615313,10.33423/jhetp.v18i6.146,Assurance of Learning and Knowledge Retention: Do AOL Practices Measure Long-Term Knowledge Retention or Short-term Memory Recall?,2018,"In response to greater emphasis on quantitative measures of assurance of learning the authors propose that while useful, the assessment tools currently being utilized, and the desired outcomes that they measure, may not be well aligned with how the brain acquires and stores knowledge over the long-term. The following paper considers current approaches to teaching, assessment and long-term knowledge retention and makes a call for additional assessment measures that can assist in establishing teaching strategies that support the neurological functions that occur in the brain to allow short-term memory to become long-term knowledge retention."
long-term skill retention without practice decay rate,crossref,ok,4615313,10.1523/jneurosci.1399-13.2013,Reversal of Long-Term Potentiation-Like Plasticity Processes after Motor Learning Disrupts Skill Retention,2013,
long-term skill retention without practice decay rate,crossref,ok,4615313,10.1007/978-1-4612-2868-4_1,A Functional and Cognitive Analysis of Infant Long-Term Retention,1992,
long-term skill retention without practice decay rate,crossref,ok,4615313,10.1007/978-3-642-70358-4_21,Long-Term Observation of Fetal Heart Rate Irregularities,1985,
long-term skill retention without practice decay rate,crossref,ok,4615313,10.1080/00140139.2013.869357,Counteracting skill decay: four refresher interventions and their effect on skill and knowledge retention in a simulated process control task,2014,
long-term skill retention without practice decay rate,crossref,ok,4615313,10.2139/ssrn.4374928,Long-Term Retention of Carbon from Litter Decay in Diverse Agricultural Soils in Canada and New Zealand,2023,
long-term skill retention without practice decay rate,crossref,ok,4615313,10.1037/h0041719,Acquisition and long-term retention of a simple serial perceptual-motor skill.,1957,
long-term skill retention without practice decay rate,crossref,ok,4615313,10.1007/978-1-4612-1062-7_7,Major Variables Affecting Long-Term Retention,1987,
long-term skill retention without practice decay rate,crossref,ok,4615313,10.64898/2026.02.11.705269,Transcranial Direct Current Stimulation enhances long-term retention after 5 days of lower-limb motor skill learning,2026,"Transcranial direct current stimulation (tDCS) holds the potential to affect behavior by modulating ongoing neural activity, and tDCS paired with hand motor practice can enhance motor learning. While augmenting the behavioral benefits of motor practice is relevant for neurorehabilitation following central and peripheral lesions to the motor system, as well as in sports, the short- and long-term effects of tDCS targeting the mesial motor cortex (M1-Leg) during lower-limb motor skill practice remain unexplored. We tested whether five days of anodal tDCS over M1-Leg during training of a sequential visuomotor tracking task improves within- and between-session learning and one-week retention. Participants were randomized to skill practice with active tDCS, skill practice with sham stimulation, or volume-matched non-skilled ankle movements with sham stimulation. Changes in corticospinal excitability accompanying skill and nonskill motor practice with real and sham tDCS, were assessed as motor evoked potential amplitudes recorded from the tibialis anterior muscle at rest. Compared to non-skill practice, motor skill practice yielded robust sequence-specific performance gains, which were transferred to the untrained leg and persisted for at least one week after practice ended. Concurrent tDCS did not increase learning within or between training sessions, but it did lead to improved one-week retention compared to sham stimulation. Corticospinal excitability did not increase after practice and was unaffected by tDCS. These findings suggest that combining lower-limb motor skill practice with tDCS over M1-Leg can strengthen retention of skill learning without measurable changes in resting corticospinal excitability. This is relevant for motor practice scheduling in neurorehabilitation."
long-term skill retention without practice decay rate,crossref,ok,4615313,10.53846/goediss-8293,Neuromuscular adaptations induced by long-term motor skill training,,
long-term skill retention without practice decay rate,crossref,ok,4615313,10.1111/j.2044-8295.1971.tb02057.x,LONG‐TERM RETENTION AND TRANSFER OF AN INDUSTRIAL SEARCH SKILL,1971,"The classical finding that transfer, compared with retention, is relatively stable over long periods of time was investigated using a fault‐location task. Following initial, unaided searching, the subject practised fault location with the help of a decision tree specifying the most efficient search sequences. Instructions explained that the subject might subsequently be asked to find faults in a system where the failure probabilities and test costs would be different (the transfer task), and that, besides learning the specific decision tree test sequences, he should attempt to learn more general search strategy. Subjects' performance was measured on one subsequent occasion, either on the training task or on the transfer task, after an interval of either 6, 58 or 182 days. There was a significant decrement in retention but not in transfer. All retention and transfer means were significantly superior to untrained controls. When subjects were divided into high‐ and low‐ability groups (where ability is measured by the efficiency of unaided fault location before training), significant decrement was found only in retention of low‐ability groups. No significant decrements were found in retention of high‐ability groups, or in transfer at either ability level. It is argued that stability of training effects over time depends not so much on whether the criterion is retention or transfer as on the extent to which the subject learns general search strategy, which is well remembered, as distinct from specific search routines, which are more quickly forgotten. A simple law of exercise may explain the superior retention of general strategies over specific response sequences."
long-term skill retention without practice decay rate,crossref,ok,4615313,10.1007/978-1-4612-2868-4_8,Toward a Theory of the Development of Long-Term Retention,1992,
long-term skill retention without practice decay rate,crossref,ok,4615313,10.1006/brcg.1995.1283,Acquisition and Long-Term Retention of a Fine Motor Skill in Alzheimers-Disease,1995,
long-term skill retention without practice decay rate,crossref,ok,4615313,10.3389/fnhum.2012.00343,Dual-tDCS Enhances Online Motor Skill Learning and Long-Term Retention in Chronic Stroke Patients,2013,
long-term skill retention without practice decay rate,crossref,ok,4615313,10.1016/0026-0495(66)90085-0,Estimation of bone mineral transfer rate by the measurement of long-term retention of SR85,1966,
long-term skill retention without practice decay rate,crossref,ok,4615313,10.1016/j.astropartphys.2014.02.001,Long-term measurements of 36Cl to investigate potential solar influence on the decay rate,2014,
long-term skill retention without practice decay rate,crossref,ok,4615313,10.1016/j.foodchem.2021.131781,Long-term quality retention and decay inhibition of chestnut using thymol loaded chitosan nanoparticle,2022,
long-term skill retention without practice decay rate,crossref,ok,4615313,10.1109/fie.2018.8659156,Special Session: Learning and Practice of Engineering Fundamental Principles for Long-Term Retention,2018,
long-term skill retention without practice decay rate,crossref,ok,4615313,10.1080/00140130010000893,Effects of training on short- and long-term skill retention in a complex multiple-task environment,2000,
long-term skill retention without practice decay rate,crossref,ok,4615313,10.1016/0022-0965(73)90163-x,A developmental study of decay rate in long-term memory,1973,
long-term skill retention without practice decay rate,crossref,ok,4615313,10.2190/nkpn-8b33-v7cy-l7w1,First Year Seminars Produce Long-Term Impact,2003,"In an effort to provide insight into a strategy for increasing student retention, students enrolled in a first year seminar were paired with a matched comparison group, and retention of the 1,853 students in the two groups was compared over a period of four years. Results indicated significantly greater retention over a period of four years for students enrolled in the seminar. Review of the literature indicates that while such seminars are gaining in popularity, longitudinal studies of their effectiveness using matched comparison groups are lacking. In addition to expanding the research base of the first year seminars, this article also presents the background of the seminar and studies regarding the first year seminar that are relevant to retention."
long-term skill retention without practice decay rate,crossref,ok,4615313,10.4337/aee.2023.01.05,Improving long-term retention: promoting distributed practice in an introductory economics course,2023,"This paper reports on a classroom experiment that tested whether increased use of a pedagogical approach known as
                    distributed practice
                    can lead to enhanced long-term retention of material covered in an Introduction to Economics course. In a distributed practice approach, students are encouraged to learn course material over a longer period of time and to keep coming back to the same material more than once. This contrasts with more traditional pedagogical approaches that effectively encourage students to cram for exams in a short space of time. Students in a class that made more frequent use of comprehensive exams across a semester, and students in a class that employed a more traditional assessment structure, re-took an exam on core economic concepts one year after the end of semester to test their long-term retention of these concepts. Results from this experiment indicate a positive correlation between post-semester test scores and participation in the section that used more frequent comprehensive exams, controlling for parental education, the taking of other economics courses, original course grade, and other relevant variables. These results suggest the effectiveness of the high-frequency assessment strategy and the associated distributed practice approach to learning. Implications for future work are also considered."
long-term skill retention without practice decay rate,crossref,ok,4615313,10.1007/bf00419684,Long-term retention of a motor skill: Implicit sequence knowledge is not retained after a one-year delay,1997,
long-term skill retention without practice decay rate,crossref,ok,4615313,10.31234/osf.io/tv485,Selective retrieval practice can benefit long-term retention of untested associations: Evidence from a word triplet paradigm,2024,"It is now well established that LTM retention can be improved through methods ofoptimising learning and testing schedules that show promise in laboratory and applied contexts. Among these principles, there is a large and growing literature on retrieval practice (also known as test-enhanced learning or the testing effect), whereby later memory performance is improved when the individual carries out retrieval of material during learning and/or retention. One broad outstanding question concerns the task contexts in which retrieval enhances later memory and retention, and whether such effects are limited to the precise material being practiced, or if they generalise or ‘transfer’ to associated information. The current study reports two experiments examining this question, with a focus on whether retrieval can enhance associative connections within multi-feature memory representations over extended time periods of several days. We tested retention of associative links within word triplets shortly after encoding and after a one-week delay. Half of the participants also performed an additional intervening cued recall test 24 hours after encoding, in which a different associative link from each triplet was cued for retrieval. In both experiments, participants in the intervening group showed relatively better retention on the final one-week test. These findings indicate that retrieval benefits can transfer from tested to untested associations within word triplets when retrieval practice and testing is implemented over periods of several days."
long-term skill retention without practice decay rate,crossref,ok,4615313,10.1001/jamadermatol.2015.118,Teaching the Simple Suture to Medical Students for Long-term Retention of Skill,2015,
long-term skill retention without practice decay rate,crossref,ok,4615313,10.2139/ssrn.4329471,Long-Term Effects of Grade Retention,2023,"Grade retention offers students a chance to catch up with unmastered material but also leads to less labor-market experience by delaying graduation and labor-market entry. This is the first paper to quantify this trade-off, using an exit exam cutoff of Dutch academic secondary schools, where failing implies grade retention. I find no impact of retaining on final educational attainment, although retained students are later to graduate. Grade retention does lead to annual earnings loss at age 28 of 3000 euro (8.5%) due to reduced labor-market experience. Overall, grade retention is of no benefit for students around the cutoff."
long-term skill retention without practice decay rate,crossref,ok,4615313,10.2139/ssrn.7287384,Preparation for Low-radiation Background and Long-term Decay-rate Measurements at the Jánossy Underground Research Laboratory,2026,"We report on the preparation and characterization of a low-background$\gamma$-counting facility at the Jánossy Underground Research Laboratory(JURLab) of the HUN-REN Wigner Research Centre for Physics, located at a depthof 75~m water equivalent. The $\gamma$-ray background was measured with ahigh-purity germanium detector in several shielding configurations and comparedwith published spectra of other underground laboratories. The present shieldingof 5--10~cm lead with a 2~mm copper liner suppresses the background by about twoorders of magnitude. The long-term stability of the setup was investigated witha \textsuperscript{137}Cs source and \textsuperscript{40}K over the period fromJuly~2022 to April~2024 with continuous environmental monitoring. Thedecay-corrected \textsuperscript{137}Cs/\textsuperscript{40}K photopeak-arearatio shows no residual trend within uncertainties, demonstrating suitabilityfor precision long-duration measurements. With the present setup at JURLabminimum detectable activities are derived for radionuclides relevant to nuclearastrophysics and nuclear technology. These results establish JURLab as asuitable site for decay-rate studies and for low-activity measurements ofactivation samples produced at nearby research facilities."
long-term skill retention without practice decay rate,crossref,ok,4615313,10.1016/j.physletb.2017.01.030,Precision long-term measurements of beta-decay-rate ratios in a controlled environment,2017,
long-term skill retention without practice decay rate,crossref,ok,4615313,10.3390/bs16071124,The Benefits of Covert Retrieval Practice on Short- and Long-Term L3 Vocabulary Retention,2026,"Background: The present study investigated the impact of retrieval practice on Japanese vocabulary acquisition by native Chinese speakers (English as the second language), employing a classic retrieval practice paradigm and examining both short-term and long-term effects. Methods: Fifty-eight Chinese participants without prior knowledge of Japanese learned 30 Japanese–Chinese word pairs through either repeated studying or retrieval practice. Participants subsequently provided metacognitive predictions before completing a 15-min delayed cued recall test, as well as 30-day and 50-day delayed old/new recognition memory tests. Results: Retrieval practice with feedback significantly enhanced vocabulary recall on the 15-min cued recall test and recognition on the 30-day and 50-day tests compared to repeated studying. Regarding metacognitive judgments, participants’ predicted performance significantly declined over longer retention intervals, but no significant differences were found between retrieval practice and repeated studying at any retention interval. Conclusions: The findings provide behavioral evidence for the advantage of retrieval practice in kana-based (phonographic) L3 vocabulary learning, extending the applicability of the desirable difficulties framework and the retrieval effort hypothesis to this context. The study also highlights the need to raise the awareness of retrieval practice among learners and educators. Future research should explore the generalizability of these findings to logographic (kanji) learning and to more ecologically valid educational settings."
long-term skill retention without practice decay rate,crossref,ok,4615313,10.1007/s10499-014-9774-6,Impact of season and grafter skill on nucleus retention and pearl oyster mortality rate in Pinctada margaritifera aquaculture,2014,
skill retention interval quantitative review,crossref,ok,8151342,10.1037/e475882008-001,"The effects of task organization, training time and retention interval on the retention of skill",1962,
skill retention interval quantitative review,crossref,ok,8151342,10.21236/ada368456,Moderators of Skill Retention Interval-Performance Decrement Relationships: Implications for Skill Maintenance,1998,
skill retention interval quantitative review,crossref,ok,8151342,10.1037/h0026239,"Task coherence, training time, and retention interval effects on skill retention.",1968,
skill retention interval quantitative review,crossref,ok,8151342,10.1017/exp.2022.28.pr2,Review 2: Skill retention after Desktop and Head-Mounted-Display Virtual Reality training,2022,
skill retention interval quantitative review,crossref,ok,8151342,10.1017/exp.2022.28.pr1,Review 1: Skill retention after Desktop and Head-Mounted-Display Virtual Reality training,2022,
skill retention interval quantitative review,crossref,ok,8151342,10.1207/s15327043hup1101_3,Factors That Influence Skill Decay and Retention: A Quantitative Review and Analysis,1998,
skill retention interval quantitative review,crossref,ok,8151342,10.4992/psycholres1954.23.101,The retention interval model,1981,
skill retention interval quantitative review,crossref,ok,8151342,10.1080/00221309.1981.9921082,Quantitative Tests of the Retention Interval Model,1981,
skill retention interval quantitative review,crossref,ok,8151342,10.21236/ada114211,Skill Retention and Its Implications for Navy Tasks: An Analytical Review,1982,
skill retention interval quantitative review,crossref,ok,8151342,10.1037/bul0000481.supp,Supplemental Material for Procedural Skill Retention and Decay: A Meta-Analytic Review,2025,
skill retention interval quantitative review,crossref,ok,8151342,10.21236/ada263407,A Review and Annotated Bibliography of Literature Relevant to Armor Skill Retention,1993,
skill retention interval quantitative review,crossref,ok,8151342,10.1111/jcal.12598/v1/review2,"Review for ""Is the human movement effect stable over time? The effects of presentation format on acquisition and retention of a motor skill""",2020,
skill retention interval quantitative review,crossref,ok,8151342,10.7287/peerj.12299v0.1/reviews/2,"Peer Review #2 of ""Misinformation effects in an online sample: results of an experimental study with a five day retention interval (v0.1)""",2021,
skill retention interval quantitative review,crossref,ok,8151342,10.7287/peerj.12299v0.2/reviews/2,"Peer Review #2 of ""Misinformation effects in an online sample: results of an experimental study with a five day retention interval (v0.2)""",2021,
skill retention interval quantitative review,crossref,ok,8151342,10.21203/rs.3.rs-10598141/v1,Effects of High-Intensity Interval Training on Physical Fitness and Skill-Related Performance in Badminton Players: A Systematic Review and Meta-Analysis,2026,"Abstract
                Badminton is a sport that engages both aerobic and anaerobic energy systems, with agility, endurance, and explosive power as its core competitive attributes. These physical qualities must be paired with advanced technical skill to produce optimal athletic performance. Currently, high-intensity interval training (HIIT) and sport-specific interval training are widely used in badminton training. However, existing research lacks sufficient comparative investigation into how high-intensity training of different durations and modalities impacts the overall physical fitness and athletic performance of badminton players, and there is a shortage of comprehensive empirical evidence to confirm the effectiveness of various training programs. This study adopted a systematic review framework combined with meta-analysis, searching multiple academic databases including PubMed, Web of Science and other sources for all relevant literature published (up to January 2026.  After screening for eligible studies, we performed quantitative analysis using Review Manager 5.4 software. In total, 8 moderate-quality studies were included in this analysis, involving 202 participants aged 10–19 years. The included HIIT interventions lasted 8–10 weeks, with 2–4 sessions per week and each session lasting 30–90 minutes, while individual study sample sizes ranged from 16 to 40 participants. The results indicate that, compared with traditional badminton training, HIIT significantly improves athletes' sprinting ability (MD = 0.77, 95% CI [0.03, 0.51], P = 0.04), agility (MD = 4.60, 95% CI [4.35, 4.86], P &lt; 0.00001), and skill performance (MD = 5.54, 95% CI [4.05, 7.03], P &lt; 0.00001). Specifically, HIIT effectively enhances stroke technique and body position control, but it does not produce statistically significant improvements in cardiovascular endurance or explosive power indicators. In addition, the effect of HIIT on female badminton athletes remains unclear, and this constitutes an existing research gap in the current literature."
skill retention interval quantitative review,crossref,ok,8151342,10.5040/9781492595625.ch-011,Skill Retention,2011,
skill retention interval quantitative review,crossref,ok,8151342,10.1016/j.surg.2016.11.011,Effects of a retention interval and refresher session on intracorporeal suturing and knot tying skill and mental workload,2017,
skill retention interval quantitative review,crossref,ok,8151342,10.1108/00483480710752777,"Skill shortages, recruitment and retention in the house building sector",2007,"PurposeThe purpose of this paper is to show how internal and external labour markets operate in the construction sector, associated with different strategies taken by firms in recruiting and retaining particular groups of employees. It draws on research of the house building sector which aims to discover how far firms develop human resource policies, recruitment and retention strategies, and training and development activities in response to skill shortages.Design/methodology/approachThe paper is based on a questionnaire survey of skills shortages, recruitment and retention in house building firms, drawn from databases of social and private housebuilders and a detailed investigation of firms.FindingsThe results show worsening skill shortages and hard‐to‐fill vacancies, particularly for site managers and tradespersons. These shortages are especially bad for house building firms, above all those with higher levels of direct employment in the social housing sector. Despite this, firms rely for operative recruitment on traditional and informal methods and procedures, on experience – not qualifications – as the main criterion, and on “poaching” – all symptomatic of a craft labour market. For managers, there is some evidence of retention measures, in particular through training and promotion, implying the development of internal labour markets. And for professionals there are indications of occupational labour markets with their dependence on institutionalised systems of training and qualifications.Originality/valueThe paper shows that firms take little responsibility themselves for resolving skill shortages and establishing training needs, though national training policy is reactive and driven by employer demand. Obligatory skills certification and an institutionalised industrial training system would facilitate a move from this deadlocked situation, from craft to occupational labour markets."
skill retention interval quantitative review,crossref,ok,8151342,10.1111/jcal.12598/v2/review2,"Review for ""Is the human movement effect stable over time? The effects of presentation format on acquisition and retention of a motor skill""",2021,
skill retention interval quantitative review,crossref,ok,8151342,10.7287/peerj.12299v0.1/reviews/1,"Peer Review #1 of ""Misinformation effects in an online sample: results of an experimental study with a five day retention interval (v0.1)""",2021,
skill retention interval quantitative review,crossref,ok,8151342,10.1207/s15327043hup1101_4,Moderators of Skill Retention Interval/Performance Decrement Relationships in Eight U.S. Air Force Enlisted Specialties,1998,
skill retention interval quantitative review,crossref,ok,8151342,10.1186/s12909-026-09538-4,"Training interval, feedback, and retention in cardiopulmonary resuscitation education: a systematic review",2026,"Abstract
                  
                    Background
                    High-quality cardiopulmonary resuscitation (CPR) is a key determinant of survival after cardiac arrest; however, CPR skills deteriorate rapidly after training. Increasing attention has therefore been directed toward optimizing training design, including training intervals, feedback mechanisms, and educational delivery models, to improve skill retention. This systematic review aimed to synthesize evidence on the effectiveness of CPR education strategies, with particular emphasis on retention-oriented approaches.
                  
                  
                    Methods
                    This systematic review was conducted in accordance with the PRISMA 2020 guidelines. A comprehensive literature search was performed in PubMed/MEDLINE, Embase, and the Cochrane Library for studies published from January 2015 to June 30, 2024. Interventional studies evaluating CPR education—including randomized controlled trials and quasi-experimental designs—were included. Due to substantial heterogeneity in study designs, interventions, and outcome measures, a meta-analysis was not feasible; therefore, a narrative synthesis was conducted.
                  
                  
                    Results
                    A total of 20 studies were included. Across the included studies, spaced training was generally associated with improved skill retention compared with single-session training. Interventions incorporating feedback mechanisms were associated with improved compression performance, while reflective and cognitively oriented approaches showed potential for enhancing long-term skill retention, particularly at follow-up assessments. In addition, school- and community-based CPR education—including peer-led training—demonstrated outcomes comparable to traditional instructor-led models.
                  
                  
                    Conclusions
                    These findings suggest that the effectiveness of CPR education is associated less with total training duration and more with how training is structured and reinforced. Retention-focused approaches—such as spaced training, feedback integration, and cognitively informed strategies—may support improved skill maintenance. However, given the heterogeneity of included studies and the presence of moderate to high risk of bias in several studies, these findings should be interpreted with caution."
skill retention interval quantitative review,crossref,ok,8151342,10.1111/jcal.12598/v1/review1,"Review for ""Is the human movement effect stable over time? The effects of presentation format on acquisition and retention of a motor skill""",2020,
skill retention interval quantitative review,crossref,ok,8151342,10.1111/jcal.12598/v2/review1,"Review for ""Is the human movement effect stable over time? The effects of presentation format on acquisition and retention of a motor skill""",2021,
skill retention interval quantitative review,crossref,ok,8151342,10.1037//0033-295x.105.2.379,On the form of the retention function: Comment on Rubin and Wenzel (1996): A quantitative description of retention.,1998,
skill retention interval quantitative review,crossref,ok,8151342,10.2139/ssrn.3613015,Skill Retention and Deliberate Practice with First-Year Nursing Students,2020,"Nursing students demonstrate skill decay in some of the many psychomotor clinical skills taught in pre-licensure programs such as urinary catheter insertion which requires the use of a sterile technique previously taught in the program. First-year associate degree nursing students (N = 11) participated in a pretest/posttest study to explore the impact of deliberate practice on skill retention of a sterile procedure. All participants contaminated the sterile field in the pretest and participated in the deliberate practice session. Using McNemar’s test, there was no statistically significant difference in the proportion of participants who contaminated the sterile field or who maintained sterility pre- and post-intervention, p = .062, but performance improved for some of the participants (n = 5; 45.5%). The study findings reinforce the prevalence of skill decay using traditional teaching methods for sterile technique and contribute to future exploration of influences on skill retention in nursing education. Recommendations for future research are discussed."
skill retention interval quantitative review,crossref,ok,8151342,10.1016/j.ijme.2018.04.004,Quantitative skill retention and curriculum integration in a typical business school in the United States – A student perspective,2018,
skill retention interval quantitative review,crossref,ok,8151342,10.1037/e354192004-001,Master Athletes and the Retention of Skill,2003,
skill retention interval quantitative review,crossref,ok,8151342,10.1016/0022-2496(66)90022-8,Recognition learning as a function of the length of the retention interval and changes in the retention interval,1966,
skill retention interval quantitative review,crossref,ok,8151342,10.21236/ada134017,Basic Rifle Marksmanship Skill Retention: Implications for Retention Research.,1981,
skill retention interval quantitative review,crossref,ok,8151342,10.1037/0033-295x.105.2.379,On the form of the retention function: Comment on Rubin and Wenzel (1996): A quantitative description of retention.,1998,
skill retention interval quantitative review,crossref,ok,8151342,10.21203/rs.3.rs-4007189/v1,A low resource simulation-based training package leads to increased knowledge and skill retention post Basic Emergency Obstetric and Neonatal Care in rural Tanzania; A stepped- wedge research design Short Title: BEmONC simulation-based training package leads to skill retention in Tanzania,2024,"Abstract
        Background: The Basic Emergency Obstetric and Neonatal Care (BEmONC) training program merges core modules from Helping Mothers Survive and Helping Babies Survive training programs to improve obstetrical and newborn outcomes. The duration of BEmONC training varies between facilities and countries.  Longer term low dose high frequency practice has been shown to prevent skill decay in both Helping Mothers Survive and Helping Babies Survive literature. A recent program evaluation of BEmONC training with extensive changes to infrastructure in rural Tanzania links training with improve obstetric and neonatal outcomes. This study sought to document skill and knowledge outcomes after disseminating a low resource focused simulation package.
Methods:  A stepped-wedge research design was used to test the intervention: the simulation package. Participants were midwives/nurses, clinical officers, and medical officers from two hospitals and four Health Centres in Mwanza Region, Tanzania. Facilities were purposely assigned to one of the two clusters. The intervention had three components: (1) 5-day BEmONC workshop, (2) peer to peer facility-based simulation practice using peer cards and (3) clinical mentorship. Cluster A and Cluster B attended the 5-day BEmONC workshop. Cluster A was supported with the component two and three post workshop. Cluster B received these components after the 6-month assessment. Knowledge and skill were analyzed at baseline, post workshop, at 6 months and at 12 months using the r core statistics; p-values &lt; 0.05 were considered statistically significant.
Results: Cluster A (n=7) and Cluster B (n=8) participants demonstrated significant knowledge and skill improvements post-initial workshop. At 6 months, Cluster A aggregate skill scores were significantly higher than Cluster B, who showed skill decay. At 12 months, aggregate skill scores between Cluster A and Cluster B were similar.
Conclusion: The simulation package was feasible and effective for improving baseline skill, and retaining skill sets at 6 and 12 months. This is the first study to pilot the newly developed essential care for labor and birth module. This approach provides a low resource education option for improving healthcare provider abilities to provide quality care. More research is needed to link low resource initiatives with clinical outcomes."
skill retention interval quantitative review,crossref,ok,8151342,10.4135/9781412959537.n268,Retention Interval and Eyewitness Memory,2008,
skill retention interval quantitative review,crossref,ok,8151342,10.21236/ada069945,Chaparral Skill Retention,1979,
skill retention interval quantitative review,crossref,ok,8151342,10.1037/t32091-000,Skill Retention Measure,2011,
skill retention interval quantitative review,crossref,ok,8151342,10.1023/a:1008368524904,Sensitivity of Systematic Risk Estimates to the Return Measurement Interval Under Serial Correlation,1999,
skill retention interval quantitative review,crossref,ok,8151342,10.1007/978-1-4419-1428-6_2378,Retention Interval,2012,
skill retention interval quantitative review,crossref,ok,8151342,10.1037/h0062455,Acquisition of motor skill: I. Quantitative analysis and theoretical formulation.,1947,
skill retention interval quantitative review,crossref,ok,8151342,10.1007/s00701-026-07041-9,"Skill maintenance in neurosurgery: lessons from high-reliability professions and a plea to prioritize psychomotor skill retention, a mini-review",2026,
skill retention interval quantitative review,crossref,ok,8151342,10.1111/j.1467-9450.1981.tb00381.x,Toward a quantitative theory for performance differences between anticipation and study‐test procedures: The retention interval model,1981,"In an effort to account quantitatively for performance differences between study‐test and anticipation methods, a rudimentary theory, the retention interval model, is proposed. This model postulates three different theoretical functions for the three operationally distinguishable and qualitatively different events in the retention interval: intercycle rest, intervening‐study‐events and intervening‐test‐events intervals. The retention interval model satisfactorily accounted for 144 data points based on 35, 136 observations (164 subjects) by using only 30 estimated parameters in three experiments (48 points via 10 parameters per experiment), with massed as well as spaced practice, under both anticipation and study‐test (RT) methods. In spite of a restrictive parameter estimation mode, close agreements were achieved between the model and data. The retention interval appears to generate powerful effects in determining the absolute performance levels for both anticipation and study‐test learning procedures in the various intercycle intervals."
skill retention interval quantitative review,crossref,ok,8151342,10.1016/j.edurev.2026.100767,"From virtual to reality: A systematic review of the impact of virtual reality on skill acquisition, retention, and transfer",2026,
skill retention interval quantitative review,crossref,ok,8151342,10.52783/jier.v5i4.3922,The Effectiveness of Microlearning in Skill Development and Knowledge Retention,2025,
skill retention interval quantitative review,crossref,ok,8151342,10.4324/9781410603357-22,"Change in Movement and Skill: Learning, Retention, and Transfer",2014,
skill retention interval quantitative review,crossref,ok,8151342,10.1093/oxfordhb/9780198795872.013.47,Skill Decay,2018,"Abstract
               With a focus on its intersection with the expertise literature, a number of conclusions arise from the present review of the skill/knowledge decay and retention literature. First, decay is more a matter of interference rather than simply the forgetting of information and processes through the passage of time. Second, decay is highly dependent on task and situational factors. Third, decay on complex tasks appears to be smaller than that observed for simple tasks. Fourth, retention is generally stronger with more practice, elaborative rehearsal, and greater mastery—expertise—of the task. Fifth, although related, retention, reacquisition, and transfer are meaningfully distinct. Sixth, there is very limited empirical research that integrates the study of expertise in the context of skill acquisition with the study of decay, adaptable performance, and enhancing retention (or mitigating loss) in complex real-world performance domains. Intersecting these rich yet separate literatures would be of great theoretical and practical value and warrants future research attention."
skill retention interval quantitative review,crossref,ok,8151342,10.3758/bf03196314,Comparing techniques for estimating automatic retrieval: Effects of retention interval,2002,
skill retention interval quantitative review,crossref,ok,8151342,10.3982/qe424,Identifying idiosyncratic career taste and skill with income risk,2017,
skill retention interval quantitative review,crossref,ok,8151342,10.1029/ce047p0501,Closure: Quantitative skill assessment for coastal ocean models,1995,
skill retention interval quantitative review,crossref,ok,8151342,10.1177/1545968317718269,A Single Bout of High-Intensity Interval Training Improves Motor Skill Retention in Individuals With Stroke,2017,"Background. One bout of high-intensity cardiovascular exercise performed immediately after practicing a motor skill promotes changes in the neuroplasticity of the motor cortex and facilitates motor learning in nondisabled individuals. Objective. To determine if a bout of exercise performed at high intensity is sufficient to induce neuroplastic changes and improve motor skill retention in patients with chronic stroke. Methods. Twenty-two patients with different levels of motor impairment were recruited. On the first session, the effects of a maximal graded exercise test on corticospinal and intracortical excitability were assessed from the affected and unaffected primary motor cortex representational area of a hand muscle with transcranial magnetic stimulation. On the second session, participants were randomly assigned to an exercise or a nonexercise control group. Immediately after practicing a motor task, the exercise group performed 15 minutes of high-intensity interval training while the control group rested. Twenty-four hours after motor practice all participants completed a test of the motor task to assess skill retention. Results. The graded exercise test reduced interhemispheric imbalances in GABA
                    A
                    -mediated short-interval intracortical inhibition but changes in other markers of excitability were not statistically significant. The group that performed high-intensity interval training showed a better retention of the motor skill. Conclusions. The performance of a maximal graded exercise test triggers only modest neuroplastic changes in patients with chronic stroke. However, a single bout of high-intensity interval training performed immediately after motor practice improves skill retention, which could potentially accelerate motor recovery in these individuals."
skill retention interval quantitative review,crossref,ok,8151342,10.2139/ssrn.4458873,Manufacturing Technology Trends in Auto Sector Guiding Skill Enhancement and Employee Retention,2023,"Technology upgradation has significantly contributed to the research and development of passenger and commercial vehicles. The rapid trends in technology are causing various disruptions in the value chain. This paper presents the insights on skill development in the context of the disruption caused by technology and its impact on employee retention in the automobile sector in the city of Chennai, Tamil Nadu, India. The target companies involved in the study are the leading automobile brands such as Ashok Leyland, Daimler Chrysler, Ford, Royal Enfield, TVS, Yamaha, involving a total population of 3 lakhs (approx.) employees both direct and indirect put together. The impact was probed whether technological advancements such as autonomous technology, intelligent transportation systems, robotics, and mechatronics have led to high-end training solutions being rolled out from time to time to upskill and develop employees, having a bearing on employee retention. This paper is in line with scholarly conversations on upskilling talent to cater to the auto sector’s cutting-edge and path-breaking technological advancements. We find that enhanced job satisfaction and employee engagement through training and development results in higher employee retention. The series of interviews with Training managers and Production managers highlights the importance of constant upskilling of employees for enhancing productivity, performance, engagement, and ensuring organizational sustainability."
skill retention interval quantitative review,crossref,ok,8151342,10.21236/ada120762,Mastery Training: Effect on Skill Retention,1981,
coaching effectiveness outcome measurement athlete performance,crossref,ok,4113068,10.4324/9781315102450-8,Developing athlete-centred coaching in high performance field hockey,2017,
coaching effectiveness outcome measurement athlete performance,crossref,ok,4113068,10.1007/978-3-030-63912-9_14,Coaching and Athlete Mental Health,2020,
coaching effectiveness outcome measurement athlete performance,crossref,ok,4113068,10.4324/9781315102450-19,athlete-centred coaching,2017,
coaching effectiveness outcome measurement athlete performance,crossref,ok,4113068,10.4324/9781315102450-15,Athlete-centred coaching in swimming,2017,
coaching effectiveness outcome measurement athlete performance,crossref,ok,4113068,10.4324/9781315102450-13,Athlete-centred coaching for individual sports,2017,
coaching effectiveness outcome measurement athlete performance,crossref,ok,4113068,10.4324/9781315102450-6,Team culture and athlete-centred coaching,2017,
coaching effectiveness outcome measurement athlete performance,crossref,ok,4113068,10.4324/9780429299360-5,Athlete Care and Injury Prevention,2019,
coaching effectiveness outcome measurement athlete performance,crossref,ok,4113068,10.4324/9781315102450-5,Athlete-centred coaching in disability sport,2017,
coaching effectiveness outcome measurement athlete performance,crossref,ok,4113068,10.4324/9781315102450-2,Athlete-centred coaching,2017,
coaching effectiveness outcome measurement athlete performance,crossref,ok,4113068,10.4324/9781315102450-12,Athlete-centred coaching and teaching games for understanding,2017,
coaching effectiveness outcome measurement athlete performance,crossref,ok,4113068,10.4324/9781315102450-7,The importance of context in athlete-centred coaching,2017,
coaching effectiveness outcome measurement athlete performance,crossref,ok,4113068,10.21203/rs.3.rs-10462363/v1,"Coaching Style and Athlete Performance: The Mediating Roles of Coach–Athlete Relationship, Motivation, and Training Load–Recovery Management",2026,"Abstract
                Coaches play a key role in shaping athlete performance, yet the mechanisms linking coaching style to performance remain underexplored. It is unclear whether this relationship is direct or operates indirectly through psychological and relational processes such as the coach–athlete relationship, athlete motivation, and training load management. Grounded in the coach–athlete relationship framework and self-determination theory. Data were collected from 483 participants, including athletes, coaches, and trainers, across five sports universities in China between February 2024 and January 2025. Partial least squares structural equation modelling (SmartPLS 4), supported by SPSS for reliability and descriptive analysis, was employed. Results show that coaching style significantly predicts athlete performance (β = 0.448, p &lt; .001). However, this effect is largely indirect. The coach–athlete relationship (β = 0.097), athlete motivation (β = 0.076), and training load and recovery management (β = 0.070) significantly mediate this relationship (p &lt; .001). Together, these mediators account for approximately 54% of the total effect, indicating that coaching influence is primarily transmitted through psychological and relational mechanisms. Overall, coaching style functions more as a contextual driver of relational quality, motivation, and recovery processes than as a direct predictor of performance outcomes."
coaching effectiveness outcome measurement athlete performance,crossref,ok,4113068,10.1123/iscj.2013-0037,The Coaching Needs of High Performance Female Athletes within the Coach-Athlete Dyad,2015,"Within the research literature there is little work that has examined how coaches (and coaching) can positively influence female athletes’ continued participation and development in performance sport. One barrier that has been recently cited that prevents more women from progressing in sport is the inability of coaches to understand how to engage their female athletes. With this in mind, utilising a phenomenological approach, the current study focused on the coaching preferences of female athletes within the elite coach-athlete dyad. Through interviews with 27 current high performance female athletes, four major coaching needs were found. These were: to be supported as a person as well a performer, coaching to be a joint endeavour, the need for positive communication, and recognition of the salience of gender within the coach-athlete dyad. The findings highlight the complexities and contradictions that are inherent within such a relationship, but ultimately provide evidence that the relational expertise of coaches is at the forefront of these women’s coaching needs. The present study also demonstrates that gender is a salient influence on the coach-athlete relationship. Such findings hold practical significance through demonstrating the need for gender-responsive coaching practitioners."
coaching effectiveness outcome measurement athlete performance,crossref,ok,4113068,10.1123/tsp.2016-0159,Athlete Perceptions of Coaching Effectiveness and Athlete-Level Outcomes in Team and Individual Sports: A Cross-Cultural Investigation,2018,"This research aimed to investigate whether athletes’ perceptions of their coach’s effectiveness on dimensions of coaching efficacy (i.e., motivation, technique, character building) predicted indicators of their competence, confidence, connection, and character in athletes from the UK and Malaysia. Athletes from team (volleyball, UKn = 46, Malaysian = 49; hockey, UKn = 34, Malaysian = 47; and basketball, UKn = 50, Malaysian = 50) and individual (squash, UKn = 47, Malaysian = 44; table tennis, UKn = 48, Malaysian = 47; and golf, UKn = 44, Malaysian = 47) sports completed questionnaires assessing the study variables. Multiple-regression analyses controlling for athletes’ sex, sport experience, and sport type showed in both samples that perceived motivation effectiveness positively predicted athletes’ connection and sport confidence, perceived technique effectiveness positively predicted their sport competence, and perceived character-building effectiveness positively predicted their moral identity. Thus, athletes’ perceptions of their coach may have important implications for athletes’ sport experiences in team and individual sports even in divergent cultures. Results are discussed in terms of their relevance for the coaching efficacy model and the athlete-level outcomes resulting from effective coaching."
coaching effectiveness outcome measurement athlete performance,crossref,ok,4113068,10.4324/9781315873909-11,"The Athlete in the Making: The Scientiﬁc Study of American Athletic Performance, 1920-1932",2014,
coaching effectiveness outcome measurement athlete performance,crossref,ok,4113068,10.1016/j.copsyc.2017.05.006,Coaching effectiveness: the coach–athlete relationship at its heart,2017,
coaching effectiveness outcome measurement athlete performance,crossref,ok,4113068,10.1123/tsp.22.3.269,Athletes’ Perceptions of Coaching Effectiveness and Athlete-Related Outcomes in Rugby Union: An Investigation Based on the Coaching Efficacy Model,2008,"This study examined the relationships between athletes’ perceptions of coaching effectiveness, based on the coaching efficacy model, and their effort, commitment, enjoyment, self-efficacy, and prosocial and antisocial behavior in rugby union. Participants were 166 adult male rugby-union players (M age = 26.5, SD = 8.5 years), who completed questionnaires measuring their perceptions of four dimensions of coaching effectiveness as well as their effort, commitment, enjoyment, self-efficacy, and prosocial and antisocial behavior. Regression analyses, controlling for rugby experience, revealed that athletes’ perceptions of motivation effectiveness predicted effort, commitment, and enjoyment. Further, perceptions of technique effectiveness predicted self-efficacy, while perceptions of characterbuilding effectiveness predicted prosocial behavior. None of the perceived coaching effectiveness dimensions were related to antisocial behavior. In conclusion, athletes’ evaluations of their coach’s ability to motivate, provide instruction, and instill an attitude of fair play in his athletes have important implications for the variables measured in this study."
coaching effectiveness outcome measurement athlete performance,crossref,ok,4113068,10.4324/9781315443720,Positive Pedagogy for Sport Coaching,2016,
coaching effectiveness outcome measurement athlete performance,crossref,ok,4113068,10.4324/9781315443720-19,Croquet,2016,
coaching effectiveness outcome measurement athlete performance,crossref,ok,4113068,10.4324/9781315443720-21,Javelin,2016,
coaching effectiveness outcome measurement athlete performance,crossref,ok,4113068,10.4324/9781315102450,Perspectives on Athlete-Centred Coaching,2017,
coaching effectiveness outcome measurement athlete performance,crossref,ok,4113068,10.4324/9781315443720-18,Swimming,2016,
coaching effectiveness outcome measurement athlete performance,crossref,ok,4113068,10.4324/9781315443720-20,Running,2016,
coaching effectiveness outcome measurement athlete performance,crossref,ok,4113068,10.4324/9781315443720-25,Karate,2016,
coaching effectiveness outcome measurement athlete performance,crossref,ok,4113068,10.4324/9781315443720-7,Introduction,2016,
coaching effectiveness outcome measurement athlete performance,crossref,ok,4113068,10.4324/9781315443720-23,Rock climbing,2016,
coaching effectiveness outcome measurement athlete performance,crossref,ok,4113068,10.4324/9781315443720-15,Promoting inquiry,2016,
coaching effectiveness outcome measurement athlete performance,crossref,ok,4113068,10.4324/9781315102450-4,Coaching tactical creativity in team sports,2017,
coaching effectiveness outcome measurement athlete performance,crossref,ok,4113068,10.4324/9781315443720-11,Making learning positive,2016,
coaching effectiveness outcome measurement athlete performance,crossref,ok,4113068,10.4324/9780203797952-17,Athlete learning,2015,
coaching effectiveness outcome measurement athlete performance,crossref,ok,4113068,10.4324/9781315443720-9,An outline of Positive Pedagogy for sport coaching,2016,
coaching effectiveness outcome measurement athlete performance,crossref,ok,4113068,10.1123/ijsc.2024-0231,Coaching With Social Media: The Coach–Athlete Performance Team,2025,"The purpose of this research was to explore coaches’ perceptions of athletes’ social media use. There has not been a thorough examination of social media’s effects on coaches or the consequences of social media for meaningful relations between coach and athlete. This is an important area to investigate because previous literature suggests that social media has psychological ramifications that influence athletes’ behavior; that athletes may not be aware of, or understand, the implications that social media may have; and that athletes do not realize that social media platforms have an effect on their mental game in sport performance. Given that the coach–athlete relationship is important to sport-performance success, it is important to examine coaches’ perspectives on social media’s influence on athletes. Accordingly, a phenomenological approach was utilized to understand this experience. Semistructured interviews were conducted with six high-performance coaches of a variety of individual sports. The interviews underwent a phenomenological-analysis sequence to coconstruct meaning from the data and explore the topic. Although there is limited research on the topic of social media’s impact on coaches, research has recognized that athletes’ preoccupation with social media is a perceived challenge for coaches. The findings from the present study illustrate how coaches observe social media influencing their athletes’ behaviors, the persuasive qualities of social media, and how young athletes navigate their image on social media."
coaching effectiveness outcome measurement athlete performance,crossref,ok,4113068,10.4324/9781351200035-7,Athlete-centred coaching,2019,
coaching effectiveness outcome measurement athlete performance,crossref,ok,4113068,10.4324/9781315443720-17,Introduction to applications,2016,
coaching effectiveness outcome measurement athlete performance,crossref,ok,4113068,10.4324/9781315102450-17,Coach educators as athlete-centred practitioners,2017,
coaching effectiveness outcome measurement athlete performance,crossref,ok,4113068,10.4324/9781315102450-16,Athlete-centred approach – beginning the process in junior teams,2017,
coaching effectiveness outcome measurement athlete performance,crossref,ok,4113068,10.4324/9781315443720-14,Questioning for learning,2016,
coaching effectiveness outcome measurement athlete performance,crossref,ok,4113068,10.1080/21640629.2021.1995238,The athlete-as-network and the athlete multiple: potential contributions of actor-network theory to sports coaching research,2021,
coaching effectiveness outcome measurement athlete performance,crossref,ok,4113068,10.4324/9781315443720-10,Making sense of learning,2016,
coaching effectiveness outcome measurement athlete performance,crossref,ok,4113068,10.1260/1747-9541.10.6.1001,Expert Coaches' Perceptions of Athlete Performance Optimization,2015,"The purpose of the study was to engage expert coaches in a reflective process exploring their perceptions of distinguishing features of athletes they consider optimal performers. Fifteen national and/or Olympic level coaches were interviewed. Developed through a content analysis of the data, elite coach descriptions provided a preliminary profile of elite athlete performance optimization centred on five main themes: a rational approach to training and performance; exhibiting sustained passion and commitment to details; ownership of the elite athletic experience; embracing challenge and complexity of elite athletic contexts; and employing a big (moral) picture view of sport and life. Discussion focuses on highlighting the features of performance optimizing athletes using the proposed concept of ‘mature competitiveness’."
coaching effectiveness outcome measurement athlete performance,crossref,ok,4113068,10.4324/9781315443720-13,Designing and managing learning experiences,2016,
coaching effectiveness outcome measurement athlete performance,crossref,ok,4113068,10.1037/spy0000023.supp,Supplemental Material for The Relationship Between Ethical and Abusive Coaching Behaviors and Student-Athlete Well-Being,2014,
coaching effectiveness outcome measurement athlete performance,crossref,ok,4113068,10.1123/csspp.2025-0005,Neurodivergence in Athletics: Perspectives on Coaching an Athlete With Attention Deficit Hyperactivity Disorder,2026,"In this article, the author describes their experience working with an athlete with attention deficit hyperactivity disorder. Drawing on a background in sport psychology and efforts to translate best practices into a scenario in which coaching was the primary role, descriptions of approaches and techniques will be offered. Specifically, the approach and philosophy, followed by core event-specific performance needs of the athlete, are outlined. Attention is given to specific strategies generated, including those which arose from communication with the athlete’s parents, as well as coproduction methods with the athlete. Thereafter, reflections on this experience, along with ideas for enhanced work with neurodivergent athletes, including those with attention deficit hyperactivity disorder, in the future, are offered."
coaching effectiveness outcome measurement athlete performance,crossref,ok,4113068,10.1260/1747-9541.9.6.1287,A Critical Review and Synthesis of Student-Athlete College Choice Factors: Recruiting Effectiveness in NCAA Sports,2014,
coaching effectiveness outcome measurement athlete performance,crossref,ok,4113068,10.1260/1747-9541.9.6.1289,A Critical Review and Synthesis of Student-Athlete College Choice Factors: Recruiting Effectiveness in NCAA Sports,2014,
coaching effectiveness outcome measurement athlete performance,crossref,ok,4113068,10.20850/9781534201361,The Journal of Athlete Centered Coaching,2017,
coaching effectiveness outcome measurement athlete performance,crossref,ok,4113068,10.4324/9781315102450-14,"The autoethnographic journey of athlete-centred experiences, research and learning",2017,
coaching effectiveness outcome measurement athlete performance,crossref,ok,4113068,10.4324/9781315102450-1,Introduction,2017,
coaching effectiveness outcome measurement athlete performance,crossref,ok,4113068,10.4135/9781506351575.n11,Measurement Strategies and Measurement Instruments,2023,
coaching effectiveness outcome measurement athlete performance,crossref,ok,4113068,10.54097/ff57v633,Coaching Behavior and Student-Athlete Performance in a Women’s Universty in China,2024,"Coaching in the realm of sports has transcended its traditional boundaries, evolving into a multifaceted discipline that encompasses much more than simply teaching technical skills or devising winning strategies. Coaches are now recognized as pivotal figures who wield immense influence over the development, motivation, and performance of student-athletes.This study determined the relationship between coaching styles and student-athlete performance with the end view of developing a comprehensive guide for a team-building program for both the coaches and athletes.The researcher used the descriptive-comparative correlational research design,The researcher will only select the athletes who are actively involve in the sports program of the university and who are bonafide athlete of Hunan Women’s University during the conduct of the study. The researcher made use of the researcher-made questionnaire which was the main tool to gather the data in this research.Statistical Treatment of the Data includes Frequency Count and Percentage,Weighted Mean,t-test/Analysis of Variance (F-Test),Pearson’s r.The analysis of athlete respondents' perceptions reveals a high level of satisfaction and positive perception regarding their relationship with the coach.The self-assessment of student athlete respondents demonstrates a noteworthy trend of consistent and high levels of self-assurance and confidence across various dimensions of their athletic performance.There is strong positive correlations observed between coach behavior and athlete self-assessment and it underscores the importance of supportive, communicative, and motivating coaching approaches in enhancing athlete performance and well-being. Based on these findings, the study proposes six measures such as prioritizing sports programs and strengthening injury prevention programs."
tutoring effect size measurement delayed posttest,crossref,ok,4572719,10.3102/1446759,Impacts of Measurement Error in Pretest on Treatment Effect Estimate in Pretest-and-Posttest Design Analysis,2019,
tutoring effect size measurement delayed posttest,crossref,ok,4572719,10.1201/9781420035926-3,MEASUREMENT CONCEPTS,2000,
tutoring effect size measurement delayed posttest,crossref,ok,4572719,10.1201/9781420035926.ch2,Measurement Concepts,2000,
tutoring effect size measurement delayed posttest,crossref,ok,4572719,10.4135/9781506326139.n538,Pretest–Posttest Designs,2018,
tutoring effect size measurement delayed posttest,crossref,ok,4572719,10.35542/osf.io/k5ey8,Sample Size Determination and Optimal Design of Randomized/Non-equivalent Pretest-posttest Control-group Designs,2021,"A recent systematic review of experimental studies conducted in Turkey between 2010 and 2020 reported that small sample sizes had been a significant drawback (Bulus &amp;amp; Koyuncu, 2021). A small chunk of the studies were randomized pretest-posttest control-group designs, whereas the overwhelming majority were non-equivalent pretest-posttest control-group designs (no randomization). They had an average sample size below 70 for different domains and outcomes. Designing experimental studies with such small sample sizes implies a strong (and perhaps erroneous) assumption about the minimum relevant effect size (MRES) of an intervention; that is, a standardized treatment effect of Cohen’s d &amp;lt; 0.50 is not relevant to education policy or practice. Thus, an introduction to sample size determination for randomized/non-equivalent pretest-posttest control group designs is warranted. This study describes nuts and bolts of sample size determination, derives expressions for optimal design under differential cost per treatment and control units, provides convenient tables to guide sample size decisions for MRES values between 0.20 ≤ Cohen’s d ≤ 0.50."
tutoring effect size measurement delayed posttest,crossref,ok,4572719,10.4135/9781506326139.n530,Posttest-Only Control Group Design,2018,
tutoring effect size measurement delayed posttest,crossref,ok,4572719,10.4135/9781412952644.n149,Effect Size,2007,
tutoring effect size measurement delayed posttest,crossref,ok,4572719,10.1111/jedm.12115,Pretest‐Posttest‐Posttest Multilevel IRT Modeling of Competence Growth of Students in Higher Education in Germany,2016,"Longitudinal research in higher education faces several challenges. Appropriate methods of analyzing competence growth of students are needed to deal with those challenges and thereby obtain valid results. In this article, a pretest‐posttest‐posttest multivariate multilevel IRT model for repeated measures is introduced which is designed to address educational research questions according to a German research project. In this model, dependencies between repeated observations of the same students are considered not, as usual, by clustering observations within participants but rather by clustering observations within semesters. Estimation of the model is conducted within a Bayesian framework. Results indicate that competences grew over time. Gender, intelligence, motivation, and prior education could explain differences in the level of competence among business and economics students."
tutoring effect size measurement delayed posttest,crossref,ok,4572719,10.7717/peerj.15387/supp-8,Table S7: Summary of the GLMM of the effect of each variable on posttest scores,,
tutoring effect size measurement delayed posttest,crossref,ok,4572719,10.31234/osf.io/2me7t,"Measurement Stability, Effect Size Attenuation, and the Replication Crisis",2024,"The replication crisis has produced a number of suggested reasons and remedies. Recent models have suggested effect sizes may be overestimated when the variables contain error variance (i.e., under ‘noisy’ conditions). However, clear action implications of this realization for researchers are needed. One useful action step concerns addressing the stability of the measurements in question. Here I provide a perspective on the role of measurement stability in effect size estimates and suggest the use of stability estimates to adjust effect size reporting and sample size planning."
tutoring effect size measurement delayed posttest,crossref,ok,4572719,10.4135/9781506326139.n224,Effect Size,2018,
tutoring effect size measurement delayed posttest,crossref,ok,4572719,10.1117/12.2592175.6228348908001,,,
tutoring effect size measurement delayed posttest,crossref,ok,4572719,10.4018/978-1-61692-008-1.ch012,Using Effect Size for Group Modeling in E-Learning Systems,2011,"There is great need for collaboration in education and e-learning systems which imply the necessity for group modeling. Since Bloom’s experiment, which produced effect size of 2-sigma, there were many attempts to repeat those results with intelligent tutoring systems. Our experiments show effectiveness of xTEx-Sys in measure of effect size. The goal of our research and development is to get as close as possible to effect size of 2-sigma. There is greater need for collaboration in e-learning systems and there are some indications that collaboration could increase effectiveness. Since collaboration is closely coupled with groups, directions for future development and exploration of e-learning systems lay in field of group modeling. Group modeling also implies creation of stereotype models."
tutoring effect size measurement delayed posttest,crossref,ok,4572719,10.1006/ceps.2001.1082,The Benefits of Peer Collaboration: A Replication with a Delayed Posttest,2001,
tutoring effect size measurement delayed posttest,crossref,ok,4572719,10.1177/001316445301300405,A Note on a Spatial Relations Pretest and Posttest,1953,
tutoring effect size measurement delayed posttest,crossref,ok,4572719,10.1177/001316446702700203,A Note on the Analysis of Gains and Posttest Scores,1967,
tutoring effect size measurement delayed posttest,crossref,ok,4572719,10.1021/la703231h.s002,Effect of Tip Size on Force Measurement in Atomic Force Microscopy,,
tutoring effect size measurement delayed posttest,crossref,ok,4572719,10.3403/02997215,Information technology. Software measurement. Functional size measurement,,
tutoring effect size measurement delayed posttest,crossref,ok,4572719,10.3403/02997215u,Information technology. Software measurement. Functional size measurement,,
tutoring effect size measurement delayed posttest,crossref,ok,4572719,10.1016/j.measen.2025.101834,Development of a size-of-source effect measurement system for IR thermometers without water-cooling aperture,2025,
tutoring effect size measurement delayed posttest,crossref,ok,4572719,10.1177/00131644261458305,Consensus Among Differential Item Functioning Effect Size Measures: A Simplified Approach to Reporting Effect Size,2026,"Differential item functioning (DIF) is an issue of a measure that can lead to differences in item scores between subpopulations (e.g., sex, race, age) while controlling for a latent trait or ability level. It is important to report DIF effect size measures to understand the practical significance of DIF results as well. We reviewed 15 different DIF effect size measures in the literature, and no previous study had examined whether the 15 DIF effect size measures agreed with one another, which has implications in the number and type of measures to report. The present study investigated the relationship among DIF effect size measures in 1PL, 2PL, and GRM models and provide clear recommendations to applied researchers for their reporting. Our simulation results showed that, for each model, three effect size measures can be reported to obtain the most unique information about uniform DIF and the least bias from sampling conditions (e.g., sample size and impact): Mantel-Haenszel Delta, McFadden’s Pseudo R-squared, and a signed DIF measure. However, the optimal signed DIF measure varies by model, with Signed Area under the curve for the 1PL model, Standardized P-difference for the 2PL, and Signed Item Difference in the Sample/Normal Distribution for the GRM. The recommended approach to reporting DIF effect size improves the detection of DIF through practical significance and provides researchers with more tools to address bias."
tutoring effect size measurement delayed posttest,crossref,ok,4572719,10.1177/0146621608329889,Within-Subject Comparison of Changes in a Pretest-Posttest Design,2010,"The authors propose a method to compare the influence of a treatment on different properties within subjects. The properties are measured by several Likert-type—scaled items. The results show that many existing approaches, such as repeated measurement analysis of variance on sum and mean scores, a linear partial credit model, and a graded response model, conceptualize a comparison of changes in a way that depends on the distribution of the pretest values, but in the present article, change is measured in terms of the conditional distributions of posttest values, given the pretest values. A multivariate regression and analysis of covariance approach is unbiased but shows power deficiencies in a simulation study. The authors suggest a new approach based on poststratification (i.e., aggregating change information conditional on each pretest value), which is unbiased and has a superior power. The approach is applied in a study that compares the influence of a certain piece of music on five different basic emotions."
tutoring effect size measurement delayed posttest,crossref,ok,4572719,10.1111/j.1745-3984.1992.tb00380.x,Resolution of a Regression Paradox in Pretest‐Posttest Designs,1992,"Regression to the mean (RTM) of individuals is the tendency for extreme individuals to become less extreme on remeasurement; RTM of group means describes this same tendency among group means. Under the classical test model, in pretest‐posttest designs where subjects are selected on the basis of extreme values at the pretest, RTM of group means will always occur for the attribute used to select extreme subjects. For other attributes, however, RTM of group means requires a positive correlation between that attribute's measurement error and the measurement error of the attribute used in the selection. Thus, while all attributes will evidence RTM of individuals, extreme groups do not always regress to the mean. RTM depends most fundamentally on the magnitude of the pretest measurement error."
tutoring effect size measurement delayed posttest,crossref,ok,4572719,10.1007/springerreference_21792,posttest loop,,
tutoring effect size measurement delayed posttest,crossref,ok,4572719,10.1177/0013164486463011,A More Rigorous QUASI-Experimental Alternative to the One-Group Pretest-Posttest Design,1986,"A simple quasi-experimental design is described which may have utility in a variety of applied and laboratory research settings where ordinarily the one-group pretest-posttest pre-experimental design might otherwise be the procedure of choice. The design achieves high levels of internal and external validity and produces independent control groups by independently randomly assigning subjects to measurement occasions. It has superior internal and external validity in comparison with the one-group pretest-posttest design, in particular, but also in comparison with a number of other designs. The design includes elements which help control the internal validity factors-history, maturation, testing, regression, selection and their interactions; and the external validity factors-interaction of testing and treatment, interaction of selection and treatment, reactive arrangements and multiple treatment interference. The design approaches the internal validity of true experimental designs while optimizing external validity. It is readily analyzable with ANOVA techniques. The design may be particularly appropriate for evaluations of ongoing instructional programs in the schools, or evaluations of programmatic interventions or therapies occuring on an ongoing basis."
tutoring effect size measurement delayed posttest,crossref,ok,4572719,10.1177/001316447703700215,A Quasi-Experimental Design for the Assessment of Posttest Sensitization,1977,"Researchers have long been aware that ""pretest sensitization"" is a potential threat to the external validity of experimental studies. Only recently, however, has it been suggested that ""posttest sensitization"" might also limit the generalizability of results. This latter phenomenon would exist if the administration of a posttest caused the treatment's impact to become more (or less) pronounced. Under this condition, the treatment would work differently for Ss in the researcher's sample than for other individuals who might later receive only the treatment without the accompanying posttest. To be scientifically useful, it is imperative that the hypothesis of posttest sensitization be capable of empirical verification. A quasi-experimental design is proposed for this purpose."
tutoring effect size measurement delayed posttest,crossref,ok,4572719,10.1177/0013164498058001012,MINSIZE: A Computer Program for Obtaining Minimum Sample Size as an Indicator of Effect Size,1998,"Several journals, including Educational and Psychological Measurement, have adopted author guidelines that call for determining the minimum sample size necessary for a given result to have been declared statistically significant. MINSIZE, an MS-DOS computer program that permits the user to determine the minimum sample size needed for the results of a given analysis to be statistically significant, is described. Program applications for statistical significance tests based on z, t, r, F, or x2 statistics are provided. Explanation of the program's operation is given for each of the types of statistics, and examples are furnished."
tutoring effect size measurement delayed posttest,crossref,ok,4572719,10.1017/cbo9780511626142.004,The effect of grain shape and density on size measurement,1991,
tutoring effect size measurement delayed posttest,crossref,ok,4572719,10.1520/stp25423s,Effect of Vaporization and Turbulence on Spray Drop-Size and Velocity Distributions,1990,"Local drop-size, velocity, and liquid flux profiles were measured within conical steady sprays using a phase/Doppler velocimeter. The coflowing gas mean velocity, gridinduced turbulence intensity and length scale, and its temperature and pressure were each varied using a wind tunnel facility (gas velocity from 3 to 22.2 m/s, turbulence intensity from 2.7 to 8.6%, length scale from 8.4 to 17.8 mm, gas temperature from 300 to 750K, gas pressure from 101 to 610 kPa, and a differential injection pressure of 689 kPa). The results show that the turbulence in the gas influences the drop-size and velocity distributions. Drop mean and fluctuating velocity components were found to be close to the gas mean and turbulence velocities in regions where the drop-size-velocity correlation coefficient was low. The drop-size-velocity correlation decreased with increasing gas density and gas velocity. Drop-size distributions broadened, and the total amount of liquid vaporized increased when the turbulence intensity and scale were increased. At a given gas temperature, the amount of vaporization increased when the gas density was increased and the overall drop size (a flux-weighted Sauter mean over the spray cross-section) also decreased. However, local drop sizes were larger in vaporizing sprays than in nonvaporizing sprays at the same gas density. This interesting result could be due to the fact that the gas viscosity increases with increasing gas temperature and this increases the drop-drag coefficient, leading to reduced radial penetration of the spray. An additional factor is that, although vaporization reduces the size of all drops, smaller drops vaporize faster and drop-size averages are weighted towards larger drops."
tutoring effect size measurement delayed posttest,crossref,ok,4572719,10.47191/ijsshr/v8-i12-98,Evaluating Teacher AI Literacy Training and Mentoring Outcomes: A Nonparametric Pretest–Posttest Study with Effect Size and Normalized Gain,2025,"This study aims to examine the effectiveness of an artificial intelligence (AI) literacy training and mentoring program in enhancing teachers’ AI-related competencies. A quantitative one-group pretest–posttest design was employed, involving 25 junior high school teachers who participated in a three-day training program focusing on fundamental AI concepts and their practical application in instructional planning, assessment, and learning content development. Data were collected using standardized pretest and posttest instruments and analyzed through descriptive statistics, nonparametric inferential tests, effect size estimation, and normalized gain analysis. The results revealed a statistically significant improvement in posttest scores compared to pretest scores, indicating meaningful learning gains following the training. The magnitude of improvement was substantial, as reflected by a very large effect size and a mean normalized gain of 0.672, suggesting a medium category of achievable learning improvement. Furthermore, no statistically significant differences in learning gains were found between male and female teachers, indicating that the training outcomes were broadly equitable across gender groups. This is confirmed by effect size and the normalized gain values obtained which are almost the same in male and female."
tutoring effect size measurement delayed posttest,crossref,ok,4572719,10.31219/osf.io/9hzfe,"visualizemi: Visualization, Effect Size, and Replication of Measurement Invariance for Registered Reports",2023,"Latent variable modeling as a lens for psychometric theory is a popular tool for social scientists to examine measurement of constructs (Beaujean, 2014). Journals such as Assessment regularly publish articles supporting measures of latent constructs wherein a measurement model is established. Confirmatory factor analysis can be used to investigate the replicability and generalizability of the measurement model in new samples, while multi-group confirmatory factor analysis is used to examine the measurement model across groups within samples (Brown, 2015). With the rise of the replication crisis and “psychology’s renaissance” (Nelson et al., 2018), interest in divergence in measurement has increased, often focused on small parameter differences within the latent model. This manuscript presents visualizemi, an R package that provides functionality to calculate multigroup models, partial invariance, visualizations for (non)-invariance, effect sizes for models and parameters, and potential replication rates compared to random models. Readers will learn how to interpret the impact and size of the proposed non-invariance in models with a focus on potential replication and how to plan for registered reports."
tutoring effect size measurement delayed posttest,crossref,ok,4572719,10.3403/03014333,Information technology. Software measurement. Functional size measurement,,
tutoring effect size measurement delayed posttest,crossref,ok,4572719,10.2172/784766,The Hourglass Effect and the Measurement of the Transverse Size of Colliding Beams by Luminosity Scans,2000,
tutoring effect size measurement delayed posttest,crossref,ok,4572719,10.1177/0013164405278579,Misclassification Rates for Four Methods of Group Classification,2006,"This study compares the classification accuracy of linear discriminant analysis (LDA), quadratic discriminant analysis (QDA), logistic regression (LR), and classification and regression trees (CART) under a variety of data conditions. Past research has generally found comparable performance of LDA and LR, with relatively less research on QDA and virtually none on CART. This study uses Monte Carlo simulations to assess the crossvalidated predictive accuracy of these methods, while manipulating such factors as predictor distribution, sample size, covariance matrix inequality, group separation, and group size ratio. The results indicate that QDA performs as well as or better than the other alternatives in virtually all conditions. Suggestions for practitioners are provided."
tutoring effect size measurement delayed posttest,crossref,ok,4572719,10.3403/03014333u,Information technology. Software measurement. Functional size measurement,,
tutoring effect size measurement delayed posttest,crossref,ok,4572719,10.2307/2532164,The Effect of Screening on Some Pretest-Posttest Test Variances,1991,
tutoring effect size measurement delayed posttest,crossref,ok,4572719,10.7717/peerj.16984/supp-8,Table S4: GWAS for grain size under delayed sowing condition,,
tutoring effect size measurement delayed posttest,crossref,ok,4572719,10.1155/2016/8920418,"Causality in Statistical Power: Isomorphic Properties of Measurement, Research Design, Effect Size, and Sample Size",2016,"Statistical power is the ability to detect a significant effect, given that the effect actually exists in a population. Like most statistical concepts, statistical power tends to induce cognitive dissonance in hepatology researchers. However, planning for statistical power by ana priorisample size calculation is of paramount importance when designing a research study. There are five specific empirical components that make up ana priorisample size calculation: the scale of measurement of the outcome, the research design, the magnitude of the effect size, the variance of the effect size, and the sample size. A framework grounded in the phenomenon of isomorphism, or interdependencies amongst different constructs with similar forms, will be presented to understand the isomorphic effects of decisions made on each of the five aforementioned components of statistical power."
tutoring effect size measurement delayed posttest,crossref,ok,4572719,10.4018/978-1-61692-008-1.ch016,A Meta-Analytic Estimation of a Common Effect Size from a Series of Experiments Related To an E-Learning System Effectiveness Evaluation,2011,"As the acquisition of knowledge is often an expensive and time-consuming process, it is important to know whether it actually improves the student performance. The e-learning is a revolutionary paradigm that has lately been significantly evolving and it is closely related to the intelligent tutoring systems. Methodology for evaluating the educational influence of learning and teaching process, questions whether and in what amount, students learn effectively. Our contribution to this compulsive field of research is a meta-analysis of a series of experiments based on the same two-group methodology that reveals a more precise effect size of one particular e-learning system - eXtended Tutor-Expert System, a representative of web-based authoring shells for building intelligent tutoring systems."
tutoring effect size measurement delayed posttest,crossref,ok,4572719,10.1007/978-3-319-39583-8_51,The Effect of Friendship and Tutoring Roles on Reciprocal Peer Tutoring Strategies,2016,
tutoring effect size measurement delayed posttest,crossref,ok,4572719,10.7717/peerj.6918/fig-2,"Figure 2: Reliability, measurement error, inter-individual heterogeneity, group differences and effect size attenuation as they relate to one another.",,
tutoring effect size measurement delayed posttest,crossref,ok,4572719,10.14711/thesis-b803233,Sample size calculation for testing an interaction effect in a logistic regression under measurement error model,,
tutoring effect size measurement delayed posttest,crossref,ok,4572719,10.1016/j.measurement.2011.01.020,Effect of probe size and measurement strategies on assessment of freeform profile deviations using coordinate measuring machine,2011,
tutoring effect size measurement delayed posttest,crossref,ok,4572719,10.3403/30236642,Information technology. Software measurement. Functional size measurement,,
tutoring effect size measurement delayed posttest,crossref,ok,4572719,10.1177/0013164487471012,The Meta-Analysis Effect Size Calculator: A Basic Program for Reconstructing Unbiased Effect Sizes,1987,"The Meta-Analysis Effect Size Calculator provides the user with many different ways to calculate an effect size depending on the information available in the original research report. In addition, the program computes an unbiased estimate of effect size."
tutoring effect size measurement delayed posttest,crossref,ok,4572719,10.3403/02713534u,Information technology. Software measurement. Functional size measurement,,
tutoring effect size measurement delayed posttest,crossref,ok,4572719,10.1111/biom.12916,A Robust Approach to Sample Size Calculation in Cancer Immunotherapy Trials with Delayed Treatment Effect,2018,"Summary
               Immunotherapies are taking the center stage for cancer drug development and research. Many of these therapies, for example, immune checkpoint inhibitors, are known to have possible lag periods to achieve their full effects. Therefore, the proportional hazard assumption is violated when comparing survival curves in randomized clinical trials evaluating such therapies. Limited work exists in determining sample size to account for the lag period which is usually unknown. Assuming that the lag period is within some reasonable range, this article presents an approach to calculate sample size based on a maximin efficiency robust test. Both theoretical derivations and simulation results show the proposed approach can guarantee the desired power in worst case scenarios and often much more efficient than existing approaches. Application to a real trial design is also illustrated."
tutoring effect size measurement delayed posttest,crossref,ok,4572719,10.1016/j.tpb.2024.02.007,Evolution of delayed dispersal with group size effect and population dynamics,2024,
tutoring effect size measurement delayed posttest,crossref,ok,4572719,10.1177/0013164402062002002,A History of Effect Size Indices,2002,"Depending on how one interprets what an effect size index is, it may be claimed that its history started around 1940, or about 100 years prior to that. An attempt is made in this article to trace histories of a variety of effect size indices. Effect size bases discussed pertain to (a) relationship, (b) group differences, and (c) group overlap. Multivariable as well as univariate indices are considered in reviewing the histories."
tutoring effect size measurement delayed posttest,crossref,ok,4572719,10.3403/02713534,Information technology. Software measurement. Functional size measurement,,
systematic observation coach behavior measurement instrument,crossref,ok,3320465,10.1080/1091367x.2025.2467305,Developing the Coach Educator Pedagogy Analysis System (CEPAS): Establishing Validity and Reliability of a Systematic Observation Instrument,2025,
systematic observation coach behavior measurement instrument,crossref,ok,3320465,10.1080/08924562.2017.1297748,The Domain Five Observation Instrument: A Competency-Based Coach Evaluation Tool,2017,
systematic observation coach behavior measurement instrument,crossref,ok,3320465,10.15760/etd.2282,Development of an Observation Instrument to Assess Behavior,2000,
systematic observation coach behavior measurement instrument,crossref,ok,3320465,10.1080/02640414.2011.635310,Developing the Coach Analysis and Intervention System (CAIS): Establishing validity and reliability of a computerised systematic observation instrument,2012,
systematic observation coach behavior measurement instrument,crossref,ok,3320465,10.65528/9780807776261-007,4. Systematic Observation of Teaching,2010,
systematic observation coach behavior measurement instrument,crossref,ok,3320465,10.3724/sp.j.1187.2013.00596,Research on new automatic visibility observation system,2014,
systematic observation coach behavior measurement instrument,crossref,ok,3320465,10.1037/e467522004-001,A flexible observation instrument for student behavior.,1975,
systematic observation coach behavior measurement instrument,crossref,ok,3320465,10.1007/s11613-021-00712-9,"Wer kann, der coacht: Ein Instrument zur Messung interpersoneller Coach-Fähigkeiten",2021,"ZusammenfassungEs wird ein aus der Psychotherapieforschung stammendes, an Coaching adaptiertes Ratingmanual zur Messung interpersoneller Fähigkeiten vorgestellt. Es wurden Ratings für 18 Audioaufnahmen von dyadischen Coachingsitzungen von neun Coaches-in-Weiterbildung erstellt, die zu Beginn der Weiterbildung und ein Jahr später durchgeführt wurden. Das interpersonelle Verhalten und die Entwicklung der Kompetenzen von zwei Coaches-in-Weiterbildung werden exemplarisch dargestellt. Die Autorinnen ziehen das Fazit, dass sich das Instrument dazu eignet, objektive, valide und reliable Bewertungen der interpersonellen Kompetenzen von Coaches zu erstellen. Es wird ein Ausblick auf die praktische Relevanz in Weiterbildung und Coachingpraxis und zukünftige Forschung gegeben."
systematic observation coach behavior measurement instrument,crossref,ok,3320465,10.1016/s0005-7894(72)80111-4,Direct observation and measurement of behavior,1972,
systematic observation coach behavior measurement instrument,crossref,ok,3320465,10.1177/1747954116676113,Development of the Assessment of Coach Emotions systematic observation instrument: A tool to evaluate coaches’ emotions in the youth sport context,2016,"Current research on emotions in sport focuses heavily on athletes’ intrapersonal emotion regulation; however, interpersonal consequences of emotion regulation are garnering recent attention. As leaders in sport, coaches have the opportunity to regulate not only their own emotions, but also those of athletes, officials, and spectators. As such, the present study set out to develop an observational tool, demonstrating evidence of validity and reliability, for measuring coaches’ overt emotions in the youth sport context. Categories were derived and refined through extensive literature and video review, resulting in 12 categories of behavioural content and eight emotion modifiers ( Neutral, Happy, Affectionate, Alert, Tense, Anxious, Angry and Disappointed). The final coding system is presented herein, complete with supporting evidence for validity and reliability. As a tool for both researchers and practitioners in sport, the Assessment of Coach Emotions (ACE) offers enhanced insight into the contextual qualities underlying coaches’ interactive behaviours."
systematic observation coach behavior measurement instrument,crossref,ok,3320465,10.1079/searchrxiv.2026.01449,Goal Attainment Scaling as outcome measurement instrument: A Systematic Review on its measurement properties (Embase).,2026,"Abstract
                We systematically searched MEDLINE, Embase, Scopus and PsycINFO from January 2015 to May 2026 on studies evaluating one or more measurement properties of GAS. The search strategy was designed using the search filter to identify studies on clinimetric properties [1]. [1] Development of a methodological PubMed search filter for finding studies on measurement properties of measurement instruments Terwee C, Jansma E, [...] de Vet H Qual Life Res (2009) 18(8) 1115-112."
systematic observation coach behavior measurement instrument,crossref,ok,3320465,10.1079/searchrxiv.2026.01448,Goal Attainment Scaling as outcome measurement instrument: A Systematic Review on its measurement properties (PubMed).,2026,"Abstract
                We systematically searched MEDLINE, Embase, Scopus and PsycINFO from January 2015 to May 2026 on studies evaluating one or more measurement properties of GAS. The search strategy was designed using the search filter to identify studies on clinimetric properties [1]. [1] Development of a methodological PubMed search filter for finding studies on measurement properties of measurement instruments Terwee C, Jansma E, [...] de Vet H Qual Life Res (2009) 18(8) 1115-112."
systematic observation coach behavior measurement instrument,crossref,ok,3320465,10.1079/searchrxiv.2026.01450,Goal Attainment Scaling as outcome measurement instrument: A Systematic Review on its measurement properties (CINAHL).,2026,"Abstract
                We systematically searched MEDLINE, Embase, Scopus and PsycINFO from January 2015 to May 2026 on studies evaluating one or more measurement properties of GAS. The search strategy was designed using the search filter to identify studies on clinimetric properties [1]. [1] Development of a methodological PubMed search filter for finding studies on measurement properties of measurement instruments Terwee C, Jansma E, [...] de Vet H Qual Life Res (2009) 18(8) 1115-112."
systematic observation coach behavior measurement instrument,crossref,ok,3320465,10.1079/searchrxiv.2026.01451,Goal Attainment Scaling as outcome measurement instrument: A Systematic Review on its measurement properties (Scopus).,2026,"Abstract
                We systematically searched MEDLINE, Embase, Scopus and PsycINFO from January 2015 to May 2026 on studies evaluating one or more measurement properties of GAS. The search strategy was designed using the search filter to identify studies on clinimetric properties [1]. [1] Development of a methodological PubMed search filter for finding studies on measurement properties of measurement instruments Terwee C, Jansma E, [...] de Vet H Qual Life Res (2009) 18(8) 1115-112."
systematic observation coach behavior measurement instrument,crossref,ok,3320465,10.33546/bnj.v0i0.1117.s560,observation instrument,,
systematic observation coach behavior measurement instrument,crossref,ok,3320465,10.1037/e447192004-001,Systematic observation of instructor behavior.,1956,
systematic observation coach behavior measurement instrument,crossref,ok,3320465,10.1123/jtpe.3.3.59,Evolution of a Systematic Observation System: The ASU Coaching Observation Instrument,1984,
systematic observation coach behavior measurement instrument,crossref,ok,3320465,10.1037/e354072004-001,Evaluating Coach Training Effects on Coach Behavior,2003,
systematic observation coach behavior measurement instrument,crossref,ok,3320465,10.1123/tsp.13.2.157,A Systematic Observation Study of the Teaching Behaviors of an Expert Basketball Coach,1999,"A systematic observation analysis was performed on Fresno State men’s basketball coach Jerry Tarkanian over the course of an entire season. Based on Tharp and Gallimore’s (1976) work and recent research on expert coaches’ training techniques (Côté et al., 1995; Durand-Bush, 1996), the Revised Coaching Behavior Recording Form was created to observe and record Tarkanian’s teaching behaviors and verbal cues. Results showed that tactical instructions was the most frequently occurring variable, representing 29% of the coded behaviors. This behavior was 13% higher than the second highest variable, hustles (16%). Following these two categories were technical instruction (13.9%), praise\encouragement (13.6%), general instructions (12%), scolds (6%), and six other categories with percentages less than 3%. This means that almost one-third of Coach Tarkanian’s practice behaviors relate to teaching offensive and defensive strategies to his team. This differs from the practice sessions of beginner- and intermediate-level coaches, who often focus on teaching fundamental skills to their athletes. A complete description of all 12 categories are provided along with implications for coaches of all levels."
systematic observation coach behavior measurement instrument,crossref,ok,3320465,10.1037/t19733-000,Coach Fidelity Observation Scale,2012,
systematic observation coach behavior measurement instrument,crossref,ok,3320465,10.2139/ssrn.6044215,Structural Market Behavior and Systematic Trading: Multi-Instrument Validation of the BLT Engine,2026,"&lt;div&gt;
 This report presents a comprehensive empirical evaluation of the BLT Engine, a systematic trading engine assessed through multi-year, tick-level historical simulation and statistical robustness diagnostics. The primary objective of this document is not to disclose the internal mechanics or theoretical construction of the engine, but rather to analyze its observable behavior under real historical market conditions. Emphasis is placed on performance consistency, risk containment, equity stability, and sensitivity to trade-sequence variability. All results presented in this report are derived from deterministic historical back testing conducted over extended time horizons (spanning multiple market regimes), using high-fidelity tick data where available. The evaluation framework is uniform across tests, ensuring that observed differences in performance are attributable to market structure rather than execution artefacts. Key performance indicators include absolute profitability, drawdown characteristics, win rate stability, trade distribution properties, and risk-adjusted metrics such as profit factor and Sharpe ratio. These metrics are complemented by Monte Carlo stress testing, in which realized trades are randomly reordered to generate a large ensemble of alternative equity trajectories. The inclusion of Monte Carlo resampling allows for a rigorous assessment of robustness, helping to determine whether performance depends on favorable sequencing or instead reflects a persistent structural edge. Particular attention is given to the dispersion of outcomes, worst case equity paths, and the absence of account ruin across simulated scenarios. This report is intended for professional audiences, including quantitative traders, systematic strategy developers, and institutional evaluators, seeking a transparent, data-driven assessment of systematic trading performance without exposure of proprietary implementation details.
&lt;/div&gt;"
systematic observation coach behavior measurement instrument,crossref,ok,3320465,10.1097/00006199-196401330-00034,Methods for reliable longitudinal observation of behavior,1964,
systematic observation coach behavior measurement instrument,crossref,ok,3320465,10.1177/0013916583151002,Ecological Observation of Experiential Education Settings,1983,"An instrument was developed for observing selected physical, social, and intellectual features of experiential education settings and of participants' performances in these settings. The procedure of each observation entails taking structured notes for a brief time span, coding this segment retrospectively while remaining in the setting, and subsequently interviewing the focal participant. The article presents data collected for two consecutive years in both the classroom and the work settings of a secondary school experiential education program in a hospital. Contrasts between the classroom and work-setting data, and continuities and changes between the two years, illustrate the instrument's capabilities and pose problems for further research."
systematic observation coach behavior measurement instrument,crossref,ok,3320465,10.4324/9780203730188-17,Coach Confirmation Instrument,2019,
systematic observation coach behavior measurement instrument,crossref,ok,3320465,10.1080/1091367x.2018.1429445,Using systematic observation to assess teacher effectiveness promoting personally and socially responsible behavior in physical education,2018,
systematic observation coach behavior measurement instrument,crossref,ok,3320465,10.1901/jaba.1978.11-243,THE BEHAVIOR OBSERVATION INSTRUMENT: A METHOD OF DIRECT OBSERVATION FOR PROGRAM EVALUATION<sup>1</sup>,1978,"The background and development of a multicategory direct observation system, the Behavior Observation Instrument (BOI), is described. This time‐sampling procedure for recording the behavior of persons is demonstrated in several treatment settings and the results applied to issues of program evaluation. Elements that have prevented direct observation from being widely adopted, such as costs, manpower, and training requirements, are systematically analyzed. A basic psychometric analysis of the instrument is used to determine optimum frequency and duration of observation intervals as well as observer agreement. The results imply that direct observation methods, once assumed by some to belong to the special province of the single‐subject design, can be used to assess the effects of programs on groups of psychiatric clients in an efficient and economic manner."
systematic observation coach behavior measurement instrument,crossref,ok,3320465,10.1001/archpsyc.1963.01720150090010,Methods for Reliable Longitudinal Observation of Behavior,1963,
systematic observation coach behavior measurement instrument,crossref,ok,3320465,10.1080/10413200.2019.1609620,A Systematic Observation of Coach Leadership Behaviors in Youth Sport,2019,
systematic observation coach behavior measurement instrument,crossref,ok,3320465,10.5040/9781718206694.ch-018,Coach Behavior and Performance Analysis,2020,
systematic observation coach behavior measurement instrument,crossref,ok,3320465,10.3389/fspor.2022.962690,Re-visiting systematic observation: A pedagogical tool to support coach learning and development,2022,"Systematic observation has been one of the most employed data collection methods in sport coaching literature. Initial work, originally undertaken in the 1970's, and gaining traction in the 80's and 90's looked to predominately offer descriptions of coaches' behavior. While this research continues to offer a significant contribution to the fields understanding of what coaches do during practice, systematic observation used only in this way has unfulfilled potential. The premise of this paper is to consider systematic observation as a coach development tool—a precedent which has been set in the literature. The arguments made are based on an alternative way of thinking about systematic observation, as a pedagogical tool that supports coaches in better understanding themselves and their pedagogical practice. Principles of dialogic pedagogy are used as the basis of our argument whereby “researchers” and “coaches” work collaboratively to co-construct knowledge and support coach reflection, and ultimately develop coaches' practice."
systematic observation coach behavior measurement instrument,crossref,ok,3320465,10.1201/b12275-17,Instrument Transformers’ Insulation Behavior to High-Voltage and High-Frequency Transients,2017,
systematic observation coach behavior measurement instrument,crossref,ok,3320465,10.1016/s0163-6383(84)80127-7,Development of a clinical measurement instrument of children's home environments,1984,
systematic observation coach behavior measurement instrument,crossref,ok,3320465,10.4324/9781351199636-24,Working in and with the relationship – the coach as instrument,2019,
systematic observation coach behavior measurement instrument,crossref,ok,3320465,10.3724/sp.j.1187.2009.02010,A particle filter with the resampling based on the similarity of observation path for single station passive target tracking with bearing-only measurement,2010,
systematic observation coach behavior measurement instrument,crossref,ok,3320465,10.1007/s10942-015-0221-z,The Manager as Coach: Cross-Cultural Adaptation of an Instrument Assessing Managers’ Coaching Skills,2018,
systematic observation coach behavior measurement instrument,crossref,ok,3320465,10.4135/9781412986076.n1,Introducing Systematic Self-Observation,2002,
systematic observation coach behavior measurement instrument,crossref,ok,3320465,10.4135/9781412986076.n2,Implementing Systematic Self-Observation,2002,
systematic observation coach behavior measurement instrument,crossref,ok,3320465,10.28925/2414-0325.2018.5.123132,"""Language coach"" as an instrument for the crosscultural competence formation and development",2018,"The article reveals the description of a scientific and practical project aimed at developing cross-cultural competence among students of the Borys Grinchenko University of Kyiv. The mechanisms of formation and development of cross-cultural competence among students of the youth are revealed, as well as theoretically, the structural components of the above mentioned competence are researched in order to further successful adaptation of the personality in the process of intercultural communication. These components include: sensitivity to intercultural differences and linguistic understanding. An interactive tool for the formation and development of cross-cultural competence, author's personal diary ""Language coach"" was developed and tested. The principles and levels of this tool are described. Principles include: principles of conscious learning and conscious choice, interaction, positive attitude, creativity, reflexivity, self-motivation and readiness to act, self-management and monitoring, active and productive action. The content of the co-educational, interactive, creative, activity and reflexive levels of the proposed author's interactive tool is revealed. The peculiarities of the linguistic and socio-cultural component of the indicated instrument are revealed. Italso describes the filling and specificity of the tasks, designed for the 21st day of the diary. Project Duration: February 2017-December 2018. Testing of interactive tools took place during the first semester of the academic year 2018. The participants were students of the 2nd year, numbering 20 people, specialty ""Psychology"", the Institute of Human Rights of the CUBA. The article provides in detail the format of organization and implementation of the project, interaction with its participants. As a result of the quantitative and qualitative indicators of the empirical part, a psychological portrait of users is created. The advantages and disadvantages of this tool are revealed."
systematic observation coach behavior measurement instrument,crossref,ok,3320465,10.1177/2167479516660037,Quantifying Coach Confirmation,2016,"The lack of appropriate measurement to assess athlete-coach interaction and athletes’ psychological states has historically plagued sport studies research (i.e., an encompassing term for sport psychology, management, sociology, and communication) and may partially explain the lack of empirical research regarding athlete-coach interaction within the emerging field of sport communication. Without valid and reliable tools to assess athlete-coach interactions, understanding the antecedents and outcomes of these relationships, which is a central aim of sport communication research, cannot be accomplished. This article develops and demonstrates validity for a measure of the coach confirmation instrument (CCI) via two studies. In Study 1, an exploratory factor analysis and parallel analysis produced a 15-item, two-factor measure (challenge and acceptance). In Study 2, a confirmatory factor analysis confirmed this two-factor structure had an acceptable-to-good fit using a variety of fit indices. Additionally, preliminary degrees of validity for the CCI were demonstrated through Pearson correlations with athletes’ feeling of being confirmed, coach satisfaction, and perceptions of coach verbal aggression. Collectively, these studies indicate the CCI is a structurally stable measure, which demonstrates good reliability and initial degrees of face, concurrent, convergent, discriminant, and content validity."
systematic observation coach behavior measurement instrument,crossref,ok,3320465,10.1037/13937-006,Observation and measurement in behavior analysis.,2013,
systematic observation coach behavior measurement instrument,crossref,ok,3320465,10.4135/9781412986076.n5,Other Applications of Systematic Self-Observation,2002,
systematic observation coach behavior measurement instrument,crossref,ok,3320465,10.1080/00380237.1983.10570450,Systematic Observation as a Measurement Strategy,1983,
systematic observation coach behavior measurement instrument,crossref,ok,3320465,10.4135/9781412986076.n4,Four Studies Generated With Systematic Self-Observation,2002,
systematic observation coach behavior measurement instrument,crossref,ok,3320465,10.4135/9781412986076.n3,A Critical Evaluation of Systematic Self-Observation,2002,
systematic observation coach behavior measurement instrument,crossref,ok,3320465,10.1177/0013164490502021,Development and Validation of the Virgilio Teacher Behavior Instrument,1990,"This study was an attempt to develop an easily coded, research-oriented instrument to assess teacher effectiveness in the class- room. A 35-item Likert format scale was developed which included three subscales of teacher effectiveness: classroom management, instruction, and classroom climate. The results of the study indicated that the Virgilio Teacher Behavior Inventory (VTBI) is a reliable and valid instrument which can be administered with confidence either in elementary or junior high schools. Instrument development included the generation of an initial pool of 80 items which was refined during pilot testing to a final 35-item version. Content validity of the VTBI was indicated by an assessment of a panel of judges. Estimates of internal consistency (coefficient alpha) were .96 for the total inventory and .88, .96, and .85 for the classroom management, instruction, and classroom climate subscales, respectively. The relationship between the VTBI and a time-on-task measure ( r = .64, p &lt; .0001) provided an indication of concurrent validity. A five-factor solution consistent with the theoretical structure of the VTBI was obtained tentatively defining one classroom management, two instruction, and two classroom climate dimensions."
systematic observation coach behavior measurement instrument,crossref,ok,3320465,10.3724/sp.j.1187.2011.00564,Sequential dual Kalman filtering approach for non-contact temperature measurement in real-time PCR instrument,2011,
systematic observation coach behavior measurement instrument,crossref,ok,3320465,10.1037/e668802012-011,Role of Coach: Self as Instrument in the Executive Development Process,2012,
systematic observation coach behavior measurement instrument,crossref,ok,3320465,10.1111/emip.12394,Does Special Educator Effectiveness Vary Depending on the Observation Instrument Used?,2020,"AbstractIn this study, we compared the results of 27 special education teachers’ evaluations using two different observation instruments, the Framework for Teaching (FFT), and the Explicit Instruction observation protocol of the Recognizing Effective Special Education Teachers (RESET) observation system. Results indicate differences in the rank‐ordering of teachers depending on which instrument was used. Overall scores on RESET were higher on average than those on FFT. Item‐level analyses showed that across 125 correlations, 73 were significant, low‐moderate, and 52 were nonsignificant. Implications for research and practice are discussed."
systematic observation coach behavior measurement instrument,crossref,ok,3320465,10.1063/1.4913653,A fluorescence XAFS measurement instrument in the soft x-ray region toward observation under operando conditions,2015,"X-ray absorption fine structure (XAFS) measurements are widely used for the analysis of electronic structure. Generally, XAFS in the soft X-ray region is measured under vacuum, but chemical structures under vacuum are typically different from those under operando conditions, where chemical species exhibit their function. Here, we developed an XAFS measurement instrument, as a step toward operando fluorescent, which yields XAFS measurement using synchrotron radiation in the soft X-ray region. We applied this method to analyze the local electronic structure of the sulfur atoms in L-cysteine in different pH solutions. In water at pH 7, the hydrogen atom does not dissociate from the thiol (-SH) group in L-cysteine, which forms a structure surrounded by and interacting with water molecules. The XAFS spectrum of L-cysteine in solution was altered by changing the pH. At pH 9, the hydrogen atom dissociated and a thiolate anion was formed. Although the -SH group was oxidized to SO42− when L-cysteine was adsorbed on a metal surface and dried, no oxidation was observed in solution. This may be because the water molecules were densely packed and protected the -SH group from oxidation. Our results show that this instrument aimed toward operando fluorescence XAFS measurements in the soft X-ray region is useful for structural analysis of sulfur atoms in organic molecules in air and in solution. The instrument will be applied to the structural analysis of materials containing elements that have absorption edges in soft X-ray region, such as phosphorus and alkali metals (potassium and cesium). It will be also particularly useful for the analysis of samples that are difficult to handle under vacuum and materials that have specific functions in solution."
systematic observation coach behavior measurement instrument,crossref,ok,3320465,10.1177/001316447603600419,The Development and Validation of an Observation Instrument to Assess Competencies of School Principals,1976,"Through use of samples of 35 elementary schools and 10 secondary schools validity data were obtained for an observation instrument that was designed to assess seven types of competencies for public school principals. Principals' ability to provide product documentation for their activities in the administrative responsibility areas of Fiscal Management and Staff Personnel was found to be most predictive of teacher job satisfaction, of students' positive evaluation of the school climate, and of standardized achievement test performance. Results tended to be most valid for elementary school samples. Data supported the hypothesized mediation of principal influences on students through teachers."
coach impression versus objective performance measurement,crossref,ok,3995293,10.37766/inplasy2025.3.0032,Accuracy of digital impression taking versus conventional impression taking in partially edentulous patients: A systematic review and meta-analysisAccuracy of digital Impression Taking versus Conventional Impression Taking in Partially Edentulous Patients,2025,
coach impression versus objective performance measurement,crossref,ok,3995293,10.14264/uql.2018.687,"Coach as performer: coach emotion, coping, and the coach-athlete-performance relationship",,
coach impression versus objective performance measurement,crossref,ok,3995293,10.1201/9781498728621-8,Regulatory Requirements Versus Safety Performance,1998,
coach impression versus objective performance measurement,crossref,ok,3995293,10.1177/001872089203400406,"Selecting Performance Measures: ""Objective"" versus ""Subjective"" Measurement",1992,"The distinction between ""objective"" and ""subjective"" measurement is neither meaningful nor useful in human performance studies. All measurement in science and technology is necessarily filled with subjective elements, whether in selecting measures or in collecting, analyzing, or interpreting data. Empirical examples taken from several domains related to human factors show instances in which self-report (subjective) measures may be essential. Amodel process is suggested for selecting performance measures."
coach impression versus objective performance measurement,crossref,ok,3995293,10.25144/17731,SUBJECTIVE IMPRESSION TO OBJECTIVE PRODUCT NOISE TESTING,2023,
coach impression versus objective performance measurement,crossref,ok,3995293,10.1201/9781003072881-1,The measurement of wool fibre properties and their effect on worsted processing performance and product quality. Part 1: The objective measurement of wool fibre properties,2020,
coach impression versus objective performance measurement,crossref,ok,3995293,10.1201/b13761-18,Applications of fragmentation measurement Assessment of objective based blast performance: Ranking system,2012,
coach impression versus objective performance measurement,crossref,ok,3995293,10.1007/978-3-658-13510-2_5,Coach oder Couch? – Psychotherapie versus Coaching,2016,
coach impression versus objective performance measurement,crossref,ok,3995293,10.4324/9780203052518-14,Performance Assessment and Educational Measurement,2012,
coach impression versus objective performance measurement,crossref,ok,3995293,10.70675/2f2a4692z587bz4964z8574zff92a19fba36,Energy-aware high-performance artificial intelligence : from measurement and modeling to multi-objective scheduling,,"intelligence artificielle haute-performance efficace en énergie : de la mesure et la modélisation à l'ordonnancement multi-objectifs
                La convergence du calcul haute performance (HPC) et de l'intelligence artificielle (IA) est marquée par une demande en puissance de calcul sans précédent, portée par la croissance fulgurante des modèles d'apprentissage profond (Deep Learning, DL). Toutefois, le déclin des paradigmes classiques de passage à l'échelle, tels que la loi de Moore ou ou celle de Dennard, a déplacé le défi de la conception des systèmes de nouvelle génération : il ne s'agit plus seulement d'atteindre des performances maximales, mais également de garantir une efficacité énergétique accrue. En effet, la consommation électrique massive des infrastructures hétérogènes modernes constitue désormais une contrainte majeure, imposant une transition vers des approches de calcul plus durables.Les approches actuelles présentent encore des limites, notamment le manque d'outils permettant une mesure fine et détaillée de l'énergie des systèmes. Pour faire face à celà, cette thèse propose un cadre méthodologique intégré, couvrant l'ensemble de la chaîne — analyse, modélisation et optimisation — afin d'améliorer l'efficacité énergétique des applications en IA. Notre démarche repose sur un cycle vertueux articulé autour de quatre étapes : « Mesurer, Comprendre, Modéliser et Optimiser », pour lesquelles nous avons conçu un ensemble cohérent d'outils et de stratégies innovantes.Afin de permettre une analyse empirique robuste, nous introduisons d'abord un outil flexible et multiplateforme permettant un profilage énergétique fin. Ensuite, pour passer de la simple observation à la prédiction, nous développons un cadre analytique complet pour modéliser la performance et la consommation énergétique de l'entraînement de modèles de DL. Enfin, afin de transformer les prédictions en leviers concrets d'optimisation, nous proposons une méthodologie systématique de co-conception de planificateurs de tâches conscients des contraintes énergétiques.En somme, cette thèse met à disposition un ensemble d'outils ainsi qu'une méthodologie structurée qui permettent de faire passer l'optimisation énergétique, d'une démarche ponctuelle et empirique à un processus systématique. Nous espérons ainsi contribuer à franchir une étape significative vers la conception et l'exploitation d'infrastructures d'IA plus intelligentes, plus efficaces et plus durables."
coach impression versus objective performance measurement,crossref,ok,3995293,10.1111/j.1745-3984.1994.tb00447.x,Performance Versus Objective Testing and Gender: An Exploratory Study of an Advanced Placement History Examination,1994,"To explore a phenomenon of gender differences in Advanced Placement examinations, random samples of free‐response test booklets were taken from the 1986 examination in U.S. History. These examinations were chosen because they consistently show significant gender differences in objective scores but no gender differences in free‐response scores. A rescoring of the free responses was conducted that focused on their historical content. This rescoring was conducted by readers other than those who conducted the original scoring and involved tallies of specific historical points made, supporting evidence given, and factual errors. Ratings were also made of handwriting quality, neatness, and English composition quality of the free responses. Analyses conducted indicate that free‐response tasks of the type examined may have inherent characteristics that reward English composition abilities, and that some females may compensate for inferior historical knowledge with superior English composition abilities."
coach impression versus objective performance measurement,crossref,ok,3995293,10.1016/j.maturitas.2018.07.004,Subjective versus objective measurement of hot flushes: Implications for menopause research,2019,
coach impression versus objective performance measurement,crossref,ok,3995293,10.4324/9781003232322-2,"Coach education, coach learning and professional development",2024,
coach impression versus objective performance measurement,crossref,ok,3995293,10.33915/etd.12254,Footwear Image Quality Classification: Using Subjective Assessments and Objective Image Metrics to Predict Impression Quality,,
coach impression versus objective performance measurement,crossref,ok,3995293,10.4324/9781003148784-24,Developing the Coach Education System in Japan: Tactical Analysis through Objective Data in Football,2022,
coach impression versus objective performance measurement,crossref,ok,3995293,10.26226/morressier.594925fad462b80296c9f471,Comparative in vitro study of the accuracy of impression techniques for dental implants- direct technique with an elastomeric impression material versus intraoral scanner.,2017,
coach impression versus objective performance measurement,crossref,ok,3995293,10.1037/e617962012-509,Assessing Sleep Quality in Clinical Populations: Subjective Versus Objective Measurement,2008,
coach impression versus objective performance measurement,crossref,ok,3995293,10.5040/9781718206694.ch-018,Coach Behavior and Performance Analysis,2020,
coach impression versus objective performance measurement,crossref,ok,3995293,10.2307/975773,"""Law"" versus ""Performance"" as Objective Standard",1988,
coach impression versus objective performance measurement,crossref,ok,3995293,10.4324/9781003232322-3,Coach development,2024,
coach impression versus objective performance measurement,crossref,ok,3995293,10.12681/eadd/42930,Intervention effects of a coach education program on the objective motivational climate and on coaches’ motivation and well-being,,"Βασισμένη σε μια ολοκληρωμένη θεώρηση του κλίματος παρακίνησης (Duda, 2013) με τη χρήση κοινής θεώρησης δύο σημαντικών θεωριών παρακίνησης, συγκεκριμένα της θεωρίας των στόχων επίτευξης (AGT, Nicholls, 1989) και της θεωρίας του αυτοπροσδιορισμού (SDT, Deci &amp; Ryan, 1985; 2000) ο σκοπός της παρούσας διατριβής ήταν τριπλός: Πρώτον, να αξιολογηθεί η αποτελεσματικότητα ενός ευρωπαϊκού εκπαιδευτικού προγράμματος προπονητών που βασίζεται στις ανωτέρω θεωρίες σχετικά με το αντικειμενικό κλίμα παρακίνησης στο ποδόσφαιρο από ένα πολυεθνικό δείγμα (Γαλλία, Ηνωμένο Βασίλειο, Ισπανία και Ελλάδα) με τη χρήση συστηματικής παρατήρησης. Δεύτερον, να εξετάσει με τη χρήση ανάλυσης αλληλουχίας (sequential analysis) τον βαθμό στον οποίο αναπτυξιακοί προπονητές ποδοσφαίρου παρουσιάζουν διαχρονικά σταθερά και διακριτά συμπεριφορικά πρότυπα σε επτά διαστάσεις του προπονητικού περιβάλλοντος και, επιπλέον, αν αυτά τα μοτίβα συμπεριφοράς διαφέρουν μεταξύ των προπονητών της πειραματικής και της ομάδας ελέγχου και τρίτον, με την μέθοδο των πολλαπλών αναλύσεων διαμεσολάβησης (multiple mediation) έγινε η εξέταση της επίδρασης του προγράμματος Empowering Coaching ™ στις διάφορες μορφές ρύθμισης της παρακίνησης των προπονητών και στους δείκτες ευζωίας τους. Τα συμπεράσματα από τις μελέτες που συνθέτουν την παρούσα διατριβή αποκάλυψαν ότι το πρόγραμμα Empowering Coaching ™ είχε αξιοσημείωτα θετική επίδραση στις συμπεριφορές και πρακτικές των προπονητών που σχετίζονται με το κλίμα παρακίνησης, στα μοτίβα συμπεριφοράς που επιδεικνύουν, καθώς επίσης και στις διάφορες μορφές ρύθμισης της παρακίνησης και στην ικανοποίησή τους από την προπονητική όπως επίσης και από την δέσμευσή τους και τα θετικά συναισθήματα από την προπονητική. Αυτά τα αποτελέσματα ενισχύουν τη σημασία της ανάπτυξης και της διάδοσης των προγραμμάτων εκπαίδευσης προπονητών που βασίζονται σε θεωρίες όσον αφορά την επίδρασή τους στην ψυχολογική υγεία, την ευζωία και την θετική ψυχολογική λειτουργία τόσο για τους προπονητές όσο και για τους αθλητές."
coach impression versus objective performance measurement,crossref,ok,3995293,10.21236/ada587808,The MNE7 Objective 3.4 Cyber Situational Awareness: LOE First Impression Experiment Report (FIER),2013,
coach impression versus objective performance measurement,crossref,ok,3995293,10.1201/9781420071863.axa,Objective Measurement of MRTD and MDTD,2009,
coach impression versus objective performance measurement,crossref,ok,3995293,10.1016/j.measurement.2022.111443,Multi-objective micro phasor measurement unit placement and performance analysis in distribution system using NSGA-II and PROMETHEE-II,2022,
coach impression versus objective performance measurement,crossref,ok,3995293,10.4324/9781003160939-32,High-Performance Coach Development,2024,
coach impression versus objective performance measurement,crossref,ok,3995293,10.1126/science.97.2526.488.b,"Objective Measurement:
            <i>Objective Measurement of Instrumental Performance</i>
            . By John Goodrich Watkins. 88 pp. Appendix. New York: Bureau of Publications, Teachers College, Columbia University. 1942. $1.60.",1943,
coach impression versus objective performance measurement,crossref,ok,3995293,10.1126/science.97.2526.488-b,"Objective Measurement:
            <i>Objective Measurement of Instrumental Performance</i>
            . By John Goodrich Watkins. 88 pp. Appendix. New York: Bureau of Publications, Teachers College, Columbia University. 1942. $1.60.",1943,
coach impression versus objective performance measurement,crossref,ok,3995293,10.4324/9781003160939-25,Developing Coach Developers in and for Performance Development and High-Performance Sport,2024,
coach impression versus objective performance measurement,crossref,ok,3995293,10.21203/rs.3.rs-7544310/v1,"Examination of Relationships Between Badminton Athletes’ Perfect Performance Levels in Sports and Their Perceived Coach Leadership, Coach- Athlete Relationship and Coach Communication Skills",2025,"Abstract
                
                  Background
                  Sports performance is influenced not only by physical abilities but also by psychological and social factors. Coaches’ leadership style, the quality of coach–athlete relationships, and communication skills can play a critical role in athletes’ development and performance. This study examined the relationship between badminton players’ excellence in sport and their perceptions of coaching leadership, coach–athlete relationships, and coaching communication skills, considering demographic variables.
                  Methods
                  A correlational and descriptive survey design was employed with 374 active badminton players. Data were collected using the Scale of Excellence in Sports, the Coach–Athlete Relationship Inventory, the Leadership Scale for Sports, the Coach Communication Scale, and a Personal Information Form. Analyses were conducted in SPSS 25.0. Normality tests indicated non-normal distribution; therefore, Mann–Whitney U and Kruskal–Wallis H tests were used to examine group differences, and Spearman’s rank correlation was applied for relational analyses
                  Results
                  A weak negative relationship was found between athletes’ excellence in sport and the overall coach–athlete relationship, particularly in the closeness and commitment dimensions, while complementarity showed no significant association. Similarly, weak negative relationships emerged between excellence and the leadership scale and its sub-dimensions. No significant relationship was found between communication skills and performance levels. Differences in perceptions of leadership and communication were observed across gender, education, and sports participation levels.
                  Conclusions
                  The findings suggest that high-performing badminton players evaluate coach–athlete relationships and leadership styles more functionally and with a performance orientation, while communication skills appear less influential. These results provide evidence-based insights for coaching strategies aimed at enhancing athlete performance and contribute to the literature on athlete development in individual sports."
coach impression versus objective performance measurement,crossref,ok,3995293,10.1037/h0032729,Psychological deficit versus impression management in schizophrenic word association performance.,1972,
coach impression versus objective performance measurement,crossref,ok,3995293,10.4324/9781003595755-19,Embedding Performance Analysis in Coach Development through the FA Youth Coach Developer Role,2026,
coach impression versus objective performance measurement,crossref,ok,3995293,10.1177/001316447203200419,Three-Choice Versus Four-Choice Items: Implications for Reliability and Validity Of Objective Achievement Tests,1972,
coach impression versus objective performance measurement,crossref,ok,3995293,10.4324/9780429351037-12,A “Personal Learning Coach” for High-Performance Coaches,2019,
coach impression versus objective performance measurement,crossref,ok,3995293,10.14453/aabfj.v6i3.5,"Partnership Versus Public Ownership of Accounting Firms: Exploring Relative Performance, Performance Measurement and Measurement Issues",2012,"Despite theoretical arguments that partnerships are the most efficient ownership form for professional service firms (PSFs), PSFs are increasingly moving to other ownership structures, such as publicly listed companies (PLCs). Research on the comparative performance of PSF, PLCs and partnerships is sparse with conflicting results suggesting that some segments of PSFs are moving to a less efficient form. This study explores the performance of two Australian accounting PLCs compared to a sample of similar sized mid tier accounting firms. The accounting PLCs achieved substantially higher revenue growth rates but lower productivity than the partnership sample. Measurement issues were identified in the use of closing resource numbers and different treatment of reporting merger and acquisition revenues which may partially explain the underperformance of publicly owned PSFs in prior studies. The need for research at a more detailed level exploring the market and service focus, organisational structures, resources utilised and resource costs across different PSF ownership forms is suggested."
coach impression versus objective performance measurement,crossref,ok,3995293,10.2308/accr.2009.84.1.209,Objective versus Subjective Indicators of Managerial Performance,2009,"ABSTRACT: Managerial bonus payments are frequently determined by both objective and subjective indicators of managerial performance. By its very nature, subjective information is not verifiable for contracting purposes. The inclusion of such information in managerial bonus schemes therefore requires a principal to retain discretion in authorizing actual bonus payments. At the same time, the principal must be able to commit to an overall bonus pool that will be paid out either inside or outside the agency. Our analysis examines the structure of optimal bonus pool arrangements. The non-verifiability of the subjective indicators changes many of the predictions obtained in traditional agency settings with verifiable performance indicators. In particular, our results address the contractual value of additional information variables, the desirability of compressed incentive schemes, and the nature of relative performance evaluation in settings with multiple agents."
coach impression versus objective performance measurement,crossref,ok,3995293,10.1016/j.annemergmed.2009.06.432,393: Objective Structured Clinical Examination Performance Versus Faculty Evaluation of Resident Performance,2009,
coach impression versus objective performance measurement,crossref,ok,3995293,10.2139/ssrn.468722,On the Choice of Asset Price Indices: Performance Measurement Versus Asset Class Analysis,2003,"Asset price indices are widely used in financial economics to measure portfolio performance and analyze asset class attributes such as risk and returns. This paper uses statistical models and numerical examples to illustrate that these two research needs are different and thus demand different indices. The choice of indices has significant economic consequences since indices can differ dramatically under reasonable market conditions, as demonstrated by simulations. This paper proposes a moment-matching criterion to select indices for portfolio performance measurement, and a process-matching criterion to select indices for asset class attributes analysis."
coach impression versus objective performance measurement,crossref,ok,3995293,10.1037/e633962013-495,Mapping unique impression formation strategies in task-oriented versus social-oriented relationships: A test of a new model of impression formation,2006,
coach impression versus objective performance measurement,crossref,ok,3995293,10.1016/j.measurement.2018.12.094,Performance improvement of cryogenic turning process during machining of 17-4 PH stainless steel using multi objective optimization techniques,2019,
coach impression versus objective performance measurement,crossref,ok,3995293,10.1016/j.denabs.2023.03.006,Digital Versus Conventional Impression Methods,2023,
coach impression versus objective performance measurement,crossref,ok,3995293,10.2174/18742106-v17-230906-2023-8,Conventional Border Molding versus Digital Impression on Complete Denture Impression: A Review,2023,"Background:
          Definitive working impression of a complete denture requires proper border molding as part of impression techniques to capture the essential details of anatomical landmarks and the functional sulcus. In the era of digital dentistry, the digital impression using optical scanners may be an alternative to conventional techniques.
        
        
          Objective:
          This paper discusses the differences between conventional methods and digital impression in a complete denture covering its procedures, importance and relevance of border molding in both methods for a good working impression.
        
        
          Methods:
          The study reviewed papers from 2000 to 2022 in Medline and PubMed on border molding and complete denture working impression. Both methods were revised and contrasted to discuss the relevance and advantages of both approaches.
        
        
          Results:
          It is still controversial to conclude that digital impression is superior to the conventional method. Both methods have the strength to improve the quality of the impression taking procedure and complete denture quality of retention and stability. Digital impression gives more comfort and less post insertion adjustment. The conventional method still has good clinical outcomes in terms of retention and stability. Border molding should not be disregarded as part of the working impression procedure.
        
        
          Conclusion:
          The paper concludes that border molding and the conventional working impression technique are still relevant due to their comparable outcome compared to digital impression, as less cost and high skills are involved."
coach impression versus objective performance measurement,crossref,ok,3995293,10.1016/j.sjpain.2017.05.005,Objective measurement of subjective pain-experience: Real nociceptive stimuli versus pain expectation,2017,
coach impression versus objective performance measurement,crossref,ok,3995293,10.3102/ip.23.2006897,Classroom Coach: Validation of a New Preschool Classroom Quality Measurement,2023,
coach impression versus objective performance measurement,crossref,ok,3995293,10.4324/9781003232322-13,What gets developed in coach development?,2024,
coach impression versus objective performance measurement,crossref,ok,3995293,10.1108/02683949710174874,Objective versus projective measurement of need for achievement: the relation between TAT and CMPS,1997,"In entrepreneurship research, self‐reporting using questionnaires is often used as a replacement for the projective test, the thematic apperception test (TAT). Posits that this study is to examine whether an objective test, Cezarec‐Marks personal scheme (CMPS) can be used as a replacement measure for TAT. States that the subjects in the investigation are people in higher education; two measures of the same individuals, over a period of seven months, were carried out, the average age at the first test was 21.3 years, and an analysis of correlation shows no correlation (r(t1) = 0.0556, n = 89, r(t)2 = 0.0733, n = 71) between need for achievement with TAT and need for achievement with CMPS. Confirms the findings of the study that the hypothesis of TAT cannot be replaced by CMPS."
coach impression versus objective performance measurement,crossref,ok,3995293,10.4324/9780367766924-ress121-0,The Coach-Athlete Relationship in High-Performance Sport: A Behavioural Perspective,2022,
coach impression versus objective performance measurement,crossref,ok,3995293,10.4324/9780203806913-25,COACH BEHAVIOUR,2013,
coach impression versus objective performance measurement,crossref,ok,3995293,10.1017/cbo9780511488511.002,Subjective and objective measures of organizational performance: An empirical exploration,2006,
coach impression versus objective performance measurement,crossref,ok,3995293,10.4324/9781003160939-16,Quality in (Performance) Coach Development,2024,
coach impression versus objective performance measurement,crossref,ok,3995293,10.4324/9780367766924-ress121-1,The Coach-Athlete Relationship in High-Performance Sport: A Behavioural Perspective,2022,
tutoring outcome measurement instrument validity,crossref,ok,1469014,10.4135/9781506351575.n11,Measurement Strategies and Measurement Instruments,2023,
tutoring outcome measurement instrument validity,crossref,ok,1469014,10.1016/j.jclinepi.2025.111879,"Content validity: judging the relevance, comprehensiveness, and comprehensibility of an outcome measurement instrument – a COSMIN perspective",2025,
tutoring outcome measurement instrument validity,crossref,ok,1469014,10.62116/msj.2022.31.1.64,Measurement Instrument Validity,2022,
tutoring outcome measurement instrument validity,crossref,ok,1469014,10.1079/searchrxiv.2026.01450,Goal Attainment Scaling as outcome measurement instrument: A Systematic Review on its measurement properties (CINAHL).,2026,"Abstract
                We systematically searched MEDLINE, Embase, Scopus and PsycINFO from January 2015 to May 2026 on studies evaluating one or more measurement properties of GAS. The search strategy was designed using the search filter to identify studies on clinimetric properties [1]. [1] Development of a methodological PubMed search filter for finding studies on measurement properties of measurement instruments Terwee C, Jansma E, [...] de Vet H Qual Life Res (2009) 18(8) 1115-112."
tutoring outcome measurement instrument validity,crossref,ok,1469014,10.1079/searchrxiv.2026.01451,Goal Attainment Scaling as outcome measurement instrument: A Systematic Review on its measurement properties (Scopus).,2026,"Abstract
                We systematically searched MEDLINE, Embase, Scopus and PsycINFO from January 2015 to May 2026 on studies evaluating one or more measurement properties of GAS. The search strategy was designed using the search filter to identify studies on clinimetric properties [1]. [1] Development of a methodological PubMed search filter for finding studies on measurement properties of measurement instruments Terwee C, Jansma E, [...] de Vet H Qual Life Res (2009) 18(8) 1115-112."
tutoring outcome measurement instrument validity,crossref,ok,1469014,10.1079/searchrxiv.2026.01449,Goal Attainment Scaling as outcome measurement instrument: A Systematic Review on its measurement properties (Embase).,2026,"Abstract
                We systematically searched MEDLINE, Embase, Scopus and PsycINFO from January 2015 to May 2026 on studies evaluating one or more measurement properties of GAS. The search strategy was designed using the search filter to identify studies on clinimetric properties [1]. [1] Development of a methodological PubMed search filter for finding studies on measurement properties of measurement instruments Terwee C, Jansma E, [...] de Vet H Qual Life Res (2009) 18(8) 1115-112."
tutoring outcome measurement instrument validity,crossref,ok,1469014,10.1079/searchrxiv.2026.01448,Goal Attainment Scaling as outcome measurement instrument: A Systematic Review on its measurement properties (PubMed).,2026,"Abstract
                We systematically searched MEDLINE, Embase, Scopus and PsycINFO from January 2015 to May 2026 on studies evaluating one or more measurement properties of GAS. The search strategy was designed using the search filter to identify studies on clinimetric properties [1]. [1] Development of a methodological PubMed search filter for finding studies on measurement properties of measurement instruments Terwee C, Jansma E, [...] de Vet H Qual Life Res (2009) 18(8) 1115-112."
tutoring outcome measurement instrument validity,crossref,ok,1469014,10.1002/jcop.22413/v2/review2,"Review for ""Measurement of parental executive function in early childhood settings: Instrument reliability and validity in community‐led research projects""",2020,
tutoring outcome measurement instrument validity,crossref,ok,1469014,10.1002/jcop.22413/v2/review1,"Review for ""Measurement of parental executive function in early childhood settings: Instrument reliability and validity in community‐led research projects""",2020,
tutoring outcome measurement instrument validity,crossref,ok,1469014,10.1002/jcop.22413/v1/review2,"Review for ""Measurement of parental executive function in early childhood settings: Instrument reliability and validity in community‐led research projects""",2020,
tutoring outcome measurement instrument validity,crossref,ok,1469014,10.1002/jcop.22413/v1/review1,"Review for ""Measurement of parental executive function in early childhood settings: Instrument reliability and validity in community‐led research projects""",2019,
tutoring outcome measurement instrument validity,crossref,ok,1469014,10.7257/2168-4626.2024.44.4.184,Understanding the Evidence: Validity of a Measurement Instrument,2024,
tutoring outcome measurement instrument validity,crossref,ok,1469014,10.3102/ip.23.2009711,Evaluating Validity Evidence and Measurement Invariance of the Elementary School Climate Assessment Instrument Across Five Caribbean Countries,2023,
tutoring outcome measurement instrument validity,crossref,ok,1469014,10.3390/children10060940,Convergent Validity of the Patient Reported Outcome Measurement Information System-Pediatric Physical Activity Instrument (PROMIS®-PA) with Wearable Devices in Adolescents,2023,"The study was conducted mainly to examine the convergent validity of the Patient Reported Outcome Measurement Information System-Pediatric Physical Activity instrument (PROMIS®®®-PA) with step counts from wearable devices and another validated self-reported outcome measure. As a secondary aim, we explored the effect of different recall time frames (7-day, end-of-day [EoD], and ecological momentary assessment [EMA] time frames during the day) in terms of their feasibility and associations with each other and with step counts. This was a prospective cohort study that examined the associations between measures of PA in school-age children and adolescents (n = 84, aged 10–20). The participants wore Fitbit devices for 7 consecutive days, and then completed the 7-day-recall PROMIS-PA short form and Youth Activity Profile (YAP). Additional analyses were completed in a sub-sample (n = 25, aged 11–18 years) using the PROMIS-PA for the EMA at five intervals during the day (shorter form) and at the EoD. In the total sample, the PROMIS-PA results showed positive moderate correlations with the YAP and average daily steps (r = 0.533, p &lt; 0.001 and r = 0.346, p = 0.002, respectively). In the sub-sample, the 7-day PROMIS-PA was highly correlated with the averaged EMA or EoD ratings for the week, and moderately correlated with the daily step counts. These findings support the validity of the PROMIS-PA as a measure of self-reported physical activity. Adolescents demonstrated higher compliance rates and preference for the 7-day recall and EoD assessments compared to more frequent EMA reporting."
tutoring outcome measurement instrument validity,crossref,ok,1469014,10.18108/jeer.2008.11.4.64,Study on Validity of SDLRS Instrument for Evaluation of Life-Long Outcome,2008,
tutoring outcome measurement instrument validity,crossref,ok,1469014,10.1002/jcop.22413/v2/decision1,"Decision letter for ""Measurement of parental executive function in early childhood settings: Instrument reliability and validity in community‐led research projects""",2020,
tutoring outcome measurement instrument validity,crossref,ok,1469014,10.1002/jcop.22413/v1/decision1,"Decision letter for ""Measurement of parental executive function in early childhood settings: Instrument reliability and validity in community‐led research projects""",2020,
tutoring outcome measurement instrument validity,crossref,ok,1469014,10.35429/jhs.2025.9.20.1.1.7,Design and validation of a measurement instrument to know university student  perception of Group Tutoring topics,2025,"The objective of this study was to design and validate a 
measurement instrument, called OSTETUG, to know university 
students' perception of the topics covered in Group Tutoring. The 
research was conducted using a quantitative approach, with a 
descriptive scope and a non-experimental, cross-sectional design. 
The instrument was administered to a non-probability sample of 
272 students. Psychometric tests were performed to ensure 
construct validity through an exploratory factor analysis, which 
proved to be relevant (KMO = 0.927), and reliability was 
measured using Cronbach's alpha. The main contribution is the 
validated OSTETUG instrument, composed of 20 items with 
high reliability (alpha = 0.904), grouped into three factors: Self
actualization, Personal Aspects, and Academic Aspects."
tutoring outcome measurement instrument validity,crossref,ok,1469014,10.3102/2111808,Transformativist Measurement Development Methodology: Using Mixed Methods to Integrate Evidence of Validity for Instrument Revision,2024,
tutoring outcome measurement instrument validity,crossref,ok,1469014,10.1177/0013164415613542,Evaluation of Measurement Instrument Criterion Validity in Finite Mixture Settings,2016,"A method for evaluating the validity of multicomponent measurement instruments in heterogeneous populations is discussed. The procedure can be used for point and interval estimation of criterion validity of linear composites in populations representing mixtures of an unknown number of latent classes. The approach permits also the evaluation of between-class validity differences as well as within-class validity coefficients. The method can similarly be used with known class membership when distinct populations are investigated, their number is known beforehand and membership in them is observed for the studied subjects, as well as in settings where only the number of latent classes is known. The discussed procedure is illustrated with numerical data."
tutoring outcome measurement instrument validity,crossref,ok,1469014,10.1097/00007632-199603150-00018,Point of View: The North American Spine Society Lumbar Spine Outcome Assessment Instrument: Reliability and Validity Tests,1996,
tutoring outcome measurement instrument validity,crossref,ok,1469014,10.5220/0009894407470750,The Validity and Reliability of the Outcome Expectations of Exercise Instrument in the Indonesian Older Adult Population,2019,
tutoring outcome measurement instrument validity,crossref,ok,1469014,10.2139/ssrn.7478758,Building Validity Sequentially (BVS): A Gate-Based Governance Framework for Educational Measurement Instrument Development and Validation,2026,"Educational instrument development is well served by guidance on construct specification, item generation, content review, cognitive pretesting, pilot administration, and psychometric evaluation. A recurring gap, however, is explicit governance of the transition from one phase to the next. This conceptual and methodological article introduces Building Validity Sequentially (BVS), a claim-specific, gate-based framework that coordinates established validity and instrument-development methods across the instrument lifecycle. BVS was derived through a structured, theory-driven integrative synthesis of testing standards, argument-based validity, evidence-centered design, scale development, cognitive interviewing, psychometric evaluation, fairness, and measurement-property guidance. The framework defines one decision object for each instrument version, form, score, population/context, and proposed interpretation/use. Eight evidence-building phases are connected by gates that yield exactly one of four statuses: Proceed, proceed with conditions, Revise and repeat, or suspend or terminate. Cross-cutting safeguards address fairness, accessibility, ethics, privacy, security, and consequences. A gate decision record, evidence ledger, fit-for-purpose stringency matrix, reporting checklist, and worked multi-form illustration translate the framework into auditable practice. BVS does not propose a new validity theory or estimator. Its contribution is an operational governance layer that makes progression, re-entry, bounded release, unsupported use, monitoring, and retirement decisions visible and challengeable. Because BVS is a conceptual proposal, independent expert review, usability testing, comparative studies, and cross-cultural applications are required before claims of effectiveness are warranted."
tutoring outcome measurement instrument validity,crossref,ok,1469014,10.32807/jkp.v15i2.647,Validity and Reliability of Community Satisfaction Measurement Instrument  in Health Care Institution,2021,"The Community Satisfaction Survey is mandatory based on Ministry of Administrative and Bureaucratic Reform Regulation number 14 in the year of 2017. An alternative measurement tool has been developed by expanding the measurement items. The research objective was to explore the validity and reliability of public satisfaction instruments in health institutions. The design was non-experimental, with a quantitative and cross sectional approach. The research was carried out in two entities, namely primary health care and hospital. Data collection using the IKM-29 questionnaire. Data processing with Rasch modeling and winsteps application. The results showed that the item reliability at PHC and hospital was 0.95 and 0.97 with Cronbach's alpha 0.95. The separation is more than 3 and the raw variance is more than 40%. In the two entities there are several different misfit items. Item 8 related to the perception of waiting time has a high degree of difficulty and is paradoxical. The results of the analysis show that the instrument is valid and reliable enough to be used as an alternative measurement of community satisfaction in PHC and Hospitals."
tutoring outcome measurement instrument validity,crossref,ok,1469014,10.1080/15366367.2012.681976,In Defense of an Instrument-Based Approach to Validity,2012,
tutoring outcome measurement instrument validity,crossref,ok,1469014,10.1177/001316447403400420,Factorial Validity of a Student Evaluation of Teaching Instrument,1974,"The validity of the Student Evaluation of Teaching (SET) used in the College of Education, University of Kentucky was studied using 3573 individual student evaluations from 254 graduate and undergraduate classes taught by 126 instructors in one semester in the College of Education. As a result of principal axis factor analysis with varimax rotation performed on the 17 item 5-point Likert Scale variables of the 22 item questionnaire, three factors were identified. The first factor was considered to be a measure of method and style of teaching. The second factor was made up of items relating to a student's perception of self as it relates to the course. The third factor had high loading on items concerning materials and resources. It was concluded that the SET instrument was somewhat useful in evaluating teaching because items associated with teaching emerged as the primary distinct factor."
tutoring outcome measurement instrument validity,crossref,ok,1469014,10.1177/001316447903900311,"Measuring Cognitive Complexity: Developing Reliability, Validity, and Norm Tables for a Personality Instrument",1979,"An empirical investigation of the psychometric properties of a commonly-used instrument to measure cognitive complexity was designed. Bieri's (Bieri Atkins, Briar, Leaman, Miller, and Tripodi 1966) grid form of Kelly's (1955) Role Construct Reperatory (REP) Test was shown to have high and statistically significant test-retest reliability ( p &lt; .001) and convergent and discriminant validities ( p &lt; .05). These results reinforce the internal validity of cognitive complexity research using the instrument. Moreover, stable scores were found across student ( N = 176) and nonstudent ( N = 169) samples. Such characteristics as sex, level in the organizational hierarchy, year in college, and college major were not found to alter the distributions of scores. Thus, preliminary norm tables for scores were established which would be necessary in building arguments for external validity of research results."
tutoring outcome measurement instrument validity,crossref,ok,1469014,10.1080/01587919.2024.2400255,"Psychometric properties of the Online Learner Satisfaction Instrument (OLSI): construct validity, convergent validity, and measurement invariance",2024,
tutoring outcome measurement instrument validity,crossref,ok,1469014,10.1176/appi.books.9798894550053.lg04,"Chapter 4. Validity, Reliability, and Other Key Concepts in Outcome Assessment and Services Research",2002,
tutoring outcome measurement instrument validity,crossref,ok,1469014,10.1186/s12912-022-01121-8,"Validity and reliability of the measurement instrument of the nursing outcome health-related Physical Fitness (2004), proposed and transculturally adapted to the Spanish context",2022,"Abstract
                Background
                Presently, physical inactivity is the main public health problem in many countries worldwide. Physical activity promotes the maintenance or improvement of one’s physical condition. Physical fitness has been established as the main biological marker of the state of health of an individual, and therefore, there is a clear need to measure health-related physical fitness through the use of a reliable and valid instrument. This study is a continuation of the transcultural adaptation process and a new proposal of the nursing outcome Physical Fitness (2004), found in the 5th Edition of the Nursing Outcomes Classification. The objective of this study was to examine the validity and reliability of the nursing outcome Health-Related Physical Fitness survey, proposed and transculturally adapted to the Spanish context.
              
                Methods
                An instrumental study to validate the nursing outcome Physical Fitness (2004), from the 5th Edition of the Nursing Outcome Classification was carried out. It took place between the months of May, 2016 to May, 2017. On the first stage, the instrument proposed Health-Related Physical Fitness survey was administered to 160 adults who used the Health Services of Murcia, Spain by three independent evaluators. After 4 weeks, it was administered again to 33 participants to calculate the intra-rater reliability. Lastly, the SF-12v2 Health Survey was administered to obtain external evidence of validity.
              
                Results
                The inter-rater reliability of the nursing outcome proposed obtained high values (between 0.91–0.99) in the evaluations performed by the three evaluators. As for the intra-rater reliability, high values were obtained (0.94–1), except for the item “balance”, which was moderate (0.56). Lastly, a positive and statistically significant correlation (p &lt; 0.05) was obtained between the Physical Component Summary, and the dimensions Physical Functioning and General Health from the SF-12v2 Health Survey, and the global score of the Health-Related Physical Fitness proposed instrument.
              
                Conclusions
                The validity and reliability results of the nursing outcome Health-Related Physical Fitness survey, proposed and transculturally adapted to the Spanish context, were adequate for its use by nurses with adults who use the Health Services of Murcia. However, this instrument must be analyzed with more diverse samples of health services users."
tutoring outcome measurement instrument validity,crossref,ok,1469014,10.55057/ijares.2021.3.4.18,Validity and Reliability of Google Classroom Assisted Economics Learning Impact Instrument Using the Rasch Measurement Model,2021,"The 7th shift of the Malaysian Education Development Plan (2013-2025) highlights the Ministry of Education's efforts to leverage the use of  ICT to improve the quality of learning in Malaysia. Currently, Malaysia is at the final phase in the implementation of the 3rd wave  (2021-2025) of  the development plan, in line with its aim to catalyse changes in the education system. In line with recent technology advances, the call is welcomed by educationists. However, there are still questions on whether ICT is accepted by students and whether it is more effective to support the learning of economics compared to the traditional teaching method. In this regard, it is important for teachers to practice effective teaching methods. The use of an effective teaching method could address issues related to students’ economic achievement due to the lack of interests, self-efficacy and negative attitude. This pilot study is aimed to evaluate the validity and reliability of Google Classroom-supported economics learning impact instruments. Forty-six economics students were selected from three schools. The Rasch measurement model was used to test the reliability of the instrument through analysing  the item’s reliability, individual reliability, Cronbach's alpha value, individual-item discrimination, standardised residual correlation, item polarity, and item fit. The study found that the instrument has good validity and reliability. The reliability of the item and instrument respondents reliability test is high at 0.82 and 0.91, proving that the instrument is suitable for use in the actual study. It is hoped that the findings of this study will contribute to the development of knowledge, particularly in developing questionnaires among Malaysia teachers and provide economics teachers a tool for assessing the impact of learning. Appropriate follow-up actions by teachers can be taken to improve effective learning processes in the future. It is suggested for this questionnaire to be used in a real-world study on the impact of using Google Classroom-based learning on students’ interest, self-efficacy, attitude and acceptance."
tutoring outcome measurement instrument validity,crossref,ok,1469014,10.4172/psychiatry.1000253,Validity and Reliability of Measurement Instrument for Sport Motivation Scale in Professional Athletes in Team Sports of Iran,2015,
tutoring outcome measurement instrument validity,crossref,ok,1469014,10.1920/wp.cem.2014.3414,A Test for Instrument Validity,2014,
tutoring outcome measurement instrument validity,crossref,ok,1469014,10.37689/acta-ape/2023ao0242333,Construction and validity of definitions for outcome indicators of the INICIARE-26 instrument,2023,"Objective: To construct and validate with experts the conceptual definitions (CD), operational definitions (OD) and magnitude of the operational definition (MOD) of the 26 outcome indicators of the Nursing Outcomes Classification (NOC), INICIARE-26 instrument components, which measures patients’ dependency on nursing care.

Methods: A methodological study, in two stages, between January and July 2022. In the first, CD, OD and MOD were developed based on scientific literature. Semantic and conceptual equivalences were observed, in addition to standardization of the indicators’ textual formulation. In the second, the Delphi method was used for content validity by eight experts who assessed the relevance of the definitions under the following aspects: “not relevant”; “little relevant”; “quite relevant”; “highly relevant”. The Content Validity Index (CVI) was used, with a value greater than 0.78 for agreement analysis.
Results

The CD CVI was unanimous for 15 indicators; CD were fully consensual for 17 indicators; MOD was obtained a CVI of 1.00 for 13 indicators. The other items had a CVI of 0.88. The items that did not reach 1.00 of agreement were revised, according to experts’ suggestions, with the aim of improving and providing greater clarity for instrument application.

Conclusion: The definitions were constructed and, at the time of validity, reached a satisfactory degree of agreement among experts, and some were unanimous."
tutoring outcome measurement instrument validity,crossref,ok,1469014,10.1177/0013164488484015,Internal Construct Validity and Reliability of a Quality of School Life Instrument Across Nationality and School Level,1988,"A multi-scale quality of life instrument, initially designed for use in Australian high schools, was used to collect data on the quality of school life of students in Australian and Louisianian high schools and a Louisianian university. The internal construct validity and reliability of each of the six subscales across these three contexts was investigated using Confirmatory Factor Analysis procedures. The results indicate that all six of the subscales show internal construct validity and acceptable reliability across the three contexts, but that there is some variation in the reliability itself. The relevance of these findings to research making cross-cultural and cross-level comparisons of attitudes is discussed."
tutoring outcome measurement instrument validity,crossref,ok,1469014,10.1177/0013164485454021,The Reliability and Validity of an Instrument for the Assessment of Computer Attitudes,1985,"As computer-related programs are introduced into school curricula, it is helpful to evaluate teacher attitudes toward computer use which may affect the success of such programs. Involving 114 teachers enrolled in microcomputer staff development courses, this study was concerned with the reliability, the factorial validity, and the differential validity of the Computer Attitude Scale and its four subscales (Computer Anxiety, Computer Confidence, Computer Liking, and Computer Usefulness). This instrument was found to be reliable in measuring teachers' attitudes toward computers and effective in differentiating among teachers with different amounts of computer experience."
tutoring outcome measurement instrument validity,crossref,ok,1469014,10.1088/0967-3334/28/1/009,Criterion validity of the NC-stat automated nerve conduction measurement instrument,2006,
tutoring outcome measurement instrument validity,crossref,ok,1469014,10.6007/ijarbss/v12-i1/12354,Trust School Standards and Practices Measurement Instrument: Validity and Reliability,2022,
tutoring outcome measurement instrument validity,crossref,ok,1469014,10.1016/s0749-0712(02)00148-8,Validity of the patient-focused wrist outcome instrument: do impairments represent functional ability?,2003,
tutoring outcome measurement instrument validity,crossref,ok,1469014,10.1177/001316447903900120,Validity of the Course-Faculty Instrument (CFI): Intrinsic and Extrinsic Variables,1979,"The construct validity of class ratings of instructors measured by the Course-Faculty Instrument was assessed. Two sets of variables were used which explicate aspects of the nomological network of instructor ratings: (a) three intrinsic variables of instructor behavior represented wanted sources of rating variance (e.g., perceived effectiveness of instructor communications), and (b) six extrinsic variables represented variance often considered to be undesirable, (e.g., instructor sex). Eighty-nine percent of the variance in the ratings of 129 instructors teaching 334 classes (from 10,738 student ratings) was explained by the intrinsic measures of instructor behavior. Three of the extrinsic variables correlated significantly with intrinsic variables and/or ratings ( r's ≤ .23). However, these latter variables (experience, rank, and publishing activities) may be as suggestive of validity as bias."
tutoring outcome measurement instrument validity,crossref,ok,1469014,10.1002/jcop.22413/v2/response1,"Author response for ""Measurement of parental executive function in early childhood settings: Instrument reliability and validity in community‐led research projects""",2020,
tutoring outcome measurement instrument validity,crossref,ok,1469014,10.2991/acpes-19.2019.16,The Validity of the Sports Participation Index Measurement Instrument,2019,
tutoring outcome measurement instrument validity,crossref,ok,1469014,10.1177/001316448104100435,Validity of the Disguised Structured Instrument for the Assessment of Attitudes Toward the Poor,1981,"The purpose of this study was to investigate the validity of the Disguised Structured Instrument for the Assessment of Attitudes Toward the Poor (AATP) developed by J. A. Peterson. The study investigated the relationships between selected personal or demographic variables (sex, age, father's socioeconomic status, marital status, choice of major field, and prior work experience) and attitudes toward the poor. AATP scores of a sample of 116 summer session college students were correlated with the selected variables. Data were analyzed by a series of correlations, a linear multiple regression, and a discriminant analysis. No statistically significant relationships were found between scores on the AATP and the designated variables. It was concluded that the validity of the AATP has yet to be established. Thus, the AATP should not be considered a validated research instrument."
tutoring outcome measurement instrument validity,crossref,ok,1469014,10.2991/ahsr.k.200214.100,Predictive Validity of Badminton Basic Skills Learning Outcome Instrument Test Based on Gender,2020,
tutoring outcome measurement instrument validity,crossref,ok,1469014,10.5013/ijssst.a.18.02.07,Validity and Reliability of Digital Games-Featured Instrument Towards Critical Thinking Using the Rasch Model Measurement,2017,
tutoring outcome measurement instrument validity,crossref,ok,1469014,10.1007/s00776-011-0169-5,Erratum to: Development of the patient-based outcome instrument for foot and ankle: part 2: results from the second field survey: validity of the outcome instrument for the foot and ankle version 2,2011,
tutoring outcome measurement instrument validity,crossref,ok,1469014,10.1007/s00776-011-0131-6,Development of the patient-based outcome instrument for foot and ankle: part 2: results from the second field survey: validity of the outcome instrument for the foot and ankle version 2,2011,
tutoring outcome measurement instrument validity,crossref,ok,1469014,10.26881/tutg.2021.3.08,Audyt krajobrazowy jako „Nowy instrument ochrony krajobrazu”,2022,
tutoring outcome measurement instrument validity,crossref,ok,1469014,10.23860/diss-1703,VALIDITY OF AN INSTRUMENT TO DIAGNOSE CONDUCT DISORDER,,
tutoring outcome measurement instrument validity,crossref,ok,1469014,10.1002/9781119633341.ch8,Validity and Clinical Utility,2021,
intelligent tutoring system learning gain measurement,crossref,ok,7885520,10.4018/978-1-61692-008-1.ch009,Intelligent Tutoring System for Learning Programming,2011,"Tutoring systems for programming help students understand features of target programming languages, and develop their general problem solving skills. Our system guides novices in learning syntax and semantics of programming language, problem decomposition, program design and testing. It is language independent, automatically adjusting course material to the language - subject of learning. Semantic analysis of student’s programs is based on comparison of abstract semantics trees of student’s and model-program. Model-program is coded by innovative programming language describing goals and variants of possible solutions. The notional machine defined by programming language, its verbal description of instruction actions and visualization of program execution, helps students to understand semantics of teaching language. Advancement through the course material controlled by computer teacher supports connection of new concepts to the present student’s knowledge. The system applies distinct teaching strategies to stoppers and movers."
intelligent tutoring system learning gain measurement,crossref,ok,7885520,10.1115/1.859902.paper245,Using Problem-Based Learning in Intelligent Tutoring System for Pointers: Point-Tool,2011,
intelligent tutoring system learning gain measurement,crossref,ok,7885520,10.31274/etd-180810-5379,Designing intelligent language tutoring system for learning Chinese characters,,
intelligent tutoring system learning gain measurement,crossref,ok,7885520,10.4018/978-1-61692-008-1.ch004,Intelligent Tutoring System Architecture Rebuilt,2011,"In this chapter, an approach to support the development of ITS based on patterns and pattern catalogues is described. Patterns are means to facilitate inter-project communication. As such, they provide for a clear terminology in an application domain. They support the development process itself by encapsulating information at different levels (e.g. using underlying concepts and tools, adding and integrating new concepts and tools, and fundamentally changing the structure of an existing piece of software). The approach described in this chapter shows two examples of how a catalogue of patterns collected from existing ITS architectures can be used and re-used in different settings. Those settings span the field of plugin frameworks for ITS (i.e. JaBInT), a concrete “proof of concept” ITS (i.e. ChemNom and CoChemEx) using a collaboration script approach."
intelligent tutoring system learning gain measurement,crossref,ok,7885520,10.4018/978-1-61692-008-1.ch011,Student Modeling in an Intelligent Tutoring System,2011,"Student modeling and cognitively diagnostic assessment are important issues that need to be addressed for the development and successful application of intelligent tutoring systems (its). Its needs the construction of complex models to represent the skills that students are using and their knowledge states, and practitioners want cognitively diagnostic information at a finer grained level. This chapter reviews our effort on modeling student’s knowledge in the ASSISTment project. Intelligent tutors have been mainly used to teach students. In the ASSISTment project, we have emphasized using the intelligent tutoring system as an assessment system that provides instructional assistance during the test. Usually it is believed that assessment get harder if students are allowed to learn during the test, as its then like try to hit a moving target. So our results are surprising that by providing tutoring to students while they are assessed we actually prove the assessment of students’ knowledge. Additionally, in this article, we present encouraging results about a fine-grained skill model with that system that is able to predict state test scores. We conclude that using intelligent tutoring systems to do assessment seems like a reasonable way of dealing with the dilemma that every minute spent testing students takes time away from instruction."
intelligent tutoring system learning gain measurement,crossref,ok,7885520,10.5220/0009413903360343,Learning Recursion: Insights from the ChiQat Intelligent Tutoring System,2020,
intelligent tutoring system learning gain measurement,crossref,ok,7885520,10.21275/art20164209,Design and Implementation of Intelligent Tutoring System using Enhanced Personalization in e-Learning,2017,
intelligent tutoring system learning gain measurement,crossref,ok,7885520,10.1007/3-540-61327-7_104,LearnMedia: A co-operative intelligent tutoring system for learning multimedia,1996,
intelligent tutoring system learning gain measurement,crossref,ok,7885520,10.1063/1.4992244,E-learning environment as intelligent tutoring system,2017,
intelligent tutoring system learning gain measurement,crossref,ok,7885520,10.1007/978-3-540-30139-4_95,Optimal Emotional Conditions for Learning with an Intelligent Tutoring System,2004,
intelligent tutoring system learning gain measurement,crossref,ok,7885520,10.1007/978-3-642-30950-2_28,Noticing Relevant Feedback Improves Learning in an Intelligent Tutoring System for Peer Tutoring,2012,
intelligent tutoring system learning gain measurement,crossref,ok,7885520,10.1007/978-3-642-77202-3_17,Building an Intelligent Second Language Tutoring System from Whatever Bits you Happen to Have Lying Around,1992,
intelligent tutoring system learning gain measurement,crossref,ok,7885520,10.1007/978-3-642-77202-3_19,WIZDOM A Multiple-Purpose Language Tutoring System Based on AI Techniques,1992,
intelligent tutoring system learning gain measurement,crossref,ok,7885520,10.35542/osf.io/gt95h_v1,LLM-powered Multi-agent Framework for Goal-oriented Learning in Intelligent Tutoring System,2025,"Intelligent Tutoring Systems (ITSs) have revolutionized education by offering personalized learning experiences. However, as goal-oriented learning, which emphasizes efficiently achieving specific objectives, becomes increasingly important in professional contexts, existing ITSs often struggle to deliver this type of targeted learning experience. In this paper, we propose GenMentor, an LLM-powered multi-agent framework designed to deliver goal-oriented, personalized learning within ITS. GenMentor begins by accurately mapping learners' goals to required skills using a fine-tuned LLM trained on a custom goal-to-skill dataset. After identifying the skill gap, it schedules an efficient learning path using an evolving optimization approach, driven by a comprehensive and dynamic profile of learners' multifaceted status. Additionally, GenMentor tailors learning content with an exploration-drafting-integration mechanism to align with individual learner needs. Extensive automated and human evaluations demonstrate GenMentor's effectiveness in learning guidance and content quality. Furthermore, we have deployed it in practice and also implemented it as an application. Practical human study with professional learners further highlights its effectiveness in goal alignment and resource targeting, leading to enhanced personalization. Supplementary resources are available at https://github.com/GeminiLight/gen-mentor."
intelligent tutoring system learning gain measurement,crossref,ok,7885520,10.5772/30486,Distributed Intelligent Tutoring System Architectures,2012,
intelligent tutoring system learning gain measurement,crossref,ok,7885520,10.1080/14626269009408269,The evaluation of an intelligent tutoring system,1990,
intelligent tutoring system learning gain measurement,crossref,ok,7885520,10.5220/0011083900003182,A Recommendation Module based on Reinforcement Learning to an Intelligent Tutoring System for Software Maintenance,2022,
intelligent tutoring system learning gain measurement,crossref,ok,7885520,10.1201/9781003782735-2,Intelligent Tutoring System using Affective Interaction,2026,
intelligent tutoring system learning gain measurement,crossref,ok,7885520,10.1109/isdea.2013.494,Multi-agent Based E-Learning Intelligent Tutoring System for Supporting Adaptive Learning,2013,
intelligent tutoring system learning gain measurement,crossref,ok,7885520,10.1080/14626269109408289,Interactive Learning Environments,1991,
intelligent tutoring system learning gain measurement,crossref,ok,7885520,10.1080/14626269009409093,Interactive Learning Environments,1990,
intelligent tutoring system learning gain measurement,crossref,ok,7885520,10.1007/978-3-642-77681-6_7,"Machine Learning, Explanation-Based Learning and Intelligent Tutoring Systems",1992,
intelligent tutoring system learning gain measurement,crossref,ok,7885520,10.1007/978-3-642-30950-2_115,Skill Diaries: Can Periodic Self-assessment Improve Students’ Learning with an Intelligent Tutoring System?,2012,
intelligent tutoring system learning gain measurement,crossref,ok,7885520,10.36837/chapman.000469,Integration of Computer Algebra Systems and Machine Learning in the Authoring of the SANYMS Intelligent Tutoring System,,
intelligent tutoring system learning gain measurement,crossref,ok,7885520,10.1007/978-94-011-7108-3_70,RSCL3: A Learning Expert System for Intelligent Tutoring,1995,
intelligent tutoring system learning gain measurement,crossref,ok,7885520,10.5220/0014430300004052,A Fuzzy Intelligent Adaptive Tutoring System with Explainable Recommendations: Case of Math Learning for Elementary Students,2026,
intelligent tutoring system learning gain measurement,crossref,ok,7885520,10.17918/etd-3114,Mobile intelligent tutoring system,,"The prominence of computers in the 21st Century has caused educators to reexamine the needs of today's K-12 students. The proposed 21st Century Skills center on the use of technology and thus millions of students are unable fully to master these skills due to their minimal access to technology. The Digital Divide, a correlation between an individual's access to technology and their socio-economic status, is poised to prevent large segments of society from advancing and thriving in this technology based economy. One proposed solution to this lack of computing resources lay in the transformation of mobile devices, like cell phones, from single-purpose communication tools to multipurpose computing resources. The smaller scale of mobile devices mandates the design of mobile learning applications be more than miniature desktop learning applications. Whether the applications are based on existing desktop applications or presenting new paradigms of learning activities there are human-computer-interaction and education concerns to address. This thesis describes the design, implementation, and evaluation of a complete mobile intelligent tutoring system (ITS). The research questions investigated address the design and evaluation of the implemented system. To answer first question, ""How might the design of an ITS be adapted for delivery on a mobile device?"" a set of general mobile ITS guidelines is described. To answer the second question, ""Can a mobile ITS provide learning gains greater than traditional instructional activities?"" data was gathered from a controlled study to compare the performance of students using the mobile ITS with those who did not. These data reveal that students using the mobile ITS achieved gains greater than students receiving standard instruction. The third question, ""What teaching strategy best supports a mobile ITS?"", is answered through data gathered from the comparison of two teaching strategies, long and short. These data suggest that the long strategy, in which students are required to calculate the final answer to the problem, best facilitates student performance gains. This thesis lays the foundation for future research that explores the delivery of intelligent tutoring systems off the desktop as well as for research in methods of transforming desktop learning applications for mobile devices."
intelligent tutoring system learning gain measurement,crossref,ok,7885520,10.1007/978-3-642-77202-3_14,Issues for Tutoring Knowledge in Foreign Language Intelligent Tutoring Systems,1992,
intelligent tutoring system learning gain measurement,crossref,ok,7885520,10.1007/978-3-319-07221-0_98,Analyzing Learning Gains in a Competition Intelligent Tutoring System,2014,
intelligent tutoring system learning gain measurement,crossref,ok,7885520,10.1080/14626269109408293,Mathematical intelligent learning environments,1991,
intelligent tutoring system learning gain measurement,crossref,ok,7885520,10.2139/ssrn.5232676,&lt;p&gt;Adaptive Learning and Intelligent Tutoring System of Artificial Intelligent Tools and Students Interests Towards Chemistry&lt;/p&gt;,2025,
intelligent tutoring system learning gain measurement,crossref,ok,7885520,10.1080/14626269109408299,Using COCA to build an intelligent tutoring system in simple algebra,1991,
intelligent tutoring system learning gain measurement,crossref,ok,7885520,10.1037/e645312013-004,CSTutor: an Intelligent Tutoring System that Supports Natural Learning,2013,
intelligent tutoring system learning gain measurement,crossref,ok,7885520,10.1109/itsim.2010.5561579,On-line homeschooling learning management system using intelligent tutoring system,2010,
intelligent tutoring system learning gain measurement,crossref,ok,7885520,10.4324/9780429322389-10,Emotionally intelligent tutoring,2020,
intelligent tutoring system learning gain measurement,crossref,ok,7885520,10.67599/anr-21-ce38-0009,,2022,
intelligent tutoring system learning gain measurement,crossref,ok,7885520,10.1080/14626269109408279,"Computers, learning and language",1991,
intelligent tutoring system learning gain measurement,crossref,ok,7885520,10.1080/14626269109408295,Student activity in an intelligent learning environment,1991,
intelligent tutoring system learning gain measurement,crossref,ok,7885520,10.1007/978-3-319-07221-0_16,Using an Intelligent Tutoring System to Support Collaborative as well as Individual Learning,2014,
intelligent tutoring system learning gain measurement,crossref,ok,7885520,10.1109/iisa.2013.6623723,An Intelligent Tutoring System over a social network for mathematics learning,2013,
intelligent tutoring system learning gain measurement,crossref,ok,7885520,10.1007/978-3-642-13388-6_30,The Affective and Learning Profiles of Students Using an Intelligent Tutoring System for Algebra,2010,
intelligent tutoring system learning gain measurement,crossref,ok,7885520,10.1080/14626269709408381,Internet-aided Language Learning,1997,
intelligent tutoring system learning gain measurement,crossref,ok,7885520,10.5339/qfarf.2013.ictp-020,ChiQat: An intelligent tutoring system for learning computer science,2013,"Foundational topics in Computer Science (CS), such as data structures and algorithmic strategies, pose particular challenges to learners and teachers. The difficulty of learning these basic concepts often discourages students from further study, and leads them to lower success. In any discipline, students' interaction with skilled tutors is one of the most effective strategies to address the problem of weak learning. However, human tutors are not always available. Technology can compensate here: Intelligent Tutoring Systems (ITSs) are systems designed to simulate the teaching of human tutors. ITSs use artificial intelligence techniques to guide learners through problem solving exercises using pedagogical strategies similar to those employed by human tutors. ChiQat-Tutor, a novel ITS that we are currently developing, aims at facilitating learning of basic CS data structures (e.g., linked lists, trees, stacks) and algorithmic strategies (e.g., recursion). The system will use a number of effective pedagogical strategies in CS education, including positive and negative feedback, learning from worked-out examples, and learning from analogies. ChiQat will support linked lists, trees, stacks, and recursion. The ChiQat linked list module builds on iList, our previous ITS that provenly helps students learn linked lists. This module provides learners with a simulated environment where linked lists can be seen, constructed, and manipulated. Lists are represented graphically and can be manipulated interactively using programming commands (C++ or Java). The system can currently follow the solution strategy of a student, and provides personalized positive and negative feedback. Our next step is to add support for worked-out examples. The recursion module provides learners with an animated and interactive environment, where they can trace recursion calls of a given recursive problem. This is one of the most challenging tasks students face when learning the concept of recursion. In the near future, students will be aided in breaking down recursive problems into their basic blocks (base case and recursive case) through interactive dialogues. ChiQat employs a flexible, fault-tolerant, distributed plug-in architecture, where each plug-in fulfills a particular role. This configuration allows different system types to be defined, such as all-in-one applications or distributed ones. The system is composed of separate front and back ends. The back-end will house the main logic for heavy computational tasks such as problem knowledge representation and tutor feedback generation. The front-end (user interface) collects users input and sends it to the back-end, while displaying the current state of the problem. Due to this flexible architecture, it will be possible to run the system in two modes; online and offline. Offline mode will run all client and server components on the same machine, allowing the user to use the system in a closed environment. The online mode will allow running the back-end on a server as a web service which can communicate with a front-end running on the client machine. This allows wider and greater reachability for users using lower powered connected devices such as mobile devices, as well as traditional laptops and desktop computers which are connected to the Internet."
intelligent tutoring system learning gain measurement,crossref,ok,7885520,10.5772/28731,Intelligent Tutoring System with Associative Cellular Neural Network,2012,
intelligent tutoring system learning gain measurement,crossref,ok,7885520,10.1007/978-3-540-30139-4_64,Predicting Learning Characteristics in a Multiple Intelligence Based Tutoring System,2004,
intelligent tutoring system learning gain measurement,crossref,ok,7885520,10.4324/9780429322389-11,Emotionally intelligent tutors and tutoring,2020,
intelligent tutoring system learning gain measurement,crossref,ok,7885520,10.4018/978-1-4666-2047-6.ch017,A Heuristic Method for Learning Path Sequencing for Intelligent Tutoring System (ITS) in E-learning,,"Course sequencing is one of the vital aspects in an Intelligent Tutoring System (ITS) for e-learning to generate the dynamic and individual learning path for each learner. Many researchers used different methods like Genetic Algorithm, Artificial Neural Network, and TF-IDF (Term Frequency- Inverse Document Frequency) in E-leaning systems to find the adaptive course sequencing by obtaining the relation between the courseware. In this paper, heuristic semantic values are assigned to the keywords in the courseware based on the importance of the keyword. These values are used to find the relationship between courseware based on the different semantic values in them. The dynamic learning path sequencing is then generated. A comparison is made in two other important methods of course sequencing using TF-IDF and Vector Space Model (VSM) respectively, the method produces more or less same sequencing path in comparison to the two other methods. This method has been implemented using Eclipse IDE for java programming, MySQL as database, and Tomcat as web server."
intelligent tutoring system learning gain measurement,crossref,ok,7885520,10.1145/964445.964447,A collaborative intelligent tutoring system for medical problem-based learning,2004,
intelligent tutoring system learning gain measurement,crossref,ok,7885520,10.1109/icdle.2010.5606012,Design a framework for intelligent differentiated tutoring system,2010,
intelligent tutoring system learning gain measurement,crossref,ok,7885520,10.4018/978-1-61692-008-1.ch001,Intelligent Tutoring Systems,2011,"Today’s education is faced by new challenges and yet new innovations. The key area where innovations are introduced lies on instructional methodology. It becomes necessary for the educators to incorporate new trends and methodologies in instructional methodology. One such aspect that came into existence is intelligent tutorial system. In this chapter, Firstly, the appearance of the ITS notion and related literature review will be handled. After then general architecture of Intelligent Tutoring Systems will be presented and information about improvements on ITS will be given up to now. And also best ITS practices will be mentioned, too. In this sense, ZOSMAT - a detailed sample application - will be explained as a demonstration of how an ITS is designed. ZOSMAT can be used for the purpose of either individual learning or real classroom environment with the guidance of a human tutor during a formal education process. This characteristic of ZOSMAT distinguishes itself from other intelligent tutoring systems (Keles et al., 2009). Finally, challenges and problems in the area of ITS and future of ITS will be discussed."
learning analytics log data mastery assessment,crossref,ok,7351952,10.18608/jla.2023.7867,Processing and Understanding Moodle Log Data and Their Temporal Dimension,2023,"The increased adoption of online learning environments has resulted in the availability of vast amounts of educationallog data, which raises questions that could be answered by a thorough and accurate examination of students’ onlinelearning behaviours. Event logs describe something that occurred on a platform and provide multiple dimensionsthat help to characterize what actions students take, when, and where (in which course and in which part of thecourse). Temporal analysis has been shown to be relevant in learning analytics (LA) research, and capturingtime-on-task as a proxy to model learning behaviour, predict performance, and prevent drop-out has been thesubject of several studies. In Moodle, one of the most used learning management systems, while most events arelogged at their beginning, other events are recorded at their end. The duration of an event is usually calculated asthe difference between two consecutive records assuming that a log records the action’s starting time. Therefore,when an event is logged at its end, the difference between the starting and the ending event identifies their sum,not the duration of the first. Moreover, in the pursuit of a better user experience, increasingly more online learningplatforms’ functions are shifted to the client, with the unintended effect of reducing significant logs and conceivablymisinterpreting student behaviour. The purpose of this study is to present Moodle’s logging system to illustratewhere the temporal dimension of Moodle log data can be difficult to interpret and how this knowledge can be usedto improve data processing. Starting from the correct extraction of Moodle logs, we focus on factors to considerwhen preparing data for temporal dimensional analysis. Considering the significance of the correct interpretation oflog data to the LA community, we intend to initiate a discussion on this domain understanding to prevent the loss ofdata-related knowledge."
learning analytics log data mastery assessment,crossref,ok,7351952,10.18608/jla.2016.32.4,Revealing Opportunities for 21st Century Learning: An Approach to Interpreting User Trace Log Data,2016,"Online environments can cultivate what have been referred to as 21st century skills and capabilities, as youth contribute, pursue, share, and interact around work and ideas. Such environments also hold great potential for addressing digital divides related to the development of such skills by connecting youth in areas with fewer resources and opportunities to social and material supports for learning. However, even with increasing attention to the importance of 21st century skills, there is still relatively little known about how to measure these sorts of competencies effectively. In this paper, we offer an exploratory approach for interpreting student user trace log data to reveal opportunities for creative production, self-directed learning, and social learning online. Our approach engages social learning analytics to code actions according to relationships between users and engages in self-report and ethnographic methods to supplement initial results. We share our methods; provide rich description of the unique learning environment; present results of logged opportunities for creative production, self-directed learning, and social learning across the sixth grade cohort; and explore these results through the lens of individual learners, including cohort self-reports of identity, interest, and perceptions, and qualitative case studies of two students."
learning analytics log data mastery assessment,crossref,ok,7351952,10.18608/jla.2017.42.3,Calculus Course Assessment Data,2017,"In this paper we describe computer-aided assessment methods used in online Calculus courses and the data they produce. The online learning environment collects a lot of timestamped data about every action a student makes. Assessment data can be harnessed into use as a feedback, predictor, and recommendation facility for students and instructors. We also describe late professor Mika Seppälä’s seminal work at the University of Helsinki to develop online materials and tools for learning mathematics since 2001. He also utilized these methods in Calculus teaching at Florida State University. The open online course “Single Variable Calculus” was held in Helsinki in 2004. This intensive work evolved into a complete online English Calculus curriculum starting from the Fall 2013 and soon recognized as an alternative route for taking traditional university Calculus courses in Helsinki. Automatic assessment systems of mathematical competencies, such as STACK and WeBWorK, can take a student’s answer as a mathematical object, e.g. a function or an equation, and check whether it satisfies the requirements set for a correct answer as well as give immediate and meaningful feedback. That is a powerful tool especially for formative assessment: log data shows that many students prefer to start with quizzes and when necessary, consult lecturing materials"
learning analytics log data mastery assessment,crossref,ok,7351952,10.1016/c2015-0-00087-9,"Formative Assessment, Learning Data Analytics and Gamification",2016,
learning analytics log data mastery assessment,crossref,ok,7351952,10.18608/jla.2018.53.9,Topic Dependency Models: Graph-Based Visual Analytics for Communicating Assessment Data,2018,"Educational environments continue to evolve rapidly to address the needs of diverse, growing student populations while embracing advances in pedagogy and technology. In this changing landscape, ensuring consistency among the assessments for different offerings of a course (within or across terms), providing meaningful feedback about student achievements, and tracking student progress over time are all challenging tasks, particularly at scale. Here, a collection of visual Topic Dependency Models (TDMs) is proposed to help address these challenges. It uses statistical models to determine and visualize student achievements on one or more topics and their dependencies at a course level reference TDM (e.g., CS 100) as well as assessment data at the classroom level (e.g., students in CS 100 Term 1 2016 Section 001), both at one point in time (static) and over time (dynamic). The collection of TDMs share a common two-weighted graph foundation. Exemplar algorithms are presented for the creation of the course reference and selected class (static and dynamic) TDMs; the algorithms are illustrated using a common symbolic example. Studies on the application of the TDM collection on datasets from two university courses are presented; these case studies utilize the open-source, proof of concept tool under development."
learning analytics log data mastery assessment,crossref,ok,7351952,10.1145/2723576.2723622,Towards data-driven mastery learning,2015,
learning analytics log data mastery assessment,crossref,ok,7351952,10.1109/bigdata.2018.8622165,Determining Viability of Deep Learning on Cybersecurity Log Analytics,2018,
learning analytics log data mastery assessment,crossref,ok,7351952,10.5220/0013567300003967,Data Storytelling in Learning Analytics: AI-Driven Competence Assessment,2025,
learning analytics log data mastery assessment,crossref,ok,7351952,10.1016/b978-0-12-803637-2.09989-9,Dedication,2016,
learning analytics log data mastery assessment,crossref,ok,7351952,10.1016/b978-0-12-803637-2.09992-9,Copyright,2016,
learning analytics log data mastery assessment,crossref,ok,7351952,10.63110/idsa.v1i01.6,Utilizing Machine Learning and Data Analytics for Improving Cybersecurity Risk Management and Assessment,2025,
learning analytics log data mastery assessment,crossref,ok,7351952,10.1016/b978-0-12-803637-2.00007-5,An Assessment Analytics Framework (AAF) for Enhancing Students’ Progress,2016,
learning analytics log data mastery assessment,crossref,ok,7351952,10.1007/978-981-97-9855-1_33,Analyze User Navigational Patterns from Log Data Using Hadoop Techniques,2025,
learning analytics log data mastery assessment,crossref,ok,7351952,10.1007/978-3-031-30992-2_3,Applying Log Data Analytics to Measure Problem Solving in Simulation-Based Learning Environments,2023,
learning analytics log data mastery assessment,crossref,ok,7351952,10.1201/b10274-27,Log-Based Assessment of Motivation in Online Learning,2010,
learning analytics log data mastery assessment,crossref,ok,7351952,10.1016/b978-0-12-803637-2.09987-5,Front Matter,2016,
learning analytics log data mastery assessment,crossref,ok,7351952,10.1016/b978-0-12-803637-2.09985-1,Author Index,2016,
learning analytics log data mastery assessment,crossref,ok,7351952,10.1016/b978-0-12-803637-2.09984-x,Subject Index,2016,
learning analytics log data mastery assessment,crossref,ok,7351952,10.1016/b978-0-12-803637-2.00004-x,Evaluation Model for e-Assessment,2016,
learning analytics log data mastery assessment,crossref,ok,7351952,10.1145/3375462.3375510,edX log data analysis made easy,2020,
learning analytics log data mastery assessment,crossref,ok,7351952,10.1016/b978-0-12-803637-2.09999-1,Foreword,2016,
learning analytics log data mastery assessment,crossref,ok,7351952,10.1016/j.chb.2018.07.016,Predicting teamwork group assessment using log data-based learning analytics,2018,
learning analytics log data mastery assessment,crossref,ok,7351952,10.26226/morressier.5f11aa861df9a502f50e6c38,Analytics in Accounting Programs: Using Dashboards to Visualize Assessment of Learning Data,2020,
learning analytics log data mastery assessment,crossref,ok,7351952,10.1007/978-3-030-74450-2_4,Generating Character-Based Templates for Log Data,2021,
learning analytics log data mastery assessment,crossref,ok,7351952,10.1016/b978-0-12-803637-2.00005-1,Confidence and Learning,2016,
learning analytics log data mastery assessment,crossref,ok,7351952,10.1016/b978-0-12-803637-2.00015-4,Conversational Agents as Learning Facilitators,2016,
learning analytics log data mastery assessment,crossref,ok,7351952,10.1016/b978-0-12-803637-2.09998-x,Preface,2016,
learning analytics log data mastery assessment,crossref,ok,7351952,10.1007/978-3-030-74450-2_3,Incremental Log Data Clustering for Processing Large Amounts of Data Online,2021,
learning analytics log data mastery assessment,crossref,ok,7351952,10.1007/978-1-4302-5762-2_7,Using Log Files To Create Advanced Analytics,2013,
learning analytics log data mastery assessment,crossref,ok,7351952,10.4324/9780429428500-8,Learning behavior and achievement analysis of a digital game-based learning approach integrating mastery learning theory and different feedback models,2018,
learning analytics log data mastery assessment,crossref,ok,7351952,10.1016/b978-0-12-803637-2.00013-0,κPAX,2016,
learning analytics log data mastery assessment,crossref,ok,7351952,10.1108/978-1-64113-328-920251006,Assessing Learner-Driven Constructs in Informal Learning Environments,2018,
learning analytics log data mastery assessment,crossref,ok,7351952,10.18848/1835-9795/cgp/v12i02/1-24,CGScholar’s Analytics: Progress to Mastery Learning,2019,
learning analytics log data mastery assessment,crossref,ok,7351952,10.1016/b978-0-12-823410-5.00011-5,An intelligent distance learning framework: assessment-driven approach,2021,
learning analytics log data mastery assessment,crossref,ok,7351952,10.18608/jla.2015.23.2,Learning Analytics: From Big Data to Meaningful Data,2016,"This article introduces the special issue from the 2015 Learning Analytics and Knowledge conference. We describe the current state of the field, and identify some of the trends in recent research. As the field continues to expand,it seems that there are at least three directions of vigorous growth: the inclusion of multimodal data (gesture, eye-tracking, biosensors, etc.), the diversification of learning environments (MOOCs, classrooms, and hands-on learning environments.), and new types of research questions as researchers begin to consider a broader set of learning-related constructs (moving away, for example, from the focus on student retention.)"
learning analytics log data mastery assessment,crossref,ok,7351952,10.1109/iciet69664.2026.11561592,Personalized Learning Activity Recommendations Through Learning Analytics and GPT-4: A Study on Assignment Log Data from Google Classroom,2026,
learning analytics log data mastery assessment,crossref,ok,7351952,10.1108/978-1-64113-328-920251002,On Integrating Psychometrics and Learning Analytics in Complex Assessments,2018,"Over the past century, psychometricians have developed an armamentarium of methods for reasoning about students’ capabilities from their performances in familiar forms of assessment. This chapter discusses how key concepts underlying these tools can be reconceived and extended to play a valuable role for reasoning from performances in new forms of assessment with more complex data. It describes complementary roles for learning-analytic methods to identify evidence in performances and for modular probability-based latent-variable models to integrate evidence into a cross-task metric and to quantify its value. In addition to practical benefits, probability models with latent variables provide ways of conceptualizing and characterizing the assessment principles of reliability, validity, comparability, and fairness. Ideas are illustrated with excerpts from two assessments that address systems thinking: a scenario-based task using more familiar data forms and the game-based assessment SimCityEDU: Pollution Challenge!"
learning analytics log data mastery assessment,crossref,ok,7351952,10.1007/978-3-030-74450-2_2,Survey on Log Clustering Approaches,2021,
learning analytics log data mastery assessment,crossref,ok,7351952,10.1016/b978-0-12-803637-2.00001-4,Collaborative e-Assessment as a Strategy for Scaffolding Self-Regulated Learning in Higher Education,2016,
learning analytics log data mastery assessment,crossref,ok,7351952,10.18608/jla.2014.13.13,Temporal Learning Analytics for Adaptive Assessment,2014,"Accurate and early predictions of students’ performance could significantly affect interventions during teaching and assessment, which gradually could lead to improved learning outcomes. In our research work, we seek to identify and formalize temporal parameters as predictors of performance (“temporal learning analytics”-TLA) and examine students' temporal behaviour (i.e. in terms of time-spent) during testing. The goal is to specify a functional set of parameters that will be embedded in an adaptive assessment system in order to contribute to personalization of feedback services. We adopted the Partial Least-Squares (PLS) analysis method for formulating the causal dependencies between latent variables and the relations to their indicators. In this paper we present the motivation and rationale of our work, along with the followed methodology, initial results and contributions so far, and our plans on future work."
learning analytics log data mastery assessment,crossref,ok,7351952,10.18608/jla.2016.31.6,A Data Protection Framework for Learning Analytics,2016,"Most studies on the use of digital student data adopt an ethical framework derived from human-studies research, based on the informed consent of the experimental subject. However consent gives universities little guidance on the use of learning analytics as a routine part of educational provision: which purposes are legitimate and which analyses involve an unacceptable risk of harm. Obtaining consent when students join a course will not give them meaningful control over their personal data three or more years later. Relying on consent may exclude those most likely to benefit from early interventions. This paper proposes an alternative framework based on European Data Protection law. Separating the processes of analysis (pattern-finding) and intervention (pattern-matching) gives students and staff continuing protection from inadvertent harm during data analysis; students have a fully informed choice whether or not to accept individual interventions; organisations obtain clear guidance: how to conduct analysis, which analyses should not proceed, and when and how interventions should be offered. The framework provides formal support for practices that are already being adopted and helps with several open questions in learning analytics, including its application to small groups and alumni, automated processing and privacy-sensitive data."
learning analytics log data mastery assessment,crossref,ok,7351952,10.1108/978-1-64113-328-920251011,Integrating Survey and Learning Analytics Data For a Better Understanding of Engagement in MOOCs,2018,
learning analytics log data mastery assessment,crossref,ok,7351952,10.1016/b978-0-12-803637-2.00009-9,Creating University Analytical Information Systems,2016,
learning analytics log data mastery assessment,crossref,ok,7351952,10.18608/jla.2020.71.2,"Measuring Mastery Behaviors at Scale: The Persistence, Effort, Resilience and Challenge-Seeking Task (PERC)",2020,"Mastery behaviours — seeking out challenging tasks and continuing to work on them despite difficulties — are integral to achievement but difficult to measure with precision. The current study reports on the development and validation of the computer-based persistence, effort, resilience, and challenge-seeking (PERC) task in two demographically diverse samples of adolescents (total N = 3,188). We present evidence for convergent validity with self-reported mastery behaviours and learning mindsets, discriminant validity from theoretically unrelated constructs, and incremental predictive validity for grade point average (GPA). Results suggest that the PERC task may be a useful tool for assessing mastery behaviours at scale."
learning analytics log data mastery assessment,crossref,ok,7351952,10.17485/ijst/v19i11.263,"A Data-Driven Framework for Enhancing Outcome-Based Teaching, Learning, and Assessment Using Learning Analytics and Intelligent Dashboards in Higher Education",2026,"Objectives: This study evaluated the effectiveness of Computer-Aided Instruction (CAI) in improving Chemistry achievement compared with traditional teaching among first-year nursing students at Jose Rizal Memorial State University. Methods: A quasi-experimental pretest–posttest non-equivalent control group design was used involving 68 first-year nursing students (33 traditional, 35 CAI). A validated 60-item Chemistry test (KR-21 = 0.82) measured performance. The experimental group received multimedia-based CAI, while the control group received lecture-based instruction. Weighted mean summarized performance, t-test compared group differences and gain scores, and z-test assessed mastery against the 75% benchmark at α = 0.05. Findings: Both groups demonstrated comparable baseline knowledge, with no significant difference in pretest scores (t = 0.747 &lt; 1.99), confirming group equivalence. Posttest results showed significantly higher performance in the CAI group (mean = 46.06, SD = 2.52) compared with the traditional group (mean = 30.79, SD = 5.87), with computed t-values exceeding critical values at α = 0.05. The CAI group exceeded the expected mastery level, while the traditional group did not. Within-group analysis revealed significant improvement in both groups, but gains were substantially higher in the CAI group (mean gain = 31.40) compared with the traditional group (mean gain = 15.73), with statistically significant differences (p &lt; 0.05). These findings confirm that CAI enhances conceptual understanding and academic achievement more effectively than lecture-based instruction. The results align with previous studies demonstrating the effectiveness of technology-integrated learning while providing stronger empirical evidence using validated instruments and mastery benchmarks. This study contributes additional support for CAI as a superior instructional strategy in improving Chemistry learning outcomes in higher education. Novelty: This study demonstrates the existing body of research on the computer-aided instruction (CAI) by demonstrating not only significant achievement gains but also a measurable mastery-level attainment in sub-microscopic Chemistry concepts using a validated assessment framework and benchmark-based analysis. Unlike the prior studies that focus primarily on mean score differences, this research integrates the mastery thresholds, quasi-experimental validation, and gain score comparisons in providing stronger empirical evidence of instructional effectiveness in higher education. These findings contribute to the global discourse on technology-enhanced STEM education by offering a replicable instructional framework in addressing persistent conceptual difficulties in abstract scientific domains. Beyond its local context, the study provides transferable insights for institutions seeking scalable, multimedia-based strategies to improve conceptual mastery and academic performance in Chemistry and related science disciplines.

Keywords: Computer-Assisted Instruction (CAI), Traditional Teaching Method, Chemistry Education, Science Learning Outcomes, Instructional Effectiveness"
learning analytics log data mastery assessment,crossref,ok,7351952,10.1016/b978-0-12-803637-2.00011-7,A Review of Emotion-Aware Systems for e-Learning in Virtual Environments,2016,
learning analytics log data mastery assessment,crossref,ok,7351952,10.1007/978-3-030-81222-5_18,Expanding Teacher Assessment Literacy with the Use of Data Visualizations in Game-Based Assessment,2021,
learning analytics log data mastery assessment,crossref,ok,7351952,10.4324/9781003244271-2,Data analytics and adaptive learning,2023,
learning analytics log data mastery assessment,crossref,ok,7351952,10.1145/3576050.3576094,Using submission log data to investigate novice programmers’ employment of debugging strategies,2023,
learning analytics log data mastery assessment,crossref,ok,7351952,10.18608/jla.2014.13.25,Critical Factors In Data Governance For Learning Analytics,2014,"This paper identifies some of the main challenges of data governance modeling in the context of learning analytics for higher education institutions, and discusses the critical factors for designing data governance models for learning analytics. It identifies three fundamental common challenges that cut across any learning analytics data governance model, viz., the ownership of the learning analytics data sets, its interpretation and the enacting of decision-making on the basis of this learning analytics data. It also proposes a set of high-level requirements that are necessary for modeling data governance for learning analytics."
AI tutor assessment self-report versus objective learning,crossref,ok,8404644,10.20944/preprints202507.0754.v1,"Assessment Spinal Surgery Python, AI and Machine Learning Self-Assessment for Spinal Fusion Surgery Case Report",2025,"Report on self-assessment using Python, AI, and machine learning to predict patient readiness for spinal fusion surgery. Did the decision tree recommend surgery? Case presentation: The case of a 79-year-old retired psychologist (the author) with spinal stenosis, a collapsed L4-L5 disk, and crushed exit spinal nerves is explored. Methods: A boosted decision tree was used for prediction, supported by logistic regression and path analysis. Synthetic data was used alongside real patient data to add variability to the dataset. Findings: In this study, patient responses to a questionnaire were tested to determine if spine fusion surgery would be recommended. The results are limited by single-case and synthetic data. The model consists of a unique patient data array. Python, AI, and machine learning generated a self-assessment approach that offers patients and healthcare professionals an effective prediction tool. Significance: Annually, approximately 450,000 patients undergo spinal surgery following prolonged back pain. Self-assessment is a tool for personal decision making. It adds to a collaborative approach with healthcare providers. Wearable sensors to record spinal disk and nerve pain would be beneficial. Conclusion: The case demonstrates the efficacy of synthetic data in predictive modeling, while acknowledging the limitations in generalizing the findings to broader patient populations without real-world data."
AI tutor assessment self-report versus objective learning,crossref,ok,8404644,10.20944/preprints202507.0754.v2,AI and Machine Learning Self-Assessment for Spinal Fusion Surgery Case Report,2025,"Report on self-assessment using Python, AI, and machine learning to predict patient readiness for spinal fusion surgery. Did the decision tree recommend surgery? Case presentation: The case of a 79-year-old retired psychologist (the author) with spinal stenosis, a collapsed L4-L5 disk, and crushed exit spinal nerves is explored. Methods: A boosted decision tree was used for prediction, supported by logistic regression and path analysis. Synthetic data was used alongside real patient data to add variability to the dataset. Findings: In this study, patient responses to a questionnaire were tested to determine if spine fusion surgery would be recommended. The results are limited by single-case and synthetic data. The model consists of a unique patient data array. Python, AI, and machine learning generated a self-assessment approach that offers patients and healthcare professionals an effective prediction tool. Significance: Annually, approximately 450,000 patients undergo spinal surgery following prolonged back pain. Self-assessment is a tool for personal decision making. It adds to a collaborative approach with healthcare providers. Wearable sensors to record spinal disk and nerve pain would be beneficial. Conclusion: The case demonstrates the efficacy of synthetic data in predictive modeling, while acknowledging the limitations in generalizing the findings to broader patient populations without real-world data. When it comes to patient care, [? ] Sanmi Koyejo, Ph.D., assistant professor of computer science stated only 5 percent of health care AI studies use real patient data."
AI tutor assessment self-report versus objective learning,crossref,ok,8404644,10.1257/rct.18215-1.0,AI Tutor in the Business Economics Classroom,2026,
AI tutor assessment self-report versus objective learning,crossref,ok,8404644,10.64898/2026.08.22.746476,"Motivationally objective versus subjective decision-making: Neural correlates, behavior, and self-report",2026,"Abstract
                In this study, we investigated the neural and behavioral basis of motivationally objective versus subjective value-based decisions. Using a within-subject fMRI design, healthy participants performed a risky decision-making task that elicited different levels of subjectivity in decision-making in two task conditions. In the ‘Best’ or objective condition, choices were rewarded only when they were objectively best on a given trial, incentivizing decisions based on externally specified per-trial point maximization. In the ‘Choice’ or subjective condition, participants received the reward associated with the chosen option, irrespective of how it compared to the unchosen option, allowing greater freedom to exercise subjective preferences in decision policy. Behaviorally, participants relied more on objectively optimal policy in the Best than the Choice condition. There was also a greater consensus across participants in behaviorally displayed and self-reported policies in the Best condition as well as a greater commitment to a single policy by individual participants in this condition, further confirming more objective behavior in the Best condition, compared to Choice. Moreover, behavioral inferences showed a greater agreement with self-report in the Best condition. Our fMRI results showed that the decision-making in Choice, relative to the Best condition, was associated with greater BOLD response in mid-cingulum/posterior cingulate cortex and dorsal anterior cingulate cortex, suggesting their involvement in less externally constrained, or motivationally subjective, decision-making."
AI tutor assessment self-report versus objective learning,crossref,ok,8404644,10.1257/rct.18215,AI Tutor in the Business Economics Classroom,2026,
AI tutor assessment self-report versus objective learning,crossref,ok,8404644,10.4324/9780203307359-45,Setting up self-assessment tutor dialogues,2004,
AI tutor assessment self-report versus objective learning,crossref,ok,8404644,10.1201/9781003194545-3,AI as a Tutor,2021,
AI tutor assessment self-report versus objective learning,crossref,ok,8404644,10.1080/02602938.2015.1011602,A comparison of self versus tutor assessment among Hungarian undergraduate business students,2015,
AI tutor assessment self-report versus objective learning,crossref,ok,8404644,10.32664/icobits.v1.130,Chatbot Tutor vs. Human Tutor: Assessing Learning Effectivenes in AI- and Human-Led EFL Learning,2026,"This study investigates the comparative effectiveness of chatbot-led and human-led instruction in teaching English grammar to undergraduate EFL learners in Indonesia. Using a quasi-experimental design, the study involved 30 students from the English Department of Universitas Serambi Mekkah who were divided equally into a chatbot group (CG) (n=15) and a human tutor group (HTG) (n=15). Both groups received instruction on the simple past tense with a focus on irregular verbs during a single structured learning session. Grammar development was measured through pre-tests and post-tests, supported by semi-structured interviews to explore their perceptions. The findings show that both instructional modes resulted in measurable improvement in grammatical accuracy. The human tutor group achieved slightly higher gains in sentence construction, indicating deeper conceptual understanding, while the chatbot group reported higher engagement, reduced anxiety, and greater learner autonomy. These results suggest that chatbot tutors are effective for form-focused practice and affective support, whereas human tutors remain essential for nuanced explanation and adaptive teaching. Regarding the limitations, the chatbot group noted chatbot’s ineffectiveness in providing contextual explanations while the human tutor group considered time as the major constraint in accessing continuous and individualized support. The study concludes that a blended approach integrating chatbot tools with human instruction offers the most pedagogically effective model for EFL grammar learning."
AI tutor assessment self-report versus objective learning,crossref,ok,8404644,10.53761/1.13.1.2,Engaging students with self-assessment and tutor feedback to improve performance and support assessment capacity,2016,"Assessment is one of the most important elements of student life and significantly shapes their learning. Consequently, tutors need to ensure that student awareness regarding assessment is promoted. Students should get the opportunity to practise assessing work and receive tutor feedback so that they might improve on both the work and their assessment of it. The purpose of this paper is to investigate how student engagement with criteria, exemplars, self-assessment, and feedback influenced students’ performance, their assessment capacity, and also how students experienced the process. A mixed methods approach was used. Students’ performance and assessments were established using a rubric that included 5 criteria each evaluated using 5 point likert scale linked to descriptors. A thematic analysis of the focus group resulted in two themes. The findings show that overall students’ performance in the assignment significantly improved between draft and final submissions. Students’ assessment of their work significantly differed to the tutor’s on some criteria at both submissions but in opposite directions on one criterion between both submissions. The focus group found that the rubric guided students to produce their draft while tutor feedback guided them to improve on it. However, these findings require further investigation. The following recommendations ensue from the research and should assist student development concerning assessment. Tutors should give students an opportunity to assess work and also see tutor’s assessment of that work using the same criteria. Also, tutors should provide constructive feedback during an assignment."
AI tutor assessment self-report versus objective learning,crossref,ok,8404644,10.5220/0013277900003932,AI Tutor: Adaptive e-Learning System Using Expert Fuzzy Controllers,2025,
AI tutor assessment self-report versus objective learning,crossref,ok,8404644,10.1177/073428299501300207,"Book Review: New Objective Ratings Scales for Child Assessment, II. Self-Report Scales for Children and Adolescents: Self-Report of Personality of the Behavior Assessment System for Children, the Youth Self-Report, and the Personality Inventory for Youth",1995,
AI tutor assessment self-report versus objective learning,crossref,ok,8404644,10.1257/rct.16639,Can a Tutor AI improve learning and other educational outcomes in post-secondary education?,2025,
AI tutor assessment self-report versus objective learning,crossref,ok,8404644,10.1257/rct.16639-1.0,Can a Tutor AI improve learning and other educational outcomes in post-secondary education?,2025,
AI tutor assessment self-report versus objective learning,crossref,ok,8404644,10.3390/bdcc10100322,The Pocket Tutor Has a Price: Scaffolding Self-Paced Learning with AI,2026,"The dominant narrative casts large language models (LLMs) as a low-cost realization of Bloom’s two-sigma tutor: patient, always available, personalizing at scale. Self-paced online learning, the fastest-growing segment of higher and continuing education and the backbone of the data-science workforce pipeline, is where this promise is most attractive and most dangerous. Through an integrative synthesis of cognitive science, learning theory, computing-education evidence, and the economics of services, we argue that self-paced settings strip away the implicit scaffolding of the classroom (instructor presence, peers, accountability, ambient feedback), so unguided LLM access defaults to cognitive offloading, metacognitive disengagement, and fragmented learning that erodes durable competence. Recent large-scale evidence, including a survey of over ninety-five thousand undergraduates that found sharply elevated failure rates in introductory computing, is consistent with this. Rather than reject LLMs, we ask what a protective, holistic environment must do, grounding the answer in cognitive load theory, self-regulated learning, desirable difficulties, the zone of proximal development, and the ICAP framework, and we translate it into a layered reference architecture organized around a persistent learner model: longitudinal tracking, a curriculum coherence graph, adaptive personalization, cognitive gating, reflective agents, and process-based assessment with human checkpoints. Our central claim is economic: the configurations that protect cognition are far more resource-intensive—in compute, data and provenance infrastructure, authored artifacts, money, time, and human labor—than the near-free configuration that harms it. We characterize this cost asymmetry and its equity and workforce consequences and argue that resourcing the protective environment is, in effect, educational and workforce policy."
AI tutor assessment self-report versus objective learning,crossref,ok,8404644,10.21125/edulearn.2026.1514,DESIGN AND EARLY EVALUATION OF A GENERATIVE AI TUTOR FOR SELF-REGULATED LEARNING IN AN INTRODUCTORY DATA STRUCTURES COURSE,2026,
AI tutor assessment self-report versus objective learning,crossref,ok,8404644,10.14705/rpnet.2011.000006,Self-assessment and tutor assessment in online language learning materials: InGenio FCE online course and tester,2011,
AI tutor assessment self-report versus objective learning,crossref,ok,8404644,10.1109/icssas64001.2024.10761033,AI-based Web App for Automated Direct Assessment of Learning Report Generation,2024,
AI tutor assessment self-report versus objective learning,crossref,ok,8404644,10.29140/lea.2026.104046,Generative AI as an IELTS Tutor: The effects of AI-generated feedback on EFL students’ writing,2026,"This study examines the impact of AI-generated feedback on Thai university students’ performance in IELTS writing. Additionally, it explores the students’ perceptions of the feedback and their evaluations of its pedagogical value. Adopting a sequential mixed-methods research design, the study integrates quantitative and qualitative evidence collected from 52 participants enrolled in an English Preparation for IELTS at a public university in Thailand. The effectiveness of AI-generated feedback was evaluated through a comparative analysis of students’ pre- and post-intervention writing performance, while students’ perceptions of the feedback were explored using questionnaire data and semi-structured interviews. The findings indicate that engagement with AI-generated feedback led to improvements in students’ post-test writing performance across both writing tasks. The gains were statistically significant in three assessment criteria, with the most notable gains observed in grammatical range and accuracy. Despite marginal improvements, however, the gains on content-related dimensions were limited. The students perceived AI-generated feedback as beneficial and useful for their writing development, while still feeling the need for human feedback. The study concludes that while AI-generated feedback can effectively support the development of specific writing features, meaningful instructional impact continues to depend on active teacher involvement in the feedback cycle."
AI tutor assessment self-report versus objective learning,crossref,ok,8404644,10.37237/140406,Fostering Self-Assessment in English Learning with a Generative AI Platform: A Case of Quizizz AI,2023,"The incorporation of Generative AI and platforms like Quizizz holds immense potential to deliver substantial benefits to both English students and teachers. Students can readily create their interactive self-assessment tools, allowing them to monitor their learning progress independently. Meanwhile, teachers can facilitate and enhance students’ independent learning, easing their workload, offering personalized insights, and boosting student engagement. Additionally, Quizizz AI can serve as a valuable resource for teachers looking to advance their professional development. Importantly, both students and teachers can explore new concepts at their own pace without the fear of judgment from others. While the platform offers numerous advantages for both educators and learners, several enhancements could render it an even more potent tool. By diversifying the types of AI-generated questions, the platform could create a wider range of activities targeting various English language skills. Furthermore, expanding the variety of AI-generated responses, such as voice or video, could facilitate the practice of productive skills like speaking. Additionally, written-text responses could promote writing skills. To further enrich the learning experience, the integration of AI for checking and providing personalized feedback on these responses might be considered."
AI tutor assessment self-report versus objective learning,crossref,ok,8404644,10.19173/irrodl.v26i1.7970,"Self-, Peer, and Tutor Assessment in Online Microteaching Practice and Doctoral Students’ Opinions",2025,"In online microteaching, pre-service teachers (PSTs) deliver lessons through online platforms, thus acquiring valuable experience in effective use of technological tools. In refining these experiences, it is crucial for the PSTs to undergo self-, peer, and tutor assessments. This study examined the concordance among self-, peer, and tutor assessments in online microteaching practices, along with students’ views on their online microteaching experiences. A case study model was adopted, involving doctoral students enrolled in the Planning and Evaluation in Instruction course. The findings indicated alignment between students’ self-assessment and peer assessment, albeit with lower scores compared to those provided by the course tutor. Overall, students expressed positive views regarding online microteaching. They highlighted the benefits of critical thinking, self-reflection, and peer feedback in refining their teaching strategies. However, challenges such as time management, communication, and planning were noted by the students."
AI tutor assessment self-report versus objective learning,crossref,ok,8404644,10.3389/frobt.2014.00001,Generating Functionals for Computational Intelligence: The Fisher Information as an Objective Function for Self-Limiting Hebbian Learning Rules,2014,
AI tutor assessment self-report versus objective learning,crossref,ok,8404644,10.54941/ahfe1007996,From Tutor to Co-Instructor: AI–Human Instructor Roles in Maritime Simulator Training and Assessment,2026,"Artificial intelligence (AI) has become increasingly prevalent across diverse domains, including maritime operations, where its potential to enhance training and assessment is gradually recognised. AI-enabled adaptive learning platforms can tailor simulator training to learners’ performance, delivering dynamic feedback loops that enhance continuous improvement. Such platforms enhance engagement, knowledge retention, and competency development benefits particularly relevant to complex maritime tasks including cargo handling, route optimisation, and machinery maintenance. While previous research demonstrates AI’s potential for adaptive learning and assessment, the pedagogical role of AI relative to human instructors remains unclear in maritime education and training. We conducted twelve semi-structured interviews with experienced practitioners in simulator-based training and assessment in the maritime domain. The interviews were transcribed and thematically analysed. The findings of our research demonstrated (1) instructors’ perceptions of possibilities and concerns of integrating AI into simulator-based maritime, (2) the relational dynamics between AI and human instructors and (3) types of AI-integrated simulator training. We highlight the AI affordances across simulator-based training continuum, in the preparatory, scenario and debriefing, post-simulation phases. Additionally, we propose three types of AI-integrated simulator training: AI supported, AI augmented and AI instructed. Although AI has potential to alleviate instructor’s workload in designing, implementing and assessing instructional practice, AI remains scaffolding rather than a replacement of human instructors in facilitating professional training."
AI tutor assessment self-report versus objective learning,crossref,ok,8404644,10.2466/pr0.84.3.865-867,"OBJECTIVE AND PROJECTIVE PERSONALITY ASSESSMENT: THE TEMAS AND THE BEHAVIOR ASSESSMENT SYSTEM FOR CHILDREN, SELF-REPORT OF PERSONALITY",1999,
AI tutor assessment self-report versus objective learning,crossref,ok,8404644,10.3389/frobt.2015.00002,Corrigendum: Generating Functionals for Computational Intelligence: The Fisher Information as an Objective Function for Self-Limiting Hebbian Learning Rules,2015,
AI tutor assessment self-report versus objective learning,crossref,ok,8404644,10.4324/9780203125229-11,Learning from Evaluation and Assessment,2012,
AI tutor assessment self-report versus objective learning,crossref,ok,8404644,10.5703/1288284318358,Applications of AI Technologies as a Tutor in Teaching and Learning in Class,2023,
AI tutor assessment self-report versus objective learning,crossref,ok,8404644,10.61212/jsd/437,Generative AI in Education: Personalizing Learning and Fostering Self-Assessment,2025,"Generative Artificial Intelligence (AI) has emerged as a key driver of digital transformation in education, enabling instant personalization of learning and the generation of adaptive content tailored to learners’ abilities and needs. This article aims to explore the potential of such technologies in enhancing educational processes by fostering personalized learning and empowering students to develop self-assessment strategies. The central research problem lies in assessing the effectiveness of generative AI in improving learning outcomes and ensuring content reliability, while addressing ethical and technical challenges such as data protection and the digital divide.

The study adopts a descriptive–applied methodology through a field experiment involving 110 primary school students. Tools such as ChatGPT and Midjourney were employed to generate texts, images, and exercises, while both quantitative and qualitative methods were used to analyze students’ interactions and performance.

The article is structured around several key axes: the conceptual framework of generative AI in education, mechanisms of real-time content personalization, support for self-directed and self-assessment learning, a practical case study, and the linkage of results to motivational and cognitive comfort theories.

Findings indicate that generative AI technologies effectively enhance cognitive comfort, increase student motivation, and improve academic performance, while enabling learners to design interactive self-assessment tests using platforms such as Quizizz AI. These outcomes highlight the innovative contribution of the article, which connects real-time personalized learning with self-assessment practices, opening new perspectives for the didactics of school subjects in the age of generative AI"
AI tutor assessment self-report versus objective learning,crossref,ok,8404644,10.1109/tale66047.2025.11346740,"PyEvalAI: An Open-Source, Tutor-in-the-Loop System for AI-Assisted Evaluation of Jupyter Notebooks",2025,
AI tutor assessment self-report versus objective learning,crossref,ok,8404644,10.36315/2026v2end025,EXPLORING TEACHERS’ SELF-EFFICACY FOR INCLUSION THROUGH A TUTOR-AI ASSISTANT: A PRELIMINARY EXPERT VALIDATION STUDY,2026,
AI tutor assessment self-report versus objective learning,crossref,ok,8404644,10.3102/ip.26.2271905,"Reconceptualizing High-Impact Tutoring Through Self-Regulated Learning Principles: Enhancing Student Learning, Motivation, and Tutor Commitment (Poster 33)",2026,
AI tutor assessment self-report versus objective learning,crossref,ok,8404644,10.1007/s00038-019-01301-5,The accuracy of self-report versus objective assessment for estimating socioeconomic inequalities in disease prevalence in Indonesia,2019,"Abstract
              
                Objectives
                To estimate socioeconomic inequalities in hypertension and asthma prevalence in Indonesia, to compare estimates based on self-report (SR) to those based on objective assessment (OA), and to assess the role of sensitivity and specificity of SR.
              
              
                Methods
                We used data from the 2014 Indonesia Family Life Survey (n = 34,257). We measured inequalities in hypertension and asthma prevalence in relation to educational level and income, using standardised prevalence rate and the relative index of inequality (RII). Using OA as standard, we calculated the sensitivity and specificity of SR.
              
              
                Results
                For hypertension, reversed inequalities were found when estimated by SR instead of OA (RII for education 0.86, 95% CI 0.74–0.99 vs. RII 1.29, 95% CI 1.16–1.44). For asthma, a similar but even larger reversal of inequalities was found. The sensitivity of SR was low overall, and especially for the lowest education or income group.
              
              
                Conclusions
                Results imply that the use of SR may lead to underestimation of socioeconomic inequalities in disease prevalence in a low-income country such as Indonesia. The use of OA is recommended for monitoring inequalities in non-communicable disease prevalence."
AI tutor assessment self-report versus objective learning,crossref,ok,8404644,10.1080/01421590701294323,"An analysis of peer, self, and tutor assessment in problem-based learning tutorials",2007,
AI tutor assessment self-report versus objective learning,crossref,ok,8404644,10.1037/pas0001377.supp,Supplemental Material for Comparison of Self-Report Data Validity in Undergraduate Samples Using Remote Versus In-Person Administration Methods,2025,
AI tutor assessment self-report versus objective learning,crossref,ok,8404644,10.37074/jalt.2023.6.2.2,Rethinking online assessment strategies: Authenticity versus AI chatbot intervention,2023,
AI tutor assessment self-report versus objective learning,crossref,ok,8404644,10.4159/harvard.9780674182578.c8,CHAPTER EIGHT. Objective News versus Qualified Report,1952,
AI tutor assessment self-report versus objective learning,crossref,ok,8404644,10.9734/jammr/2020/v32i1030519,Subjective versus Objective Assessment of Short Term Occupational Stress: Bias and Analysis of Self-Assessment of High Stress Levels,2020,"Aims: Experiments undertaken with two professions (engineers and anesthesiologists) have shown the possible overestimation of perceived stress by subjects when self-assessing stress through questionnaires for high levels of acute stress. Previous analyses having demonstrated that the overestimation was effective, the present study aimed at analyzing a possible effect due to professional traits.&#x0D;
Study Design: Data were compared with models of professional personality: Myers-Briggs Type Indicator approach, Holland’s theory of careers and vocational choice and the Five-Factor model of personality.&#x0D;
Place and Duration of Study: Data from previous studies were used: A sample of engineers working at the nuclear power plant of Chinon in France (published in 2014) and a sample of anesthesiologists working at the University Hospital of Angers, France (published in 2015).&#x0D;
Methodology: Anesthesiologists (N=11, 50% male, 25 to 35 years old) experienced a stress episode in an operating theater simulator. Engineers (N=8, 38% male, 25 to 35 years old) underwent a stress-test in their office. Heart rate was measured for each subject. Comparison was examined between the stress perceived by the subjects through the Post-traumatic Disorder Inventory and the expected levels of stress estimated using the heart rate data. Characterization of the difference was undertaken using models of professional personality.&#x0D;
Results: While a Myers-Briggs Type Indicator approach did not provide any relevant information, an approach based on Holland’s theory of careers and vocational choice and on the Five-Factor model of personality showed that overestimation of stress was linked with occupational preoccupations specific to the professions. Limitations, perspectives and scientific implications are discussed.&#x0D;
Conclusion: As a major recommendation for researchers, during experiments inducing high levels of acute stress, it is worth to consider the possibility to compare self-assessment of stress with physiological measurements in order to detect a possible overestimation of perceived stress."
AI tutor assessment self-report versus objective learning,crossref,ok,8404644,10.2466/pr0.1999.84.3.865,"Objective and Projective Personality Assessment: The Temas and the Behavior Assessment System for Children, Self-Report of Personality",1999,"The TEMAS and Self-report of Personality of the Behavior Assessment System for Children were administered to 71 youngsters aged 8 to 13 years. Preliminary data suggest that, although the two measures assess several similarly named constructs, the data are complementary. This appears to reflect the fact that the TEMAS Personality Functions measure children's skills in coping with emotionally laden situations, whereas the Behavior Assessment System for Children measures the emotion or skill in question independent of situational context."
AI tutor assessment self-report versus objective learning,crossref,ok,8404644,10.1117/12.2679592.9b2c28b6-9dc7-ed11-a997-00505691c5e1,,,
AI tutor assessment self-report versus objective learning,crossref,ok,8404644,10.1145/3657604.3664694,Towards Educator-Driven Tutor Authoring: Generative AI Approaches for Creating Intelligent Tutor Interfaces,2024,
AI tutor assessment self-report versus objective learning,crossref,ok,8404644,10.20944/preprints202512.2832.v1,AI as a Real-Time Data Curator and Tutor: A Technical Framework for Immersive Analytics Learning,2025,"The rapid evolution of data-driven fields demands educational paradigms that transition from static analysis to dynamic interaction with live information. This paper presents a novel technical framework, the Dual-Agent Curator-Tutor (DACT), which integrates Artificial Intelligence as a concurrent Real-Time Data Curator and Interactive Tutor within Immersive Analytics (IA) learning environments. The DACT framework features two synergistic AI agents: a Curation Agent that dynamically ingests, filters, and contextualizes live data streams (e.g., IoT, financial feeds) for pedagogical alignment, and a Tutoring Agent that provides adaptive, scaffolded instruction based on multimodal analysis of learner behavior within an immersive visualization space (VR/AR). This creates a closed-loop ecosystem where the data landscape and instructional guidance co-adapt in real-time to the learner’s actions. We detail a modular architecture implementing this model, utilizing perturbation-based learning for adaptive curation—inspired by recent optimization techniques—and a rule-based pedagogical engine. We propose a rigorous quantitative evaluation methodology involving controlled experiments to measure gains in analytical proficiency, cognitive load reduction, and behavioral patterns. The paper argues that this seamless integration of automated data management and personalized tutoring within an immersive context represents a transformative advancement for experiential learning, effectively leveraging technology to offload cognitive overhead and elevate higher-order analytical reasoning skills."
AI tutor assessment self-report versus objective learning,crossref,ok,8404644,10.1093/arclin/1.3.273a,Family alcoholism correlates of self report versus objective measures of cognitive impairment,1986,
AI tutor assessment self-report versus objective learning,crossref,ok,8404644,10.53807/1001b6y7,"Building an AI Tutor for University Lifelong Learning: Design, Implementation and Critical Reflexion",2026,
AI tutor assessment self-report versus objective learning,crossref,ok,8404644,10.2139/ssrn.4865398,Generative AI as a Personal Tutor for English Language Learning: A Review of Benefits and Concerns,2024,"&lt;p&gt;This review article aims to discuss the role of generative artificial intelligence (AI) as a personal tutor, particularly for learning English. Drawing on secondary sources, the article examines the potential of AI tools like Chat Generative Pre-Trained Transformer (ChatGPT) to function as personal tutors in English language learning. To achieve its aim, the article explores various functions of generative AI as a personal tutor. It then outlines key benefits of AI as a personal tutor in the context of English language teaching before briefly discussing three case studies of AI tools, such as ChatGPT, Gemini, and Khanmigo, which can be used as a personal tutor for language learning. The article then turns the discussion into several concerns associated with the use of generative AI as a personal tutor. Key concerns were related to academic dishonesty; false information; biased assessment; a lack of quality feedback and interaction; accessibility issues; psychological and social concerns; challenges concerning identity, diversity, and culture; teachers' and students' lack of preparedness; and AI overuse and overreliance. The article concludes with recommendations for policy, practice, and research. Specifically, it is suggested that teachers and students should experiment with AI tools and make use of AI technology to their advantage.&lt;/p&gt;
&lt;p&gt;&lt;span&gt;Note:&amp;nbsp;This&amp;nbsp;paper&amp;nbsp;has&amp;nbsp;been&amp;nbsp;peer-reviewed&amp;nbsp;and&amp;nbsp;published&amp;nbsp;in&amp;nbsp;International&amp;nbsp;Journal&amp;nbsp;of&amp;nbsp;Changes&amp;nbsp;in&amp;nbsp;Education.&amp;nbsp;Currently&amp;nbsp;advance&amp;nbsp;online&amp;nbsp;publication.&amp;nbsp;&lt;/span&gt;&lt;br&gt;&lt;span&gt;DOI:&amp;nbsp;https://doi.org/10.47852/bonviewIJCE52023724&lt;/span&gt;&lt;br&gt;&lt;br&gt;&lt;span&gt;Please&amp;nbsp;cite&amp;nbsp;the&amp;nbsp;journal&amp;nbsp;version.&amp;nbsp;The&amp;nbsp;SSRN&amp;nbsp;version&amp;nbsp;reflects&amp;nbsp;the&amp;nbsp;working&amp;nbsp;paper&amp;nbsp;prior&amp;nbsp;to&amp;nbsp;peer&amp;nbsp;review.&lt;/span&gt;&lt;/p&gt;"
AI tutor assessment self-report versus objective learning,crossref,ok,8404644,10.2139/ssrn.6701598,Making AI Risk Assessment More Objective: Addressing Sociotechnical Challenges,2026,"Current AI risk assessment methods in industry rely heavily on subjective judgment. Yet recent U.S. AI policy frameworks, including Executive Order 14319 and America's AI Action Plan, mandate that AI systems be ""free from ideological bias"" and pursue ""objective truth"". While NIST provides systematic risk evaluation guidance, current AI governance frameworks are not designed to meet such objectivity requirements, instead offering flexibility that accommodates implementation across various contexts. Organizational AI risk practices rely heavily on subjective likelihood and impact scoring, compounded by subjectivity introduced when results are translated from technical teams to executives. Literature addressing this gap spans three disconnected streams: (1) AI governance frameworks relying on subjective risk assessment, (2) technical ML bias measurement focused on algorithmic fairness, and (3) organizational implementation approaches failing to translate governance principles into operational practice. Previous approaches lack links between risk analysis, objectivity requirements, and actionable guidelines, while policy frameworks remain too broad for practical application. Missing is research systematically bridging policy objectivity requirements with sociotechnical challenges of organizational risk assessment. To address this gap, we propose a framework transforming observable organizational factors into measurable risk indicators. Drawing from socio-technical systems theory and established risk taxonomies, we decompose traditional likelihood and impact metrics into specific, observable criteria replacing subjective estimates vulnerable to biases, addressing organizational tendencies to underestimate risks."
AI tutor assessment self-report versus objective learning,crossref,ok,8404644,10.3102/2197922,Adaptive AI Tutor Improves Certain Students’ Learning Outcomes in High School Physics (Poster 7),2025,
AI tutor assessment self-report versus objective learning,crossref,ok,8404644,10.64187/ain.2026.v1.i3.001,Application of Automated Data Analytics and Machine Learning to Develop Explainable Objective Markers for Differential Assessment of Progressive Motor Speech Disorders in Neurodegenerative Diseases,2026,"Background: Oral diadochokinetic (DDK) tasks are commonly used in clinical and research settings to assess neuromotor speech disorders. Due to their simple phonological structure, these tasks are feasible for individuals across a wide range of functional capacities and relatively resistant to cognitive-linguistic deficits, which frequently co-occur with motor impairments in multisystem disorders such as neurodegenerative diseases (NDDs). Moreover, the rhythmicity of these tasks facilitates automated or semi-automated analysis using computerized algorithms. Prior study has demonstrated the feasibility of this algorithmic approach by implementing fine-grained temporal analyses of multimodal oral DDK performance for presymptomatic detection of motor speech impairments in amyotrophic lateral sclerosis (ALS). Building on these prior efforts, the goal of this study is to adapt and apply the fine-grained multimodal temporal DDK analyses to another NDD population—Parkinson’s disease (PD)—to identify disease-specific oral DDK impairments and to evaluate their utility for differential diagnosis of motor speech disorders in PD and ALS. Methods: Craniofacial myoelectric, kinematic, and acoustic data were collected from 16 individuals with ALS, 13 individuals with PD, and 10 neurologically healthy controls (HC), during three oral DDK tasks (i.e., rapid repetitions of [pɑ], [tɑ], or [kɑ]). Using a semiautomated data-analytic pipeline, twenty-six temporal features were extracted across the three modalities and subsequently clustered into a lower-dimensional set of composite measures via factor analysis. The features were compared across the three groups (ALS, PD, HC) using linear mixed-effects models. The composite measures were analyzed using (1) supervised machine learning classification methods to evaluate their discriminatory performance for distinguishing among ALS, PD, and HC groups, and (2) general linear models to examine their relationships with two standardized functional metrics—communication efficiency and Montreal Cognitive Assessment (MoCA) scores. Results: The DDK features were clustered into three interpretable composite measures reflecting temporal variability, duration, and synchrony, respectively. Significant group effects were found for the majority of features, revealing robust disease-specific impairment patterns characterized by prolonged duration in ALS and increased temporal variability in PD. All machine learning models demonstrated satisfactory performance, each achieving an area under the curve (AUC) greater than 0.80 for all pairwise classifications. The composite measures (1) exhibited differential associations with communication efficiency across groups, and (2) no correlation with MoCA scores. Conclusions: This study presented a potential methodological pipeline that integrated knowledge-based and data-driven methods to derive three physiologically interpretable and clinically meaningful objective markers that captured subclinical changes in oral DDK performance in both ALS and PD. These markers demonstrated strong discriminatory performance in detecting and differentiating disease-specific impairment patterns in ALS and PD and were associated with functional speech decline, while remaining minimally influenced by concurrent cognitive-linguistic impairment. These findings support the potential of automation-based data analytics and machine learning techniques to complement conventional clinical methods and facilitate early detection and differential diagnosis of progressive motor speech disorders, ultimately advancing timely, individualized care in neurodegenerative diseases."
AI tutor assessment self-report versus objective learning,crossref,ok,8404644,10.17077/drivingassessment.1630,Considering Self-Report in the Interpretation of Objective Performance Data in the Comparison of HMI Systems,2017,
AI tutor assessment self-report versus objective learning,crossref,ok,8404644,10.2139/ssrn.7349466,Tutor Group Assignment: A Multi-Objective Optimisation Problem,2026,"Assigning students to tutor groups is a critical yet time-consuming task in secondary schools, often performed manually by senior staff without systematic support. This paper introduces the Tutor Group Assignment Problem (TGAP), a novel multi-objective problem designed to model tutor group assignment mathematically allowing intelligent optimisation techniques, e.g., evolutionary algorithms, to generate alternative tutor group allocations and support school decision making. TGAP reformulates traditional assignment problems into a many-to-one structure that balances key educational and equity based objectives, including academic attainment, diversity, gender balance, name duplication/repetition, and Special Educational Needs (SEN) distribution. We provide example datasets and a detailed case study based on the UK secondary school system and explain how this can be extended to other school systems. Furthermore, we provide a method for generating synthetic yet realistic datasets based on UK school demographics via government data, and provide a public formulation to support reproducibility and support further research. To establish baseline results, we evaluate several representative optimisation methods on four-objective and six-objective variants of the problem, incorporating realistic constraints such as SEN limits and student pairing preferences. Comparative results show that one method consistently outperforms others, particularly on the extended six-objective TGAP. The TGAP provides a realistic and flexible benchmark for studying multi-objective optimisation in education and can serve as a test bed for analysing algorithmic behaviour on combinatorial landscapes."
AI tutor assessment self-report versus objective learning,crossref,ok,8404644,10.1109/itime.2011.6130827,"Using a web-based system to explore peer, self, and tutor assessment in problem-based learning tutorials",2011,
mastery learning knowledge tracing measurement validity,crossref,ok,4612234,10.2139/ssrn.4585058,Collective Knowledge Tracing: Estimating Average Knowledge Mastery for Students,2023,
mastery learning knowledge tracing measurement validity,crossref,ok,4612234,10.4324/9781315544250-9,The construct validity of measures of social mastery motivation,2016,
mastery learning knowledge tracing measurement validity,crossref,ok,4612234,10.1145/3774398.3811597,Augmenting Knowledge Tracing With Self-Regulated Learning Indicators for Reliable Skill-Mastery Estimation,2026,
mastery learning knowledge tracing measurement validity,crossref,ok,4612234,10.1145/3821966.3822013,Uncertainty-Aware Knowledge Tracing for Reliable Mastery Prediction in AI-Based Music Learning Assessment via HUMKT,2026,
mastery learning knowledge tracing measurement validity,crossref,ok,4612234,10.4135/9781506326139.n413,Mastery Learning,2018,
mastery learning knowledge tracing measurement validity,crossref,ok,4612234,10.1109/sist61674.2026.11596401,Subgroup Calibration and Mastery Decision Errors in Knowledge Tracing,2026,
mastery learning knowledge tracing measurement validity,crossref,ok,4612234,10.5220/0013275100003932,Sparse Binary Representation Learning for Knowledge Tracing,2025,
mastery learning knowledge tracing measurement validity,crossref,ok,4612234,10.62311/nesx/rb-978-81-999639-0-0,"Intelligent Learning Systems: Knowledge Tracing, Personalization, and Evidence-Based Learning Analytics",2026,"Abstract:
Intelligent learning systems increasingly mediate how knowledge is represented, how learners are assessed, and how educational decisions are justified across classrooms, platforms, workplaces, and public systems. This manuscript develops a rigorous framework for linking knowledge tracing, personalization, and evidence-based learning analytics to defensible research design and responsible implementation. It treats learning as an inferential problem in which observed interactions are incomplete signals of cognition, motivation, opportunity, and institutional context. Across five chapters, the book moves from epistemic foundations and uncertainty to causal explanation, prediction, scalable analytics engineering, and sectoral governance. The argument is that high-value learning systems are not defined by algorithmic sophistication alone, but by the coherence between theory, measurement, evaluation, reproducibility, and public accountability. The manuscript therefore integrates statistical reasoning, machine learning logic, lifecycle engineering, and policy-oriented governance into a common design language. Its outputs include conceptual frameworks for study design, evaluation protocols for explanation and prediction, implementation architectures for reproducible analytics, and governance instruments for equitable and trustworthy deployment. The resulting perspective serves researchers designing robust studies, practitioners building operational systems, and policymakers seeking forms of digital education and workforce intelligence that are adaptive yet evidence disciplined.
Keywords
intelligent learning systems, knowledge tracing, adaptive learning, personalization, evidence-based learning analytics, uncertainty, research design, causal inference, statistical modeling, machine learning, trustworthiness, calibration, reproducibility, MLOps, scalable analytics, governance, educational decision systems, policy evaluation"
mastery learning knowledge tracing measurement validity,crossref,ok,4612234,10.1109/jcsse68839.2026.11596868,Modeling Student Mastery in Calculus Using Knowledge Tracing Techniques,2026,
mastery learning knowledge tracing measurement validity,crossref,ok,4612234,10.1097/acm.0000000000003007,Validity Evidence for a Knowledge Assessment Tool for a Mastery Learning Scrub Training Curriculum,2020,"Purpose
                    To examine the validity evidence for a scrub training knowledge assessment tool to demonstrate the utility and robustness of a multimodal, entrustable professional activity (EPA)-aligned, mastery learning scrub training curriculum.
                  
                  
                    Method
                    Validity evidence was collected for the knowledge assessment used in the scrub training curriculum at Stanford University School of Medicine from April 2017 to June 2018. The knowledge assessment had 25 selected response items that mapped to curricular objectives, EPAs, and operating room policies. A mastery passing standard was established using the Mastery Angoff and Patient-Safety approaches. Learners were assessed pre curriculum, post curriculum, and 6 months after the curriculum.
                  
                  
                    Results
                    
                      From April 2017 to June 2018, 220 medical and physician assistant students participated in the scrub training curriculum. The mean pre- and postcurriculum knowledge scores were 74.4% (standard deviation [SD] = 15.6) and 90.1% (SD = 8.3), respectively, yielding a Cohen’s
                      d
                      = 1.10,
                      P
                      &lt; .001. The internal reliability of the assessment was 0.71. Students with previous scrub training performed significantly better on the precurriculum knowledge assessment than those without previous training (81.9% [SD = 12.6] vs 67.0% [SD = 14.9];
                      P
                      &lt; .001). The mean item difficulty was 0.74, and the mean item discrimination index was 0.35. The Mastery Angoff overall cut score was 92.0%.
                    
                  
                  
                    Conclusions
                    This study describes the administration of and provides validity evidence for a knowledge assessment tool for a multimodal, EPA-aligned, mastery-based curriculum for scrub training. The authors support the use of scores derived from this test for assessing scrub training knowledge among medical and physician assistant students."
mastery learning knowledge tracing measurement validity,crossref,ok,4612234,10.1109/access.2026.3726069,MH-SolKT: Hybrid State-Space and Recurrent Knowledge Tracing for Note-Level Sight-Singing Mastery Prediction,2026,
mastery learning knowledge tracing measurement validity,crossref,ok,4612234,10.1017/cbo9780511667268.007,Validity and threats to the validity of vocabulary measurement,2007,
mastery learning knowledge tracing measurement validity,crossref,ok,4612234,10.5220/0010515500600070,Machine Learning Techniques for Knowledge Tracing: A Systematic Literature Review,2021,
mastery learning knowledge tracing measurement validity,crossref,ok,4612234,10.1145/3583780.3614827,Counterfactual Monotonic Knowledge Tracing for Assessing Students' Dynamic Mastery of Knowledge Concepts,2023,
mastery learning knowledge tracing measurement validity,crossref,ok,4612234,10.4324/9781315060163-10,Problems of Measurement Related to the Concept of Learning for Mastery,2014,
mastery learning knowledge tracing measurement validity,crossref,ok,4612234,10.1609/aaai.v40i23.39004,KeenKT: Knowledge Mastery-State Disambiguation for Knowledge Tracing,2026,"Knowledge Tracing (KT) aims to dynamically model a student’s mastery of knowledge concepts based on their historical learning interactions. Most current methods rely on single-point estimates, which cannot distinguish true ability from outburst or carelessness, creating ambiguity in judging mastery. To address this issue, we propose a Knowledge Mastery-State Disambiguation for Knowledge Tracing model (KeenKT), which represents a student’s knowledge state at each interaction using a Normal-Inverse-Gaussian (NIG) distribution, thereby capturing the fluctuations in student learning behaviors. Furthermore, we design an NIG-distance-based attention mechanism to model the dynamic evolution of the knowledge state. In addition, we introduce a diffusion-based denoising reconstruction loss and a distributional contrastive learning loss to enhance the model’s robustness. Extensive experiments on six public datasets demonstrate that KeenKT outperforms state-of-the-art KT models in terms of prediction accuracy and sensitivity to behavioral fluctuations. The proposed method yields the maximum AUC improvement of 5.85% and the maximum ACC improvement of 6.89%."
mastery learning knowledge tracing measurement validity,crossref,ok,4612234,10.1145/3448139.3448170,Variational Deep Knowledge Tracing for Language Learning,2021,
mastery learning knowledge tracing measurement validity,crossref,ok,4612234,10.1016/j.knosys.2023.110511,Learning data teaching strategies via knowledge tracing,2023,
mastery learning knowledge tracing measurement validity,crossref,ok,4612234,10.24036/ple.v4i1.324,Validity Analysis of Joyful Learning Integrated Measurement E-Module for Student Knowledge and Creative Thinking,2026,"This study aims to analyze the validity of the development of digital teaching materials for measurement topics that integrate a joyful learning approach to facilitate students' knowledge and creative thinking skills. The applied method is Research and Development (R&amp;D) based on the Hannafin and Peck model, which includes the analysis, design, and development stages. The validity of the teaching materials was assessed by three validators through aspects of material substance, learning design, visual communication, software utilization, integration of joyful learning, and knowledge and creative thinking skills. The results showed that the teaching materials were classified as very valid with an average score of 0.88. Specifically, the validity scores reached 0.84 for material substance, 0.93 for learning design, 0.90 for visual communication, 0.92 for software utilization, 0.89 for integration of joyful learning, and 0.82 for knowledge and creative thinking skills. These findings confirm the product's suitability to scientific standards, the Independent Curriculum, and 21st-century learning needs. The integration of digital technologies such as Canva, Liveworksheet, and Google Forms improves the quality of the teaching materials, resulting in a fun, interactive, and adaptive learning experience. Thus, this research contributes significantly to the development of innovative, valid, and effective physics learning media in strengthening students' knowledge and creative thinking skills."
mastery learning knowledge tracing measurement validity,crossref,ok,4612234,10.18608/jla.2025.8557,Integrating Option Tracing into Knowledge Tracing,2025,"Knowledge tracing (KT) is a method to evaluate a student’s knowledge state (KS) based on their historical problem-solving records by predicting the next answer’s binary correctness. Although widely applied to closed-ended questions, it lacks a detailed option tracing (OT) method for assessing multiple-choice questions (MCQs). This paper introduces a general OT method that can be seamlessly integrated into deep knowledge tracing (DKT) methods through data processing techniques and network output modules. Using a million-level assignment record of MCQs from a K–12 math learning platform, which includes two types of knowledge components (KCs), skill and misconception, we converted five different DKT models into deep option tracing (DOT) models. Performance metrics demonstrate that OT enhances KT performance and effectively identifies students’ future option selection tendencies. Furthermore, using the best OT model, we extracted students’ problem-solving sequence features and learning gains to analyze learning patterns. The results reveal that for beginners in middle school mathematics, consecutive errors in the same skill might lead to greater learning gains. Finally, we applied network analysis to reveal connections between skills based on students’ error tendencies. Our work contributes to KT methods and related empirical findings in learning analytics (LA) for knowledge assessment."
mastery learning knowledge tracing measurement validity,crossref,ok,4612234,10.5120/ijcaa4901066e72b,"Lumina: An Intelligent Multi-Agent Adaptive Learning Management System with Bayesian Knowledge Tracing, Deep Knowledge Tracing, and Reinforcement Learning for Personalized Education",2026,
mastery learning knowledge tracing measurement validity,crossref,ok,4612234,10.1177/001316448304300137,The Concurrent Validity of the Woodcock Reading Mastery Tests Relative to the Peabody Individual Achievement Test among Retarded Adolescents,1983,"To investigate the concurrent validity of the Woodcock Reading Mastery Tests (WRMT) and the Peabody Individual Achievement Test (PIAT), both instruments were administered to 56 adolescents. Scores on the PIAT reading and spelling subtests were correlated with scores on the WRMT subtests which were designed to measure similar skills. Partial correlation coefficients were calculated for male, female, black, and white children as well as for the total group. The presence of relatively high and positive partial correlations between appropriate subtests supported the concurrent validity of the WRMT relative to the PIAT and to criterion variables. Grade equivalents were higher on the Peabody than on the Woodcock. Possible interpretations of the results were discussed."
mastery learning knowledge tracing measurement validity,crossref,ok,4612234,10.1145/3706468.3706511,Investigating Validity and Generalisability in Trace-Based Measurement of Self-Regulated Learning: A Multidisciplinary Study,2025,
mastery learning knowledge tracing measurement validity,crossref,ok,4612234,10.4018/978-1-60960-783-8.ch510,Renewal and Personal Mastery in Knowledge-Based Organisations,,
mastery learning knowledge tracing measurement validity,crossref,ok,4612234,10.3390/math10152651,Cognitive Trait Model: Measurement Model for Mastery Level and Progression of Learning,2022,"This paper seeks to establish a framework which operationalizes cognitive traits as a portion of the predefined mastery level, the highest level expected to successfully perform all of the relevant tasks of the target trait. This perspective allows us to use and interpret the cognitive trait levels in relative quantities (e.g., %s) of the mastery level instead of relative standings (i.e., rankings) on an unbounded continuum. To facilitate the proposed perspective, this paper presents an analytical framework that has support on the [0, 1] trait continuum with truncated logistic link functions. The framework provides a solution to cope with the chronic question of “relative standings or magnitudes of learning outcome?” in measuring cognitive traits. The proposed framework is articulated relative to the traditional models and is illustrated with both simulated and empirical datasets within the Bayesian framework, estimated with the Markov chain Monte Carlo method."
mastery learning knowledge tracing measurement validity,crossref,ok,4612234,10.36227/techrxiv.172175536.61230813/v2,Improving Knowledge Tracing via modeling Students' Learning Behaviors,2024,"Knowledge tracing (KT), which involves the use of students' problem-solving histories to estimate their current level of knowledge, has attracted significant interest from researchers. Modeling learners' knowledge state can be used to recommend appropriate learning content; consequently, it can serve as a foundational technology to support personalized learning. Nevertheless, using only student problem-solving data is subject to certain limitations when attempting to model their knowledge states. Recent studies have attempted to address this issue by incorporating various side information in terms of questions, knowledge components, and students. However, the majority of the side information used in prior studies was constrained to the process of problem solving, thereby lacking the ability to adequately capture information from the students' side. In the real world, students engage in various learning activities that significantly impact the changes in their knowledge states. Therefore, students' learning behaviors (SLBs) during the online learning process can be useful in estimating their knowledge states. In this study, we propose SLB-KT that uses SLB data. We collected learning behavior and problem-solving data from the same students from an e-learning platform. Following a literature review, learning styles and interaction types were adopted as the background theories for this study. Student behavior modeling was then performed in two dimensions: contextual information based on learning style and interaction type, and behavior pattern. Subsequently, we demonstrated the performance of the SLB-KT models in many aspects using various baseline models. The experiment showed that the SLB-KT models outperformed the baseline models in terms of prediction performance, alleviated the cold-start issue, and improved reliability."
mastery learning knowledge tracing measurement validity,crossref,ok,4612234,10.4324/9780203415610_chapter_1,Mastery motivation,,
mastery learning knowledge tracing measurement validity,crossref,ok,4612234,10.36227/techrxiv.172175536.61230813/v1,Improving Knowledge Tracing via modeling Students' Learning Behaviors,2024,"Knowledge tracing (KT), which involves the use of students' problem-solving histories to estimate their current level of knowledge, has attracted significant interest from researchers. Modeling learners' knowledge state can be used to recommend appropriate learning content; consequently, it can serve as a foundational technology to support personalized learning. Nevertheless, using only student problem-solving data is subject to certain limitations when attempting to model their knowledge states. Recent studies have attempted to address this issue by incorporating various side information in terms of questions, knowledge components, and students. However, the majority of the side information used in prior studies was constrained to the process of problem solving, thereby lacking the ability to adequately capture information from the students' side. In the real world, students engage in various learning activities that significantly impact the changes in their knowledge states. Therefore, students' learning behaviors (SLBs) during the online learning process can be useful in estimating their knowledge states. In this study, we propose SLB-KT that uses SLB data. We collected learning behavior and problem-solving data from the same students from an e-learning platform. Following a literature review, learning styles and interaction types were adopted as the background theories for this study. Student behavior modeling was then performed in two dimensions: contextual information based on learning style and interaction type, and behavior pattern. Subsequently, we demonstrated the performance of the SLB-KT models in many aspects using various baseline models. The experiment showed that the SLB-KT models outperformed the baseline models in terms of prediction performance, alleviated the cold-start issue, and improved reliability."
mastery learning knowledge tracing measurement validity,crossref,ok,4612234,10.2139/ssrn.6428858,Artificial Intelligence in Education: Contrastive Learning to LLM-like Autoregressive Modeling of Knowledge Tracing,2026,"[1] I have reviewed the paper titled “Contrastive Learning for Knowledge Tracing,” published in the ACM Web Conference (WWW) 2022. This review forms part of the requirements for my Ph.D. qualification examination in computer science at New Mexico State University. The analysis includes a thorough examination of the paper’s assumptions, methodology, strengths, weaknesses, the targeted audience, and its correlation with my current research interests in knowledge tracing and AI applications in education. This paper addresses the challenge of modeling student knowledge under sparse data conditions by introducing a contrastive learning framework for knowledge tracing (CL4KT). The authors design an end-to-end model that combines a standard knowledge tracing architecture with a contrastive learning objective. They carefully construct domain-specific data augmentations, e.g., masking questions, cropping interactions, permuting sequence order, and replacing questions with easier or harder ones, and incorporate hard negative samples by inverting the correctness of answers to generate semantically similar and dissimilar learning sequences. The model learns to pull representations of similar learning histories closer and push apart those of dissimilar histories in the latent space, using a contrastive loss in addition to the usual next-question prediction loss. CL4KT significantly improves knowledge tracing accuracy on six benchmark educational datasets, demonstrating better generalization from limited student interaction data. The paper’s contributions include a novel application of contrastive self-supervised learning in educational modeling, pedagogy-inspired data augmentation techniques for student sequences, and analysis showing how contrastive objectives enhance the learned knowledge state representations. 
&lt;div&gt;
 [2] I have reviewed the paper titled “Knowledge Tracing as Language Processing: A Large-Scale Autoregressive Paradigm,” published in the Conference of Artificial Intelligence in Education (AIED) 2024. This review forms part of the requirements for my Ph.D. qualification examination in computer science at New Mexico State University. The analysis includes a thorough examination of the paper’s assumptions, methodology, strengths, weaknesses, the targeted audience, and its correlation with my current research interests in knowledge tracing and AI applications in education. Knowledge tracing (KT) is the task of modeling a student’s knowledge state over time to predict future performance. This paper reframes this problem using large language model (LLM) techniques. It proposes LLM-KT, a deep learning-based knowledge tracing model built on a decoder-only Transformer architecture. By treating student interaction sequences similarly to language sequences, the model leverages an autoregressive design to capture long-term dependencies in a student’s learning history. The authors evaluate LLM-KT on EdNet, the world’s largest public KT dataset, to explore two questions: (1) Can an LLM-style architecture be effectively applied to knowledge tracing? (2) Does scaling up model size (“continuous extension”) improve prediction accuracy? The paper’s key contributions include introducing a novel Transformer-based KT paradigm, demonstrating its scalability on large-scale data, and providing empirical evidence that larger models can yield better performance in KT. This report provides a structured overview of the paper’s goals, approach, and contributions, analyzes the model design and assumptions, compares it with prior KT methods, and reflects on its implications for AI-driven education research.
&lt;/div&gt;"
mastery learning knowledge tracing measurement validity,crossref,ok,4612234,10.7820/vli.v04.1.gallache,Mastery Sentences: A Window into the Interplay between Word Knowledge Types,2015,
mastery learning knowledge tracing measurement validity,crossref,ok,4612234,10.1038/s41598-025-23900-4,Integrating Reinforcement Learning with Dynamic Knowledge Tracing for personalized learning path optimization,2025,
mastery learning knowledge tracing measurement validity,crossref,ok,4612234,10.1145/3303772.3303786,Knowledge Query Network for Knowledge Tracing,2019,
mastery learning knowledge tracing measurement validity,crossref,ok,4612234,10.1007/springerreference_301887,Mastery Learning,,
mastery learning knowledge tracing measurement validity,crossref,ok,4612234,10.1016/j.knosys.2025.114075,WITHDRAWN: Multi-Attention Knowledge Tracing Model Integrating Exercise-Knowledge Concept Correlations for Enhanced Learning Analytics,2025,
mastery learning knowledge tracing measurement validity,crossref,ok,4612234,10.21125/edulearn.2018.2043,MICRO AND MASTERY LEARNING. BITE-SIZED CONTENT FOR DEEPER AND WIDER KNOWLEDGE,2018,
mastery learning knowledge tracing measurement validity,crossref,ok,4612234,10.1016/j.knosys.2018.03.001,A three learning states Bayesian knowledge tracing model,2018,
mastery learning knowledge tracing measurement validity,crossref,ok,4612234,10.4324/9781315544250-1,Mastery motivation,2016,
mastery learning knowledge tracing measurement validity,crossref,ok,4612234,10.4018/978-1-60960-783-8.ch115,On Data Mining and Knowledge,,
mastery learning knowledge tracing measurement validity,crossref,ok,4612234,10.1145/2723576.2723622,Towards data-driven mastery learning,2015,
mastery learning knowledge tracing measurement validity,crossref,ok,4612234,10.1177/014662169401800308,State Mastery Learning: Dynamic Models for Longitudinal Data,1994,"Macready &amp; Dayton (1980) showed that state mas tery models are handled optimally within the general latent class framework for data from a single time point. An extension of this idea is presented here for longitudinal data obtained from repeated measure ments across time. The static approach is extended using multiple-indicator Markov chain models. The approach presented here emphasizes the dynamic as pects of the process of change, such as growth, decay, and stability. The general approach is presented, and models with purely categorical and ordered categorical states and several extensions of these models are dis cussed. Problems of estimation, identification, assess ment of model fit, and hypothesis testing associated with these models also are discussed. The applicability of these models is demonstrated using data from a lon gitudinal study on solving arithmetic word problems. The advantages and disadvantages of using the ap proach presented here are discussed. Index terms: arithmetic word problems, dynamic latent class mod els, latent class models, longitudinal categorical data, Markov models, state mastery models."
mastery learning knowledge tracing measurement validity,crossref,ok,4612234,10.1080/15377903.2021.2012863,Comparing Slope Stability and Validity for General Outcome and Specific Subskill Mastery Measurement,2021,
mastery learning knowledge tracing measurement validity,crossref,ok,4612234,10.2139/ssrn.7438989,Beyond Shared Knowledge Structures: Learning Student-Specific Concept Dependencies for Personalized Knowledge Tracing,2026,"Recent advances in intelligent online learning systems have increased the demand for accurately representing and tracking learners’ evolving knowledge from historical interactions, a task commonly studied as knowledge tracing (KT). While recent deep KT methods have achieved promising predictive performance, most primarily capture shared learning patterns across students or represent personalization through latent traits such as preferences, abilities, or emotions. Consequently, they provide limited support for explicitly representing how individual learners organize and develop relations among knowledge concepts. To address this limitation, we propose Dynamic Knowledge Structure Learning (DKSL), a personalized KT framework that explicitly represents, reasons over, and updates student-specific knowledge structures over time. Specifically, DKSL constructs a dynamic student–concept graph augmented with individualized knowledge structure matrices, providing a structured representation that integrates global concept dependencies with student-specific learning variations. On this basis, an adaptive relation aggregation module performs multi-relational reasoning over heterogeneous knowledge relations, an adaptive temporal filtering module identifies informative historical interactions, and a knowledge structure update mechanism incrementally refines individualized concept dependencies under expert-informed relational constraints. Extensive experiments on four real-world educational datasets show that DKSL achieves competitive and often superior performance against thirteen state-of-the-art baselines, while providing interpretable student- specific knowledge structures."
mastery learning knowledge tracing measurement validity,crossref,ok,4612234,10.3102/2105562,"Tracing Science Learning: Knowledge Pieces, Automated Feedback, and the Interplay",2024,
mastery learning knowledge tracing measurement validity,crossref,ok,4612234,10.1109/access.2024.3521883,Graph Knowledge Structure for Attentional Knowledge Tracing With Self-Supervised Learning,2025,
mastery learning knowledge tracing measurement validity,crossref,ok,4612234,10.1109/icise-ie68873.2025.11378090,Multimodal Knowledge Tracing and Reinforcement Learning for English Learning System,2025,
mastery learning knowledge tracing measurement validity,crossref,ok,4612234,10.36456/bp.vol18.no1.a5175,Validity and Reliability Analysis in Supporting Mastery Learning STEM Model,2022,"Research with invalid and unreliable instruments will greatly affect the results of the study. The lack of complete exposure of the results of data analysis and the validity and reliability analysis of the daily tests have not been found, the researchers conducted a study that aims to describe the results of the validity and reliability of colloidal material daily test items in supporting the completeness of learning the STEM model. This type of quantitative descriptive research. The researcher wants to describe the validity of the chemistry questions on the colloidal material daily test instrument in terms of validity, reliability, level of difficulty, and discriminating power. The content validity test results were obtained that the instrument was valid. The instrument questions were 18 multiple-choice items and 6 description items, all valid and reliable results were obtained. Multiple-choice questions only have questions 6 and 14 which have good distinguishing power, while questions 1, 2, 3, 10, 12, 13, 15, 16, 17, and 18 have good distinguishing power. Explanation questions from numbers 1 to 6 have good discriminating power. Based on the criteria for the level of difficulty, the results of multiple-choice questions 6, 7, 8, 10, 13, and 17 were questions with a moderate level of difficulty, while questions numbered 1, 2, 3, 4, 5, 12, 14, 15, 16, and 18. Instruments that can be used at least have valid and reliable criteria."
mastery learning knowledge tracing measurement validity,crossref,ok,4612234,10.1016/j.knosys.2026.115332,A temporal interaction-enhanced multi-view framework for knowledge tracing via self-supervised contrastive learning,2026,
mastery learning knowledge tracing measurement validity,crossref,ok,4612234,10.5463/thesis.1144,IoT Measurement Knowledge Graphs,,"IoT devices generate substantial amounts of measurements and use many different formats to store this data. In order to make IoT devices interoperable, a number of ontologies have been developed, such as the Smart Applications REFerence (SAREF) ontology, to create knowledge graphs that can represent all kinds of measurements from IoT devices. We call the resulting knowledge graphs: IoT measurement knowledge graphs. In this thesis, we set out to investigate what differentiates IoT measurement knowledge graphs from regular knowledge graphs.

In the first half, we describe in detail how to create IoT measurement knowledge graphs from real-world measurement data. In the second half, we investigate what happens when we use the graphs in different scenarios, with different methods and applications.

In order to generate an IoT measurement knowledge graph, we create a mapping to transform the measurement data coming from IoT devices. We explore multiple ways to create this mapping and evaluate the resulting IoT measurement knowledge graph with competency questions. 
Using our mapping, we create OfficeGraph, by transforming IoT measurement data recorded over a year from 444 IoT devices located in an office building. This IoT measurement knowledge graph is validated by answering competency questions created with the support of the building owners, showing that we can answer questions we were not able to answer without it.

Besides the entities, literals, and relations in knowledge graphs, the combination of these, the context of entities, provides additional knowledge. Therefore, if we want to use entities in knowledge graphs to train machine learning models, it would be a waste to take only the entities from the graph, because this would leave out information. Representation models, such as RDF2Vec and Graph Convolutional Networks (GCNs), can be used to learn (embedding) representations for entities that take context into account, creating a representation based on which relations, entities, and literals occur near the entity in the graph.
We learn over IoT measurement knowledge graphs using multiple representation models and experiment with the effect of making more knowledge available to the representation models through semantic enrichment. This is done by making implicit information, such as (e.g.) consecutive measurements, explicitly available, by adding a relation between two measurements. 
Results show that the semantic enrichment has a positive effect on the learnability, based on the evaluation score, of the entity representations.

Due to the dynamic nature of IoT measurement knowledge graphs, it is to be expected that new measurements are made after the initial IoT measurement knowledge graphs are created. Therefore, we investigate the possibility of estimating representations for new entities that are based on the existing entity representations. We introduce the embedding estimation method, which used the numerical attributes of entities, the measurement values, to find entities similar to the new entity. Then by averaging the embedding representations of those entities, it creates a new, estimated, embedding for the new entity. We perform experiments to test the embedding estimation method, and show that there is a trade-off between the amount of time saved by not re-training the entire pipeline, but also a decrease in accuracy, with the estimated embeddings.

This thesis offers a focused research into IoT measurement knowledge graph. We provide insight into how IoT measurement knowledge graph can be created and how they differ from regular knowledge graphs, specifically in being numerical, dynamic, and shallow knowledge graphs. We suggest and validate remedies to the shallowness of IoT measurement knowledge graphs, through the semantic enrichments. Furthermore we show how the numerical aspect can be a strength, through the embedding estimation method, which can help with the dynamic nature of IoT measurement knowledge graph."
mastery learning knowledge tracing measurement validity,crossref,ok,4612234,10.4324/9781138609877-ree240-1,The Theory and Practice of Mastery Learning,2023,
mastery learning knowledge tracing measurement validity,crossref,ok,4612234,10.21203/rs.2.11229/v1,Mastery Learning improves Nursing Students’ skills The implementation of Mastery Learning method,2019,"Abstract
        Abstract
Background and purpose: Clinical education is an important part of nursing education and it is influenced by teaching methods. On the other hand, educational methods play an important role in shaping students’ basic skills and professional abilities. In order to promote clinical skills in students, the use of new clinical teaching methods seems necessary. Nevertheless, a lot of nursing instructors in Iran use traditional methods to teach nursing skills to the undergraduate nursing students in hospitals.
In this interventional study, we compared the effect of mastery learning method and common learning method on the performance of undergraduate nursing students between 2106-2018.
method
After receiving written consent, the participants were randomly divided into two groups of intervention and control. Participants' performance in five common intensive care unit (ICU) procedures (i.e. trachea and tracheostomy suction, nasogastric tube feeding, packed cell transfusion, changing set and fluid box, and changing fluid box) was assessed before and after the intervention. The assessment of participants was done by a researcher- made checklist. Data were analyzed using SPSS (version 21).
findings: No significant difference in terms of procedures performance was observed between two groups before the intervention (p&gt;o. o5). However, paired t test showed that the scores of the intervention group before and after intervention were significantly different (p&lt;0.05).
Conclusion: This study revealed that the implementation of mastery learning method in clinical skills training could be very effective in improving the quality of clinical learning of nursing students."
intelligent tutoring system learning outcome evaluation,crossref,ok,9235789,10.4018/978-1-61692-008-1.ch009,Intelligent Tutoring System for Learning Programming,2011,"Tutoring systems for programming help students understand features of target programming languages, and develop their general problem solving skills. Our system guides novices in learning syntax and semantics of programming language, problem decomposition, program design and testing. It is language independent, automatically adjusting course material to the language - subject of learning. Semantic analysis of student’s programs is based on comparison of abstract semantics trees of student’s and model-program. Model-program is coded by innovative programming language describing goals and variants of possible solutions. The notional machine defined by programming language, its verbal description of instruction actions and visualization of program execution, helps students to understand semantics of teaching language. Advancement through the course material controlled by computer teacher supports connection of new concepts to the present student’s knowledge. The system applies distinct teaching strategies to stoppers and movers."
intelligent tutoring system learning outcome evaluation,crossref,ok,9235789,10.4018/978-1-61692-008-1.ch004,Intelligent Tutoring System Architecture Rebuilt,2011,"In this chapter, an approach to support the development of ITS based on patterns and pattern catalogues is described. Patterns are means to facilitate inter-project communication. As such, they provide for a clear terminology in an application domain. They support the development process itself by encapsulating information at different levels (e.g. using underlying concepts and tools, adding and integrating new concepts and tools, and fundamentally changing the structure of an existing piece of software). The approach described in this chapter shows two examples of how a catalogue of patterns collected from existing ITS architectures can be used and re-used in different settings. Those settings span the field of plugin frameworks for ITS (i.e. JaBInT), a concrete “proof of concept” ITS (i.e. ChemNom and CoChemEx) using a collaboration script approach."
intelligent tutoring system learning outcome evaluation,crossref,ok,9235789,10.4018/978-1-61692-008-1.ch011,Student Modeling in an Intelligent Tutoring System,2011,"Student modeling and cognitively diagnostic assessment are important issues that need to be addressed for the development and successful application of intelligent tutoring systems (its). Its needs the construction of complex models to represent the skills that students are using and their knowledge states, and practitioners want cognitively diagnostic information at a finer grained level. This chapter reviews our effort on modeling student’s knowledge in the ASSISTment project. Intelligent tutors have been mainly used to teach students. In the ASSISTment project, we have emphasized using the intelligent tutoring system as an assessment system that provides instructional assistance during the test. Usually it is believed that assessment get harder if students are allowed to learn during the test, as its then like try to hit a moving target. So our results are surprising that by providing tutoring to students while they are assessed we actually prove the assessment of students’ knowledge. Additionally, in this article, we present encouraging results about a fine-grained skill model with that system that is able to predict state test scores. We conclude that using intelligent tutoring systems to do assessment seems like a reasonable way of dealing with the dilemma that every minute spent testing students takes time away from instruction."
intelligent tutoring system learning outcome evaluation,crossref,ok,9235789,10.1080/14626269009408269,The evaluation of an intelligent tutoring system,1990,
intelligent tutoring system learning outcome evaluation,crossref,ok,9235789,10.4018/978-1-61692-008-1.ch001,Intelligent Tutoring Systems,2011,"Today’s education is faced by new challenges and yet new innovations. The key area where innovations are introduced lies on instructional methodology. It becomes necessary for the educators to incorporate new trends and methodologies in instructional methodology. One such aspect that came into existence is intelligent tutorial system. In this chapter, Firstly, the appearance of the ITS notion and related literature review will be handled. After then general architecture of Intelligent Tutoring Systems will be presented and information about improvements on ITS will be given up to now. And also best ITS practices will be mentioned, too. In this sense, ZOSMAT - a detailed sample application - will be explained as a demonstration of how an ITS is designed. ZOSMAT can be used for the purpose of either individual learning or real classroom environment with the guidance of a human tutor during a formal education process. This characteristic of ZOSMAT distinguishes itself from other intelligent tutoring systems (Keles et al., 2009). Finally, challenges and problems in the area of ITS and future of ITS will be discussed."
intelligent tutoring system learning outcome evaluation,crossref,ok,9235789,10.31274/etd-180810-5379,Designing intelligent language tutoring system for learning Chinese characters,,
intelligent tutoring system learning outcome evaluation,crossref,ok,9235789,10.4018/978-1-61692-008-1.ch013,A Personalized Learning System Based on Semantic Web Technologies,2011,"In this study, a personalized learning system framework that is KOULearn (Kocaeli University Learning System) has been proposed. It is based on learning object and produces a personalized learning content according to learning style and cognitive knowledge level of an individual. The proposed framework is situated in advanced learning technologies according to educational perspective and is a semantic web application according to development technologies. The proposed framework is aimed to form a personalized learning environment. Three models are included in this system: domain model, user model and adaptation model, respectively. Components of the system have been realized by ontology based knowledge modeling approach. Execution of the personalized learning content structure and learning environment of the system, related to electric education, has been examined by resonance learning module which is constituted considering personalization requirements of the system."
intelligent tutoring system learning outcome evaluation,crossref,ok,9235789,10.4018/978-1-61692-008-1.ch003,Enhancing Intelligent Tutoring Systems with the Agent Paradigm,2011,"A cognitive framework called REflective Agent Learning environment (REAL) is developed in this study. REAL is a reusable framework that allows researchers to develop a simulation-based learning environment where users can learn through passing their thoughts to some computer-based agents and observe how the agents embodying their knowledge behave as the result of their instruction. Our research benefits from the research in Intelligent Tutoring Systems, game based learning systems, and agent technologies, stressing reflection as part of the thinking processes. It focuses on the design of the framework and the testing of its usability. The external evaluation of specific implementations serves as the guidance for the future design of the REAL applications. We hope, by grounding themselves in the needs of local practice, the REAL applications can give us opportunities to understand how theoretical claims about teaching and learning can be effectively transformed into meaningful learning."
intelligent tutoring system learning outcome evaluation,crossref,ok,9235789,10.4018/978-1-61692-008-1.ch007,E-Learning with Affective Tutoring Systems,2011,E-learning has attracted a great deal of interest in educational circles from K-12 to universities. A question that is often rightly asked is how effective current e-learning systems are. It is argued that there is little individualization of instruction by adapting to the pedagogical needs of each learner in current e-learning systems. Intelligent tutoring systems have tried to fill this gap but even they fail to compete with human one-to-one tutoring. This paper presents Affective Tutoring Systems which are e-learning systems capable of detecting learners’ affective state and reacting to it through a life like agent called Eve. This paper presents an Affective Tutoring System in the domain of mathematics and the research that led to its development. It also presents the findings from the study and testing of the system indicating that the animated agent Eve carried a persona effect.
intelligent tutoring system learning outcome evaluation,crossref,ok,9235789,10.4018/978-1-61692-008-1.chcrf,Compilation of References,,
intelligent tutoring system learning outcome evaluation,crossref,ok,9235789,10.21275/art20164209,Design and Implementation of Intelligent Tutoring System using Enhanced Personalization in e-Learning,2017,
intelligent tutoring system learning outcome evaluation,crossref,ok,9235789,10.5220/0009413903360343,Learning Recursion: Insights from the ChiQat Intelligent Tutoring System,2020,
intelligent tutoring system learning outcome evaluation,crossref,ok,9235789,10.4018/978-1-61692-008-1.ch006,Mobile Learning,2011,"Mobile learning, as the “portable and personal” fashion of e-learning, is intended to enhance the efficiency and effectiveness of learning in the context of handheld terminals. Most present-day learning systems run on desktop computers and are not designed for use on mobile devices such as mobile phones, smart phones, Personal Digital Assistants, etc. Mobile learning systems aim to improve the quality of learning by providing mobile learners with an easy, contextualized and ubiquitous access to knowledge. This chapter gives an overview of the current state of knowledge and research in the m-learning domain, describes issues and problems pertinent to mobile learning and offers our approach to solving these problems in the form of a mobile intelligent tutoring model we are currently developing. Given the present absence of relevant literature and referent material we think that this chapter provides developers with some new ideas."
intelligent tutoring system learning outcome evaluation,crossref,ok,9235789,10.1007/3-540-61327-7_104,LearnMedia: A co-operative intelligent tutoring system for learning multimedia,1996,
intelligent tutoring system learning outcome evaluation,crossref,ok,9235789,10.1063/1.4992244,E-learning environment as intelligent tutoring system,2017,
intelligent tutoring system learning outcome evaluation,crossref,ok,9235789,10.1007/978-3-540-30139-4_95,Optimal Emotional Conditions for Learning with an Intelligent Tutoring System,2004,
intelligent tutoring system learning outcome evaluation,crossref,ok,9235789,10.4018/978-1-61692-008-1.ch016,A Meta-Analytic Estimation of a Common Effect Size from a Series of Experiments Related To an E-Learning System Effectiveness Evaluation,2011,"As the acquisition of knowledge is often an expensive and time-consuming process, it is important to know whether it actually improves the student performance. The e-learning is a revolutionary paradigm that has lately been significantly evolving and it is closely related to the intelligent tutoring systems. Methodology for evaluating the educational influence of learning and teaching process, questions whether and in what amount, students learn effectively. Our contribution to this compulsive field of research is a meta-analysis of a series of experiments based on the same two-group methodology that reveals a more precise effect size of one particular e-learning system - eXtended Tutor-Expert System, a representative of web-based authoring shells for building intelligent tutoring systems."
intelligent tutoring system learning outcome evaluation,crossref,ok,9235789,10.1007/978-3-642-30950-2_28,Noticing Relevant Feedback Improves Learning in an Intelligent Tutoring System for Peer Tutoring,2012,
intelligent tutoring system learning outcome evaluation,crossref,ok,9235789,10.1007/3-540-47987-2_71,Hierarchical Representation and Evaluation of the Student in an Intelligent Tutoring System,2002,
intelligent tutoring system learning outcome evaluation,crossref,ok,9235789,10.1007/978-3-642-77202-3_17,Building an Intelligent Second Language Tutoring System from Whatever Bits you Happen to Have Lying Around,1992,
intelligent tutoring system learning outcome evaluation,crossref,ok,9235789,10.1007/978-3-642-77202-3_19,WIZDOM A Multiple-Purpose Language Tutoring System Based on AI Techniques,1992,
intelligent tutoring system learning outcome evaluation,crossref,ok,9235789,10.35542/osf.io/gt95h_v1,LLM-powered Multi-agent Framework for Goal-oriented Learning in Intelligent Tutoring System,2025,"Intelligent Tutoring Systems (ITSs) have revolutionized education by offering personalized learning experiences. However, as goal-oriented learning, which emphasizes efficiently achieving specific objectives, becomes increasingly important in professional contexts, existing ITSs often struggle to deliver this type of targeted learning experience. In this paper, we propose GenMentor, an LLM-powered multi-agent framework designed to deliver goal-oriented, personalized learning within ITS. GenMentor begins by accurately mapping learners' goals to required skills using a fine-tuned LLM trained on a custom goal-to-skill dataset. After identifying the skill gap, it schedules an efficient learning path using an evolving optimization approach, driven by a comprehensive and dynamic profile of learners' multifaceted status. Additionally, GenMentor tailors learning content with an exploration-drafting-integration mechanism to align with individual learner needs. Extensive automated and human evaluations demonstrate GenMentor's effectiveness in learning guidance and content quality. Furthermore, we have deployed it in practice and also implemented it as an application. Practical human study with professional learners further highlights its effectiveness in goal alignment and resource targeting, leading to enhanced personalization. Supplementary resources are available at https://github.com/GeminiLight/gen-mentor."
intelligent tutoring system learning outcome evaluation,crossref,ok,9235789,10.5772/30486,Distributed Intelligent Tutoring System Architectures,2012,
intelligent tutoring system learning outcome evaluation,crossref,ok,9235789,10.5220/0011083900003182,A Recommendation Module based on Reinforcement Learning to an Intelligent Tutoring System for Software Maintenance,2022,
intelligent tutoring system learning outcome evaluation,crossref,ok,9235789,10.1201/9781003782735-2,Intelligent Tutoring System using Affective Interaction,2026,
intelligent tutoring system learning outcome evaluation,crossref,ok,9235789,10.1109/isdea.2013.494,Multi-agent Based E-Learning Intelligent Tutoring System for Supporting Adaptive Learning,2013,
intelligent tutoring system learning outcome evaluation,crossref,ok,9235789,10.1080/14626269109408289,Interactive Learning Environments,1991,
intelligent tutoring system learning outcome evaluation,crossref,ok,9235789,10.1080/14626269009409093,Interactive Learning Environments,1990,
intelligent tutoring system learning outcome evaluation,crossref,ok,9235789,10.1109/laclo.2017.8120904,The think aloud method for qualitative evaluation of an intelligent tutoring system interface,2017,
intelligent tutoring system learning outcome evaluation,crossref,ok,9235789,10.4018/978-1-61692-008-1,Intelligent Tutoring Systems in E-Learning Environments,2011,
intelligent tutoring system learning outcome evaluation,crossref,ok,9235789,10.21528/cbrn2005-097,"Hybrid Intelligent Tutoring Systems Based on Psychological Profiles and Learning Styles: Design, Implementation and Evaluation",2016,
intelligent tutoring system learning outcome evaluation,crossref,ok,9235789,10.1007/978-3-642-77681-6_7,"Machine Learning, Explanation-Based Learning and Intelligent Tutoring Systems",1992,
intelligent tutoring system learning outcome evaluation,crossref,ok,9235789,10.1007/978-3-540-30139-4_54,"An Intelligent Tutoring System Based on Self-Organizing Maps – Design, Implementation and Evaluation",2004,
intelligent tutoring system learning outcome evaluation,crossref,ok,9235789,10.1007/978-3-642-30950-2_115,Skill Diaries: Can Periodic Self-assessment Improve Students’ Learning with an Intelligent Tutoring System?,2012,
intelligent tutoring system learning outcome evaluation,crossref,ok,9235789,10.36837/chapman.000469,Integration of Computer Algebra Systems and Machine Learning in the Authoring of the SANYMS Intelligent Tutoring System,,
intelligent tutoring system learning outcome evaluation,crossref,ok,9235789,10.1007/978-94-011-7108-3_70,RSCL3: A Learning Expert System for Intelligent Tutoring,1995,
intelligent tutoring system learning outcome evaluation,crossref,ok,9235789,10.5220/0014430300004052,A Fuzzy Intelligent Adaptive Tutoring System with Explainable Recommendations: Case of Math Learning for Elementary Students,2026,
intelligent tutoring system learning outcome evaluation,crossref,ok,9235789,10.4018/978-1-61692-008-1.ch005,Virtual Learning Environment,2011,"This paper describes a mathematical model of virtual learning environment considering both technology and users. Recognized interested users are teachers, parents and students. Interaction between interested parties in elementary and high school education process is presented by using complexity science. The idea is to model and create educational virtual environment that would attract engagement of all parties. Initial engagement would be motivated with the e-grade book. After initial involvement of seeing grades, the users would be motivated for further involvement using forums, blogs, and chats to interact with each other in one place. This would lead to creating groups of students or parents with similar problems and interests. For example, why is mathematics so hard to some students, and for other not? The created virtual environment will enable teachers to additionally inform parents of existing e-learning materials. Virtual environment is modelled as multilevel, multidimensional educational environment, considering communication of all participants, and every aspect of technology that could improve that communication."
intelligent tutoring system learning outcome evaluation,crossref,ok,9235789,10.17918/etd-3114,Mobile intelligent tutoring system,,"The prominence of computers in the 21st Century has caused educators to reexamine the needs of today's K-12 students. The proposed 21st Century Skills center on the use of technology and thus millions of students are unable fully to master these skills due to their minimal access to technology. The Digital Divide, a correlation between an individual's access to technology and their socio-economic status, is poised to prevent large segments of society from advancing and thriving in this technology based economy. One proposed solution to this lack of computing resources lay in the transformation of mobile devices, like cell phones, from single-purpose communication tools to multipurpose computing resources. The smaller scale of mobile devices mandates the design of mobile learning applications be more than miniature desktop learning applications. Whether the applications are based on existing desktop applications or presenting new paradigms of learning activities there are human-computer-interaction and education concerns to address. This thesis describes the design, implementation, and evaluation of a complete mobile intelligent tutoring system (ITS). The research questions investigated address the design and evaluation of the implemented system. To answer first question, ""How might the design of an ITS be adapted for delivery on a mobile device?"" a set of general mobile ITS guidelines is described. To answer the second question, ""Can a mobile ITS provide learning gains greater than traditional instructional activities?"" data was gathered from a controlled study to compare the performance of students using the mobile ITS with those who did not. These data reveal that students using the mobile ITS achieved gains greater than students receiving standard instruction. The third question, ""What teaching strategy best supports a mobile ITS?"", is answered through data gathered from the comparison of two teaching strategies, long and short. These data suggest that the long strategy, in which students are required to calculate the final answer to the problem, best facilitates student performance gains. This thesis lays the foundation for future research that explores the delivery of intelligent tutoring systems off the desktop as well as for research in methods of transforming desktop learning applications for mobile devices."
intelligent tutoring system learning outcome evaluation,crossref,ok,9235789,10.3233/idt-130167,Design and evaluation of an adaptive and intelligent tutoring system by expert system,2013,
intelligent tutoring system learning outcome evaluation,crossref,ok,9235789,10.1007/978-3-642-77202-3_14,Issues for Tutoring Knowledge in Foreign Language Intelligent Tutoring Systems,1992,
intelligent tutoring system learning outcome evaluation,crossref,ok,9235789,10.1007/978-3-319-07221-0_98,Analyzing Learning Gains in a Competition Intelligent Tutoring System,2014,
intelligent tutoring system learning outcome evaluation,crossref,ok,9235789,10.1080/14626269109408293,Mathematical intelligent learning environments,1991,
intelligent tutoring system learning outcome evaluation,crossref,ok,9235789,10.1080/14626269109408299,Using COCA to build an intelligent tutoring system in simple algebra,1991,
intelligent tutoring system learning outcome evaluation,crossref,ok,9235789,10.2139/ssrn.5232676,&lt;p&gt;Adaptive Learning and Intelligent Tutoring System of Artificial Intelligent Tools and Students Interests Towards Chemistry&lt;/p&gt;,2025,
intelligent tutoring system learning outcome evaluation,crossref,ok,9235789,10.1007/978-3-642-30947-2_8,Evaluation of an Intelligent Tutoring System Incorporating Learning Profile to Determine Learning Scenario,2012,
intelligent tutoring system learning outcome evaluation,crossref,ok,9235789,10.1037/e645312013-004,CSTutor: an Intelligent Tutoring System that Supports Natural Learning,2013,
intelligent tutoring system learning outcome evaluation,crossref,ok,9235789,10.1109/itsim.2010.5561579,On-line homeschooling learning management system using intelligent tutoring system,2010,
intelligent tutoring system learning outcome evaluation,crossref,ok,9235789,10.4324/9780429322389-10,Emotionally intelligent tutoring,2020,
intelligent tutoring system learning outcome evaluation,crossref,ok,9235789,10.1007/3-540-68716-5_70,Thai Learning System on the WWW Using Natural Language Processing and ITS Evaluation,1998,
adult skill training transfer evaluation workplace,crossref,ok,4279760,10.1787/888933928046,Figure 5.1. Adult skill levels and the use of skills in the workplace,,
adult skill training transfer evaluation workplace,crossref,ok,4279760,10.1108/jwl-03-2025-0068,Workplace training transfer: a systematic scoping review of evaluation tools for adult learning,2025,"Purpose
                    Training transfer refers to the extent to which knowledge, skills and attitudes acquired during training are effectively applied in the workplace. Tools designed to assess transfer either measure its outcomes directly or capture the factors that enable or hinder this process. Despite their relevance, such instruments remain heterogeneous and fragmented. This study aims to systematically map and analyze both categories of tools in the context of workplace learning.
                  
                  
                    Design/methodology/approach
                    The authors adopted a systematic approach and scoping review. The search was conducted across seven databases (MEDLINE, Embase, Cinahl, Scopus, Web of Science, ERIC and PsycINFO). The reviewers’ group assessed the retrieved articles to determine whether the studies met the inclusion criteria, ultimately including 45 studies. Data extraction was performed using a structured data extraction table, which enabled the identification of common characteristics based on the information collected.
                  
                  
                    Findings
                    Most studies originate from the USA and feature mixed contexts, including both public and private sectors, as well as industrial and managerial domains, and profit and non-profit settings. Eight studies primarily examined health-care environments, and six of these were exclusively developed in the nursing field. The total participant count across included studies is 24,096. Three significant categories of evaluation tools emerged: standalone instruments, composed tools and tailored instruments. The Learning Transfer System Inventory stood out as the most used standalone instrument, while other studies used multifactorial instruments or developed tailored tools specific to their contexts.
                  
                  
                    Originality/value
                    The review underscores the ongoing need for methodological innovation and interdisciplinary collaboration in training transfer research. By advancing our understanding of the factors influencing training transfer research and developing robust assessment tools, we can enhance the effectiveness of training programs and contribute to organizational success in today’s dynamic work environments."
adult skill training transfer evaluation workplace,crossref,ok,4279760,10.1201/9781315136189-16,Skill Versatility and Cross-Training,2018,
adult skill training transfer evaluation workplace,crossref,ok,4279760,10.1007/978-0-230-21276-3_13,Adult learning and the workplace,2000,
adult skill training transfer evaluation workplace,crossref,ok,4279760,10.1111/ejn.16194/v1/review1,"Review for ""Relationship between skill training and skill transfer through the example of bimanual motor learning""",2023,
adult skill training transfer evaluation workplace,crossref,ok,4279760,10.1111/ejn.16194/v3/decision1,"Decision letter for ""Relationship between skill training and skill transfer through the example of bimanual motor learning""",2023,
adult skill training transfer evaluation workplace,crossref,ok,4279760,10.1111/ejn.16194/v1/decision1,"Decision letter for ""Relationship between skill training and skill transfer through the example of bimanual motor learning""",2023,
adult skill training transfer evaluation workplace,crossref,ok,4279760,10.1111/ejn.16194/v1/review2,"Review for ""Relationship between skill training and skill transfer through the example of bimanual motor learning""",2023,
adult skill training transfer evaluation workplace,crossref,ok,4279760,10.4324/9781003740834-6,Transfer of Training,2026,
adult skill training transfer evaluation workplace,crossref,ok,4279760,10.1111/ejn.16194/v2/review1,"Review for ""Relationship between skill training and skill transfer through the example of bimanual motor learning""",2023,
adult skill training transfer evaluation workplace,crossref,ok,4279760,10.1111/ejn.16194/v2/decision1,"Decision letter for ""Relationship between skill training and skill transfer through the example of bimanual motor learning""",2023,
adult skill training transfer evaluation workplace,crossref,ok,4279760,10.62830/mmj3-02-5a,"Virtual Reality in Robotic Surgery: Training, Skill Transfer, and Preoperative Planning — A Narrative Review",2026,"Robotic surgery demands a high level of psychomotor coordination, cognitive processing, and visuospatial ability, making effective training essential for safe and proficient practice. Traditional apprenticeship- based training models face limitations, including restricted operative exposure, variability in case availability, and concerns regarding patient safety. In response, virtual reality (VR) simulation has been increasingly adopted as an innovative tool to supplement surgical education. VR platforms provide a controlled, reproducible, and risk-free environment for trainees to develop and refine technical skills, while offering opportunities for objective performance assessment. Beyond training, VR has expanded into preoperative planning and intraoperative navigation, enabling enhanced anatomical visualisation and procedural rehearsal. As the body of evidence supporting these applications continues to grow across multiple surgical specialities, there is a need to synthesise current findings to better understand the clinical relevance and potential integration of VR technologies into structured robotic surgery curricula."
adult skill training transfer evaluation workplace,crossref,ok,4279760,10.4324/9780203455746-14,Transfer of learning to strengthen workplace training,2002,
adult skill training transfer evaluation workplace,crossref,ok,4279760,10.4324/9781003118299-19,Cross-cultural training in the workplace,2020,
adult skill training transfer evaluation workplace,crossref,ok,4279760,10.4324/9781003115366-17,Workplace Learning,2020,
adult skill training transfer evaluation workplace,crossref,ok,4279760,10.1108/00197851211231496,Evaluation of factors affecting training transfer on safety in the workplace: a case study in a big factory in Greece,2012,"PurposeThis paper aims to present research undertaken in the biggest factory in Greece (Aluminium of Greece SA), pertaining to the transfer of training on safety in the workplace.Design/methodology/approachSeveral factors (thought to affect training transfer) were measured, in order to assess whether there were favourable conditions for training transfer to happen within the specific workplace. In total, 134 questionnaires were distributed to “first line” workers of the factory, of which 88 were returned completed and processed. Subsequently, five interviews were held with their supervisors; in that respect, triangulation of data was achieved.FindingsAll factors examined here (e.g. trainee motivation, career goals, commitment, training design, working climate) were sufficiently developed within the specific workplace.Research limitations/implicationsThis research is a case study. It has some limitations, which include its time and cost constraints and the research was also based on a specific factory.Originality/valueThere has been little research in Greece on training transfer. The present research is based on an industrial setting (factory) where health and safety issues are of paramount importance."
adult skill training transfer evaluation workplace,crossref,ok,4279760,10.23860/diss-northup-jane-2019,Law Enforcement Officers' Perceptions of their Skill Development and Transfer of Learning Post-Training,,
adult skill training transfer evaluation workplace,crossref,ok,4279760,10.1016/j.sbspro.2015.01.641,Learning Transfer in National Occupational Skill Standard (NOSS) System and Workplace Learning: How Training Design Affect it?,2015,
adult skill training transfer evaluation workplace,crossref,ok,4279760,10.1037/10260-008,"Training design and pedagogy: Implications for skill acquisition, maintenance, and generalization.",1997,
adult skill training transfer evaluation workplace,crossref,ok,4279760,10.1177/104515959901000408,Web-Based Training in the Workplace,1999,
adult skill training transfer evaluation workplace,crossref,ok,4279760,10.1111/j.1937-8327.2000.tb00154.x,Transfer Evaluation of Knowledge and Skill Development: A Case Study of an Instructional Systems Development Training Program,2008,
adult skill training transfer evaluation workplace,crossref,ok,4279760,10.32599/apjb.16.1.202503.63,Unveiling ChatGPT's Role as a Digital Assistant: A Systematic Literature Review on Workplace Training and Skill Development,2025,
adult skill training transfer evaluation workplace,crossref,ok,4279760,10.1108/jwl-03-2023-0046,Does training content matter? Differences between soft- and hard-skill trainings in transfer motivation,2023,"Purpose
                    Transfer motivation has been identified as a pivotal factor influencing transfer of training. However, the role of training content has often been overlooked as explanatory variable for the rate of transfer motivation. This study aims to examine to what extent experiences in transfer motivation and its personal and contextual antecedents depend on whether the training content is soft or hard skill. To this end, this study used the perspective of the unified model of task-specific motivation.
                  
                  
                    Design/methodology/approach
                    A total of 1,122 trainees (462 soft skill and 660 hard skill) filled out a questionnaire representing the components of transfer motivation and its personal- and contextual antecedents. Data were analyzed by means of multi group structural equation modeling.
                  
                  
                    Findings
                    The results showed mean differences between soft- and hard-skill trainings in personal- and contextual antecedents of transfer motivation and for different types of transfer motivation. However, no differences in transfer intention were found.
                  
                  
                    Practical implications
                    The outcomes provide insight as to what practitioners and trainers could do in training design and work environments to raise personal and contextual antecedents and to what extent a differentiation should be made between soft- and hard-skill trainings. This can eventually help them in raising transfer motivation among trainees.
                  
                  
                    Originality/value
                    To the best of the authors’ knowledge, this study is the first that examines whether experiences in personal and contextual antecedents of transfer motivation, transfer motivation and transfer intention differ for trainings consisting of different characteristics."
adult skill training transfer evaluation workplace,crossref,ok,4279760,10.14264/uql.2018.146,"Skill acquisition, transfer and application: a study of investigative interviewing training in the Queensland Police Service",,
adult skill training transfer evaluation workplace,crossref,ok,4279760,10.54014/8001-4my8,Treating the writing trauma : managing anxiety and promoting transfer among adult learners with workplace writing pedagogies,,
adult skill training transfer evaluation workplace,crossref,ok,4279760,10.3389/fpsyg.2026.1835254,Workplace Chinese training in a Chinese-managed factory in Morocco: a transfer-sensitive CIPP evaluation,2026,"Introduction
                    In overseas Chinese-managed manufacturing settings, local employees' demand for Chinese is shaped by job tasks and cross-cultural coordination. This study examines workplace Chinese training in a Chinese-managed factory in Morocco.
                  
                  
                    Methods
                    
                      Data came from three stage-specific survey waves: pre-course needs survey (
                      n
                      = 70), mid-course process survey (
                      n
                      = 22), post-course outcome survey (
                      n
                      = 7), open-ended feedback (
                      n
                      = 8), one teacher interview, and attendance and performance records (40 valid score records). An improvement-oriented Context-Input Process-Product (CIPP) framework and training-transfer logic guided descriptive statistics and qualitative thematic analysis.
                    
                  
                  
                    Results
                    
                      Findings show that learner demand was strongly task- and scenario-oriented, and materials and classroom climate were generally evaluated positively. Pacing remained the main challenge for beginners. Attendance was strongly associated with composite performance (Spearman's ρ = 0.90,
                      p
                      &amp;lt; 0.001) and remained substantial after removing the attendance component (ρ = 0.78,
                      p
                      &amp;lt; 0.001). The evidence did not directly demonstrate workplace transfer but indicated transfer-related conditions, including confidence growth, task-based rehearsal, recoverability after absence, peer support, and organizational time protection.
                    
                  
                  
                    Discussion
                    Workplace Chinese training in production-constrained settings should be evaluated not only by satisfaction or test performance, but also by conditions that sustain participation and enable later workplace use. The findings support a cautious, improvement-oriented interpretation of training effectiveness in a single-site industrial context."
adult skill training transfer evaluation workplace,crossref,ok,4279760,10.1007/978-0-230-21276-3_14,Workplace learning and the limits to evaluation,2000,
adult skill training transfer evaluation workplace,crossref,ok,4279760,10.62830/mmj3-02-5,"Virtual Reality in Robotic Surgery: Training, Skill Transfer, and Preoperative Planning — A Narrative Review",,
adult skill training transfer evaluation workplace,crossref,ok,4279760,10.4324/9781003484110-6,"Retention, Transfer of Training and Motivation",2024,
adult skill training transfer evaluation workplace,crossref,ok,4279760,10.1016/0003-6870(89)90052-5,Training and transfer of fault-finding skill,1989,
adult skill training transfer evaluation workplace,crossref,ok,4279760,10.1080/13636820300200222,The informally trained mechanic: skill acquisition in the workplace,2003,
adult skill training transfer evaluation workplace,crossref,ok,4279760,10.21236/ada101859,Effects of Training Task Repetition on Retention and Transfer of Maintenance Skill,1980,
adult skill training transfer evaluation workplace,crossref,ok,4279760,10.21236/ada123542,Student Motivational Skill Training Package: Evaluation for Air Force Technical Training.,1982,
adult skill training transfer evaluation workplace,crossref,ok,4279760,10.1201/b12324-12,Usability evaluation of a virtual reality system for motor skill training,2012,
adult skill training transfer evaluation workplace,crossref,ok,4279760,10.1111/ejn.16194/v3/response1,"Author response for ""Relationship between skill training and skill transfer through the example of bimanual motor learning""",2023,
adult skill training transfer evaluation workplace,crossref,ok,4279760,10.1108/978-1-64802-502-020251008,Skill-Based Training in Government Ethics,2021,"Most initial efforts to provide instruction on the rules and regulations regarding conflicts of interest, impartiality, misuse of government resources, and other elements of governmental ethics policies follow a standard template that employees are required to complete. These one-hour-per-year training modules are offered both in-person and online, but the content is generally the same for the overwhelming majority of government employees. Given the diversity, geographic dispersion, and levels of experience of the governmental employees, a single training module is ineffective for the original purpose of the training program, which is to increase awareness and identification of potential ethics issues for employees. To be truly effective and have lasting effects, ethics training must target specific groups at different levels of skill acquisition. Inasmuch as a student can obtain and improve their hard skill such as piloting an aircraft or learning a foreign language, an employee may continue to develop their ethics proficiency if suitable and effective training and instruction exist. Using the Dreyfus and Dreyfus model of adult skill acquisition, a government ethics training program can be established that targets the employee based on skill level instead of occupation, providing more effective and efficient appreciation of ethics."
adult skill training transfer evaluation workplace,crossref,ok,4279760,10.1111/ejn.16194/v2/response1,"Author response for ""Relationship between skill training and skill transfer through the example of bimanual motor learning""",2023,
adult skill training transfer evaluation workplace,crossref,ok,4279760,10.1108/ejtd-10-2016-0079,Predicting workplace transfer of learning,2017,"Purpose
The primary purpose of this study was to predict transfer of learning to workplace among adult learners enrolled in a continuing professional education (CPE) training program, specifically training courses offered through face-to-face, blended and online instruction formats. The study examined the predictive capacity of trainee characteristics, training design and work environment on transfer of learning among the study respondents.


Design/methodology/approach
A cross-sectional online survey design was used to collect data from the study respondents, three months after CPE training. Two hundred ninety-seven trainees participated in this study. Data from 46 participants were incomplete and therefore excluded in the preliminary analysis, resulting in 251 valid responses and participants for the data analysis, 43 males (17.1 per cent), 201 females (80.1 per cent) and 7 (2.8 per cent) who did not indicate their gender. To answer the study’s research questions, factor analysis and multiple hierarchical regressions were performed.


Findings
The results of the study revealed training efficiency and relevance were critical in the transfer of learning among the study participants. The findings of the study showed combined training efficiency and training relevance enabled training participants to acquire knowledge and skills for application in the workplace and had significantly positive influence in transfer of learning. The work environment, measured by work variability (or flexibility) and work complexity, and the trainee motivation to participate, measured by learning-conducive workplace features, had a positive influence in transfer of learning.


Research limitations/implications
Because the majority of participants were females (80.1 per cent), this could be one of the limitations to this study. Research has identified that, because of the broad expectations based on sex and different family and occupational roles, men and women differ in their social network communication, participation in CPE, personality traits, gender-related occupational preferences, learning preference and methods of handling workplace conflict. The second limitation is related to the study design. The researchers did not have a control group because of practicality issues. This being a cross-sectional online survey study, all extraneous variables were not controlled such as in the case of a true randomized control study. This study is relying on the information obtained from a self-report training transfer instrument completed by the study participants. The accuracy of the obtained data is dependent on the honesty of the participants and their commitment in providing correct responses.


Originality/value
This study provides empirical evidence pertaining to the transfer of learning among adult learners engaged in a continuing professional development training program. The study examines factors related to training design, training delivery, trainee motivation and the workplace environment and how these factors determine transfer of learning among trainee respondents who participated in the study. The findings of the study have practical implications for the design and successful delivery of continuing professional training among adult learners. The study could be replicated at a national level and in international settings."
adult skill training transfer evaluation workplace,crossref,ok,4279760,10.52547/irtvto.9.36.67,"Evaluation of the effectiveness of skill training in training technicians in the sector of oil, gas and petrochemicals in Ilam province",2021,
adult skill training transfer evaluation workplace,crossref,ok,4279760,10.2139/ssrn.5932614,TZHE — Training Zone Hypermodel Evaluation: An ITSA-Based Hypermodel Framework for Training ROI Assessment with Skill Decay,2026,
adult skill training transfer evaluation workplace,crossref,ok,4279760,10.4324/9781003083450-11,The “Transfer Problem” (and Why COMMUNICATION SKILLS Training May Not “Take”),2021,
adult skill training transfer evaluation workplace,crossref,ok,4279760,10.1108/jwl-08-2020-0132,Training transfer to the workplace: a study of corporate English language training in hospitals,2021,"Purpose
This study aims to examine factors that affect the effectiveness of transfer of English language training to the workplace. It investigates the effect of trainee characteristics, training design and work climate on the training transfer to job performance in hospitals in Thailand.


Design/methodology/approach
The quantitative method was adopted in this study. The conceptual framework was developed from Lim and Morris’ three-factor model, namely, trainee characteristics, training design and work climate. A total of 378 valid responses from staff of seven hospitals in Thailand were collected from surveys.


Findings
The findings suggest that training transfer depends more on trainees’ psychological state (affective response and self-efficacy) than extrinsic factors. Nearly every aspect of training design could affect training transfer, except trainer effectiveness. This could be related to the particular context of training and the trainees’ prior experience. Work climate factors had the strongest overall effect, with peer and supervisor feedback, compensation and incentives and transfer opportunities being significant.


Originality/value
This study proposes that training design and work climate-related factors deserve more attention than what they have received previously. This study is significant because of the limited empirical evidence for English training transfer outcomes, and the under-examined role of English as a lingua franca in the business world. The findings can help organisations refine training designs and adjust the work environment to improve training outcomes."
adult skill training transfer evaluation workplace,crossref,ok,4279760,10.32469/10355/42984,Accelerating development of simulation-based medical skill training programs : a comparative evaluation research study,,
adult skill training transfer evaluation workplace,crossref,ok,4279760,10.32469/10355/5542,Social skill in the workplace : what is social skill and how does it matter?,,
adult skill training transfer evaluation workplace,crossref,ok,4279760,10.21236/ada120167,Effects of Training Schedule and Equipment Variety on Retention and Transfer of Maintenance Skill,1980,
adult skill training transfer evaluation workplace,crossref,ok,4279760,10.1097/sla.0000000000000723,"Prospective, Randomized Assessment of Transfer of Training (ToT) and Transfer Effectiveness Ratio (TER) of Virtual Reality Simulation Training for Laparoscopic Skill Acquisition",2015,
adult skill training transfer evaluation workplace,crossref,ok,4279760,10.1108/oth-06-2016-0031,WIL and business graduate skill transfer to workplace,2017,"Purpose
The purpose of this paper is to understand MBA skill transfer, employability and how work-integrated learning (WIL) can help in ensuring the availability of employable managers after the completion of MBA. India faces a major crisis in terms of finding employable workforce despite its huge population. The paper explores the question of employability. It focuses on how WIL can be used to facilitate transfer of skills, which ultimately leads to a more employable workforce.


Design/methodology/approach
Existing research was studied to establish linkages between WIL and skill transfer. The existing skill gaps in MBA education, which lead to unemployable business graduates, were also revealed.


Findings
The literature studied suggests that there is a positive impact of obtaining an MBA degree on the employability of business graduates. However, there is no concrete evidence to show that the impact is big enough to cover the cost and time spent on pursuing the degree. The paper also reveals the various types of WIL modules being followed by some universities to improve skill transfer and to ensure that graduates are work-ready.


Research limitations/implications
Though the question of employability poses a serious threat to the Indian education as well as the industry, little has been done to assess the ways in which the graduates can be made employable. WIL is also being practiced in a very narrow sense and only by institutes of repute. WIL is being practiced in certain countries and the Indian business schools can use these programmes as a guide.


Originality/value
The paper studies the question of employability from the point of view of the Indian economy and educational institutions. It draws from the experiences of other countries in trying to include WIL into the degree programme to facilitate skill transfer."
adult skill training transfer evaluation workplace,crossref,ok,4279760,10.1108/13665620710757860,Factors associated with transfer of training in workplace e‐learning,2007,"PurposeThe purpose of this study is to investigate the effect of factors associated with e‐learning, particularly computer attitudes and usability, on transfer of training in workplace e‐learning courses.Design/methodology/approachThis study relied on quantitative data obtained from four online survey questionnaires. The sample of this study was 47 learners who took either one soft‐skill e‐learning course or one hard‐skill e‐learning course in a selected company and their supervisors.FindingsThe results demonstrated that learners' computer attitudes impact their perception of the usability of the e‐learning courses, and that this perception influences the degree of their transfer of training. The results imply that when learners come to an e‐learning class with positive attitudes toward computers, they feel the e‐learning course system to be more satisfactory and efficient, and accordingly they can better transfer what they have learned to job performance.Research limitations/implicationsThe sample of this study is limited. Further research studies with various learners should be conducted. Additionally, the measure of transfer merely relied on their perception of it. Further studies should give more attention to the multifaceted measures of the actual transfer. Finally, further research should be conducted to examine other general factors pertaining to the transfer of training in e‐learning settings in addition to computer attitudes and usability.Originality/valueThe study expands the knowledge base regarding transfer of training by focusing on e‐learning, which is rapidly growing and receiving great attention in the workplace, and thus contributes to the establishment of a more comprehensive model of transfer of training."
adult skill training transfer evaluation workplace,crossref,ok,4279760,10.4018/ijkm.394820,Design and Evaluation of a Personalized Knowledge-Based Physical Education System in Virtual Reality,2025,"Traditional physical education often lacks personalization and fails to optimize training efficiency. To address this, this study proposes a three-layer VR-based framework integrating data acquisition, algorithmic analysis, and immersive content delivery to support personalized and adaptive sports training. The framework enables real-time feedback and dynamic course adjustment based on individual performance and interest. Empirical results show that the VR-enhanced training improves basketball shooting efficiency by 1.79 times, reduces fatigue through a 23% improvement in blood lactate threshold, and achieves high movement consistency across scenarios (ρ=0.92). These findings demonstrate the framework's effectiveness in enhancing both skill acquisition and transfer. This research provides a replicable model for intelligent physical education systems, contributing to the integration of knowledge management and experiential learning in sports training."
adult skill training transfer evaluation workplace,crossref,ok,4279760,10.1080/18146627.2014.935007,Going beyond Kirkpatrick's Training Evaluation Model: The role of workplace factors in distance learning transfer,2014,
adult learner assessment self-assessment accuracy,crossref,ok,3549207,10.4324/9781315041520-7,What is learner self assessment?,2013,
adult learner assessment self-assessment accuracy,crossref,ok,3549207,10.4324/9781410605283-12,Portfolios: Vehicles for Authentic Self-Assessment,2012,
adult learner assessment self-assessment accuracy,crossref,ok,3549207,10.4135/9781526401861.n9,Self-Regulated Learner: Learner Autonomy,2014,
adult learner assessment self-assessment accuracy,crossref,ok,3549207,10.4324/9781410605283-10,Analyzing Self-Repair: An Alternative Way of Language Assessment,2012,
adult learner assessment self-assessment accuracy,crossref,ok,3549207,10.1186/s40468-022-00209-x,"Learner-oriented assessment (LOA) practice: the comparative study of self-assessment, peer assessment, and teacher assessment on EFL learners’ writing complicity, accuracy, and fluency (CAF), speaking CAF, and attitude",2022,"AbstractAs the effects of self-assessment, peer assessment, and teacher assessment on EFL learners’ writing CAF and speaking CAF have not examined in Iran, this research compared their effectiveness on developing Iranian EFL students’ writing CAF and speaking CAF. Moreover, this research examined the attitudes of EFL students towards the three types of assessments. To achieve these objectives, 75 Iranian intermediate EFL learners were selected based on a convenience sampling method and divided into three groups. Next, all groups were pretested on two skills of writing and speaking. Then, one group was taught writing and speaking skills by using teacher assessment, the second group was taught the same skills through using self-assessment; and the other group received the treatment by applying peer assessment. After an 18-session instruction, writing and speaking posttests were administered to the three groups, and also, three attitude questionnaires were distributed among them. The outcomes of one-way ANOVA tests revealed that the peer-assessment and self-assessment groups outflanked the teacher-assessment group on the writing and speaking posttests. The findings showed that the respondents of the three groups presented favorable attitudes towards the three sorts of assessments. It was concluded that the peer and self-assessment are useful techniques to develop EFL learners’ writing and speaking skills. At the end of the study, a couple of implications and recommendations were enumerated."
adult learner assessment self-assessment accuracy,crossref,ok,3549207,10.4324/9781410605283-9,Exploring the Effectiveness of Self-Assessment Strategies in ESL Placement,2012,
adult learner assessment self-assessment accuracy,crossref,ok,3549207,10.21062/edp.2022.009,ACCURACY OF PUPILS´ SELF-ASSESSMENT,2022,
adult learner assessment self-assessment accuracy,crossref,ok,3549207,10.4324/9781410605283-8,Defining a Flexible Common Measurement Scale: Descriptors for Self and Teacher Assessment,2012,
adult learner assessment self-assessment accuracy,crossref,ok,3549207,10.4102/sajip.v48i0.1926,The Adult Learner Self-Directedness Scale: Validity and reliability assessment,2022,
adult learner assessment self-assessment accuracy,crossref,ok,3549207,10.55640/eijp-06-06-03,Self-Assessment as A Tool for Promoting Learner Autonomy in EFL Classrooms,2026,"Self-Assessment as a Tool for Promoting Learner Autonomy in EFL Classrooms: A Review of Current Perspectives Abstract Learner autonomy has become one of the major objectives of contemporary English as a Foreign Language (EFL) education. As language teaching increasingly adopts learner-centered approaches, students are expected to take greater responsibility for their own learning. Among various pedagogical strategies, self-assessment has attracted considerable attention due to its potential to promote reflection, self-regulation, and independent learning. This article reviews current theoretical and empirical perspectives on the role of self-assessment in fostering learner autonomy in EFL classrooms. Drawing on previous studies, the paper examines the relationship between self-assessment, reflection, learner responsibility, and autonomous learning behaviors. The literature suggests that self-assessment enables learners to evaluate their own performance, identify strengths and weaknesses, and establish learning goals. Furthermore, portfolio-based self-assessment practices encourage continuous reflection and support the development of self-regulated learning skills. The review highlights the pedagogical value of self-assessment as a learner-centered approach that contributes to students’ academic growth and lifelong learning. The paper concludes that integrating self-assessment into EFL instruction can significantly enhance learner autonomy and encourage students to become active participants in their own learning process."
adult learner assessment self-assessment accuracy,crossref,ok,3549207,10.18297/etd/2324,"Improving the accuracy of middle school students' self-assessment, peer assessment, and mathematics achievement.",,
adult learner assessment self-assessment accuracy,crossref,ok,3549207,10.1037/e588552007-001,The accuracy of self-assessment and peer-assessment with expert-assessment,2006,
adult learner assessment self-assessment accuracy,crossref,ok,3549207,10.1093/oxfordhb/9780190248130.013.65,Self-Assessment of Singing Accuracy,2019,"This chapter presents a series of three research studies conducted to determine how teachers can best employ self-assessment to help elementary school children improve their singing accuracy. The first study examines the accuracy of children’s self-assessment, the second details the effects of teacher feedback on self-assessment accuracy, and the third describes the effects of peer feedback on self-assessment accuracy. Implications are that informal self-assessment of singing skills, conferencing with peers regarding singing skills, and practicing singing and self-assessment are activities that may contribute to accurate self-assessment in using correct words, singing in time, and using singing voices, and to somewhat accurate self-assessment in ability to match pitch. Including teacher feedback and peer feedback individually has yielded mixed results in increasing singing self-assessment accuracy in the combined areas of using singing voice, matching pitch, and melodic contour—with peer feedback over a slightly long period of time being more effective."
adult learner assessment self-assessment accuracy,crossref,ok,3549207,10.4324/9780203809426,Perspectives from the European Language Portfolio,2012,
adult learner assessment self-assessment accuracy,crossref,ok,3549207,10.4018/979-8-3373-9639-2.ch014,AI-Augmented Self-Assessment in TEFL,2026,"Generative artificial intelligence is rapidly reshaping language education, yet its role in assessment remains contested. This chapter examines how AI can support learner self-assessment in Teaching English as a Foreign Language (TEFL) without displacing learner agency or authorship. Drawing on research in formative assessment, self-regulated learning, feedback literacy, and evaluative judgement, the chapter proposes a conceptual framework for AI-augmented self-assessment grounded in the principle that AI should function as a coach rather than an author. Prompt engineering is reframed as a form of pedagogical design that structures reflective dialogue between the learner and the AI system. The chapter introduces three prompt families—diagnostic, reflective, and goal-setting—and integrates them into a practical six-stage self-assessment cycle applicable to classroom, blended, and online TEFL contexts. The discussion also addresses ethical and validity considerations associated with AI-supported assessment practices."
adult learner assessment self-assessment accuracy,crossref,ok,3549207,10.4324/9781410605283-7,Moving Toward Learner-Directed Assessment,2012,
adult learner assessment self-assessment accuracy,crossref,ok,3549207,10.4324/9781410605283-14,Epilogue: Promoting Learner-Directed Assessment,2012,
adult learner assessment self-assessment accuracy,crossref,ok,3549207,10.5790/hongkong/9789888083640.003.0003,"Learner autonomy, self-assessment and language tests: Towards a new assessment culture",2011,
adult learner assessment self-assessment accuracy,crossref,ok,3549207,10.4324/9781003140016-16,"Empowering Learners' Self-Assessment, Peer-Assessment, and Sport Learning Through Technology",2022,
adult learner assessment self-assessment accuracy,crossref,ok,3549207,10.1007/978-981-16-8240-7_3,"Nurturing Learner Self-efficacy Beliefs in STEM Through Citizen Science: Theory, Assessment, and Applications",2022,
adult learner assessment self-assessment accuracy,crossref,ok,3549207,10.3791/69841,"Explainable AI Framework for Accuracy, Fairness, and Learner Perception in English Writing Assessment",2025,
adult learner assessment self-assessment accuracy,crossref,ok,3549207,10.4324/9781315226521-2,The adult as learner and teacher,2017,
adult learner assessment self-assessment accuracy,crossref,ok,3549207,10.1016/b978-012343013-7/50008-2,Self-Assessment,2006,
adult learner assessment self-assessment accuracy,crossref,ok,3549207,10.1002/nsr.30241,"Market portfolio assessment to adult students, entire campus",2017,"“Working with adult students is really about marketing,” said Tracy Noyes, adult learning specialist at Western Technical College. Noyes, who worked in a position in marketing and research at the University of Wisconsin‐LaCrosse, believes that her prior work with marketing helps her immensely while working with adult learners at WTC."
adult learner assessment self-assessment accuracy,crossref,ok,3549207,10.4324/9781410605283-11,Portfolio Practices in Elementary and Secondary Schools: Toward Learner-Directed Assessment,2012,
adult learner assessment self-assessment accuracy,crossref,ok,3549207,10.17507/tpls.0601.06,Self Assessment and Learner Autonomy,2016,
adult learner assessment self-assessment accuracy,crossref,ok,3549207,10.31542/k2xzwx56,Supporting Learner Development Through Self-Assessment,2025,"Given the scale and pace of change of sustainability challenges in the world today, it is vital for students to develop into expert learners who can assess their abilities and knowledge and identify future learning needs. Self-assessment is not a straightforward task and requires support to develop. The current study examined the effect of using self-assessment over time, combined with reflection, on students’ abilities to develop self-assessment skills. The study was conducted in an undergraduate course that uses project-based, problem-based learning to engage students in real-world projects regarding sustainability. The findings indicate that while students can engage in quantitative self-assessment, there are concerns with accuracy and metacognition. Reflection regarding their self-assessment contributes to addressing these issues. In addition, to be effective, students require guidance on how to recognize and explore what they do not yet know. Finally, they also need support in recognizing learning as an active process that occurs over time. This study frames self-assessment as a tool for developing informed judgment of their own learning and future learning needs rather than as a tool for summative assessment of past learning. Implications for future research are discussed."
adult learner assessment self-assessment accuracy,crossref,ok,3549207,10.4018/979-8-3373-9639-2.ch009,Reimagining TEFL Assessment Through Technology-Enhanced Learner Autonomy,2026,"This chapter per the authors examines how technology-enhanced assessment can be redesigned to promote learner autonomy in TEFL classrooms. It argues that digital tools become educationally valuable only when they support reflection, feedback use, self-regulation, and learner decision-making rather than simply digitizing traditional tests. Drawing on learner autonomy, formative assessment, self-regulated learning, feedback literacy, evaluative judgement, and technology-enhanced language learning, the chapter discusses e-portfolios, learning management systems, technology-mediated peer assessment, automated writing feedback, and AI-supported reflection. It also proposes a practical framework based on access, evidence, reflection, feedback action, and learner decision-making. The chapter concludes with implications for teachers, curriculum designers, institutions, and researchers seeking to align digital assessment with learner agency, ethical technology use, and sustainable language learning."
adult learner assessment self-assessment accuracy,crossref,ok,3549207,10.21125/edulearn.2026.0720,THE IMPACT OF SELF-ASSESSMENT ON LEARNER MOTIVATION AND ACHIEVEMENT,2026,
adult learner assessment self-assessment accuracy,crossref,ok,3549207,10.31219/osf.io/74fbe,Self-assessment and Language Learner Autonomy: An Exploratory Study in a Vietnamese University,2022,"This paper aims to explore the role of self-assessment in developing language learner autonomy in the Vietnamese higher education context. Specifically, it focuses on how the assessment for English language learning is currently conducted and how this relates to learner autonomy. Despite the Vietnamese government’s official requirement for learner autonomy, Vietnamese higher education’s language academic context provides presently little space for autonomous learning. The idea of self-assessment is relatively unfamiliar and has, therefore, been little investigated. Based on qualitative data from observations and interviews with 38 university students, this paper presents the understanding of learner autonomy in Vietnamese higher education. In particular, the findings suggest that self-assessment may be a useful operational approach for fostering language learner autonomy in Vietnam and other similar settings. Also, they highlight the demand of promoting self-assessment literacy and the importance of self-assessment principles within the local context."
adult learner assessment self-assessment accuracy,crossref,ok,3549207,10.1017/cbo9780511997976.011,Paper 10,2012,
adult learner assessment self-assessment accuracy,crossref,ok,3549207,10.1017/cbo9780511997976.002,Paper 1,2012,
adult learner assessment self-assessment accuracy,crossref,ok,3549207,10.1017/cbo9780511997976.009,Paper 8,2012,
adult learner assessment self-assessment accuracy,crossref,ok,3549207,10.1017/cbo9780511997976.010,Paper 9,2012,
adult learner assessment self-assessment accuracy,crossref,ok,3549207,10.1017/cbo9780511997976.008,Paper 7,2012,
adult learner assessment self-assessment accuracy,crossref,ok,3549207,10.1017/cbo9780511997976.005,Paper 4,2012,
adult learner assessment self-assessment accuracy,crossref,ok,3549207,10.1017/cbo9780511997976.001,Preface,,
adult learner assessment self-assessment accuracy,crossref,ok,3549207,10.1017/cbo9780511997976.007,Paper 6,2012,
adult learner assessment self-assessment accuracy,crossref,ok,3549207,10.1017/cbo9780511997976.003,Paper 2,2012,
adult learner assessment self-assessment accuracy,crossref,ok,3549207,10.1017/cbo9780511997976.006,Paper 5,2012,
adult learner assessment self-assessment accuracy,crossref,ok,3549207,10.1017/cbo9780511997976.004,Paper 3,2012,
adult learner assessment self-assessment accuracy,crossref,ok,3549207,10.1080/02602930802255139,Assessment for learner self‐regulation: enhancing achievement in the first year using learning technologies,2009,
adult learner assessment self-assessment accuracy,crossref,ok,3549207,10.1002/nsr.30129,Consider pricing models for prior learning assessment,2016,"BALTIMORE, MD. — What should your institution charge for prior learning assessment? The answer depends on factors including what you offer and where you offer it, said Becky Klein‐Collins, associate vice president for research and policy for the Council for Adult and Experiential Learning."
adult learner assessment self-assessment accuracy,crossref,ok,3549207,10.55248/gengpi.06.1125.3915,"AI Self-Assessment Models: Analytical Evaluation of Accuracy, Bias, and Reliability",2025,
adult learner assessment self-assessment accuracy,crossref,ok,3549207,10.1021/scimeetings.0c04555,Investigating the accuracy of student self-assessment on muddiest point questions,2020,
adult learner assessment self-assessment accuracy,crossref,ok,3549207,10.1057/9781137414380.0010,Assessment as Learner Autonomy,,
adult learner assessment self-assessment accuracy,crossref,ok,3549207,10.1021/scimeetings.0c04554,Investigating the accuracy of student self-assessment on muddiest point questions,2020,
adult learner assessment self-assessment accuracy,crossref,ok,3549207,10.1515/9789882202856-009,6 Self-assessment in self-directed learning: issues of learner diversity1,1996,
adult learner assessment self-assessment accuracy,crossref,ok,3549207,10.1017/cbo9780511997976,Adult and Paediatric ALS,2012,"Competency in resuscitation is a necessity for most clinical staff, with many attending Advanced Life Support (ALS) courses. Adult and Paediatric ALS: Self-assessment in Resuscitation uses an innovative question-and-answer structure and Resuscitation Council (UK) 2010 Guidelines to provide a complete overview of all aspects of advanced life support and resuscitation in adults and children. Comprising ten chapters of multiple choice questions, diagnostic questions, colour photo questions and comprehensive answers, this resource aids revision of the adult and paediatric ALS syllabus and assists readers in gaining a thorough understanding of all aspects of resuscitation science and practice. Written by a leading resuscitation expert, Adult and Paediatric ALS: Self-assessment in Resuscitation is essential reading for anyone undertaking resuscitation training, beginning training in acute resuscitation specialities or wishing to update their knowledge of advanced life support."
adult learner assessment self-assessment accuracy,crossref,ok,3549207,10.1007/11774303_93,Scrutable Learner Modelling and Learner Reflection in Student Self-assessment,2006,
workplace training evaluation delayed follow-up measure,crossref,ok,3885151,10.4135/9781071878712.n33,Training Follow-Up Activities,2016,
workplace training evaluation delayed follow-up measure,crossref,ok,3885151,10.1177/10482911211010343,Opioids and the Workplace Prevention and Response Awareness Training: Mixed Methods Follow-Up Evaluation,2021,"The National Institute of Environmental Health Sciences Worker Training Program piloted an Opioids and the Workplace: Prevention and Response training tool and program in 2019. The pilot trainees ( N = 97) were surveyed ( n = 27) and interviewed ( n = 6) six months posttraining, and those who downloaded the training tool from the Worker Training Program website ( n = 87) were surveyed ( n = 19) and interviewed ( n = 1) two to six months postdownload, to evaluate the impact of the training program. Workplace policy and program-level actions were reported less frequently than individual-level actions by trainees, except for planning and conducting training and education. Barriers to taking actions included not being able to make changes on their own without supervisor support and lack of upper management support and approval. We found some evidence that the Opioids in the Workplace training program and materials contributed to helping workers introduce policies and programs related to opioids within their workplace or union."
workplace training evaluation delayed follow-up measure,crossref,ok,3885151,10.1186/isrctn23369176,Follow-up evaluation of a social-communication parent training intervention for pre-school child autism,2012,
workplace training evaluation delayed follow-up measure,crossref,ok,3885151,10.1093/annweh/wxab112,Opioids and the Workplace Prevention and Response Train-the-Trainer and Leadership Training Mixed Methods Follow-up Evaluation,2021,"Abstract
                  
                    Objectives
                    This study was designed to evaluate the outcomes of a national summer 2020 ‘Opioids and the Workplace’ Prevention and Response (OWPR) Train-the-Trainer (TTT) and Leadership training tool and program at 6-month follow-up. The TTT program goal is to help instructors plan and conduct education and training on opioids and the workplace awareness. The Leadership program goal is to help trainees, who are in a position to take organizational level actions, implement policies, and programs related to opioid and substance use and injury prevention.
                  
                  
                    Methods
                    Trainees were from various backgrounds, such as labor unions, academic consortiums, health and safety professionals, government, and community organizations. About 6 months following each individual course date a follow-up survey was sent to each available participants’ e-mail (n = 53 TTT, n = 28 Leadership) with a response rate of 47.2% for the TTT (n = 25) and 63.2% for Leadership (n = 12). Trainees were asked about individual or workplace level actions taken; any obstacles that prevented them or their coworkers from being involved in or conducting activities; if the OWPR training tool was used in their workplace for a training program; and whether the pandemic impacted their ability to address opioids in the workplace.
                  
                  
                    Results
                    Among TTT trainees, about half of follow-up survey respondents from the 2020 training reported planning and conducting training and education, reaching out to coworkers to see how they are doing, sharing factsheets and information from the opioid training with coworkers, and re-focusing on self-care. Among Leadership trainees, about two-fifths of follow-up survey respondents from the 2020 training reported sharing factsheets and information from the opioid training. Some trainees described the COVID-19 pandemic as limiting their ability to take actions in addressing opioids and the workplace.
                  
                  
                    Conclusions
                    Evidence supports that the ‘Opioids and the Workplace’ Train-the-Trainer program and materials have contributed to helping trainees plan and conduct opioids awareness training at their organizations. Evidence supports that the Opioids in the Workplace Leadership program helped contribute to trainees taking workplace level actions to implement policies and programs."
workplace training evaluation delayed follow-up measure,crossref,ok,3885151,10.7554/elife.28974.010,Figure 3—figure supplement 1. Retention of learning.,,
workplace training evaluation delayed follow-up measure,crossref,ok,3885151,10.32388/1poqk5,Follow-Up Form Outcome Measure of Success Not Applicable,2020,
workplace training evaluation delayed follow-up measure,crossref,ok,3885151,10.1037/e511202006-004,One-VA Survey Follow-Up Seeks Better Workplace,1998,
workplace training evaluation delayed follow-up measure,crossref,ok,3885151,10.4324/9780080455785-13,FOLLOW-UP WORK: ACTION PLANNING,2006,
workplace training evaluation delayed follow-up measure,crossref,ok,3885151,10.3362/9781780446295.003,"Monitoring, evaluation and follow-up",1998,
workplace training evaluation delayed follow-up measure,crossref,ok,3885151,10.1016/b978-0-7506-6369-4.50013-0,Follow-Up Work: Action Planning,2006,
workplace training evaluation delayed follow-up measure,crossref,ok,3885151,10.1108/978-1-68123-130-320251010,Does Your Organization Measure Up?,2015,
workplace training evaluation delayed follow-up measure,crossref,ok,3885151,10.1590/s1980-57642011dn05010009,Cognitive training based on metamemory and mental images: Follow-up evaluation and booster training effects,2011,"Abstract In the second semester of 2008, 37 seniors participated in five cognitive training sessions based on creation of imagery and modification of self-efficacy for memory tasks.  Objective: To carry out a follow-up evaluation after 18 months in order to detect possible maintenance of gains reported in the first post-test, namely, in measures of self-efficacy and episodic memory, and to evaluate the impact of a training booster, that is, test whether there are additional gains when training is offered for the second time to the same participants.  Methods:  16 older adults agreed to participate in five training sessions for the second time. Participants were evaluated with the Mini Mental Status Examination - MMSE, the Geriatric Depression Scale - GDS, the Brief Cognitive Screening Battery - BCSB (naming and memorization of 10 pictures, animal category verbal fluency test, the Clock Drawing Test - CDT), the Story subtest from the Rivermead Behavioural Memory Test - RBMT, the Memory Complaint Questionnaire - MAC-Q, and the Picture and Story domains from the Memory Self-Efficacy Questionnaire - MSEQ used to evaluate the effectiveness of the first intervention.  Results:  This study reports the maintenance of the effects generated by the original training conducted in 2008, and follow-up evaluations detected the presence of potential additional gains in some aspects of memory.  Conclusions: Training boosters may help maintain cognitive stability in adulthood and old age."
workplace training evaluation delayed follow-up measure,crossref,ok,3885151,10.1037/e452922004-001,A PERFORMANCE-ORIENTED ELECTRONICS TECHNICIAN TRAINING PROGRAM: II. INITIAL FLEET FOLLOW-UP EVALUATION OF GRADUATES.,1966,
workplace training evaluation delayed follow-up measure,crossref,ok,3885151,10.14217/9781848595606-26-en,Evaluation and follow-up activities,1996,
workplace training evaluation delayed follow-up measure,crossref,ok,3885151,10.2986/tren.006-1248,Four Training Lessons For Follow-Up To An Evangelistic Event,,
workplace training evaluation delayed follow-up measure,crossref,ok,3885151,10.59462/3071-0448.c0.101,Four Years follow up of Traumatized Anterior Teeth after Delayed Management,2024,
workplace training evaluation delayed follow-up measure,crossref,ok,3885151,10.1080/03601270600724302,Follow-up Evaluation of a Faculty Training Program in Aging Research,2006,
workplace training evaluation delayed follow-up measure,crossref,ok,3885151,10.18535/jmscr/v6i8.54,Measuring the Effect of the Follow-up Evaluation of the Training Exercises for the Tension of Supraspinatus Muscle Animation Injury and Some Physical and Functional Variables,2018,
workplace training evaluation delayed follow-up measure,crossref,ok,3885151,10.4085/1947-380x-4.3.117,Evaluation Models for Continuing Education Program Efficacy: How Does Athletic Training Continuing Education Measure Up?,2009,"Objective: Although continuing education is required for athletic trainers (AT) to maintain their Board of Certification credential, little is known regarding its efficacy for advancing knowledge and improving patient care. Continuing professional education (CPE) is designed to provide professionals with important practical learning opportunities. The purpose of our literature review is to provide ATs with an understanding of the primary evaluation models for CPE programs and identify how athletic training compares to the current models. We then explicate how adult learning theories can influence both CPE program development and evaluation.
        
          Data Sources: We conducted a review of pertinent literature from 2005–2008 using the Cumulative Index to Nursing and Allied Health Literature (CINAHL) with the following search terms in various combinations: andragogy, adult education, continuing education, continuing professional education, lifelong learning, and evaluation. This search resulted in approximately 190 hits.
        
          Data Synthesis: We reviewed research studies that examined CPE effectiveness and the application of adult learning theories in program development. Our findings revealed that most CPE programs fail to assess acquisition or retention of knowledge in allied healthcare professions. To date, no studies in athletic training have investigated the extent to which CPE influences patient care.
        
          Conclusions/Recommendations: We suggest conducting learning outcome studies to examine how ATs acquire and retain CPE program content and then apply it to their professional practice. Furthermore, we recommend incorporating adult learning theory into all CPE practices, including conference planning."
workplace training evaluation delayed follow-up measure,crossref,ok,3885151,10.4324/9781315211206-24,Follow-Up,2017,
workplace training evaluation delayed follow-up measure,crossref,ok,3885151,10.1176/ajp.132.8.821,A program of research training in psychiatry: ten-year evaluation and follow-up,1975,
workplace training evaluation delayed follow-up measure,crossref,ok,3885151,10.1093/oso/9780195128888.003.0006,Protocols for Case Reporting and Follow-Up,2000,"Abstract
                  This step is oriented to surveillance systems with active case reporting by health care professionals and active case follow-up. Sentinel event surveillance systems created over the last decade by state public health agencies provide many examples (See Chapters 11-16)."
workplace training evaluation delayed follow-up measure,crossref,ok,3885151,10.1007/978-0-230-21276-3_14,Workplace learning and the limits to evaluation,2000,
workplace training evaluation delayed follow-up measure,crossref,ok,3885151,10.7759/cureus.5444,Conservative Management of a Delayed Benign Gastrobronchial Fistula: A 20-Year Follow-up,2019,
workplace training evaluation delayed follow-up measure,crossref,ok,3885151,10.1037/t73253-000,Surgical Follow-Up Measure,2019,
workplace training evaluation delayed follow-up measure,crossref,ok,3885151,10.1108/eb003159,Training BOAC secretaries,1971,"Articles in June and July ICT have described a system of training for secretaries in BOAC giving, in some detail, the analysis of training needs, the design of courses and the system and result of in‐course evaluation. This article deals with post‐course evaluation and attempts to consider the cash value of the training."
workplace training evaluation delayed follow-up measure,crossref,ok,3885151,10.2337/diacare.17.1.1,Long-Term Follow-Up Evaluation of Blood Glucose Awareness Training,1994,"OBJECTIVE
                  Blood glucose awareness training (BGAT) has been found effective in teaching individuals with insulin-requiring diabetes to improve their ability to better recognize blood glucose (BG) fluctuations. This study investigated whether subjects who underwent BGAT a mean of 4.9 years previously were superior to past control subjects in terms of their ability to recognize BG fluctuations, and whether past BGAT subjects had fewer automobile crashes and lost work days and better glycosylated hemoglobin than control subjects. Additionally, the beneficial effects of providing booster training to past BGAT subjects also was evaluated.
               
               
                  RESEARCH DESIGN AND METHODS
                  This study followed up 28 past BGAT subjects. Half of these subjects (n = 14) received a simple booster-training program. Twelve previous control subjects also were evaluated. Booster subjects were given a BGAT diary to complete for 2 weeks before evaluation. Evaluation for all subjects included completion of a retrospective questionnaire on work and driving history, blood drawing for a glycosylated hemoglobin analysis, and having subjects estimate and measure their BG levels 50–80 times during a 3- to 4-week period during their daily routine.
               
               
                  RESULTS
                  At long-term follow-up, BGAT subjects had significantly fewer automobile crashes than control subjects. BGAT subjects receiving booster training were significantly more accurate at estimating their BG levels and were more aware of hypoglycemia. Post hoc analyses indicated that the ability to accurately estimate BG fluctuations correlated positively with follow-up glycosylated hemoglobin and the number of hypoglycemic and hyperglycemic symptoms participants demonstrated.Both BGAT and control subjects demonstrated significantly improved glycosylated hemoglobin relative to baseline measures.
               
               
                  CONCLUSIONS
                  These data suggest that BGAT has long-term benefits, which can be enhanced with booster training. Specifically, BGAT and simple booster training may result in reduction of severe hypoglycemic episodes and automobile crashes in the long term."
workplace training evaluation delayed follow-up measure,crossref,ok,3885151,10.1093/eurpub/ckz186.406,Evaluation of chronic disease follow-up training of family physicians in primary care units,2019,"Abstract
               
                  Background
                  Chronic diseases are a major cause of morbidity and mortality due to late diagnosis and insufficient treatment. This study deals with the training on chronic diseases organized by the Ministry of Health in the provinces. The aim of this study was to measure the effectiveness of training programs for family physicians in a province.
               
               
                  Methods
                  This semi experimental study was carried out during the training held in Bingöl that is eastern city of Turkey, on 22-26 October 2018 and 19-20 December 2018. The universe of the study consisted of family physicians working in the province. Of the 90 family physicians working in the province, 75 participated in the study. The training was conducted by the researchers and (before-after) 16-question test to the participants were used. The trainings cover the sub-heading Cardiovascular Risk Assessment and Diagnosis and Treatment of Hypertension. The family physicians were divided into 7 groups and were given 7-hour training. SPSS 25 program was used to analyze the data. In the analysis of data, Wilcoxon test, Cochran’s Q test and Bayesian approach samples t test were used.
               
               
                  Results
                  The average number of correct before training was 7.33 (min: 2 - max: 13), after training 12.64 (min: 7- max: 16; p &amp;lt; 0.001). After the training, participants’ correct answers to 15 questions increased (p &amp;lt; 0.001). Increase rate is 71%. Bayesian factor was found to be &amp;lt; 0.001 according to the results of Bayesian approach t test. There is definite evidence against the H0 hypothesis. According to the results of this quasi-experimental study, training is very effective.
               
               
                  Conclusions
                  In this study, it was shown that the education of the family physicians about the chronic diseases of the Ministry of Health is effective in increasing the knowledge level of family physicians.
               
               
                  Key messages
                  The training of the family physicians in charge of the primary health care is important. This study showed that education is very effective accorging to the pre-training."
workplace training evaluation delayed follow-up measure,crossref,ok,3885151,10.1002/bin.2360010104,Training community residential staff: Evaluation and follow‐up,1986,"AbstractThe purpose of this study was to evaluate the effect of a comprehensive residential direct‐care staff training program on staff knowledge, record keeping, habilitation delivery, and turnover. A 40‐hour training course was presented to 18 direct‐care staff employed in three community residential facilities (CRF), while 18 staff in three other CRFs were placed on a waiting list. Sixteen of 18 trained staff (89%) increased use of habilitation activities, averaging 35.44% programming after training. Only six (33%) of the staff on the waiting list increased programming. The effectiveness of training was assessed against the gains of developmentally disabled (DD) consumers. In the training group, 31 of 36 (86.11%) residents increased on‐task behavior while only 7 of 22 (31.6%) of the waiting list residents increased on‐task behavior. Training also yielded improved client program records and a 50% decrease in staff turnover. Follow‐up over 12 months showed behavior maintenance. Results suggest that training based on clear learner objectives, presented using behavioral procedures, and taught to the entire staff including managers improves staff performance and client benefit."
workplace training evaluation delayed follow-up measure,crossref,ok,3885151,10.4103/sej.sej_96_16,Delayed management of avulsed mandibular incisor teeth: 4-year follow-up,2017,"Tooth avulsion represents one of the most challenging dental traumas in terms of emergency and definitive treatment. Immediate replantation is recommended for best prognosis. However, delayed replantation is usually inevitable, which usually leads to root resorption and often times tooth loss. This case reports the management of an 8-year-old boy who presented 4 months after replantation and repositioning of avulsed mandibular right central and lateral incisor teeth (#41 and #42) and luxated mandibular left central incisor tooth (#31) with established root resorption. Although the prognosis of the avulsed teeth was poor, 4-year follow-up revealed functional healing of tooth #42 and partial healing of tooth #41 and arresting of the resorption. Tooth #31 showed canal obliteration. Currently, all teeth are asymptomatic and have normal percussion and mobility. In conclusion, saving an avulsed tooth of a child for few years would be very important for future prosthetic plans."
workplace training evaluation delayed follow-up measure,crossref,ok,3885151,10.1017/s1754470x14000269,Do they practice what we teach? Follow-up evaluation of a Schema Therapy training programme,2014,"AbstractThis study evaluated a 3-day Schema Therapy (ST) training programme for trainee clinical psychologists. The training used an experiential model of learning, which was intended to encourage the transfer of knowledge and techniques from the learning environment into clinical practice. Using a mixed-methods approach, the training programme was evaluated in terms of: (1) self-reported changes in knowledge, confidence and willingness to use ST-informed techniques; (2) whether the training was integrated into clinical practice; and (3) the perceived barriers/facilitators to achieving practice integration. Participants – 17 of the 19 trainee clinical psychologists enrolled on the ST training programme – completed assessments immediately pre- and post-training. Participants were subsequently followed-up for reassessment 3 months after the training. Group- and individual-level analyses showed that most participants reported training-related gains in knowledge and confidence; these were largely sustained at follow-up, and were associated with post-training practice integration of ST concepts and techniques. Analysis of qualitative data identified factors moderating use of training in practice. Findings of the study have implications for future delivery and evaluation of training in cognitive-behavioural therapies."
workplace training evaluation delayed follow-up measure,crossref,ok,3885151,10.1080/03601277.2025.2575902,Effectiveness of physical activity training and follow-up in older adults at risk for falls running head: Effectiveness of physical activity training program and follow-up,2025,
workplace training evaluation delayed follow-up measure,crossref,ok,3885151,10.46298/cst.11829,Evaluation studies follow-up and follow-up studies evaluation,1985,"For more than twenty years, many studies have been conducted for evaluating and measuring the effects (""follow of study"") of transport network investments. It is possible now to understand interrelations between those two ways of studying. An historical example put into evidence difficulties inherent in those studies, such as problems about choice of temporal scales, of spatial scales, and about interrelations between modes of transport.
          Depuis plus de vingt ans, de nombreuses évaluations et de nombreux suivis ont été réalisés en France en ce qui concerne les investissements de transport. Il est ainsi possible de repérer, à travers leur évolution, les liens qui se sont établis entre ces deux démarches. Il apparaît ainsi qu'elles sont dans une situation de dépendance mutuelle. Un exemple historique permet de mieux percevoir les difficultés inhérentes à ces deux types de recherche en ce qui concerne les échelles spatiales, les échelles temporelles, les interdépendances entre les modes de trans¬port et les conceptions relatives au temps et à l'espace."
workplace training evaluation delayed follow-up measure,crossref,ok,3885151,10.26226/morressier.57bc1758d462b80290b4d1ac,EVALUATION OF HYPOGAMMAGLOBULINEMIA OF UNCERTAIN  SIGNIFICANCE: CLINICAL  FOLLOW UP,2016,
workplace training evaluation delayed follow-up measure,crossref,ok,3885151,10.5220/0014633600004084,NEF: Neural Error Fields for Follow-up Training with Fewer Rays,2026,
workplace training evaluation delayed follow-up measure,crossref,ok,3885151,10.1097/id.0b013e31825feb16,Retrospective Clinical Evaluation of Tapered Implants,2012,
workplace training evaluation delayed follow-up measure,crossref,ok,3885151,10.7717/peerj.9782/supp-9,Supplemental Information 9: One-year follow-up survey provided to students allocated to receive teen MHFA training.,,
workplace training evaluation delayed follow-up measure,crossref,ok,3885151,10.1111/j.1399-6576.2011.02474.x,Patients' participation in and evaluation of a follow-up program following intensive care,2011,
workplace training evaluation delayed follow-up measure,crossref,ok,3885151,10.14264/uql.2020.928,The efficacy and usefulness of software carpentry training:&amp;nbsp;a follow-up cohort study,,
workplace training evaluation delayed follow-up measure,crossref,ok,3885151,10.1080/00256307.1975.12022651,Follow-Up on Follow Through,1975,
workplace training evaluation delayed follow-up measure,crossref,ok,3885151,10.1037/e578622009-016,A follow-up study of training components of two psychology graduate training programs,1978,
workplace training evaluation delayed follow-up measure,crossref,ok,3885151,10.1111/j.0361-3666.2006.00318.x,Economic Evaluation of Measles Catch-Up and Follow-Up Campaigns in Afghanistan in 2002 and 2003,2006,
workplace training evaluation delayed follow-up measure,crossref,ok,3885151,10.26226/morressier.5adde3c4d462b80290b597b6,A five-year follow-up observational study of the T-14 paediatric throat disorders outcome measure in tonsillectomy and adenotonsillectomy.,2018,
workplace training evaluation delayed follow-up measure,crossref,ok,3885151,10.14744/tej.2021.06078,Delayed reimplantation of an avulsed central incisor: a 12-year follow-up,2021,
workplace training evaluation delayed follow-up measure,crossref,ok,3885151,10.31274/rtd-180813-14242,Follow-up evaluation of the agriculture minority summer research internship program,,
workplace training evaluation delayed follow-up measure,crossref,ok,3885151,10.7717/peerj.9782/supp-8,Supplemental Information 8: One-year follow-up survey provided to students allocated to receive physical first aid training.,,
workplace training evaluation delayed follow-up measure,crossref,ok,3885151,10.58809/sfdp5283,Follow-Up Study of the School Psychology Program at Fort Hays State University : Assessing Pertinent Training,,"The present investigation examined the school psychology training program at Fort Hays State University as it relates to the job satisfaction and employability of graduates.  Thirty two graduates of the school psychology program at Fort Hays State University responded to a survey concerning their training, their job satisfaction, and their current occupation.  The findings were discussed in terms of the implications for school psychology training programs in general and the school psychology training program at Fort Hays State University in particular."
workplace training evaluation delayed follow-up measure,crossref,ok,3885151,10.32792/utq/utj/vol14/4/12,Measuring the Effect of the Follow-up Evaluation of the Training Exercises for the Tension of Supraspinatus Muscle Animation Injury and Some Physical and Functional Variables,2020,
workplace training evaluation delayed follow-up measure,crossref,ok,3885151,10.18356/e67b865c-en,Training follow-up,2020,
workplace training evaluation delayed follow-up measure,crossref,ok,3885151,10.4135/9781483328393.n17,Use of a Reminder Letter to Encourage Follow-Up Visits,1999,
skill assessment cost time trade-off training evaluation,crossref,ok,7306691,10.36277/transukma.v3i2.80,Optimasi Waktu dan Biaya Proyek Menggunakan Metode Time Cost Trade Off (TCTO),2021,"Tujuan penelitian ini menghitung perubahan biaya dan waktu pelaksanaan proyek dengan variasi penambahan jam kerja (lembur) dan penambahan alat berat, serta membandingkan dengan perubahan biaya sesudah penambahan jam kerja (lembur) dan penambahan alat berat. Data yang digunakan dalam penelitian adalah data sekunder yang diperoleh dari kontraktor pelaksana. Analisis menggunakan metode time cost trade off. Hasil penelitian ini menunjukkan bahwa waktu dan biaya total proyek kondisi normal 180 hari dengan biaya Rp.9.623.581.000. Setelah penambahan 1 jam kerja lembur crashing 164,36 hari dengan biaya Rp.9.642.449.620, penambahan 2 jam kerja lembur crashing 154,46 hari dengan biaya Rp.9.732.056.859, dan penambahan 3 jam kerja lembur crashing 148,32 hari dengan biaya Rp.9.855.824.505. Waktu dan biaya total proyek setelah penambahan alat akibat waktu lembur 1 jam crashing 164,36 hari dengan biaya Rp.9.591.488.049,  penambahan alat akibat waktu lembur 2 jam crashing 154,46 hari dengan biaya Rp.9.568.245.162, dan penambahan alat akibat waktu lembur 3 jam crashing 148,32 hari dengan biaya Rp.9.557.430.488. Berdasarkan hasil penambahan jam lembur dengan penambahan alat dari kondisi normal yang paling efektif adalah penambahan alat akibat durasi dari lembur 3 jam dengan selisih waktu 31,68 hari dan selisih biaya Rp.66.150.512. Biaya mempercepat durasi proyek pada penambahan alat berat lebih murah dibandingkan dengan biaya yang harus dikeluarkan apabila proyek mengalami keterlambatan dan dikenakan denda.&#x0D;
 &#x0D;
The purpose of this study is to calculate changes in the cost and time of project implementation with variations in the addition of working hours (overtime) and the addition of heavy equipment, and to compare with changes in costs after the addition of working hours (overtime) and the addition of heavy equipment. The data used in this research is secondary data obtained from the contractor. The analysis uses the time cost trade off method. The results of this study indicate that the total time and cost of the project under normal conditions is 180 days at a cost of Rp.9,623,581,000. After adding 1 hour of crashing overtime work of 164.36 days at a cost of Rp.9,642,449,620, additional 2 hours of crashing overtime work of 154.46 days at a cost of Rp.9,732,056,859, and additional 3 hours of crashing overtime work of 148.32 days at a cost Rp.9,855,824,505. Time and total cost of the project after adding equipment due to overtime time of 1 hour crashing 164.36 days at a cost of Rp.9,591,488,049, additional equipment due to overtime time of 2 hours crashing 154.46 days at a cost of Rp.9,568,245,162, and additional equipment due to overtime crashing 3 hours 148.32 days at a cost of Rp.9,557,430,488. Based on the results of the addition of overtime hours with the addition of tools from normal conditions, the most effective is the addition of equipment due to the duration of 3 hours of overtime with a time difference of 31.68 days and the difference in cost of Rp.66,150,512. The cost of accelerating the project duration in adding heavy equipment is cheaper than the costs that must be incurred if the project is delayed and is subject to fines."
skill assessment cost time trade-off training evaluation,crossref,ok,7306691,10.18400/tekderg.410934,Time-Cost Trade-Off Optimization with a New Initial Population Approach,2019,"Considering the competitive environment in all
industries, completion on time is crucial for the stakeholders of a project.
This favorable target is achieved by finding the optimal set of time-cost
alternatives and this is known as time-cost trade-off problem (TCTP) in the
literature. In this study, a new initial population approach is presented to improve
the quality of the optimal set of time-cost alternatives. It put a predefined
number of the solutions of the single objective TCTP into the initial
population of teaching learning-based algorithm, which is utilized as an
optimizer for the multi-objective optimization of TCTP. Hence, it is aimed to
descend the randomness on initial population and to decrease the searching
effort to catch the optimal set of time-cost alternatives in the search space.
The proposed methodology is tested on a series of benchmark problems and the
obtained results are compared with those available in the technical literature.
It can produce good solutions as effective as with other techniques applied for
simultaneous optimization of TCTPs."
skill assessment cost time trade-off training evaluation,crossref,ok,7306691,10.36277/transukma.v3i2.81,Kajian Percepatan Proyek dengan Metode Time Cost Trade Off pada Proyek Pembangunan Jalan Tol Balikpapan-Samarinda Seksi V,2021,"Proyek adalah sebuah kegiatan yang bersifat sementara yang telah ditetapkan awal pekerjaannya dan waktu selesainya. Proyek pembangunan Ruas Jalan Tol Balikpapan-Samarinda Seksi V dimulai dari KM 13-Manggar dengan panjang 10,9 km ini dipilih sebagai objek penelitian. Metode yang dapat digunakan untuk mempercepat durasi proyek adalah metode time cost trade off. Tujuan dari penelitian ini adalah mengetahui perbandingan antara biaya dan waktu sebelum dan sesudah penerapan time cost trade off dan mengetahui besar biaya dan waktu optimum menggunakan metode time cost trade off. Hasil penelitian menunjukkan bahwa setelah dilakukan percepatan menggunakan alternatif penambahan jam kerja lembur, diperoleh biaya optimum sebesar Rp853.423.789.864,55 dan waktu optimum 414 hari dengan efisiensi biaya proyek 0,47% dan efisiensi waktu proyek 55,48%, Sedangkan percepatan menggunakan alternatif penambahan jumlah alat berat, diperoleh biaya optimum sebesar Rp858.865.629.963,50 dan waktu optimum 496 hari dengan efisiensi biaya proyek 0,17% dan efisiensi waktu proyek 46,67%.&#x0D;
 &#x0D;
A project is a temporary activity that has been set early work and completion time. Toll road construction project Balikpapan-Samarinda Section V starts from KM 13-manggar with a length of 10.9 km was selected as the research object. The method can be used to speed up the duration of the project is the method of time cost trade off. The purpose of this study was to determine the ratio between the cost and the time before and after the implementation time cost trade off and find out the cost and time of optimum uses time cost trade off. The results showed that after the addition of acceleration using the alternate hours of overtime work, obtained the optimum cost Rp853.423.789.864,55 and optimum time of 414 days with 0.47% project cost efficiency and time efficiency of 55.48% project, While the acceleration using the alternate addition of heavy equipment, obtained the optimum cost Rp858.865.629.963,50 and optimum time of 496 days with 0.17% project cost efficiency and time efficiency of 46.67% project."
skill assessment cost time trade-off training evaluation,crossref,ok,7306691,10.51988/jtsc.v6i2.297,COST AND TIME EVALUATION WITH TIME COST TRADE OFF (TCTO) METHOD IN TIJ TUNNEL CONSTRUCTION  (JOYOBOYO INTERMODA TERMINAL),2025,"Infrastructure development is one of the main indicators in supporting city development, especially in metropolitan areas such as Surabaya. One of the strategic projects being designed is the construction of a pedestrian tunnel that will connect the Joyoboyo Intermodal Terminal (TIJ) with the Surabaya Zoo (KBS). This study aims to optimize the cost and completion time of the project through a case study of the construction of a pedestrian tunnel between TIJ and KBS. Based on the contract's provisions, this project is scheduled to be completed within 156 calendar days, starting on May 30 2024, and ending on November 21, 2024. As an effort to optimize the cost and duration of project implementation, the Time Cost Trade Off (TCTO) approach is used. Through the application of this method, the results obtained that the addition of working time (overtime) for 3 hours per day on the work item of reinforced concrete walls with a thickness of 60 cm and concrete quality Fc'35 MPa (PC 450) is quite effective in accelerating project completion from 156 days to 145 days. In addition, the optimum cost generated is Rp14,116,469,946.62, which means a cost saving of Rp43,510,269.42 compared to the normal cost. From the analysis results, the project time efficiency is 0.31%."
skill assessment cost time trade-off training evaluation,crossref,ok,7306691,10.2139/ssrn.340280,New Computational Results for the Discrete Time/Cost Trade-Off Problem with Time-Switch Constraints,2003,"Recently, time-switch constraints have been introduced in literature by Yang and Chen (2000). Basically, these constraints impose a specified starting time on the project activities and force them to be inactive during specified time periods. This type of constraints have been incorporated into the well-known discrete time/cost trade-off problem in order to cope with day, night and weekend shifts.

In this paper, we propose a new branch-and-bound algorithm which outperforms the previous one by Vanhoucke et al. (2002a). The procedure makes use of a lower bound calculation for the discrete time/cost trade-off problem (without time-switch constraints). The procedure has been coded in Visual C++, version 6.0 under Windows 2000 and has been validated on a randomly generated problem set."
skill assessment cost time trade-off training evaluation,crossref,ok,7306691,10.1109/icmew.2013.6618269,Developing a real-time low-cost system for surgical skill training and assessment,2013,
skill assessment cost time trade-off training evaluation,crossref,ok,7306691,10.2139/ssrn.7519472,Geometric Quantum Speed Limits and Time-Cost Trade-Off in Time-Dependent Quantum Control,2026,"Quantum speed limits (QSLs) fundamentally constrain the rate of quantum state transformations, yet evaluating geometric bounds for driven, noncommuting dynamics remains challenging due to time-ordering and path curvature. Here, we establish an operational framework by combining the Magnus expansion with the derivative of the time-sliced exponential map, systematically obtaining the instantaneous Hermitian generator and quantum Fisher information along arbitrary control protocols. Within this setting, we compare four geometrically distinct bounds (Mandelstam--Tamm, Bures/QFI, Wigner--Yanase, and Margolus--Levitin), demonstrating pure-state equivalence, strict mixed-state separation, and the necessity of dynamic control to approach speed limits. Furthermore, by penalizing control fluence, we cast the QSL into an operational duration--resource trade-off, revealing an exact hyperbolic Pareto frontier with penalty equipartition in a single qubit, an interaction-enforced speed limit in two-qubit entangling gates, and an exact N scaling law for $N$-qubit registers."
skill assessment cost time trade-off training evaluation,crossref,ok,7306691,10.36277/transukma.v4i2.134,OPTIMASI WAKTU DAN BIAYA DENGAN METODE TIME COST TRADE OFF (TCTO) PADA PROYEK PENAMBAHAN BANGUNAN PASAR RAKYAT,2022,"Di daerah perkotaan terutama di kota-kota besar seperti kota balikpapan, pertambahan penduduk dan kemajuan jaman mengakibatkan semakin sulit akan lahan untuk bangunan yang memenuhi kebutuhan sehari-hari. Dalam pembangunan suatu proyek konstruksi, pengendalian biaya dan waktu proyek merupakan hal yang penting dalam proses pengolahan manajemen proyek. Proyek penambahan bangunan yang sudah ada membutuhkan 140 hari kerja kalender untuk menyelesaikan bangunan penambahan, dengan biaya pekerjan sebesar Rp.642.642.000. Analisis pengendalian dilakukan karna mengalami kelalaian konsultan perencana dalam merencanakan struktur, dimana perencana tidak memperhatikan jenis tanah dan merencanakan berdasarkan pengalaman saja yang berakibat keterlambatan. Dengan dilakukannya optimasi biaya dan waktu menggunakan metode Time Cost Trade Off (TCTO) pada proyek pembangunan penambahan KM.12 Karang Joang Balikpapan, maka waktu dan biaya optimum akibat penambahan tenaga kerja didapat pada 123,62 hari kerja dengan total  biaya proyek sebesar Rp.634.106.512 dengan efesiensi waktu proyek sebanyak 16,38 hari dan efesiensi biaya proyek sebesar Rp.8.535.488.
 
In urban areas, especially in big cities such as Balikpapan, the population increase and the progress of the times have made it increasingly difficult to land for buildings that meet daily needs. In the construction of a construction project, controlling project costs and time is important in the processing of project management. Project to add an existing building is spending 140 calendar working days to complete the addition building, with a workforce cost of Rp.642,642,000. Control analysis is carried out because the planner consultants experience negligence in planning the structure, where the planner does not pay attention to the type of soil and plan based on experience alone which results in delays. By optimizing the cost and time using the Time Cost Trade Off method in the development project for the addition of KM.12 Karang Joang Balikpapan, the optimum time and costs due to the addition of labor were obtained at 123.62 working days with a total project cost of Rp.634,106 .512 with a project time efficiency of 16.38 days and a project cost efficiency of Rp. 8,535,488."
skill assessment cost time trade-off training evaluation,crossref,ok,7306691,10.18775/ijmsba.1849-5664-5419.2014.25.1001,A Scenario Based Stochastic Time-Cost-Quality Trade-Off model for Project Scheduling Problem,2014,"This paper formulates a new time–cost trade-off problem under some uncertainties for a multi-phase project. To do this, a new approach is proposed based on goal programming in compliance with scenario-based stochastic optimization formulation. To the best of our knowledge, this problem has not been extensively treated in the literature. Computational results show the applicability and usefulness of the proposed method."
skill assessment cost time trade-off training evaluation,crossref,ok,7306691,10.6106/kjcem.2015.16.6.053,Advanced Time-Cost Trade-Off Model using Mixed Integer Programming,2015,
skill assessment cost time trade-off training evaluation,crossref,ok,7306691,10.5220/0012004900003546,Managing Trade-off Between Cost and Time in Project Scheduling Problems Using Discrete Event Simulation,2023,
skill assessment cost time trade-off training evaluation,crossref,ok,7306691,10.36277/transukma.v3i1.71,Analisa Percepatan Waktu dan Biaya dengan Metode Time Cost Trade Off pada Proyek TA BPP I RU V Balikpapan,2020,"Proyek perbaikan struktur pada proyek BPP I RU V Balikpapan, yaitu pekerjaan perbaikan dan pergantian kolom ditargetkan selesai dalam lima minggu (35 hari). Jangka waktu tersebut yang tidak cukup lama sehingga sangat memungkinkan untuk dilakukan percepatan. Metode yang digunakan untuk melakukan percepatan adalah analisa Time Cost Trade Off. Percepatan dapat dilakukan dengan penambahan jam kerja, tenaga kerja. Dengan melakukan langkah-langkah kompresi jalur kritis dari Microsoft excel maka pengurangan durasi yang paling optimum dapat dicari. Dari hasil penelitian, dapat diketahui durasi optimal proyek selama 37 hari dengan biaya total sebesar Rp.636.042.800,71. Dibandingkan dengan jadwal normal selama 39 hari dan biaya sebesar Rp.675.302.417,21; proyek tersebut dapat dipercepat 37 hari dan menghemat biaya sebesar Rp.39.259.616,50.&#x0D;
 &#x0D;
Kata Kunci : Biaya, durasi, optimal, percepatan&#x0D;
 &#x0D;
The column repair project will be implemented at BPPI. Repair work and change of Colum and structure packing on projects starting in January 2019 This is targeted to be completed in 1 month 1 week, namely in March 2019. The period is not long enough so that it is possible to accelerate. The method used to accelerate is the analysis of Time Cost Trade Off. Acceleration can be done by adding working hours, labor. By performing critical path compression steps from Microsoft Excel, the most optimum reduction in duration can be found. From the results of the study, it can be seen that the optimal duration of the project is 37 with a total cost of Rp. 636,042,800.71. Compared to a normal schedule of 39 days and a fee of Rp. 675,302,417.21, Compared to a normal schedule of 39 days and a fee of Rp. 39,259,616.50. &#x0D;
Keywords: Cost, duration, optimal, acceleration"
skill assessment cost time trade-off training evaluation,crossref,ok,7306691,10.21203/rs.3.rs-3359416/v1,Time-Cost and Safety Trade-off in Project Scheduling under Uncertainty,2023,"Abstract
        The aim of this study is to find a balance between cost, time, and fuzzy safety constraints in project scheduling. The objective is to minimize both the duration and the cost of the project while maintaining the safety standards within acceptable limits. Appropriate attention to safety can lead to increased customer satisfaction. By optimizing significant objectives such as cost and time, along with other project objectives like safety, project managers can deliver superior-quality projects. The existence of multiple factors that could potentially jeopardize project safety significantly impacts initial managerial estimates, and unforeseen changes may arise. Thus, it is crucial to consider the impact of safety on project scheduling, particularly when juggling multiple project objectives. Most real-world optimization problems are more complex and challenging to solve than those solvable through exact methods. Metaheuristic algorithms are typically employed to address NP-hard problems. In this study, we utilize the NHGA metaheuristic algorithm, proving to be more efficient than the classic genetic algorithm. As safety factors in project realms are often uncertain, we employ fuzzy number theory and linguistic variables to measure safety and account for the project manager's risk tolerance."
skill assessment cost time trade-off training evaluation,crossref,ok,7306691,10.1016/j.cie.2018.01.012,Time Cost Quality Trade-off Problems: A survey exploring the assessment of quality,2018,
skill assessment cost time trade-off training evaluation,crossref,ok,7306691,10.59896/aqlu.v2i2.96,ANALISIS WAKTU DAN BIAYA MENGGUNAKAN METODE TIME COST TRADE OFF PADA PROYEK RUMAH TINGGAL 2 LANTAI,2024,"The purpose of this study was to analyze time and costs with an initial Time Schedule using the Time Cost Trade Off method in a 2-storey Residential House Development Project. The method used to complete this research is descriptive method by examining case studies. The results showed that the addition of overtime hours had an optimum duration of 146 HK or 3% which resulted in an increase in project costs due to overtime hours of Rp. 2,628,281.25 so that the project cost increases from Rp. 767,230,000.00 to Rp. 769,858,281.25 Meanwhile, the addition of the number of workers with an optimum time of 146 HK resulted in an increase in project costs of IDR 95,000.00 so that the project cost increased from IDR. 767,230,000.00 to Rp. 76.325,000.00 . From the results of this study it can be seen that adding workers is more efficient than adding overtime hours with greater cost advantages."
skill assessment cost time trade-off training evaluation,crossref,ok,7306691,10.36456/tibuana.6.2.7757.109-118,Analysis of time and cost using time cost trade off method in pressure vessel project,2023,"One of the construction companies got a Pressure Vessel project job. During the process of working on the project, it was delayed from the predetermined date so that the company had to pay a fine of 0.2% every day. So it is necessary to analyze project scheduling in order to get the optimal time and cost of working on this project. The methods used in this research are Time Cost Trade Off (TCTO), Precedence Diagram Method (PDM) and crashing. Acceleration is carried out on all critical paths contained in fabrication activities. This study uses alternatives to accelerate the addition of 50% and 75% labor. The results of this study obtained the optimal time and cost with the alternative of adding 75% labor. The resulting acceleration duration is 75 days faster than the actual duration, with costs incurred of Rp. 161,386,836, -, resulting in a 56% decrease from the actual duration cost of Rp. 286,961,745, -. Analysis of the S-curve found that the accelerated duration can be completed faster than the actual duration because, the curve line on the accelerated duration is more sloping closer to the y-axis indicating greater progress each week."
skill assessment cost time trade-off training evaluation,crossref,ok,7306691,10.17758/uruae25.ua0425109,Multi-Objective Multi-Skill Discrete Time/Resource Trade-off Problem,2025,
skill assessment cost time trade-off training evaluation,crossref,ok,7306691,10.1016/j.amc.2010.05.056,Experimental evaluation of simulated annealing algorithms for the time–cost trade-off problem,2010,
skill assessment cost time trade-off training evaluation,crossref,ok,7306691,10.2139/ssrn.5932614,TZHE — Training Zone Hypermodel Evaluation: An ITSA-Based Hypermodel Framework for Training ROI Assessment with Skill Decay,2026,
skill assessment cost time trade-off training evaluation,crossref,ok,7306691,10.37253/jcep.v6i2.11446,Cost and Time Optimization Analysis using the Time Cost Trade Off Method,2025,"The implementation of construction projects often faces delays that are difficult to avoid, as experienced in the construction of the City X Hospital Building, where there was a discrepancy between the initial plan and actual field implementation, resulting in a two-week delay in weekly progress. This study aims to analyze time and cost efficiency and compare the effectiveness of alternatives between extending working hours and adding labor using the Time Cost Trade Off method. This research is comparative, comparing the total cost and duration of the project for both acceleration alternatives. The total project cost under normal conditions was recorded at IDR 7,289,386,643.45 with a duration of 86 days until the completion of the third floor. The analysis shows that extending working hours by 1 to 4 hours resulted in costs of IDR 14,584,817,481; IDR 21,871,659,072; IDR 28,672,701,971; and IDR 34,564,808,294, with cost efficiency of –100.08%, –200.05%, –293.35%, and –374.18%, respectively. The project duration was reduced to 64, 50, 41, and 36 days, with time efficiency of 26%, 42%, 53%, and 58%. Meanwhile, the alternative of adding labor resulted in a total cost of IDR 13,660,989,499 with a cost efficiency of –87.41% and a project duration of 64 days (26% time efficiency). Based on these results, both extending working hours by one hour and adding labor showed the most efficient outcomes, but overall, adding labor was considered more optimal as it achieved the same acceleration with the lowest total cost."
skill assessment cost time trade-off training evaluation,crossref,ok,7306691,10.36277/transukma.v3i1.65,Optimalisasi Waktu dan Biaya Menggunakan Time Cost Trade Off Method (TCTO) dan Precedence Diagram Method (PDM) pada Pembangunan Drainase Jalan Tol KM. 35 Balikpapan-Samarinda,2020,"&#x0D;
 Biaya dan waktu merupakan dua hal yang sangat berpengaruh terhadap keberhasilan dan kegagalan suatu proyek, untuk itu proyek konstruksi  membutuhkan pengelolaan manajemen yang baik dari awal hingga proyek berakhir. CV. Eureka Teknik Solution adalah salah satu kontraktor proyek pembangunan drainase di Jalan Tol Km. 35 Balikpapan-Samarinda, dengan biaya total dikeluarkan sebesar Rp.2.537.709.000,- dalam jangka waktu 52 hari. Dilihat dari total biaya dan waktu pembangunan drainase ini dapat dilakukan optimalisasi kembali, sehingga dari waktu dan biaya yang optimal proyek dapat diselesaikan lebih cepat dari rencana awal. Maka pada penelitian ini akan dilakukan optimalisasi waktu dan biaya menggunakan metode metode Time Cost Trade Off (TCTO) dan Precedence Diagram Method (PDM). Dimana TCTO akan dilakukan analisa penambahan jam kerja lembur dan penambahan tenaga kerja untuk mendapatkan waktu dan biaya optimal dan PDM akan dilakukan reschedule untuk mendapatkan waktu dan biaya optimal. Setelah TCTO dilakukan analisa diperoleh waktu dan biaya optimal adalah penambahan 3 jam kerja lembur dengan durasi 36 hari dan biaya Rp.2.445.367.975 dan PDM diperoleh durasi 36 hari dengan biaya Rp.2.502.329.567. TCTO adalah metode yang lebih optimal dengan penambahan 3 jam kerja (lembur) dengan durasi 36 hari kerja dan biaya sebesar Rp.2.445.367.975.&#x0D;
Kata Kunci : Time Cost Trade Off, TCTO, Precedence Diagram Method, PDM &#x0D;
 &#x0D;
Cost and time are two things that greatly affect the success and failure of a project, for that the construction project requires good management from the beginning to the end of the project. CV. Eureka Teknik Solution is one of the drainage construction contract projects on Toll Road Km. 35 Balikpapan-Samarinda, with a total cost of Rp. 2.537.709.000 within 52 days. Judging from the total cost and time of drainage construction, optimization can bedone again, so that from the optimal time and cost the project can be completed sooner than originally planned. So in this research time and cost optimization will be done using the Time Cost Trade Off (TCTO) method and the Precedence Diagram (PDM) method. Where TCTO will be analyzed by adding overtime hours and additional workforce to get optimal time and cost and PDM will be rescheduled to get optimal time and cost. After the TCTO analysis optimal time and cost were obtained, the addition of 3 hours overtime with a duration of 36 days and a cost of Rp.2.445.367.975 and PDM obtained 36 days duration at a cost of Rp.2.502.329.567. TCTO is a more optimal method with the addition of 3 working hours (overtime) with a duration of 36 working days and costs Rp.2.445.367.975.&#x0D;
Keywords : Time Cost Trade Off, TCTO, Precedence Diagram Method, PDM"
skill assessment cost time trade-off training evaluation,crossref,ok,7306691,10.1002/9780470912171.ch8,Schedule Compression and Time‐Cost Trade‐Off,2010,
skill assessment cost time trade-off training evaluation,crossref,ok,7306691,10.2139/ssrn.6888888,Optimizing batch formation policies for the cost-lead time trade-off in additive manufacturing production systems,2026,"Although additive manufacturing (AM) has been increasingly adopted for small-batch and customized production, its high production cost per part remains a major barrier to broader industrial application. For powder bed fusion processes, consolidating multiple orders into one build can reduce unit cost by amortizing batch-level costs over a larger printed volume. However, in dynamic order environments, waiting for additional orders to form fuller batches delays order release and reduces production responsiveness. This creates a fundamental cost--lead time trade-off, which becomes difficult to manage in stochastic multi-machine and multi-stage AM systems. This study optimizes batch formation policies in a multi-machine selective laser melting production system with dynamically arriving orders. An integrated discrete-event simulation and activity-based costing model is developed to evaluate production cost and order lead time under stochastic arrivals. To reduce the computational burden of simulation, a stochastic kriging-based sequential optimization method is proposed for solving the resulting multi-objective simulation optimization problem. Numerical results show that batch formation policies reshape the cost structure by changing batch release frequency, machine-dependent processing time, and the associated use of consumables and capital resources. Compared with random sampling and NSGA-II under the same simulation budget, the proposed method achieves faster convergence and better Pareto-front coverage. Sensitivity analyses further show that the number of AM machines and order arrival intensity affect different regions of the cost--lead time frontier."
skill assessment cost time trade-off training evaluation,crossref,ok,7306691,10.1109/iccke.2013.6682856,Time and cost trade-off using multi-objective task scheduling in utility grids,2013,
skill assessment cost time trade-off training evaluation,crossref,ok,7306691,10.37253/jcep.v4i2.8662,A Analysis of Time and Cost Optimization in Building Contruction Using Time Cost Trade Off Method,2023,"The construction of both buildings and roads has several success factors. One of the influencing factors is the timely completion of the project and the costs incurred in accordance with the Budget Plan (RAB) that was prepared during planning. Many projects experience problems with delays in completion time, if the project is completed late then they will be subject to fines. So it is necessary to carry out appropriate calculations so that construction implementation can proceed based on the initial planning. For this reason, this research was carried out by analyzing time and cost optimization using one method, namely Time Cost Trade Off, by calculating the fastest implementation time and the minimum costs incurred. The results obtained from this research are that, by increasing the working hours by 1 hour, the project duration is reduced to 106 days and the cost decreases to Rp. 2,722,750,086, 05. Meanwhile, if workers are added equivalent to an additional 1 hour of working hours, the project duration is reduced to 106 days and costs also decrease to Rp. 2,720,684,806.69. For additional working hours of 3 hours, the project duration becomes 59 days and the cost becomes Rp. 2,552,212,214, 71. Meanwhile, if you add workers equivalent to adding 3 hours of work, the project duration will be 59 days, but the cost will decrease to Rp. 2,545,208,046.33. It can be concluded from this research that by speeding up the project completion time, total costs will decrease and it is most efficient to increase labor rather than increase working hours (overtime). This is done so that the project does not experience delays and incur fines."
skill assessment cost time trade-off training evaluation,crossref,ok,7306691,10.36277/transukma.v3i1.72,Optimasi Waktu dan Biaya pada Pelaksanaan Proyek Peningkatan Jalan Bina Bakti Kelurahan Gunung Seteleng Kabupaten Penajam Paser Utara dengan Metode Time Cost Trade Off (TCTO),2020,"Tolok ukur keberhasilan suatu proyek dapat dilihat dari waktu penyelesaian yang singkat dengan biaya yang minimal tanpa meninggalkan mutu hasil pekerjaan. Proyek Peningkatan Jalan Bina Bakti Kelurahan Gunung Seteleng Kabupaten Penajam Paser Utara dipilih sebagai objek penelitian dengan panjang jalan 569 Meter dan anggaran proyek senilai Rp.1.222.038.477,10 karena proyek ini mengalami keterlambatan. Salah satu upaya mengoptimalkan proyek yang sering digunakan adalah dengan metode TCTO (Time Cost Trade Off), Metode ini digunakan untuk menghitung perubahan waktu dan biaya pelaksanaan proyek paling optimum. Dengan menggunakan penambahan jam kerja lembur dan penambahan tenaga kerja. Waktu pelaksanaan proyek Peningkatan Jalan Bina Bakti selama 54 hari kalender. Berdasarkan hasil penelitian waktu dan biaya paling optimum setelah penambahan jam kerja lembur didapatkan total biaya optimum Rp.1.220.695.370,54 dan durasi crashing 42,4 hari dengan efisiensi biaya 0,11% dan efisiensi waktu 13,47%. Untuk penambahan tenaga kerja didapatkan waktu dan total biaya optimum  Rp.1.215.485.807,44 dan durasi crashing 37,8 hari dengan efisiensi biaya 0,54% dan efisiensi waktu 22,86%. Dari hasil penelitian ini didapatkan bahwa penambahan tenaga kerja lebih efisien dibandingkan dengan penambahan jam kerja lembur dan mendapatkan keuntungan biaya lebih besar.&#x0D;
 &#x0D;
Kata Kunci : Optimasi, Time Cost Trade Off, Penambahan Jam Kerja Lembur,  Penambahan tenaga kerja&#x0D;
 &#x0D;
The benchmark for the success of a project is seen from the short completion time with minimal costs without leaving the quality of the work. The Bina Bakti Road Improvement Project in Gunung Seteleng Subdistrict, Penajam Paser Utara Regency was chosen as the research object with a road length of 569 meters and the project budget valued at Rp.1,222,038,477.10 this project experienced a delay. Efforts to optimize one of the elements that will affect project control even two other elements, such as time, cost and resources. One of the optimal steps that is often used to overcome project delays is the method of TCTO (Time Cost Trade Off), this method is an attempt to exchange time and costs. This research calculates the most optimum change in time and cost of project implementation. By using additional hours of overtime and additional workforce. The time for implementing the Bina Bakti Road Improvement project for 54 days. Based on the results of the most optimum time and cost research after the addition of overtime working hours, the optimum total cost of Rp.1,220,695,370.54 and 42.4 days of crashing duration with cost efficiency 0.11% and time efficiency 13.47%. And for the addition of workforce, the optimum time and total cost of Rp.1,215,485,807.44 and the crashing duration of 37.8 days were obtained with cost efficiency of 0.54% and time efficiency of 22.86%. From the results of this study, it can be seen that the addition of labor is more efficient compared to the addition of overtime working hours and obtaining greater cost benefits. &#x0D;
 &#x0D;
Keywords: Optimization, Time Cost Trade Off, Addition of Overtime Working Hours, Addition Workforce"
skill assessment cost time trade-off training evaluation,crossref,ok,7306691,10.3311/ppar.13257,Calendars in Time-Cost Trade-Off,2019,"In project management, there are two main operation problems. Scheduling and cost optimisation. These are interrelated and have mathematically proven solutions for the basics. However, in case of applying arbitrary calendars, there may be generated such effects in scheduling that make the known time-cost trade-off model unusable. In consideration of these effects, this paper aims to apply known algorithms that have been successful for other problems."
skill assessment cost time trade-off training evaluation,crossref,ok,7306691,10.70675/250bb923z1d9az42a3za054z7d3480ca0b0b,"Trip management strategies for electric vehicles : a trade-off between time, economic cost, energy consumption and battery aging",,"Stratégies de gestion des trajets pour les véhicules électriques : un compromis entre le temps, le coût économique, la consommation d'énergie et le vieillissement de la batterie
                Ces dernières années, la mobilité électrifiée est devenue la principale alternative pour un transport automobile décarboné. Cependant, plusieurs facteurs continuent de retarder la démocratisation des véhicules électriques, tels que leur prix élevé, et leur autonomie limitée, l'insuffisance de l'infrastructure de recharge et les préoccupations relatives à la longévité des batteries. L'un des moyens d'améliorer les performances des véhicules électriques et de promouvoir leur adoption consiste à développer des stratégies de planification des trajets et de gestion de l'énergie, car celles-ci peuvent permettre un fonctionnement plus efficace des véhicules tout en adaptant leur comportement en fonction des préférences de l'utilisateur ou du fabricant. Dans cette perspective, cette thèse explore le développement de stratégies centrées sur le client pour améliorer la performance des véhicules électriques dans trois scénarios d'utilisation : les trajets courts (éco-conduite), les recharges rapides (recharge optimale), et les trajets longues distances (planification des trajets). Ces stratégies sont formulées comme des problèmes de commande optimale multi-objectifs visant à minimiser un compromis entre le temps total, le coût économique, la consommation d'énergie et la dégradation de la batterie. Les problèmes résultants sont résolus à l'aide de différentes méthodes de commande optimale, notamment la programmation dynamique, le principe du minimum de Pontryagin ou l'optimisation statique, tout en introduisant certaines adaptations du modèle pour tenir compte des contraintes spécifiques du véhicule et des cas d'utilisation. De plus, les différentes stratégies présentées dans ce manuscrit sont évaluées à travers de multiples simulations et comparées aux solutions de référence existantes. D'après les résultats, les stratégies proposées offrent une performance améliorée et plus flexible, car elles peuvent être adaptées en fonction des besoins du client. Par exemple, un utilisateur peut rendre un long voyage environ 28 % moins cher en permettant une augmentation de 2 % du temps de trajet, suivre un profil analytique d'éco-conduite pour économiser jusqu'à 26.43 % d'énergie sans affecter la durée du trajet, ou effectuer une recharge tenant compte du vieillissement qui est presque 12 % plus rapide que la solution de référence correspondante."
skill assessment cost time trade-off training evaluation,crossref,ok,7306691,10.1061/9780784481271.034,Stochastic Time-Cost-Quality Trade-Off Analysis: The PERT Approach,2018,
skill assessment cost time trade-off training evaluation,crossref,ok,7306691,10.1007/springerreference_302047,Adaptive Proactive Learning with Cost-Reliability Trade-off,,
skill assessment cost time trade-off training evaluation,crossref,ok,7306691,10.1016/0305-0483(88)90042-4,Managing new product time to market using time-cost trade-off methods,1988,
skill assessment cost time trade-off training evaluation,crossref,ok,7306691,10.1080/07349165.1989.9726013,EVALUATING SOCIAL SKILL TRAINING: INTERVENTION-ORIENTED EVALUATION RESEARCH,1989,
skill assessment cost time trade-off training evaluation,crossref,ok,7306691,10.1007/bf03656185,Time-Cost Trade-Off by Lead-Time Adjustment in the PDM Network,2009,
skill assessment cost time trade-off training evaluation,crossref,ok,7306691,10.46799/ajesh.v2i12.208,COST AND TIME ANALYSIS OF THE PONTIANAK MCD BUILDING PROJECT USING TIME COST TRADE OFF (TCTO) METHOD,2023,"This study aims to apply the Time Cost Trade Off (TCTO) Method in cost and time analysis for the McDonald's construction project in Pontianak. This method allows project managers to explore the relationship between turnaround time and project cost, with the goal of finding the optimum point that produces the lowest cost with an acceptable turnaround time. The analysis process begins with the identification of project activities, estimation of the cost and duration of each activity, and the creation of an initial project schedule. Next, simulations were carried out using TCTO to evaluate time and cost reduction options. By applying the Time Cost Trade Off Method, it is expected that the McDonald's construction project in Pontianak can be completed with minimal costs and in time in accordance with the targets that have been set. From the results of data processing, it was found that the addition of 2 hours of overtime is the optimum acceleration, which can accelerate work time by 18.30 days with an acceleration cost of IDR 62,002,212, so that the total optimum cost becomes IDR 1,091,128,551,-. Where this result is the optimum result of the project fine of IDR 228,366,605 for a delay of 12,628 days."
skill assessment cost time trade-off training evaluation,crossref,ok,7306691,10.1016/b978-0-12-801763-0.00007-8,Discrete Time–Cost Trade-Off in Repetitive Construction Projects,2015,
skill assessment cost time trade-off training evaluation,crossref,ok,7306691,10.36341/racic.v10i2.5972,ANALISIS PERCEPATAN PROYEK MENGGUNAKAN METODE EVALUATION VARIANS AT SCHEDUE DAN EARNED VALUE DENGAN TIME COST TRADE OFF,2025,"The success of construction project is determined by the management of cost, quality, and time. Mismatches between the initial plan and field conditions often cause delays and cost overruns. Project X with a cost of IDR 4,144,190,311.75 with a planned implementation time of 180 days, experienced a delay with a deviation of -10.09% on the 91st day. This study aims to analyze project acceleration to delays solution by implementing the evaluation variance at schedule method, earned value and time cost trade off method. The results of the study using the evaluation variance at schedule method, that the delay manajement index was 0.36, and delay production index was 0,64. This delay caused by delay of material arrivals, low labor productivity, and low skilled workers in project. With the earned value, the estimated project completion time was 215 days, its mean 35 days late with an estimated project completion cost of IDR 4,775,028,805.39. The result time cost trade off method with the addition of work shifts, add cost IDR 780,771,895.34 and total cost is IDR 4,924,962,207.09 and 180 days. With the addition of working hours (overtime), add cost IDR 836,528,250.97 and total cost is IDR 4,980,718.562.72 and 188 days. The addition of work shifts is recommended for delay solution."
skill assessment cost time trade-off training evaluation,crossref,ok,7306691,10.4028/www.scientific.net/amr.243-249.6394,Assessing the Time-Cost Trade-Off of Construction Projects,2011,"By using Genetic Algorithms (GAs), a resource-integrated model is presented to identify the relationships between project time and cost in consideration of the changes in resource efficiency under different working durations. Under the assumption of a non-linear quadratic relationship between resource efficiency and working duration, the minimum and maximum project costs for different project completion times are easily identified and the trade-off relationships between the project time and cost are clearly presented by using the proposed model and a case study. The research results logically suggest that the greater the adjustable range of activity durations, the lower the minimum project cost for a specific project’s completion time will be, and the greater the value of an activity is, the later the activity will be adjusted."
skill assessment cost time trade-off training evaluation,crossref,ok,7306691,10.1016/j.orp.2018.09.003,Hybrid time-quality-cost trade-off problems,2018,
skill assessment cost time trade-off training evaluation,crossref,ok,7306691,10.21203/rs.3.rs-2418111/v1,Solving Large-scale Discrete Time–cost Trade-off Problem Using Hybrid Multi-verse Optimizer Model,2023,"Abstract
        Time–cost trade-off analysis is one of the most important aspects of construction project planning and control. The completion time of one project can be shortened by allocating additional resources to key activities; however, additional costs are required for accelerating the project completion time. Thanks to the critical path method (CPM), total project costs can be reduced by using inexpensive resources for minor activities without affecting the project schedule. However, this method is not sufficiently effective to solve large-scale time–cost trade-off problems. This study introduces a hybrid multi-verse optimizer model (hDMVO) combining the multi-verse optimizer (MVO) and the Sine Cosine algorithm (SCA) to address the discrete time–cost trade-off problem (DTCTP). Four benchmark test problems, including two medium-scale instances (63 activities) and two large-scale instances (630 activities) are used to evaluate the performance of hDMVO. The results indicate that hDMVO can provide solutions that are superior to previous algorithms in the time–cost optimization of large-scale and complicated projects."
skill assessment cost time trade-off training evaluation,crossref,ok,7306691,10.62603/konteks.v2i2.219,Analisis Waktu dan Biaya dengan Pendekatan Time Cost Trade Off pada Proyek Repair Struktur Wheat Silo dan Pellet Silo Tahap III di Surabaya,2025,"Proyek repair struktur wheat silo dan pellet silo tahap III di Surabaya memiliki signifikansi besar dalam industri pengolahan tepung terigu di Indonesia. PT. Indofood Sukses Makmur Tbk Divisi Bogasari Surabaya, sebagai salah satu produsen tepung terigu terkemuka, membutuhkan perbaikan struktur pada kedua silo tersebut untuk memastikan kelancaran operasi pabrik dan kualitas produk akhir. Dengan mengingat pentingnya waktu dan biaya dalam kesuksesan proyek ini, pendekatan yang efektif dalam manajemen waktu dan biaya sangatlah penting. Proyek ini membutuhkan manajemen proyek yang tepat untuk menghindari keterlambatan dan pembengkakan biaya, dengan anggaran sebesar Rp. 28.011.000.000 dan estimasi waktu 455 hari kalender. Penelitian ini menggunakan metode Time Cost Trade Off (TCTO) untuk menganalisis opsi percepatan waktu proyek dengan mempertimbangkan biaya tambahan yang mungkin timbul. Perangkat lunak Microsoft Project digunakan untuk mengidentifikasi lintasan kritis, yang memungkinkan manajer proyek fokus pada aktivitas-aktivitas yang memiliki dampak terbesar terhadap jadwal keseluruhan.  Hasil  penelitian  menunjukkan  bahwa  lintasan kritis  proyek  berada  pada  kegiatan  mobilisasi dan demobilisasi, administrasi dan pelaporan, keselamatan kerja, dan perbaikan silo gandum lama. Dengan menggunakan TCTO, waktu penyelesaian proyek dapat dipercepat menjadi 359 hari dari 455 hari, mengurangi waktu sebesar 21,10% dengan biaya tambahan Rp. 739.351.125,00 atau 2,64% dari nilai proyek. Dengan penambahan jam lembur 1 jam per hari, biaya percepatan proyek sebesar Rp. 413.445.000,00 atau 1,48% dari nilai proyek, mengurangi waktu kerja menjadi 391 hari atau 14,07% dari waktu normal."
skill assessment cost time trade-off training evaluation,crossref,ok,7306691,10.1016/j.proeng.2017.07.206,An Overview of the Time-Cost Trade-off Problems of Project Planning,2017,
skill assessment cost time trade-off training evaluation,crossref,ok,7306691,10.47134/scbmej.v1i4.3134,Time and Cost Optimization Analysis of Reservoir Building Work in Wosusokas Regional SPAM Project using Time Cost Trade Off Method,2024,"Cost and time optimization is an important aspect of project management that aims to achieve optimal efficiency in the use of resources. Time Cost Trade Off (TCTO) method is often used to manage the relationship between time and cost in project completion. This research analyzes cost and time op-timization on construction projects using Primavera P6 software. In optimi-zation with the addition of working hours, 4 alternatives were carried out, namely the addition of 1 hour, 2 hours, 3 hours, and 4 hours of work, the re-sults obtained were a shorter duration but the total cost was getting bigger. Whereas in the alternative of adding workers as many as 1 worker and 2 workers, the optimization results obtained a shorter duration and a reduced total cost. Thus, the TCTO method and the use of Primavera P6 proved ef-fective in identifying the most efficient optimization strategy to achieve pro-ject success on time and within budget."
skill assessment cost time trade-off training evaluation,crossref,ok,7306691,10.1109/fuzzy.2009.5277068,A dependent-chance programming model for fuzzy time-cost trade-off problem,2009,
skill assessment cost time trade-off training evaluation,crossref,ok,7306691,10.1037/e417872004-001,Orientation/time management skill training lesson: Development and evaluation.,1979,
skill assessment cost time trade-off training evaluation,crossref,ok,7306691,10.2139/ssrn.7412887,A Data-Driven Digital Twin Framework for Fuel–Time–Cost Trade-Off Analysis in Flight Operations,2026,"This study develops a digital twin-inspired decision support framework that jointly evaluates the fuel–time–cost trade-off in flight operations. Thirteen regression models were benchmarked on 526 flight records with eight explanatory variables using cross-validation. LightGBM (R² = 0.9637, RMSE = 167.24 kg, MAE = 124.87 kg, MAPE = 3.38%) was explained with SHAP and embedded in a scenario engine that produced four alternatives (minimum fuel, minimum time, balanced optimum, cost optimal), translated into CO₂ reduction and net operational savings. Flight distance and flight duration correlated most strongly with fuel consumption (r = 0.94, ρ = 0.92; r = 0.92, ρ = 0.89); SHAP identified them as top predictors. Cost-optimal decision gave the highest net savings, while long-haul flights offered the greatest fuel saving under higher cost and carbon conditions. The study proposes a unified prediction, explanation and decision pipeline for aviation research."
skill assessment cost time trade-off training evaluation,crossref,ok,7306691,10.1186/s40467-014-0023-3,Uncertain random time-cost trade-off problem,2014,
skill assessment cost time trade-off training evaluation,crossref,ok,7306691,10.1515/9783112549445-012,Time-Cost-Trade-Off on a Solid Transportation Problem,1977,
skill assessment cost time trade-off training evaluation,crossref,ok,7306691,10.37256/cm.5320243727,Time Cost Trade-Off Problem Using Intuitionistic Fuzzy with Real Time Application in the Field of Construction,2024,"In order to assist in locating the critical path in an acyclic network, the Critical Path Method (CPM) employs intuitionistic triangular fuzzy number. Project crashing is a technique used to cut the project timeline fast by minimizing the duration of one or more critical task below their typical duration. The goal of crashing, often referred to as the time-cost trade-off, is to shorten the project’s duration while lowering its cost. The intuitionistic fuzzy critical path technique and the time-cost trade-off issue were developed as a result of the uncertainty or ambiguity around the length of activities. The present investigation proposes an optimal method for handling the time-cost trade-off problem (TCTP). When the duration aspect is taken into account, the project’s overall cost is effectively reduced. It is simpler to compute the time and monetary expenses of being on the critical path while using this approach. An existing application from the literature is selected and implemented to demonstrate the operation of this technology. Additionally, we suggested a ranking method for defuzzification called “Magnitude measure”. Both the traditional approach and the path length ranking methodology are used for verification. MATLAB is used to give simulation results."
skill assessment cost time trade-off training evaluation,crossref,ok,7306691,10.1109/wsc.2015.7408500,Simulation based multi-objective cost-time trade-off for multi-family residential off-site construction,2015,
skill assessment cost time trade-off training evaluation,crossref,ok,7306691,10.2139/ssrn.4429461,Optimal Time–Cost Trade-Off Optimization for Linear Repetitive Projects Using an Integrated Genetic Algorithm Paradigm,2023,
adult learning transfer evaluation training outcome,crossref,ok,7017163,10.1177/104515959000100708,Ideas,1990,
adult learning transfer evaluation training outcome,crossref,ok,7017163,10.4135/9781071878712.n4,Adult Learning,2016,
adult learning transfer evaluation training outcome,crossref,ok,7017163,10.1108/00197850710755195,The Transfer of Learning: Participants' Perspectives of Adult Education and Training,2007,
adult learning transfer evaluation training outcome,crossref,ok,7017163,10.32469/10355/42937,A mixed methods evaluation of a tool assessing Adult Learning Theory content in EHR training,,
adult learning transfer evaluation training outcome,crossref,ok,7017163,10.4324/9781315261874-27,Assessment and Evaluation,2017,
adult learning transfer evaluation training outcome,crossref,ok,7017163,10.18178/joig.11.1.21-25,Evaluation of Transfer Learning for Handwritten Character Classification Using Small Training Samples,2023,"In pattern recognition fields, it is worthwhile to develop a pattern recognition system that hears one and knows ten. Recently, classification of printed characters that are the same fonts is almost possible, but classification of handwritten characters is still difficult. On the other hand, there are a large number of writing systems in the world, and there is a need for efficient character classification even with a small sample. Deep learning is one of the most effective approaches for image recognition. Despite this, deep learning causes overtrains easily, particularly when the number of training samples is small. For this reason, deep learning requires a large number of training samples. However, in a practical pattern recognition problem, the number of training samples is usually limited. One method for overcoming this situation is the use of transfer learning, which is pretrained by many samples. In this study, we evaluate the generalization performance of transfer learning for handwritten character classification using a small training sample size. We explore transfer learning using a fine-tuning to fit a small training sample. The experimental results show that transfer learning was more effective for handwritten character classification than convolution neural networks. Transfer learning is expected to be one method that can be used to design a pattern recognition system that works effectively even with a small sample."
adult learning transfer evaluation training outcome,crossref,ok,7017163,10.31390/gradschool_dissertations.976,Evaluation of learning transfer outcomes of a Certified Occupational Safety Specialist (Coss) training course,,
adult learning transfer evaluation training outcome,crossref,ok,7017163,10.1108/jwl-03-2025-0068,Workplace training transfer: a systematic scoping review of evaluation tools for adult learning,2025,"Purpose
                    Training transfer refers to the extent to which knowledge, skills and attitudes acquired during training are effectively applied in the workplace. Tools designed to assess transfer either measure its outcomes directly or capture the factors that enable or hinder this process. Despite their relevance, such instruments remain heterogeneous and fragmented. This study aims to systematically map and analyze both categories of tools in the context of workplace learning.
                  
                  
                    Design/methodology/approach
                    The authors adopted a systematic approach and scoping review. The search was conducted across seven databases (MEDLINE, Embase, Cinahl, Scopus, Web of Science, ERIC and PsycINFO). The reviewers’ group assessed the retrieved articles to determine whether the studies met the inclusion criteria, ultimately including 45 studies. Data extraction was performed using a structured data extraction table, which enabled the identification of common characteristics based on the information collected.
                  
                  
                    Findings
                    Most studies originate from the USA and feature mixed contexts, including both public and private sectors, as well as industrial and managerial domains, and profit and non-profit settings. Eight studies primarily examined health-care environments, and six of these were exclusively developed in the nursing field. The total participant count across included studies is 24,096. Three significant categories of evaluation tools emerged: standalone instruments, composed tools and tailored instruments. The Learning Transfer System Inventory stood out as the most used standalone instrument, while other studies used multifactorial instruments or developed tailored tools specific to their contexts.
                  
                  
                    Originality/value
                    The review underscores the ongoing need for methodological innovation and interdisciplinary collaboration in training transfer research. By advancing our understanding of the factors influencing training transfer research and developing robust assessment tools, we can enhance the effectiveness of training programs and contribute to organizational success in today’s dynamic work environments."
adult learning transfer evaluation training outcome,crossref,ok,7017163,10.4018/978-1-4666-5780-9.ch014,Key Factors for Maximizing the Effectiveness of Blended E-Learning,2014,"The chapter focuses on the main factors, which should be met in order to maximize the effectiveness of a blended e-learning program for adult learners. The factors discussed in this chapter are derived from the perspectives of the learners, scientific staff, administrative staff, and the technical staff engaged in the distance learning process. Specifically, these factors have emerged through the internal evaluation of a national program, Design and Implementation of Distance Learning Programs, implemented in Greece via the Distance Adult Education Center for Lifelong Learning. Findings on the strengths and weaknesses of the program as well as suggestions for implementation of future related programs are also discussed in the chapter. The findings indicate that harmonization of program content and the educational process with the principles of adult education both in face-to-face and online environment has a positive effect on the educational outcome of the program. In addition, the appropriate use of the communication tools in the Learning Management System (LMS) is very important for the effectiveness of the program."
adult learning transfer evaluation training outcome,crossref,ok,7017163,10.1007/978-3-319-02093-8_8,Evaluation of Training Transfer Factors: The FET Model,2013,
adult learning transfer evaluation training outcome,crossref,ok,7017163,10.4324/9781003115366-15,On-Line Adult Learning,2020,
adult learning transfer evaluation training outcome,crossref,ok,7017163,10.3726/978-3-653-00320-8/5,Professionalising Teaching and Training in Adult and Lifelong Learning 145,,
adult learning transfer evaluation training outcome,crossref,ok,7017163,10.1177/104515959800900302,Challenges in Training Adult Educators,1998,
adult learning transfer evaluation training outcome,crossref,ok,7017163,10.1177/10451595231184927,"Adult Learning Principles in Corporate Diversity, Equity, and Inclusion Training",2023,
adult learning transfer evaluation training outcome,crossref,ok,7017163,10.4324/9781003115366-12,Policy Formation in Adult Education and Training,2020,
adult learning transfer evaluation training outcome,crossref,ok,7017163,10.4324/9781003656630-3,"The Use of AI in Higher Education, Training, and Adult Learning",2026,
adult learning transfer evaluation training outcome,crossref,ok,7017163,10.4324/9781003115366-8,Program Development in Adult Education and Training,2020,
adult learning transfer evaluation training outcome,crossref,ok,7017163,10.4324/9781003115366-13,Research in Adult Education and Training,2020,
adult learning transfer evaluation training outcome,crossref,ok,7017163,10.4324/9781003115366-19,Radical Adult Education and Learning,2020,
adult learning transfer evaluation training outcome,crossref,ok,7017163,10.1177/104515959100200413,Review: Training in America: The Organization and Strategic Role of Training,1991,
adult learning transfer evaluation training outcome,crossref,ok,7017163,10.1016/j.learninstruc.2026.102359,Training rational thinking: Improvements without transfer to argument evaluation,2026,
adult learning transfer evaluation training outcome,crossref,ok,7017163,10.1177/1045159518791281,Priming Adult Learners for Learning Transfer: Beyond Content and Delivery,2018,"In adult education, we have skilled instructional designers, expertise in structuring learning events and delivering content, and we have robust learning theories to draw from, and yet the effective transfer of learning still seems elusive. Recent literature reviews on learning transfer indicate that a large percentage of adult learning does not successfully transfer. The research also suggests transfer needs to be supported at the individual, instructional, and organizational levels. Conventional educational practices often do not provide sufficient scaffolding and social learning to promote learning transfer processes beyond the initial learning event. This article discusses three practices to support mindful learning transfer at each of these levels. Educators are not only responsible for designing and delivering learning content but also scaffolding meaningful social interactions and the development of transfer skills."
adult learning transfer evaluation training outcome,crossref,ok,7017163,10.4324/9781003115366-16,Rethinking ‘Organisational’ Learning,2020,
adult learning transfer evaluation training outcome,crossref,ok,7017163,10.4324/9781003115366-2,Introduction: The State of Adult Education and Learning,2020,
adult learning transfer evaluation training outcome,crossref,ok,7017163,10.4324/9781315261874-13,Characteristics of Adult Learners and Adult Learning Principles: Implications for Aviation Education,2017,
adult learning transfer evaluation training outcome,crossref,ok,7017163,10.1177/10451595211007926,Culture: The Link to Learning Transfer,2021,"Organizations worldwide spend large amounts of money and resources on developing their employees, yet the money invested in professional learning (PL) yields low to moderate results at best. Because culture is a predominant force in people’s life, multinational corporations and other institutions should take culture into account at every stage of the PL process or they will not obtain the desired return on their investments. Despite the numerous studies on learning transfer, practitioners continue to experience challenges when it comes to altering their practices and generate better outcomes. Scholars have not yet fully taken into consideration culture when developing learning transfer models. Although some learning transfer models address transfer climate as an enhancer or a hindrance to learning transfer, none have considered the overall influence of culture on the transfer phenomenon. This article proposes a culturally grounded multidimensional model of learning transfer (MMLT). The MMLT is designed to assist practitioners and PL organizers before, during, and after the PL event. This innovative model aims at enhancing the implementation of new knowledge, skills, or behaviors in the workplace. The MMLT is based on qualitative data collected and analyzed over 6 years in educational institutions in five African nations. The model is relevant to any organizations across sectors whose aspirations are to maximize learning transfer and obtain a return on their investments that would in turn positively affect organizations’ outcomes."
adult learning transfer evaluation training outcome,crossref,ok,7017163,10.1177/104515950601700118,Participation Training,2006,
adult learning transfer evaluation training outcome,crossref,ok,7017163,10.1177/104515950701800301,Thoughtful Planning Fosters Learning Transfer,2007,
adult learning transfer evaluation training outcome,crossref,ok,7017163,10.2196/preprints.60072,Effectiveness of brief e-learning training for diabetes prevention program coaches: Outcome evaluation (Preprint),2024,"BACKGROUND
                        [PROGRAM NAME BLINDED FOR REVIEW] is a community-based diabetes prevention program delivered by fitness facility staff. Individuals at increased risk for type 2 diabetes meet with a trained [PROGRAM NAME BLINDED FOR REVIEW] coach for six one-on-one counselling sessions. [PROGRAM NAME BLINDED FOR REVIEW] coaches deliver diet and exercise information to clients using a motivational interviewing-informed counselling style. E-learning training is used to train [PROGRAM NAME BLINDED FOR REVIEW] coaches. It is important to examine the effectiveness of training to ensure that it is working as intended.
                
                                
                    OBJECTIVE
                        To evaluate the effectiveness of the [PROGRAM NAME BLINDED FOR REVIEW] coach e-learning training using the Kirkpatrick model of evaluation by examining: 1) coach satisfaction with training, 2) coach learning from training, 3) coach behaviours from training, and 4) client outcomes as a result of coach training.
                
                                
                    METHODS
                        Fourteen fitness facility staff completed the [PROGRAM NAME BLINDED FOR REVIEW] coach e-learning training and began delivering the [PROGRAM NAME BLINDED FOR REVIEW] program to clients. Coach satisfaction with the e-learning training was assessed through a satisfaction questionnaire. Coaches completed pre- and post-training knowledge tests to determine whether they gained knowledge about type 2 diabetes prevention, [PROGRAM NAME BLINDED FOR REVIEW] program information, and motivational interviewing from the training. Coaches’ behaviours delivering [PROGRAM NAME BLINDED FOR REVIEW] to clients were examined to determine whether they were using motivational interviewing to deliver [PROGRAM NAME BLINDED FOR REVIEW] information after completing the training. Finally, client outcomes of changes in weight and waist circumference and clients’ perceived satisfaction with coaches meeting their basic psychological needs were assessed.
                
                                
                    RESULTS
                        Coaches reported high levels of satisfaction with the training (M = 4.58/5  .32). Paired samples t-tests demonstrated statistically significant increases in coaches’ knowledge from pre- to post-training for type 2 diabetes prevention information and [PROGRAM NAME BLINDED FOR REVIEW] information. Coach behaviours demonstrated that coaches delivered an average of 78% of session content to clients using a counselling style generally inconsistent with motivational interviewing. Client outcomes revealed statistically significant decreases in waist circumference from their first to sixth session, and clients reported that coaches highly supported their basic psychological needs.
                
                                
                    CONCLUSIONS
                        The brief [PROGRAM NAME BLINDED FOR REVIEW] coach e-learning training demonstrated favourable levels of effectiveness at all four levels of the Kirkpatrick model. Results from this study demonstrate that e-learning is an effective method for training fitness facility staff to deliver a diabetes prevention program."
adult learning transfer evaluation training outcome,crossref,ok,7017163,10.4324/9781003115366,Dimensions of Adult Learning,2020,
adult learning transfer evaluation training outcome,crossref,ok,7017163,10.1177/104515951102200206,Short-Duration Mindfulness Training with Adult Learners,2011,
adult learning transfer evaluation training outcome,crossref,ok,7017163,10.4324/9781315261874-14,"Aviation, Adult Learning and Andragogy: A Canadian Perspective",2017,
adult learning transfer evaluation training outcome,crossref,ok,7017163,10.4135/9781071873120.n7,Training Evaluation : Transfer and Results,2020,
adult learning transfer evaluation training outcome,crossref,ok,7017163,10.4324/9781315263380-12,Outcome-based Training Design,2017,
adult learning transfer evaluation training outcome,crossref,ok,7017163,10.4324/9781003115366-17,Workplace Learning,2020,
adult learning transfer evaluation training outcome,crossref,ok,7017163,10.1111/j.1365-2524.2012.01082.x,Transfer of training: the missing link in training and the quality of adult social care,2012,
adult learning transfer evaluation training outcome,crossref,ok,7017163,10.1177/10451595231205551,Collective Sensemaking: Training the Leadership-as-Practice Development Trainer for Adult Leadership Learning,2023,"A gap often exists between adult leadership learning and development practice. This gap seems particularly pronounced when considering training through a collective, practice, and constructionist theoretical lens. Leadership developers need to address this gap in their teaching methods if they are to support learning capable of responding to Complex Adaptive System (CAS) challenges. Drawing from a case-in-point (CIP) train-the-trainer experience hosted by the Kansas Leadership Center (KLC) this study will help trainers understand how primary and keying frames can be used to analyze how facilitators train trainers to use collective sensemaking for adult leadership learning. The case-in-point leadership development method is capable of moving adult leadership learners to make more systemic interpretations of leadership challenges and collectively interrogate cultural assumptions and identity."
adult learning transfer evaluation training outcome,crossref,ok,7017163,10.1108/tlo-07-2025-0177,Employee exposure to HRD and training transfer: the mediating role of formal training evaluation and the moderating role of informal learning behaviors,2026,"Purpose
                    This study investigates the mechanisms underlying the association between employee exposure to Human Resource Development (HRD) and training transfer, focusing on the mediating role of formal training evaluation and the moderating role of informal learning behaviors. Building on the Congruence theory and applying its propositions to the framework of training transfer, we argue that informal learning behaviors strengthen the positive indirect effect of employee exposure to HRD on training transfer through formal training evaluation.
                  
                  
                    Design/methodology/approach
                    A sample of 217 white-collar employees participated in the study, responding to an online survey. Latent moderated structural equation modeling was used to test the proposed moderated and mediated relationships.
                  
                  
                    Findings
                    Results showed a significant positive indirect effect of employee exposure to HRD on training transfer through the mediation of formal training evaluation. Moreover, informal learning behaviors were revealed to boost this indirect relationship.
                  
                  
                    Originality/value
                    These findings contribute to sustaining the theoretical and practical integration of formal and informal learning in view of their combined effect on training transfer. The study outlines organizational strategies to enhance training transfer by fostering both quantity and quality of formal training and encouraging informal learning in the workplace."
adult learning transfer evaluation training outcome,crossref,ok,7017163,10.7717/peerj.20541/supp-1,Supplemental Information 1: Training dataset for transfer learning.,,
adult learning transfer evaluation training outcome,crossref,ok,7017163,10.4324/9781003115366-20,Problem-Based Learning,2020,
adult learning transfer evaluation training outcome,crossref,ok,7017163,10.1177/104515959400500411,Transfer of Learning: Not Just an Afterthought,1994,
adult learning transfer evaluation training outcome,crossref,ok,7017163,10.1093/oxfordhb/9780195390483.013.0143,Emerging Conceptualizations of Adult Training and Learning,2011,"The learning landscape is changing. Learning occurs throughout the day, utilizing new content areas and different methods for distribution. The purpose of this chapter is to highlight new directions in adult learning, differentiating it from more traditional forms of learning. Toward this aim, we focus on the what (i.e., content), how (i.e., delivery mechanisms), and why (i.e., issues driving change) of new directions in adult learning. We discuss recent trends in learning content, highlighting
                    what
                    areas are important for adults to know in today’s dynamic work environment. Then we review new directions in learning methodology, looking at
                    how
                    individuals access content (i.e., key evolving formal and informal delivery mechanisms). A discussion of underlying factors driving these workforce changes is then presented, specifying the issue of
                    why
                    there is a need for new directions. We end with points for consideration, drawing up years of training and education literature."
adult learning transfer evaluation training outcome,crossref,ok,7017163,10.1177/10451595251404091,Whose English? Rethinking Native English Bias in Pronunciation Training Programs for Adult English Learners,2025,
adult learning transfer evaluation training outcome,crossref,ok,7017163,10.1177/104515959901000408,Web-Based Training in the Workplace,1999,
adult learning transfer evaluation training outcome,crossref,ok,7017163,10.4324/9781003115366-18,Vocational Education and Training,2020,
adult learning transfer evaluation training outcome,crossref,ok,7017163,10.1177/104515959400500413,The Transfer of Learning Process,1994,
adult learning transfer evaluation training outcome,crossref,ok,7017163,10.4324/9781003656630-13,"Artificial Intelligence in Higher Education, Training and Adult Learning",2026,
adult learning transfer evaluation training outcome,crossref,ok,7017163,10.1177/104515959800900308,"Transforming, Not Training",1998,
adult learning transfer evaluation training outcome,crossref,ok,7017163,10.4324/9781003115366-21,"Culture, Equity and Learning",2020,
adult learning transfer evaluation training outcome,crossref,ok,7017163,10.4324/9781315211206-28,Outcome Evaluation,2017,
illusion of competence self-assessment mismatch performance,crossref,ok,5311107,10.26034/ne.vals-asla.2010.902,Assessing linguistic competence through self-assessment,2010,
illusion of competence self-assessment mismatch performance,crossref,ok,5311107,10.20944/preprints202409.0019.v1,The Illusion of Competence: A Deep Dive into Workplace False Performance,2024,"This paper develops an understanding of False Performance as a negative form of workplace behaviour which has received scant attention. According to the quantitative literature, which measures False Performance using the Organisational Charlatan Scale (OCS), false performers are incompetent employees who deliberately portray themselves as better able to perform in a job role than they know themselves to be capable. In this study, False Performance was explored in United Kingdom public sector organisations for the first time, using novel focus group methodology and grounded theory. Eight focus groups (n=51) were conducted to explore employees’ perceptions and experiences of False Performance, with a focus on job interviews and performance appraisals. Using NVivo for analysis, five categories emerged: Co-Worker Perceptions of False Performance in the Workplace, False Performance in Interview/Appraisal Settings, The Impact of Trust on the False Performer, The Effect of False Performance on Co-Worker Morale, and Preventing False Performance in the Workplace. The results support the literature review that False Performance is a new and negative addition to the taxonomies of job performance. Human Resources (HR) managers are, therefore, urged to prevent and reduce False Performance via well-designed selection processes and performance appraisals, thereby improving co-worker trust amongst employees."
illusion of competence self-assessment mismatch performance,crossref,ok,5311107,10.5220/0007679005410548,Digital Competence of Educators (DigCompEdu): Development and Evaluation of a Self-assessment Instrument for Teachers' Digital Competence,2019,
illusion of competence self-assessment mismatch performance,crossref,ok,5311107,10.3102/1575236,"Indian Teachers' Background, Assessment Competence, Self-Efficacy, and Self-Perceived Assessment Skills Effects on Assessment Practices",2020,
illusion of competence self-assessment mismatch performance,crossref,ok,5311107,10.1080/15298868.2018.1465460,The best option illusion in self and social assessment,2018,
illusion of competence self-assessment mismatch performance,crossref,ok,5311107,10.1007/978-3-319-50030-0_6,Self-Regulated Learning with Expository Texts as a Competence: Competence Structure and Competence Training,2017,
illusion of competence self-assessment mismatch performance,crossref,ok,5311107,10.2139/ssrn.5127227,Exploring Public Sector Workforce Attitudes Toward Ai Competence and its Impact on Ai Competence Self-Assessment,2025,
illusion of competence self-assessment mismatch performance,crossref,ok,5311107,10.25264/2519-2558-2019-6(74)-175-178,ENGLISH LISTENING COMPETENCE AS THE OBJECT OF SELF-ASSESSMENT,2019,
illusion of competence self-assessment mismatch performance,crossref,ok,5311107,10.46394/iss.38.1.19,Self Illusion of KAFA Cadet in Self Assessment,2020,
illusion of competence self-assessment mismatch performance,crossref,ok,5311107,10.1787/888933615895,Figure V.3.13. Low performance in collaborative problem solving and self-reported ICT competence,,
illusion of competence self-assessment mismatch performance,crossref,ok,5311107,10.1016/s1322-7696(08)60511-9,The role of performance feedback in the self-assessment of competence: A research study with nursing clinicians,2006,
illusion of competence self-assessment mismatch performance,crossref,ok,5311107,10.1017/9781108863599.009,The Illusion of Competence,2020,
illusion of competence self-assessment mismatch performance,crossref,ok,5311107,10.1037/t90613-000,Facets of Competence Self-Assessment Instrument,2023,
illusion of competence self-assessment mismatch performance,crossref,ok,5311107,10.1787/888933615914,Figure V.3.14. Students' self-reported ICT competence and relative performance in collaborative problem solving,,
illusion of competence self-assessment mismatch performance,crossref,ok,5311107,10.1016/j.stueduc.2018.04.001,Self-assessment of the oral presentation competence: Effects of gender and student’s performance,2018,
illusion of competence self-assessment mismatch performance,crossref,ok,5311107,10.21125/inted.2023.1190,SELF-ASSESSMENT AND PEER ASSESSMENT: STRATEGY FOR DEVELOPING ORAL COMPETENCE IN HIGHER EDUCATION,2023,
illusion of competence self-assessment mismatch performance,crossref,ok,5311107,10.7551/mitpress/14945.003.0007,"Cultivating Competence: Expertise, Self-Assessment, and Professionalism",2025,
illusion of competence self-assessment mismatch performance,crossref,ok,5311107,10.1037/e636952013-305,Visual mismatch negativity is sensitive to Craik-Cornsweet-O'Brien illusion,2013,
illusion of competence self-assessment mismatch performance,crossref,ok,5311107,10.3726/978-3-0351-0786-9/24,Core Self and the Illusion of the Self,,
illusion of competence self-assessment mismatch performance,crossref,ok,5311107,10.32782/2663-6085/2023/58.2.8,"EURISTIC DISCUSSION, LISTENING TIPS AND SELF ASSESSMENT CHECKLISTS AS MEANS OF SELF ASSESSMENT OF ENGLISH LISTENING COMPETENCE",2023,
illusion of competence self-assessment mismatch performance,crossref,ok,5311107,10.63498/injelps37,"Teachers’ effectiveness, assessment competence, self-efficacy, and readiness for international student assessment",2026,
illusion of competence self-assessment mismatch performance,crossref,ok,5311107,10.1037/t60957-000,Cultural Competence Self-Assessment Questionnaire--Revised,2014,
illusion of competence self-assessment mismatch performance,crossref,ok,5311107,10.1037/t01819-000,Cultural Competence Self-Assessment Questionnaire—Service Provider Version,2006,
illusion of competence self-assessment mismatch performance,crossref,ok,5311107,10.2307/3208450,Breaking the Illusion of Being: Shakespeare and the Performance of Self,1994,
illusion of competence self-assessment mismatch performance,crossref,ok,5311107,10.26686/wgtn.16969774,Persistence of Illusion: Using Spatial Illusion as a Visual Performance Mechanism,,"&lt;p&gt;This thesis presents the design of a real-time visual performance system for live performances. Building on a research analysis of historical context and precedents, it is evident that software systems currently available to Live Cinema and VJ performers are often complex to navigate and counter intuitive to perform with. An alternative approach to visual performance system design is investigated in this thesis, where the spatial zone of the physical performance is used as the basis for the design, rather than purely placing the focus on software architecture. The investigation focuses on how the creation of live visual content can be achieved through the virtual and physical spatial relationships within the performance and how the performer then interacts with these relationships through bodily response and navigation. This is achieved through combining the successes of contemporary visual performances, the interaction techniques used in pre-cinema instrumentation and the use of projection mapping as a means of visually addressing the entire space of the performance. These investigations are demonstrated through a series of experiments and theoretical studies culminating in a set of design criteria, put together in a final system design accompanied by a demonstrative performance. The significance of this research is to provide the design basis for a successfully intuitive visual performance instrument, which can provide immediate results yet still require skill and experience to master. This will move the skill base of visual performance away from software navigation and more towards the physical ability to create and perform complex visual compositions in real time.&lt;/p&gt;"
illusion of competence self-assessment mismatch performance,crossref,ok,5311107,10.53841/bpsrep.2017.inf276.20,Occupational competence for the role,2017,
illusion of competence self-assessment mismatch performance,crossref,ok,5311107,10.7768/1948-5123.1174,The illusion of competence: Increasing self-efficacy in outdoor leaders,2014,
illusion of competence self-assessment mismatch performance,crossref,ok,5311107,10.3102/1442275,"Millennial Preservice Teachers' Cultural Competence: Self-Assessment, Analysis, and Implications",2019,
illusion of competence self-assessment mismatch performance,crossref,ok,5311107,10.31390/gradschool_dissertations.4964,Examining Two Self-Assessment Measures of Teacher Multicultural Competence and Their Predictive Value to Student Behavior Outcomes,,
illusion of competence self-assessment mismatch performance,crossref,ok,5311107,10.3384/9789180759557,Learning Cultural Competence in Healthcare : Self-assessment and Education,2025,
illusion of competence self-assessment mismatch performance,crossref,ok,5311107,10.31234/osf.io/dk9rq_v1,Designing for Realistic Self-Assessment: Reducing Illusions of Competence in Human–Technology Interaction,2026,"Humans frequently overestimate their unaided problem-solving abilities after receiving cognitive support—a bias known as illusion of competence. Such miscalibration harms the ability to seek and sustain support and thus undermines adaptive reliance on technology. In four experiments, we examined how subtle interventions can reduce this bias during technology-assisted problem solving. In Experiment 1, short metacognitive prompts inviting reflection on the contribution of cognitive support abolished the bias. In Experiment 2, the intervention of emphasizing the external origin of the support was tested. The emphasis was implemented by framing the support as coming from a humanlike (a robot face) or a nonhumanlike (a soft-ware window) entity. Both emphases of external origin reduced the bias to a similar extent. Moreover, engaging in unaided problem solving also abolished and even reversed the bias, leading to an illusion of incompetence. We failed to replicate these findings after methodolog-ical refinement in Experiment 3 that included more pronounced external support. When keep-ing refinements but again using less pronounced support, replications succeeded in Experiment 4. Our findings demonstrate that minimal interventions can enhance a problem solver’s meta-cognitive accuracy when receiving cognitive support. We discuss implications for the design of cognitive human-computer interactions that promote realistic self-assessment and thus sus-tainable collaborations."
illusion of competence self-assessment mismatch performance,crossref,ok,5311107,10.7759/cureus.73543,Digital Competence Among Older Adults: Is Self-Assessment Reliable?,2024,
illusion of competence self-assessment mismatch performance,crossref,ok,5311107,10.1097/acm.0b013e3181c41b6f,Commentary: Urgently Needed: A Safe Place for Self-Assessment on the Path to Maintaining Competence and Improving Performance,2010,
illusion of competence self-assessment mismatch performance,crossref,ok,5311107,10.1207/s15327752jpa6502_8,Self-Linking and Self-Competence as Dimensions of Global Self-Esteem: Initial Validation of a Measure,1995,
illusion of competence self-assessment mismatch performance,crossref,ok,5311107,10.21203/rs.3.rs-3091508/v1,The illusion of competence reflected in grade predictions and utility of learning strategies,2023,"Abstract
        The purpose of this study is to test the illusion of competence by analyzing the effects of students’ expected examination scores and the utility of the learning strategies that students use on their actual exam scores. Expected and actual midterm and final exam scores for 105 students in a course for secondary preservice teachers showed negative correlations that confirmed the bidirectional nature of the Dunning-Kruger effect, which is the phenomenon in which people’s estimates of their performance on tasks tend to be inversely proportional to their actual performance, i.e., people who estimate that their performance will be the best perform worse, and vice versa. Students’ knowledge of their actual midterm exam scores had a significant influence on their expected final exam results, in that they made more objective and reliable judgments of their competence for their final exam scores. The utility of the learning strategies that the students used correlated positively with expected scores, but negatively with actual scores. Both the effect of expected score and the effect of learning strategy on actual score were negative, but learning strategy utility had a greater impact than did expected score. The findings of this study confirm previous study results of an illusion of student competence between individuals’ expected and actual task performance, and add that studying using learning strategies of low utility has negative impacts on actual performance."
illusion of competence self-assessment mismatch performance,crossref,ok,5311107,10.1007/978-3-319-30064-1_7,Performance Assessment in Legal Education,2016,
illusion of competence self-assessment mismatch performance,crossref,ok,5311107,10.2139/ssrn.7179919,RAG Systems and the Illusion of Accuracy: Rethinking Attorney Competence Standards for Legal AI,2026,"Legal AI tools marketed as ""hallucination-free"" continue to produce inaccurate legal analysis at rates incompatible with their marketing. This article examines why retrieval-augmented generation (RAG), the architecture underlying leading legal research platforms, reduces but cannot eliminate hallucination, and why the profession's regulatory response has misdiagnosed the resulting competence problem. The first preregistered empirical evaluation of these tools documents hallucination rates between 17% and 33% for products offered by LexisNexis and Thomson Reuters (Magesh et al., 2025), with theoretical work suggesting some hallucination rate is intrinsic to calibrated generative models (Kalai &amp;amp; Vempala, 2023). Current ethical guidance, including ABA Formal Opinion 512 and Florida Bar Opinion 24-1, instructs attorneys to verify AI output without acknowledging what this article terms the verification paradox: RAG's citations to authentic sources make its errors systematically harder to detect than the fabrications of general purpose chatbots, so the tools that appear most trustworthy demand the most sophisticated distrust. The article argues that compliance with Model Rule 1.1 therefore requires graduated technical competence keyed to RAG's specific, predictable failure modes, and it proposes a tiered verification framework in which the required depth of attorney verification scales with the weight the AI output carries in the legal task. The framework extends a principle this author has defended in the due process context: procedural safeguards for algorithmic systems must be calibrated to the reliance placed upon them."
illusion of competence self-assessment mismatch performance,crossref,ok,5311107,10.1177/073428290202000404,Self-Perceived Competence among Preschool Children in Relation to Teacher-Perceived Competence,2002,"The aims of this study were to examine the utility of the Pictorial Scale of Perceived Competence and Social Acceptance for Young Children (PSPCSC; Harter &amp; Pike, 1984) with preschoolers and to explore correspondence between children's and teacher's perceptions of child competence. Children's self-perceptions of competence were not internally consistent within the physical, maternal acceptance, or cognitive domains. Children's ratings of their competence were significantly higher than teacher ratings only for the domain of physical competence. Contrary to expectations, teachers' perceptions of children's peer acceptance and cognitive competence were significantly higher than children's self-perceptions. Associations between children's self-perceptions and teacher ratings were nonexistent. Overall, findings suggest that the PSPCSC may not be an appropriate measure of self-perceived competence in preschool children. It may be that teacher and child reports of perceived competence tap different constructs. Additional instrument development work is needed in this area in order to more reliably measure preschool children's self-perceived competence."
illusion of competence self-assessment mismatch performance,crossref,ok,5311107,10.1016/j.ijer.2011.08.005,"Positive biases in self-assessment of mathematics competence, achievement goals, and mathematics performance",2011,
illusion of competence self-assessment mismatch performance,crossref,ok,5311107,10.2139/ssrn.5024766,Digital Literacy Competence Self-Assessment Among Dental Students in Iran,2024,
illusion of competence self-assessment mismatch performance,crossref,ok,5311107,10.4324/9781351029100-2,Student teachers’ appraisal of the importance of assessment in teacher education and self-reports on the development of assessment competence,2019,
illusion of competence self-assessment mismatch performance,crossref,ok,5311107,10.1038/ajg.2011.481,Competence Measurement During Colonoscopy Training: The Use of Self-Assessment of Performance Measures,2012,
illusion of competence self-assessment mismatch performance,crossref,ok,5311107,10.1080/00223891.2011.559390,Perceived Competence: A Common Core for Self-Efficacy and Self-Concept?,2011,
illusion of competence self-assessment mismatch performance,crossref,ok,5311107,10.7591/9780801465802-010,6. Blinded By “Insight”,2018,
illusion of competence self-assessment mismatch performance,crossref,ok,5311107,10.1016/j.profnurs.2008.08.006,An Investigation of Nursing Competence and the Competency Outcomes Performance Assessment Curricular Approach: Senior Students' Self-Reported Perceptions,2009,
illusion of competence self-assessment mismatch performance,crossref,ok,5311107,10.3390/bs14110985,The Illusion of Competence: A Qualitative Deep Dive into Workplace False Performance,2024,"This qualitative paper develops an understanding of False Performance as a negative form of workplace behaviour which has received scant attention. According to the quantitative literature, which measures False Performance using the Organisational Charlatan Scale (OCS), false performers are incompetent employees who deliberately portray themselves as better able to perform in a job role than they know themselves to be capable. In this study, False Performance was explored in United Kingdom public-sector organisations for the first time, using novel focus-group methodology and grounded theory. Eight focus groups (n = 51) were conducted to explore employees’ perceptions and experiences of False Performance, with a focus on job interviews and performance appraisals. Using NVivo for analysis, five categories emerged: Co-Worker Perceptions of False Performance in the Workplace, False Performance in Interview/Appraisal Settings, The Impact of Trust on the False Performer, The Effect of False Performance on Co-Worker Morale, and Preventing False Performance in the Workplace. The results support the literature review that False Performance is a new and negative addition to the taxonomies of job performance. Human resources (HR) managers are, therefore, urged to prevent and reduce False Performance via well-designed selection processes and performance appraisals, thereby improving co-worker trust amongst employees."
illusion of competence self-assessment mismatch performance,crossref,ok,5311107,10.31390/gradschool_theses.777,The relationship between early cumulative caregiver sensitivity and children's later self-perception of cognitive competence and cognitive performance,,
illusion of competence self-assessment mismatch performance,crossref,ok,5311107,10.52711/2454-2660.2022.00024,Assessment of Psychometric properties of Clinical Competence Self-Assessment Tool (CCSAT),2022,"Introduction: The healthcare sector is very complex.  Presently there is shortage of nurses and the hospitals tend to recruit new graduate nurses to work in critical and intensive care units. The baccalaureate study equips a nursing student with theoretical knowledge and fundamental nursing skills. There is still a challenge to promote nursing student’s competence before they acquire their nursing degree. Nurse competence has been assessed in past, few have estimated it at the point of completion of nursing degree. In India too there is a scarcity of data and so far no tool developed or modified to assess the same. Purpose of the current study is to assess reliability and validity of a newly developed “Clinical Competence Self Assessment Tool” which measures perceived clinical competence in terms of professional behavior, knowledge and skills. Aim: To establish reliability and validity of CCSAT. Materials and Methods: The present paper assesses CCSAT try out results on a sample of 410 upcoming nursing graduates from 09 randomly selected nursing colleges of western Uttar Pradesh. A cross sectional descriptive survey design was done to collect the data. Factor analysis was used to analyze the results. Results: The data was found suitable for factor analysis. All subscales achieved reliability with reliability coefficient value of &gt; 0.83. Post factor analysis all the 19 items were retained in professional behavior subscale and one item each were reduced from Knowledge and skills subscale. Conclusion:  Final CCSAT, post try out on a sample of 410 upcoming graduates CCSAT contained total 90 items. The reliability and validity of the tool was also ascertained."
illusion of competence self-assessment mismatch performance,crossref,ok,5311107,10.1037/e689462007-001,Self-Assessment of Critical Incidents Influencing Cultural Competence: Integrating Trainees' Experiences,2007,
illusion of competence self-assessment mismatch performance,crossref,ok,5311107,10.1016/j.ijedudev.2026.103557,"Shaping learning performance through artificial intelligence capability: Do cognitive competence, self-efficacy, creativity, and self-learning competence mediate the relationship?",2026,
assisted performance versus unassisted performance measurement gap,crossref,ok,4483423,10.1787/888933996030,Figure 2.4. Logistics performance gap versus the best-performing OECD country.xlsx,,
assisted performance versus unassisted performance measurement gap,crossref,ok,4483423,10.30707/etd2017.lockhart.j,"Comparison of Clinician Assisted versus Unassisted PNF Stretching on Hamstring Flexibility, Isometric Force Output, and Maximum Vertical Jump Height",,
assisted performance versus unassisted performance measurement gap,crossref,ok,4483423,10.4324/9780203052518-14,Performance Assessment and Educational Measurement,2012,
assisted performance versus unassisted performance measurement gap,crossref,ok,4483423,10.23846/b/egm/201907,Performance measurement and management in primary healthcare systems in low- and middle-income countries: an evidence gap map,2019,
assisted performance versus unassisted performance measurement gap,crossref,ok,4483423,10.32657/10356/171841,Phytoremediation - unassisted and TiO2 nanoparticles assisted,,
assisted performance versus unassisted performance measurement gap,crossref,ok,4483423,10.1007/978-3-319-56862-1_20,Mind the Gap: Studying Actual Versus Predicted Performance of Green Buildings in Canada,2017,
assisted performance versus unassisted performance measurement gap,crossref,ok,4483423,10.1108/eum0000000007216,"The LibQUAL+gap measurement model: the bad, the ugly, and the good of gap measurement",2000,"Various measurement models may be employed to obtain attitude or perception data. Some protocols employ a ‘gap measurement model’ to frame perceptions. One important benefit of using a gap measurement model is that tools such as LibQUAL??inherently incorporate a natural lie or random‐response scale. The present study investigates performance of scores on the scale for the 4407 LibQUAL??Phase One participants. This paper was presented at the Association of Research Libraries (ARL) Measuring Service Quality Symposium on the New Culture of Assessment: Measuring Service Quality, Washington, DC, 20‐21 October, 2000."
assisted performance versus unassisted performance measurement gap,crossref,ok,4483423,10.1109/iccar69571.2026.11549890,Biomechanical Effects of Passive and Active Back Exoskeletons During Assisted and Unassisted Task Performance,2026,
assisted performance versus unassisted performance measurement gap,crossref,ok,4483423,10.2139/ssrn.469622,The Measurement Gap in Paying for Performance: Actual and Preferred Measures,2004,"What is measured gets managed - especially if rewards depend on it.  For this reason many companies (over seventy percent in this survey) have upgraded their performance measurement systems so as to include a mix of financial and non-financial metrics. This study compares how companies currently measure performance for compensation purposes with how their managers think performance should be measured. We find significant measurement gaps between actual and preferred measures, and we find that larger measurement gaps are related to lower overall performance. The choice of performance measures for compensation purposes is also related to the attitudes of managers towards manipulation of reported results."
assisted performance versus unassisted performance measurement gap,crossref,ok,4483423,10.14453/aabfj.v6i3.5,"Partnership Versus Public Ownership of Accounting Firms: Exploring Relative Performance, Performance Measurement and Measurement Issues",2012,"Despite theoretical arguments that partnerships are the most efficient ownership form for professional service firms (PSFs), PSFs are increasingly moving to other ownership structures, such as publicly listed companies (PLCs). Research on the comparative performance of PSF, PLCs and partnerships is sparse with conflicting results suggesting that some segments of PSFs are moving to a less efficient form. This study explores the performance of two Australian accounting PLCs compared to a sample of similar sized mid tier accounting firms. The accounting PLCs achieved substantially higher revenue growth rates but lower productivity than the partnership sample. Measurement issues were identified in the use of closing resource numbers and different treatment of reporting merger and acquisition revenues which may partially explain the underperformance of publicly owned PSFs in prior studies. The need for research at a more detailed level exploring the market and service focus, organisational structures, resources utilised and resource costs across different PSF ownership forms is suggested."
assisted performance versus unassisted performance measurement gap,crossref,ok,4483423,10.20944/preprints202609.2065.v1,Assistance State as a Condition of Functional Measurement: Distinguishing Assisted Performance from Performance at a Lower Assistance State,2026,"A functional score is usually read as a property of the person measured. Increasingly it is produced by the person and an assistive environment together: a cane, a caregiver, a cueing system, a rehabilitation robot, or an artificial-intelligence system may supply part of it. The score is real. It answers a different question from the same score without the assistance.The distinction is not new. The International Classification of Functioning, Disability and Health separates capacity from performance in the current environment, with and without assistance. Motor learning has known for forty years that guidance raises performance during practice and lowers it on the unguided retention test. Rehabilitation separates the orthotic effect of a device from its therapeutic effect. Human factors describes the operator who performs better with automation and worse when it fails. These literatures rarely cite one another, and the rule has not been stated as a general principle across them.This paper states it. Assistance state is a condition of functional measurement, as supplemental oxygen is a condition of a six-minute walk. A score under one assistance state cannot be read as a change in what the person supplies when compared with a score under another, unless the change in assistance is what is studied. Where assistance is meant to leave the person more capable, the evaluation includes a prespecified assessment at a lower assistance state, a handback, under a criterion that does not move when the assistance does. Assistance state travels with the observation."
assisted performance versus unassisted performance measurement gap,crossref,ok,4483423,10.1109/tcc.2026.3672446/mm1,Quantifying the Performance Gap for Simple Versus Optimal Dynamic Server Allocation Policies_supp1-3672446.pdf,,
assisted performance versus unassisted performance measurement gap,crossref,ok,4483423,10.2139/ssrn.468722,On the Choice of Asset Price Indices: Performance Measurement Versus Asset Class Analysis,2003,"Asset price indices are widely used in financial economics to measure portfolio performance and analyze asset class attributes such as risk and returns. This paper uses statistical models and numerical examples to illustrate that these two research needs are different and thus demand different indices. The choice of indices has significant economic consequences since indices can differ dramatically under reasonable market conditions, as demonstrated by simulations. This paper proposes a moment-matching criterion to select indices for portfolio performance measurement, and a process-matching criterion to select indices for asset class attributes analysis."
assisted performance versus unassisted performance measurement gap,crossref,ok,4483423,10.1109/i2mtc.2012.6229388,Differentiating assisted and unassisted bed exits using ultrasonic sensor,2012,
assisted performance versus unassisted performance measurement gap,crossref,ok,4483423,10.1201/9781003081173-9,Assisted versus Unassisted Eco-Driving for Electrified Powertrains,2021,
assisted performance versus unassisted performance measurement gap,crossref,ok,4483423,10.1021/acssuschemeng.8b03965.s001,Alkali Metal-Assisted Synthesis of Graphite Carbon Nitride with Tunable Band-Gap for Enhanced Visible-Light-Driven Photocatalytic Performance,,
assisted performance versus unassisted performance measurement gap,crossref,ok,4483423,10.1021/jo00885a018,Sigma assisted versus unassisted pathways in the ionization of tertiary cyclopropyl triflates,1976,
assisted performance versus unassisted performance measurement gap,crossref,ok,4483423,10.1108/03074350410769137,Performance measurement and organizational effectiveness: bridging the gap,2004,"The aim of this paper is to bridge the gap between the organizational effectiveness (OE) models developed in the field of organizational theory and the performance measurement models presented within the management accounting literature. The specific evolution of these two complementary streams of research stemming from two different fields of research are reconciled and integrated by analyzing their convergences and divergences. As a response to theoretical and practical pressures, the evolution of OE models reflects a construct perspective, while the evolution of performance measurement models mirrors a process perspective. Performance measurement models have moved from a cybernetic view whereby performance measurement was based mainly on financial measures and considered as a component of the planning and control cycle to a holistic view based on multiple nonfinancial measures where performance measurement acts as an independent process included in a broader set of activities. This paper contributes to the performance measurement literature by establishing the origins of the performance measurement models and by shedding light on unexplored fertile areas of future research."
assisted performance versus unassisted performance measurement gap,crossref,ok,4483423,10.21203/rs.3.rs-1690952/v1,Maternal and neonatal outcomes of assisted reproductive technology versus unassisted pregnancy: A propensity score-matched analysis,2022,"Abstract
        Background: Assisted reproductive technology (ART) is generally safe, but still associated with risks of various adverse maternal and neonatal outcomes.Methods: This retrospective cohort study included all deliveries (through either ART or unassisted pregnancy) during a period from January 5th, 2015 to September 30th, 2020 at the Obstetrics and Gynecology Hospital of Fudan University, Shanghai, China. A propensity score-matched (PSM) analysis was conducted to compare adverse maternal and neonatal outcomes between ART and unassisted pregnancy. The PSM was performed at a 1:4 ratio using a caliper width that equals to 0.02 of the standard deviation of the propensity score logit. The results are presented as relative risk (RR) and 95% confidence interval (95%CI).Results: We screened a total of 78,022 deliveries: 4,310 (5.5%) through ART and the remaining 73,712 (94.5%) through unassisted pregnancy. The ART group had older age (33.2±3.9 vs 30.4±4.0 years), higher rate of cesarean section (70.2% vs 38.1%) and multiple pregnancies (23.6% vs 1.7%). In the PSM analysis (4,218 and 15,003 deliveries, respectively), the ART group had higher risks of preeclampsia (10.5% vs 5.7%, RR: 1.57, 95%CI: 1.44-1.71), gestational diabetes mellitus (19.5% vs 16.0%, RR: 1.27, 95%CI: 1.16-1.38) and placenta-related diseases, including placenta previa (2.7% vs 1.8%, RR: 1.52, 95% CI: 1.21-1.89), placenta accreta spectrum (6.8% vs 3.0%, RR: 1.95, 95%CI: 1.72-2.22) and abnormal placental morphology (8.4% vs 5.5%, RR: 1.22, 95%CI: 1.14-1.30). In singletons, the ART group had higher risks of large-for-gestational-age (LGA) (13.7% vs 10.2%, RR: 1.40, 95%CI: 1.25-1.57) and stillbirth (0.3% vs 0.1%, RR: 2.24, 95% CI: 1.25-4.03) but lower risk of small-for-gestational-age (SGA) (4.2% vs 5.4%, RR: 0.84, 95%CI: 0.73-0.97). In multiple births, the ART group had lower risks of SGA (13.4% vs 17.8%, RR:0.83, 95%CI: 0.74-0.93), preterm birth (44.8% vs 59.2%, RR: 0.56, 95%CI: 0.49-0.64) and stillbirth (0.1% vs 0.6%, RR: 0.42, 95%CI: 0.20-0.90). Analysis of the overall, pre-matching study population yielded largely similar findings.Conclusion: Pregnancy through ART was associated with higher risks of most maternal outcomes. Interestingly, the risks of neonatal outcomes differed between singleton and multiple birth groups."
assisted performance versus unassisted performance measurement gap,crossref,ok,4483423,10.2139/ssrn.414143,"Leading Indicator Variables, Performance Measurement and Long-Term Versus Short-Term Contracts",2003,"This paper develops a multiperiod agency model to study the use of leading indicator variables in managerial performance measures. In addition to the familiar moral hazard problem, the principal faces the task of motivating a manager to undertake ""soft"" investments. These investments are not  directly contractible, but the principal can instead rely on leading indicator variables which provide a noisy forecast of the investment returns to be received in future periods. Our analysis relates the role of leading indicator variables to the duration of the manager's incentive contract.

With short-term contracts, leading indicator variables are essential in  mitigating a ""holdup"" problem resulting from the fact that investments are sunk at the end of the first period. With long-term contracts, leading indicator variables will be valuable if the manager's compensation schemes are not stationary over time. The leading indicator variables then become an instrument for matching the future investment return with the current investment expenditure. We identify conditions under which the optimal long-term contract induces larger investments and less reliance on the leading indicator variables in comparison to short-term contracts. Under certain conditions, though, the principal does better with a sequence of one-period contracts than with a long-term contract."
assisted performance versus unassisted performance measurement gap,crossref,ok,4483423,10.1016/0030-5073(76)90058-1,Probability as preparedness to act: Direct estimation versus indirect measurement,1976,
assisted performance versus unassisted performance measurement gap,crossref,ok,4483423,10.1201/b10242-3,Performance Measurement,2017,
assisted performance versus unassisted performance measurement gap,crossref,ok,4483423,10.1109/milcom.1989.103893,Measurement of diversity-combining performance enhancement for fast FH,,
assisted performance versus unassisted performance measurement gap,crossref,ok,4483423,10.1108/14678040911005428,Bridging the gap between service provision and customer expectations,2009,"PurposeThe purpose of this paper is to serve as a reminder to all managers that they must understand their customers, from the customers' perspective, and not make assumptions about customer needs.Design/methodology/approachCustomer value discovery workshops are held with undergraduate on‐campus students and academic staff at Nottingham Trent University to identify customer values and irritations. Library staff participate in the workshops and vote as they expect their customers to vote. The gaps identified between staff assumptions of customer perceptions of service importance and performance serve as a catalyst for staff engagement in the change process that is necessary to deliver on the value propositions and reduce customer irritations.FindingsLibrary staff assumptions of customer perceptions are not always accurate. The gaps identified help to engage staff in the change process that is necessary to improve perceptions of value and to reduce irritations. By explicitly addressing the value propositions with the aims of adding value and reducing irritation, student satisfaction with library services, as measured by two independent satisfaction surveys, improves considerably.Research limitations/implicationsThe research is based on two customer segments of one university library. The research should be repeated after a gap of three‐four years to check if the value propositions and irritations have changed in that time. If so, the goals of the library's operational plan would have to change to reflect the new value propositions.Practical implicationsA comparison of the Customer Value Discovery methodology with LibQUAL+™, which is used internationally, and the Rodski Research Group's method, used in Australia and New Zealand, is given.Originality/valueThe Customer Value Discovery methodology is most often used in the commercial sector. This paper explores its potential in the not‐for‐profit sector in the context of a university library service."
assisted performance versus unassisted performance measurement gap,crossref,ok,4483423,10.3726/978-3-653-06896-2/7,2 Performance Measurement – Theoretische Verortung der Begrifflichkeit,,
assisted performance versus unassisted performance measurement gap,crossref,ok,4483423,10.4324/9780203052518-17,The Politics of Multiple-Choice Versus Free-Response Assessment,2012,
assisted performance versus unassisted performance measurement gap,crossref,ok,4483423,10.1016/j.annepidem.2022.08.042,"Traditional birth attendant-assisted versus unassisted births: a comparison of neonatal deaths in Nigeria, 2008–2018",2022,
assisted performance versus unassisted performance measurement gap,crossref,ok,4483423,10.15760/etd.164,Performance Measures for Managerial Decision Making:  Performance Measurement Synergies in Multi-Attribute Performance Measurement Systems,2000,
assisted performance versus unassisted performance measurement gap,crossref,ok,4483423,10.3403/30397420,Performance evaluation protocol for digital fitting systems,,
assisted performance versus unassisted performance measurement gap,crossref,ok,4483423,10.1007/s00761-025-01795-0,KI-unterstützte versus -nichtunterstützte Identifizierung von Prostatakrebs in Magnetresonanzbildern,2025,
assisted performance versus unassisted performance measurement gap,crossref,ok,4483423,10.3403/30397420u,Performance evaluation protocol for digital fitting systems,,
assisted performance versus unassisted performance measurement gap,crossref,ok,4483423,10.15358/9783800639151_25,2 Performance Measurement als Steuerungsansatz,2011,
assisted performance versus unassisted performance measurement gap,crossref,ok,4483423,10.1016/j.measurement.2006.05.019,Geometric error filtering performance of a cylindrical capacitive sensor (CCS) with circumferential gap,2007,
assisted performance versus unassisted performance measurement gap,crossref,ok,4483423,10.1201/b10242-6,Performance Measurement Hierarchies,2017,
assisted performance versus unassisted performance measurement gap,crossref,ok,4483423,10.15358/9783800639151_38,3 Grundlagen des Performance Measurement,2011,
assisted performance versus unassisted performance measurement gap,crossref,ok,4483423,10.1007/978-3-8349-9808-8_5,Fallstudienforschung zum Supply Performance Measurement,,
assisted performance versus unassisted performance measurement gap,crossref,ok,4483423,10.15358/9783800639151_81,4 Konzepte des Performance Measurement,2011,
assisted performance versus unassisted performance measurement gap,crossref,ok,4483423,10.1016/s0300-7073(06)73334-5,Performance Measurement Could Help Narrow the Racial Care Gap,2006,
assisted performance versus unassisted performance measurement gap,crossref,ok,4483423,10.1177/02537176241245083,Assisted Versus Unassisted Domiciliary Alcohol Detoxification: A Randomized Controlled Trial,2024,"Background:
                    Detoxification stands as a crucial phase in the treatment of alcohol use disorders (AUD), yet only limited data is available on the outcomes of home-based detoxification. Assisted domiciliary detoxification involves monitoring an individual’s withdrawal progress, while offering psychosocial support and detoxification services in the comfort of their home. To study outcomes of assisted over routine domiciliary alcohol detoxification in randomized controlled trials.
                  
                  
                    Methods:
                    
                      100 consenting male patients who were advised of domiciliary detoxification were randomized into intervention (
                      n
                      = 49) and control (
                      n
                      = 51) groups. A predesigned semi-structured questionnaire was used to assess the socio-demographic and drinking-related variables. Both groups received routine care for alcohol withdrawal from respective treating doctors. Additionally, the intervention group received two sessions of brief intervention for alcohol and daily phone call assistance. Records were kept for adverse events. Phone calls were discontinued once detoxification was completed. Outcomes were measured for successful completion of detoxification and abstention from alcohol at the end of one month.
                    
                  
                  
                    Results:
                    
                      The intervention group had significantly higher successful detoxification rates (85.7% vs. 62.7%,
                      p
                      = .008) and significantly higher abstinence days at the end of one month compared to the control group (22 vs. 10 days,
                      p
                      &lt; .001) with an effect size of 1.2 (confidence interval (CI) 0.69–1.53).
                    
                  
                  
                    Conclusion:
                    This study demonstrates that receiving assistance in the acute phase of domiciliary detoxification helps in a successful detoxification and achieving a significant level of abstinence at the end of one month compared to the control group."
assisted performance versus unassisted performance measurement gap,crossref,ok,4483423,10.1002/pfi.20230,Bridging the performance gap with ergonomics: A case study,2011,
assisted performance versus unassisted performance measurement gap,crossref,ok,4483423,10.15358/9783800639151_266,7 Grundschema eines Performance Measurement-Systems,2011,
assisted performance versus unassisted performance measurement gap,crossref,ok,4483423,10.5040/9798216401759.ch-15,COther Performance Measurement Issues,2023,
assisted performance versus unassisted performance measurement gap,crossref,ok,4483423,10.2139/ssrn.4678625,Performance Assessment and Optimization of the Adsorption-Assisted Air Gap Membrane Distillation Process for Remediation of Chromium-Contaminated Groundwater,2024,
assisted performance versus unassisted performance measurement gap,crossref,ok,4483423,10.1016/s1474-7871(04)12003-0,THE MEASUREMENT GAP IN PAYING FOR PERFORMANCE: ACTUAL AND PREFERRED MEASURES,2004,"What is measured gets managed – especially if rewards depend on it. For this reason many companies (over 70% in this survey) have upgraded their performance measurement systems so as to include a mix of financial and non-financial metrics. This study compares how companies currently measure performance for compensation purposes with how their managers think performance should be measured. We find significant measurement gaps between actual and preferred measures, and we find that larger measurement gaps are related to lower overall performance. The choice of performance measures for compensation purposes is also related to the attitudes of managers towards manipulation of reported results."
assisted performance versus unassisted performance measurement gap,crossref,ok,4483423,10.1109/milcom61039.2024.10773842,Performance of TDOA Localization Versus Relay Assisted Communication System,2024,
assisted performance versus unassisted performance measurement gap,crossref,ok,4483423,10.4324/9780203222874_chapter_1,An introduction to performance measurement,,
assisted performance versus unassisted performance measurement gap,crossref,ok,4483423,10.4324/9780203222874-7,An introduction to performance measurement: the beneﬁcial effect of performance measurement,2003,
assisted performance versus unassisted performance measurement gap,crossref,ok,4483423,10.1007/978-3-322-90401-0_2,Grundlagen des Performance Measurement,1999,
assisted performance versus unassisted performance measurement gap,crossref,ok,4483423,10.1007/978-3-8349-9243-7_3,Performance Measurement in Supply Chains,,
assisted performance versus unassisted performance measurement gap,crossref,ok,4483423,10.15358/9783800639151_180,6 Performance Measurement in der Anwendung – Fallstudien,2011,
