query,db,status,hits,doi,title,year,abstract
eliciting student misconceptions formative assessment,crossref,ok,2065576,10.4135/9781452275437.n2,Examining Formative Assessment,2012,
eliciting student misconceptions formative assessment,crossref,ok,2065576,10.4135/9781071813706.n9,Eliciting and Using Evidence,2022,
eliciting student misconceptions formative assessment,crossref,ok,2065576,10.4135/9781452275437.n1,Introduction to Improving Formative Assessment Practice,2012,
eliciting student misconceptions formative assessment,crossref,ok,2065576,10.4324/9780203128213-15,Teacher Change and Formative Assessment,2012,
eliciting student misconceptions formative assessment,crossref,ok,2065576,10.18260/1-2--4479,Identifying Robust Student Misconceptions In Thermal Science Using Model Eliciting Activities,,
eliciting student misconceptions formative assessment,crossref,ok,2065576,10.4324/9780203128213-9,Summative and Formative Assessment: Building Productive Relationships,2012,
eliciting student misconceptions formative assessment,crossref,ok,2065576,10.4324/9781315854335,Successful Student Writing through Formative Assessment,2013,
eliciting student misconceptions formative assessment,crossref,ok,2065576,10.4324/9780203128213-16,Conclusions and Implications: Ways Forward for Formative Assessment,2012,
eliciting student misconceptions formative assessment,crossref,ok,2065576,10.4324/9780203128213-13,Test Follow-Up as a Formative Assessment Strategy,2012,
eliciting student misconceptions formative assessment,crossref,ok,2065576,10.4324/9780203128213-12,‘Restricted’ and ‘Extended’ Formative Assessment: Towards Contextually Grounded Models,2012,
eliciting student misconceptions formative assessment,crossref,ok,2065576,10.2505/9781936137381,Uncovering Student Ideas in Astronomy: 45 New Formative Assessment Probes,2012,
eliciting student misconceptions formative assessment,crossref,ok,2065576,10.21449/ijate.870300,The Effect of Formative Assessment Practices on Student Learning: A Meta-Analysis Study,2021,"The main purpose of this meta-analysis study is to investigate how formative assessment practices promote student learning in Turkey. 32 studies with 47 effect sizes that met the specified criteria such as using true experimental or quasi-experimental design and measuring learning outcomes were included as the final analysis in the meta-analytical review method. The overall mean effect size of the study was obtained as .72 (SE= .07, p&amp;lt; .05). Further investigation through subgroup analysis showed that the effect sizes made a significant difference on different types of formative feedback. The effect of features of formative assessment interventions on student learning indicated that student initiated formative feedback (d=1.16) and mixed feedback (d=.83) had a large effect, which was followed by a medium effect of adult initiated formative feedback (d=.69) and a small effect of computer initiated formative feedback (d =.42). On the other hand, education level and publication type had no effect on student academic performance in the study. These findings support the positive effect of formative assessment practices on student learning. Such a result suggests that increasing the number of different types of formative assessment practices in the classrooms would promise a considerable contribution to student learning."
eliciting student misconceptions formative assessment,crossref,ok,2065576,10.31390/gradschool_theses.2150,Using formative assessment to enhance student performance on geometric proof writing,,
eliciting student misconceptions formative assessment,crossref,ok,2065576,10.53593/n3317a,Using formative assessment in a VLE to improve student engagement,2020,
eliciting student misconceptions formative assessment,crossref,ok,2065576,10.1007/978-94-007-1727-5_11,Teacher Feedback in Formative Classroom Assessment,2011,
eliciting student misconceptions formative assessment,crossref,ok,2065576,10.18260/p.26104,Revealing Student Misconceptions and Instructor Blind Spots with Muddiest Point Formative Feedback,,
eliciting student misconceptions formative assessment,crossref,ok,2065576,10.2505/9780873552738,"Uncovering Student Ideas in Science, Volume 2: 25 More Formative Assessment Probes",2007,
eliciting student misconceptions formative assessment,crossref,ok,2065576,10.2505/9781933531243,"Uncovering Student Ideas in Science, Volume 3: Another 25 Formative Assessment Probes",2008,
eliciting student misconceptions formative assessment,crossref,ok,2065576,10.2505/9781935155010,"Uncovering Student Ideas in Science, Volume 4: 25 New Formative Assessment Probes",2009,
eliciting student misconceptions formative assessment,crossref,ok,2065576,10.4135/9781483385945.n1,Using Formative Assessment to Build Student Engagement in Mathematics Learning,2015,
eliciting student misconceptions formative assessment,crossref,ok,2065576,10.4324/9780203934333-11,Student learning environment,2007,
eliciting student misconceptions formative assessment,crossref,ok,2065576,10.17239/jowr-2012.04.02.5,Eliciting formative assessment in peer review,2012,
eliciting student misconceptions formative assessment,crossref,ok,2065576,10.2505/9781938946479,Uncovering Student Ideas in Earth and Environmental Science: 32 New Formative Assessment Probes,2016,
eliciting student misconceptions formative assessment,crossref,ok,2065576,10.2505/9781936137176,"Uncovering Student Ideas in Life Science, Volume 1: 25 New Formative Assessment Probes",2011,
eliciting student misconceptions formative assessment,crossref,ok,2065576,10.2505/9781681405636,"Uncovering Student Ideas in Science, Volume 1, Second Edition: 25 Formative Assessment Probes",2018,
eliciting student misconceptions formative assessment,crossref,ok,2065576,10.65528/9780807781845-008,5. Formative Assessment Tasks,2010,
eliciting student misconceptions formative assessment,crossref,ok,2065576,10.62512/etlhe.21,Fixed ‘Formative-Specific' Assessment Rubrics and ‘Formal’ Formative Assessment? What’s the point? Evolving formative assessment processes for a large-scale international student taught master’s Education module,2025,"Assessment rubrics are a central component of developing students’ assessment literacy. They are usually used both for the summative assessment of learning, and, formatively, to develop students’ understanding of the standard of work required to be successful. The objective of this research was to evaluate the use of a ‘formative-specific’ assessment rubric designed for providing formative assessment feedback, and a distinct rubric designed for summative assessment. Data was collected through an online questionnaire and anecdotal conversations with colleagues and students. A total of 45 postgraduate students completed the questionnaire. The findings suggest that a ‘formative-specific’ assessment rubric contributes both to facilitating students’ understandings of the level and quality of work required for postgraduate study and to developing their assessment literacy. The data also shows that the students found the summative assessment rubric useful in progressing to their next assignments in their master’s level degree programme. More importantly, the study introduces the concept of a ‘fixed-formal’ formative assessment process."
eliciting student misconceptions formative assessment,crossref,ok,2065576,10.4135/9781483351506.n1,Mathematics Assessment Probes,,
eliciting student misconceptions formative assessment,crossref,ok,2065576,10.1088/1742-6596/3037/1/012017,Exploring Misconceptions in Chemistry Education through Formative Assessment Tool,2025,"Abstract
               The study focuses on two areas of chemistry education: misconceptions, which are undesirable elements of the learning process, and an ever-present problem in chemistry education; and the second area is classroom assessment, with an emphasis on formative assessment, which is still poorly applied in the practice of Slovak schools. In our paper, we aim to provide a brief overview of misconceptions in chemistry education and to characterize selected formative classroom assessment tools (FACT) that have also been instruments of empirical research exploring misconceptions. The paper also aims to present the results of empirical research aimed at exploring misconceptions about physical and chemical change using the selected formative assessment tool. The target population consisted of pupils aged 14–15 (N = 148, 63 males and 85 females). As a research tool, we used the FACT called “Always - Sometimes - Never” (A-S-N) (Keeley, 2015). Due to this formative assessment tool, we identified several alternative conceptions or misconceptions of the pupils described in other studies, and confirmed their existence in chemistry education."
eliciting student misconceptions formative assessment,crossref,ok,2065576,10.4324/9781003138815-3,Grading and formative assessment,2022,
eliciting student misconceptions formative assessment,crossref,ok,2065576,10.4324/9780203128213-14,Peer Learning and Assessment,2012,
eliciting student misconceptions formative assessment,crossref,ok,2065576,10.2991/assehr.k.201214.255,Using Mentimeter for Eliciting the Students’ Responses in Formative Assessment Practice,2020,
eliciting student misconceptions formative assessment,crossref,ok,2065576,10.1109/fie.2008.4720595,Important student misconceptions in mechanics and thermal science: Identification using Model-Eliciting Activities,2008,
eliciting student misconceptions formative assessment,crossref,ok,2065576,10.4324/9781315625805,Using Formative Assessment to Support Student Learning Objectives,2018,
eliciting student misconceptions formative assessment,crossref,ok,2065576,10.4324/9781315625805-5,Triangulating Evidence of Student Learning,2018,
eliciting student misconceptions formative assessment,crossref,ok,2065576,10.4324/9781315625805-1,Introduction to Student Learning Objectives,2018,
eliciting student misconceptions formative assessment,crossref,ok,2065576,10.4324/9780203128213-8,Potentials and Pitfalls in Assessment,2012,
eliciting student misconceptions formative assessment,crossref,ok,2065576,10.1080/19434812.2022.12291831,Formative Assessment Probes: Eliciting Students’ Initial Ideas About the Sun-Earth System,2022,
eliciting student misconceptions formative assessment,crossref,ok,2065576,10.4135/9781452275437.n7,Putting it All Together,2012,
eliciting student misconceptions formative assessment,crossref,ok,2065576,10.4324/9780203128213-11,Education and Assessment in Hong Kong,2012,
eliciting student misconceptions formative assessment,crossref,ok,2065576,10.4324/9781351036979-2,"Self-Assessment, Self-Regulated Learning, and Formative Assessment",2018,
eliciting student misconceptions formative assessment,crossref,ok,2065576,10.1016/j.stueduc.2026.101689,From teacher formative assessment literacy to student formative assessment practice: Examining dimensional interplay and pathways,2026,
eliciting student misconceptions formative assessment,crossref,ok,2065576,10.2505/9781681406046,"Uncovering Student Ideas in Physical Science, Volume 3: 32 New Matter and Energy Formative Assessment Probes",2019,
eliciting student misconceptions formative assessment,crossref,ok,2065576,10.4324/9781315562636-9,Student Learning,2017,
eliciting student misconceptions formative assessment,crossref,ok,2065576,10.4324/9781138610514-3,Student learning environment,2021,
eliciting student misconceptions formative assessment,crossref,ok,2065576,10.2505/9781936137374,"Uncovering Student Ideas in Physical Science, Volume 2: 39 New Electricity and Magnetism Formative Assessment Probes",2014,
eliciting student misconceptions formative assessment,crossref,ok,2065576,10.3990/1.9789036550147,E&amp;#64256;ects of digital formative assessment tools on teaching quality and student achievement,,
eliciting student misconceptions formative assessment,crossref,ok,2065576,10.4324/9780429452994-3,Differentiated Formative Assessment,2020,
eliciting student misconceptions formative assessment,crossref,ok,2065576,10.32469/10355/69951,An examination of technology-based formative assessment feedback and the impact on student learning,,"Although researchers have provided evidence to support the effectiveness of collaborative and cooperative learning (Magana and Marzano, 2014; Marzano, 2006) and embedding formative assessment within instruction (Black and Wiliam, 2009; Wiliam, 2011), researchers (Chu, 2013; Hwang and Chang, 2011; Sung, Chang and Liu, 2016) further identified the need for research related to the impact of mobile devices on student learning. Purposefully selected for this study was the school district, as it is a highly innovative school district with regard to technology initiatives. Utilized during the process of collecting data for this case study, several sources were utilized. These included interviews with building and district administrators, focus groups with mathematics teachers and district instructional support staff, analysis of district and building documents, and observation of daily activities. Qualitative analysis of interviews of district and site leaders, focus groups with instructional specialist and teacher focus groups, observation of meetings, and analysis of documents from the district resulted in three emerging reoccurring themes: The impact of mobile learning on mastery learning; The Impact of Mobile Learning on the Quality and Timeliness of Data; Lack of fidelity, training and accountability. Research from this study shows infusion of technology-based formative assessment applications has a positive effect on student learning. Further considerations when embedding technology-based formative assessment strategies within the teaching and learning cycle are to provide common training, resources, and accountability for implementation."
eliciting student misconceptions formative assessment,crossref,ok,2065576,10.4135/9781452275437.n5,Support for Making Changes to Practice,2012,
cognitive diagnostic assessment psychometric model,crossref,ok,5765794,10.4324/9780203052969-20,A Cognitive Diagnosis Method Using Latent Trait Models: Competency Space Approach and its Relationship With DiBello and Stout's Unified Cognitive Psychometric Diagnosis Model: Fumiko Samejima,2012,
cognitive diagnostic assessment psychometric model,crossref,ok,5765794,10.4324/9780203052969-19,"Unified Cognitive/Psychometric Diagnostic Assessment Likelihood-Based Classification Techniques: Louis V. DiBello, William F. Stout, and Louis A. Roussos",2012,
cognitive diagnostic assessment psychometric model,crossref,ok,5765794,10.1037/pas0000163.supp,Supplemental Material for A Cognitive Psychometric Model for the Psychodiagnostic Assessment of Memory-Related Deficits,2015,
cognitive diagnostic assessment psychometric model,crossref,ok,5765794,10.1037/pas0000529.supp,Supplemental Material for A Cognitive Psychometric Model for Assessment of Picture Naming Abilities in Aphasia,2018,
cognitive diagnostic assessment psychometric model,crossref,ok,5765794,10.1504/ijqre.2014.064388,Traditional fit indices utility in new psychometric model: cognitive diagnostic model,2014,
cognitive diagnostic assessment psychometric model,crossref,ok,5765794,10.4135/9781412952644.n93,Cognitive Psychometric Assessment,2007,
cognitive diagnostic assessment psychometric model,crossref,ok,5765794,10.64028/imps2025.iecufdl16u,Detection of Cognitive Diagnostic Model Misspecification using New Lancaster-Chesher Information Matrix Tests,2026,"Model specification tests play a crucial role in evaluating the appropriateness of probability models for estimation and inference. Existing methods for the detection of model misspecification such as the chisquare goodness-of-fit (GOF) tests and more recently the M2 statistic (Maydeu-Olivares &amp; Joe, 2014; Maydeu-Olivares &amp; Joe, 2005) tend to result in test statistics with excessive degrees of freedom for models with larger numbers of parameters. An alternative approach is based upon the Information Matrix (IM) equality. The IM equality asserts that if a probability model is correctly specified, the asymptotic covariance matrix of the maximum likelihood estimators can be asymptotically estimated using a methodology based upon either the first or second derivatives of the log-likelihood function. Using a contrapositive argument, White (1982) proposed a misspecification test methodology based upon comparing these two alternative covariance matrix estimators. Extending this work, Presnell and Boos (2004) showed how to develop a misspecification test which only requires one degree of freedom regardless of the complexity of the model or data. In this paper, we extend prior work and additionally apply methods of Golden et al. (2013, 2016) to derive and evaluate misspecification tests for Cognitive Diagnostic Models (CDMs) which only require 1 or 2 degrees of freedom regardless of model or data complexity. Analytic formulas for the tests are derived so they can be applied without requiring computationally intensive bootstrap simulation methods. Our simulation studies show the asymptotic statistical tests have good level (type 1 error) and power performance for CDM models and data which might be encountered in practice."
cognitive diagnostic assessment psychometric model,crossref,ok,5765794,10.21203/rs.3.rs-4850672/v1,"Cross-Cultural Adaptation and Psychometric Properties of Version 8 of the Montreal Cognitive Assessment (MOCA) In Detecting Mild Cognitive Impairment and Dementia among Older People in Tanzania, A Methodological study/Diagnostic accuracy comparative study",2024,"Abstract
        Background
The early detection of cognitive deficits in older individuals in Tanzania, particularly those in urban areas with higher levels of education, requires the use of standardized and internationally recognized assessment tools. MoCA version 8, which assesses eight cognitive domains, has been modified to enhance scoring precision and includes instructions on calculating the memory index score (MIS). Additionally, the verbal fluency and abstraction tasks have been revised to facilitate the design of targeted interventions. This study aims to culturally adapt MoCA 8 into Swahili and evaluate its validity, reliability, and diagnostic accuracy for assessing cognitive function in older Tanzanians.
Method/design
In this methodological study, 240 older individuals (aged ≥50 years) will be recruited from ten randomly chosen villages in both rural and urban areas of the Dodoma region. The MoCA version 8 will serve as the primary screening test, while the MoCA-5minutes protocol will be used as the reference standard screening test. The diagnostic accuracy (power) of the MoCA version 8 will be assessed by comparing its scores with the diagnosis made by a Neurologist using DSM-5 criteria. Data collection will commence after obtaining informed consent to confirm participants' eligibility for the study. The main areas of interest include the Swahili version, validity, reliability, and diagnostic accuracy of MoCA version 8.
The Validity, Reliability, Sensitivity, Specificity, Predictive (positive and negative) values will also be reported.
Discussion
The results of this study will determine whether MoCA 8 is a valid, reliable and accurate screening tool in detecting cognitive function of older people in Tanzania, this will serve as a study to inform the literature and to indicate the manner in which early detection of cognitive impairment will inform early intervention to improve cognitive function."
cognitive diagnostic assessment psychometric model,crossref,ok,5765794,10.1017/cbo9780511611186.001,Why Cognitive Diagnostic Assessment?,2007,
cognitive diagnostic assessment psychometric model,crossref,ok,5765794,10.20378/irb-47740,"Technology-Based Assessment: A Theoretical Framework, Psychometric Modeling, and Substantial Issues in the Assessment of Cognitive Abilities",,
cognitive diagnostic assessment psychometric model,crossref,ok,5765794,10.1017/cbo9780511611186.005,Construct Validity and Cognitive Diagnostic Assessment,2007,
cognitive diagnostic assessment psychometric model,crossref,ok,5765794,10.1017/cbo9780511611186.002,The Demand for Cognitive Diagnostic Assessment,2007,
cognitive diagnostic assessment psychometric model,crossref,ok,5765794,10.21449/ijate.482005,Improved Performance of Model Fit Indices with Small Sample Sizes in Cognitive Diagnostic Models,2019,"Selecting an appropriate cognitive diagnostic model (CDM) for data analysis is always challenging. Studies have explored several model fit indices for CDMs. The common results of these studies indicate that Q-matrix misspecifications lead to poor performance of the model fit indices in the context of CDMs. Thus, this study explored whether model fit indices improve performance with a modified Q-matrix. The average class size has reduced to 23 students in Taiwan because of the low birth rate; therefore, the study sought the effect of sample size on the performance of model fit indices. The results showed that Akaike’s information criterion (AIC) was an excellent model fit index in small samples. Model fit indices with the modified Q-matrix presented superior performance."
cognitive diagnostic assessment psychometric model,crossref,ok,5765794,10.32614/cran.package.measr,measr: Bayesian Psychometric Measurement Using 'Stan',2023,
cognitive diagnostic assessment psychometric model,crossref,ok,5765794,10.1017/cbo9780511611186.012,Directions for Future Research in Cognitive Diagnostic Assessment,2007,
cognitive diagnostic assessment psychometric model,crossref,ok,5765794,10.1017/cbo9780511611186.006,Verbal Reports as Data for Cognitive Diagnostic Assessment,2007,
cognitive diagnostic assessment psychometric model,crossref,ok,5765794,10.4324/9780203052969-9,"A Measurement Model for a Complex Cognitive Skill: Karen L. Draney, Peter Pirolli, and Mark Wilson",2012,
cognitive diagnostic assessment psychometric model,crossref,ok,5765794,10.1007/978-3-030-05584-4_8,Loglinear Cognitive Diagnostic Model (LCDM),2019,
cognitive diagnostic assessment psychometric model,crossref,ok,5765794,10.1515/9783111233918-004,734 Attribute-based mediation model for EFL listening: The combination of cognitive diagnostic assessment and dynamic assessment,2025,
cognitive diagnostic assessment psychometric model,crossref,ok,5765794,10.1093/oxfordhb/9780199796304.013.0012,"Cognitive Assessment: Progress in Psychometric Theories of Intelligence, the Structure of Cognitive Ability Tests, and Interpretive Approaches to Cognitive Test Performance",2013,
cognitive diagnostic assessment psychometric model,crossref,ok,5765794,10.6007/ijarped/v11-i3/14696,Consistent or Inconsistent? Expert-based Cognitive Model vs Student-based Response Cognitive Model of Cognitive Diagnostic Assessment in Factorisation of Algebraic Fractions,2022,
cognitive diagnostic assessment psychometric model,crossref,ok,5765794,10.26226/morressier.5885d712d462b8028d89213a,Assessment of Test Anxiety in Portuguese Adolescents: Psychometric Properties of the Cognitive Test Anxiety Revised,2017,
cognitive diagnostic assessment psychometric model,crossref,ok,5765794,10.31234/osf.io/vywe3,Neuroimaging and psychometric assessment of mild cognitive impairment after traumatic brain injury,2019,"Traumatic brain injury (TBI) can be serious partly due to the challenges of assessing and treating its neurocognitive and affective sequelae. The effects of a single TBI may persist for years and can limit patients’ activities due to somatic complaints (headaches, vertigo, sleep disturbances, nausea, light or sound sensitivity), affective sequelae (post-traumatic depressive symptoms, anxiety, irritability, emotional instability) and mild cognitive impairment (MCI, including social cognition disturbances, attention deficits, information processing speed decreases, memory degradation and executive dysfunction). Despite a growing amount of research, study comparison and knowledge synthesis in this field are problematic due to TBI heterogeneity and factors like injury mechanism, age at or time since injury. The relative lack of standardization in neuropsychological assessment strategies for quantifying sequelae adds to these challenges, and the proper administration of neuropsychological testing relative to the relationship between TBI, MCI and neuroimaging has not been reviewed satisfactorily. Social cognition impairments after TBI (e.g., disturbed emotion recognition, theory of mind impairment, altered self-awareness) and their neuroimaging correlates have not been explored thoroughly. This review consolidates recent findings on the cognitive and affective consequences of TBI in relation to neuropsychological testing strategies, to neurobiological and neuroimaging correlates, and to patient age at and assessment time after injury. All cognitive domains recognized by the Diagnostic and Statistical Manual of Mental Disorders (DSM-5) are reviewed, including social cognition, complex attention, learning and memory, executive function, language and perceptual-motor function. Affect and effort are additionally discussed owing to their relationships to cognition and to their potentially confounding effects. Our findings highlight non-negligible cognitive and affective impairments following TBI, their gravity often increasing with injury severity. Future research should study (A) language, executive and perceptual-motor function (whose evolution post-TBI remains under-explored), (B) the effects of age at and time since injury, and (C) cognitive impairment severity as a function of injury severity. Such efforts should aim to develop and standardize batteries for cognitive subdomains—rather than only domains—with high ecological validity. Additionally, they should utilize multivariate techniques like factor analysis and related methods to clarify which cognitive subdomains or components are indeed measured by standardized tests."
cognitive diagnostic assessment psychometric model,crossref,ok,5765794,10.1037/pas0000258.supp,Supplemental Material for Psychometric Properties of the Posttraumatic Diagnostic Scale for DSM–5 (PDS–5),2015,
cognitive diagnostic assessment psychometric model,crossref,ok,5765794,10.1037/pas0001443.supp,Supplemental Material for Insomnia Severity Index (ISI): Psychometric Properties and Diagnostic Performance in Romanian Population,2025,
cognitive diagnostic assessment psychometric model,crossref,ok,5765794,10.1037/pas0000529,A cognitive psychometric model for assessment of picture naming abilities in aphasia.,2018,
cognitive diagnostic assessment psychometric model,crossref,ok,5765794,10.26226/morressier.5afadd88f314ac000849af15,08 / COGNITIVE ASSESSMENT OF BRAZILIAN AND DANISH PATIENTS WITH METASTATIC CANCER: A PSYCHOMETRIC ANALYSIS OF INSTRUMENTS.,2018,
cognitive diagnostic assessment psychometric model,crossref,ok,5765794,10.31234/osf.io/taejr,Comparing Psychometric Characteristics of a Computerized Cognitive Test (BrainCheck-Assess) against the Montreal Cognitive Assessment (MoCA),2024,"Previous validation studies demonstrated that BrainCheck Assess (BC-Assess), a computerized cognitive test battery, can reliably and sensitively distinguish individuals with different levels of cognitive impairment (i.e., normal cognition (NC), mild cognitive impairment (MCI), and dementia). Compared with other traditional paper-based cognitive screening instruments commonly used in clinical practice, the MoCA is generally accepted to be among the most comprehensive and robust screening tools, with high sensitivity/specificity in distinguishing MCI from NC and dementia. In this study, we examined: (1) the linear relationship between BC-Assess and MoCA and their equivalent cut-off scores, and (2) the extent to which they agree on their impressions of an individual's cognitive status.A subset of participants (N=55; age range 54-94, mean/SD=80/9.5) from two previous studies who took both the MoCA and BC-Assess were included in this analysis. Linear regression was used to calculate equivalent cut-off scores for BC-Assess based on those originally recommended for the MoCA to differentiate MCI from NC (cut-off=26), and dementia from MCI (cut-off=19). Impression agreement between the two instruments were measured through overall agreement (OA), positive percent agreement (PPA), and negative percent agreement (NPA). A high Pearson correlation coefficient of 0.77 (CI = 0.63 - 0.86) was observed between the two scores. According to this relationship, MoCA cutoffs of 26 and 19 correspond to BC-Assess scores of 89.6 and 68.5, respectively. These scores are highly consistent with the currently recommended BC-Assess cutoffs (i.e. 85 and 70). The two instruments also show a high degree of agreement in their impressions based on their recommended cut-offs: (i) OA=70.9%, PPA=70.4%, NPA=71.4% for differentiating dementia from MCI/NC; (ii) OA=83.6%, PPA=84.1%, NPA=81.8% for differentiating dementia/MCI from NC.This study provides further validation of BC-Assess in a sample of older adults by showing its high correlation and agreement in impression with the widely used MoCA."
cognitive diagnostic assessment psychometric model,crossref,ok,5765794,10.1017/cbo9780511611186.004,Test Validity in Cognitive Assessment,2007,
cognitive diagnostic assessment psychometric model,crossref,ok,5765794,10.2139/ssrn.5123452,Precise Assessment of Kindergarten Teachers' Teaching Support Skills Using Cognitive Diagnostic Model: Analysis Based on Kindergarten Group Teaching Activities Videos,2025,
cognitive diagnostic assessment psychometric model,crossref,ok,5765794,10.1037/pas0001330.supp,Supplemental Material for Cognitive Disengagement Syndrome–Clinical Interview (CDS-CI): Psychometric Support for Caregiver and Youth Versions,2024,
cognitive diagnostic assessment psychometric model,crossref,ok,5765794,10.3389/fpsyg.2020.02145,Longitudinal Cognitive Diagnostic Assessment Based on the HMM/ANN Model,2020,
cognitive diagnostic assessment psychometric model,crossref,ok,5765794,10.1177/0734282915623053,Application of a Cognitive Diagnostic Model to a High-Stakes Reading Comprehension Test,2016,"General cognitive diagnostic models (CDM) such as the generalized deterministic input, noisy, “and” gate (G-DINA) model are flexible in that they allow for both compensatory and noncompensatory relationships among the subskills within the same test. Most of the previous CDM applications in the literature have been add-ons to simulation studies. Although there are some applications of CDMs such as the Fusion Model and the Rule Space Model to educational assessment data in general and second-language data in particular, there are few studies applying general models such as the G-DINA. The purpose of the present study was to demonstrate the application of the G-DINA to the reading comprehension data of a high-stakes test. To this end, an initial Q-matrix was developed, validated, and cross-validated. The skill profiles of the test takers were estimated using the “CDM” package in R. Throughout, the process of constructing and validating a Q-matrix was elaborated on, the benefits of general models were emphasized, and implications for research investigating inter-skill relationships were discussed. Finally, suggestions for further research, to better take advantage of the flexibilities of general diagnostic models, were presented."
cognitive diagnostic assessment psychometric model,crossref,ok,5765794,10.1007/978-3-030-05584-4_10,Explanatory Cognitive Diagnostic Models,2019,
cognitive diagnostic assessment psychometric model,crossref,ok,5765794,10.1037/pas0000430.supp,Supplemental Material for Psychometric Properties of a Polish Version of the Inventory of Cognitive Affect Regulation Strategies (ICARUS),2017,
cognitive diagnostic assessment psychometric model,crossref,ok,5765794,10.1037/pas0000944.supp,Supplemental Material for Psychometric Properties of the Marital Adjustment Scale During Cognitive Therapy for Depression: New Research Opportunities,2020,
cognitive diagnostic assessment psychometric model,crossref,ok,5765794,10.64028/imps2025.l3uwm3er5n,Diagnosing Cross-Cutting Skills from Existing Assessment: A Cognitive Diagnostic Modeling Approach,2026,"Twenty-first century skills (21CS)—including critical thinking, creative thinking and innovation, collaborative problem solving, and information and communication technology (ICT) skills—are widely regarded as essential for success in education and the workforce. Despite their recognized importance, these skills are often embedded only implicitly within domain-specific curriculum and assessments, and therefore remain unmeasured, unreported, and unsupported. In this paper, we propose a general psychometric procedure for making implicitly embedded 21CS explicit using existing educational assessments, without introducing additional testing burden. The procedure integrates (a) a theoretically grounded framework of 21CS attributes, (b) systematic item-level skill coding via a Q-matrix, and (c) cognitive diagnostic modeling (CDM) to estimate student mastery profiles. As a proof of concept, we apply the procedure to a set of course assessments from an introductory academic computing course and demonstrate how CDMs can recover meaningful attribute-level information about student performance. We discuss technical considerations—including identifiability, attribute co-occurrence, and model fit—as well as implications for assessment design, reporting, and future research. The proposed approach illustrates how psychometric tools can be leveraged to surface important but otherwise hidden skill information already present in educational data."
cognitive diagnostic assessment psychometric model,crossref,ok,5765794,10.4324/9780203052969-11,A Bayesian Approach to Cognitive Assessment: Joel Martin and Kurt VanLehn,2012,
cognitive diagnostic assessment psychometric model,crossref,ok,5765794,10.33540/1894,Cognitive diagnostic assessment in higher education,,"This dissertation is about formative assessment in higher education. The emerging use of technology in education enables administration of online formative assessments that can be used to automatically generate feedback that supports students’ learning processes. In current practice, this feedback often solely consists of information about correctness of responses and a proportion correct sore. A promising approach to obtain more detailed, diagnostic feedback is cognitive diagnostic assessment. A set of skills is defined and items are administered to measure those skills. A skill profile is estimated based on students’ responses to the items using a psychometric model, indicating for each skill whether a student masters it or not. Diagnostic classification models (DCMs) are suitable psychometric models to estimate these profiles, after which feedback can be provided to support self-directed learning.

This dissertation shows how online formative assessment with DCMs can be designed and implemented for effective feedback in higher education. For this end, we studied (1) psychometric properties of DCMs, (2) the construction of assessments that provide a valid and reliable measurement of skills in statistics education, and (3) effects of feedback on self-directed learning processes. Although the mathematical foundation of DCMs is complex and designing assessments is an integrative process, the results of this dissertation show that the implementation is feasible and valuable."
cognitive diagnostic assessment psychometric model,crossref,ok,5765794,10.23860/diss-bellis-jeffrey-1993,THE TRANSTHEORETICAL MODEL OF CHANGE APPLIED TO PSYCHOTHERAPY: A PSYCHOMETRIC ASSESSMENT OF RELATED INSTRUMENTS,,
cognitive diagnostic assessment psychometric model,crossref,ok,5765794,10.1017/cbo9780511611186.011,Using Information from Multiple-Choice Distractors to Enhance Cognitive-Diagnostic Score Reporting,2007,
cognitive diagnostic assessment psychometric model,crossref,ok,5765794,10.22541/au.176348785.59696246/v1,"The Anti-Fragile Assessment Model (A-FAM): Re-engineering the Economic, Psychometric, and Ethical Architecture of High-Stakes Assessment",2025,
cognitive diagnostic assessment psychometric model,crossref,ok,5765794,10.32038/ltf.2023.08.01,Cognitive diagnostic assessment of reading comprehension for high- stakes tests: Using GDINA model,2023,"Cognitive diagnostic assessment (CDA) is used to study cognitive and educational psychology, and designed to diagnose the underlying abilities of test takers in comprehension language skills such as reading comprehension. Through applying CDA, a test has undergone accurate studies to remove biased test items which yield great impact on individuals, educational systems and societies. In this case, psychometric statistical analyses were applied, Differential Attribute Functioning (DAF)) was also used to detect the probability of the mastery of attributes among test takers, and Differential Item Functioning (DIF) was estimated to show item performance among different candidates in terms of gender, their GPAs in BA, and MA degrees. The randomly selected participants of this study were 7,420 females and males sitting for the nationwide PhD admission test to pursue their education in Applied Linguistics. Moreover, a Q-matrix was developed, data were fed into R studio software, and the Generalized Deterministic Inputs, Noisy “and” Gate (GDINA) model was run. The results of the study flagged large DIF in gender group in 2019; and in gender, BA, and MA groups in 2020. In sum, this study is an attempt to raise the awareness of test developers to shed light on the critical discursive sources of inequity and bias. The implication of this study can provide pedagogically useful diagnostic information for test designers and teachers since a proficiency test needs to be valid, reliable, and fair in the context of high-stakes tests so that it would lead to positive changes."
cognitive diagnostic assessment psychometric model,crossref,ok,5765794,10.2196/preprints.57321,Comparing Psychometric Characteristics of a Computerized Cognitive Test (BrainCheck-Assess) against the Montreal Cognitive Assessment (MoCA) (Preprint),2024,"BACKGROUND
                        Previous validation studies demonstrated that BrainCheck Assess (BC-Assess), a computerized cognitive test battery, can reliably and sensitively distinguish individuals with different levels of cognitive impairment (i.e., normal cognition (NC), mild cognitive impairment (MCI), and dementia). Compared with other traditional paper-based cognitive screening instruments commonly used in clinical practice, the MoCA is generally accepted to be among the most comprehensive and robust screening tools, with high sensitivity/specificity in distinguishing MCI from NC and dementia.
                
                                
                    OBJECTIVE
                        In this study, we examined: (1) the linear relationship between BC-Assess and MoCA and their equivalent cut-off scores, and (2) the extent to which they agree on their impressions of an individual's cognitive status.
                
                                
                    METHODS
                        A subset of participants (N=55; age range 54-94, mean/SD=80/9.5) from two previous studies who took both the MoCA and BC-Assess were included in this analysis. Linear regression was used to calculate equivalent cut-off scores for BC-Assess based on those originally recommended for the MoCA to differentiate MCI from NC (cut-off=26), and dementia from MCI (cut-off=19). Impression agreement between the two instruments were measured through overall agreement (OA), positive percent agreement (PPA), and negative percent agreement (NPA).
                
                                
                    RESULTS
                        A high Pearson correlation coefficient of 0.77 (CI = 0.63 - 0.86) was observed between the two scores. According to this relationship, MoCA cutoffs of 26 and 19 correspond to BC-Assess scores of 89.6 and 68.5, respectively. These scores are highly consistent with the currently recommended BC-Assess cutoffs (i.e. 85 and 70). The two instruments also show a high degree of agreement in their impressions based on their recommended cut-offs: (i) OA=70.9%, PPA=70.4%, NPA=71.4% for differentiating dementia from MCI/NC; (ii) OA=83.6%, PPA=84.1%, NPA=81.8% for differentiating dementia/MCI from NC.
                
                                
                    CONCLUSIONS
                        This study provides further validation of BC-Assess in a sample of older adults by showing its high correlation and agreement in impression with the widely used MoCA."
cognitive diagnostic assessment psychometric model,crossref,ok,5765794,10.18848/2327-7920/cgp/v29i01/37-55,A Study on Formative Assessment with Cognitive Diagnostic Model Application for Math Proficiency,2021,
cognitive diagnostic assessment psychometric model,crossref,ok,5765794,10.1037/pas0000230.supp,Supplemental Material for Competence and Adherence Scale for Cognitive Behavioral Therapy (CAS-CBT) for Anxiety Disorders in Youth: Psychometric Properties,2015,
cognitive diagnostic assessment psychometric model,crossref,ok,5765794,10.1177/1073191112438744,Psychometric Properties of Within-Person Across-Session Variability in Accuracy of Cognitive Performance,2012,"Although most psychological assessments are based on measures related to an individual’s average level of performance, it has been proposed that measures of variability around one’s average may provide unique individual difference information and have clinical significance. The current study investigated properties of within-person variability in measures of performance accuracy in a sample of more than 1,700 healthy adults. Contrary to what has been reported with measures of within-person variability in reaction time, measures of within-person variability in performance accuracy from different cognitive tests had weak correlations with one another, very low stability across time, and near-zero correlations with longitudinal change in cognitive abilities."
cognitive diagnostic assessment psychometric model,crossref,ok,5765794,10.64028/rgtk456752,Evaluating Methods for Assessing Model Fit in Diagnostic Classification Models,2025,
cognitive diagnostic assessment psychometric model,crossref,ok,5765794,10.51420/report.2023.5,Assessing Chicago Public School Students’ Computer Science Knowledge: Applying a Cognitive Diagnostic Assessment,2024,
cognitive diagnostic assessment psychometric model,crossref,ok,5765794,10.51420/report.2023.4,Assessing Chicago Public School Students’ Computer Science Knowledge: Applying a Cognitive Diagnostic Assessment,2023,
think-aloud protocol diagnosing misconceptions,crossref,ok,399678,10.1093/oso/9780198794844.003.0012,The think-aloud protocol,2018,"This chapter is about the think-aloud protocol and its application to player experience. It covers what the protocol is, when to apply it, how to conduct it, its pros and cons, and its variations. The chapter concludes with a discussion of think-aloud protocols with children and the considerations necessary when using child participants."
think-aloud protocol diagnosing misconceptions,crossref,ok,399678,10.4135/9781412950558.n545,Think-Aloud Protocol,2005,
think-aloud protocol diagnosing misconceptions,crossref,ok,399678,10.4135/9781412950596.n545,Think-Aloud Protocol,,
think-aloud protocol diagnosing misconceptions,crossref,ok,399678,10.4135/9781483346397.n312,Think-Aloud Protocol Analysis,2015,
think-aloud protocol diagnosing misconceptions,crossref,ok,399678,10.1037/t23293-000,Think-Aloud Protocol,2011,
think-aloud protocol diagnosing misconceptions,crossref,ok,399678,10.35962/lingua.v15i1.5,"AN ANALYSIS EFL STUDENTSANALYSIS EFL STUDENTS TRANSLATION OF PREPOSITION IN, ON AND AT A THINK ALOUD- PROTOCOL STUDY TRANSLATION OF PREPOSITION IN, ON AND AT A THINK ALOUD- PROTOCOL STUDY",2019,"Translating prepositions in, on and at is not an easy job for EFL students since the meanings relate to locating object, time, and degree. With regard to this point, this study aims at identifying strategies, methods, and procedures used by EFL students to translate preposition in, on and at. Both quantitative and qualitative methods are applied in this study. Think-Aloud Protocol data collecting technique carries out to identify student’s strategies, methods, and procedures in translating prepositions in, on and at. To do this, the data of student’s transcriptions and students’ translations obtained from three students were analyzed. The findings indicate that students use more than one strategies, methods and procedures."
think-aloud protocol diagnosing misconceptions,crossref,ok,399678,10.4324/9781351210980-25,Think aloud protocol,2018,
think-aloud protocol diagnosing misconceptions,crossref,ok,399678,10.31274/rtd-180814-5877,Using the think aloud protocol to investigate vocabulary strategies used in two vocabulary tests,,
think-aloud protocol diagnosing misconceptions,crossref,ok,399678,10.9776/16587,Evaluating the Effectiveness of Message Design in Accelerated Online Programs Using a Think Aloud Protocol,,
think-aloud protocol diagnosing misconceptions,crossref,ok,399678,10.3390/computers15070443,Conceptual Framework of Common Misconceptions Regarding Generative AI in Elementary School Students Using Concurrent Think-Aloud Protocols,2026,"Education about AI, including its opportunities and limitations, is essential for responsible academic development. It helps students, teachers, parents, researchers and practitioners understand both the strengths and the limitations of generative AI and ensures that it is applied in ways that are ethical and socially responsible. Without this knowledge, there is a risk that generative AI will be misused or misunderstood, reducing its potential benefits. This study evaluates an educational game designed to integrate generative AI in elementary education (in art lessons), aiming to create awareness regarding the limitations of generative AI. Data was collected from 204 game sessions in two primary education schools in Greece, using serious games for art education, while the accuracy of AI outputs and the usability and level of user satisfaction were recorded. Following these tasks, researchers used the concurrent think-aloud (CTA) protocol to identify specific usability issues and responses of elementary students in biased, incomplete or inaccurate AI results. Experimental findings from this small-scale exploratory pilot study (16 students) indicated that combining RTA with serious games in art courses successfully reveal how children understand AI outputs and evaluate them based on their initial expectations."
think-aloud protocol diagnosing misconceptions,crossref,ok,399678,10.1109/ccece.2007.313,Empirical Evaluation of the Dialog-Based Protocol and Think-Aloud Protocol,2007,
think-aloud protocol diagnosing misconceptions,crossref,ok,399678,10.1109/ipcc.2005.1494236,Using eye tracking to address limitations in think-aloud protocol,,
think-aloud protocol diagnosing misconceptions,crossref,ok,399678,10.1145/3514214,Identifying SQL misconceptions of novices,2022,
think-aloud protocol diagnosing misconceptions,crossref,ok,399678,10.1075/hts.1.thi1,Think-aloud protocol,2010,
think-aloud protocol diagnosing misconceptions,crossref,ok,399678,10.14742/apubs.2009.2273,Positive partnerships web space usability,2009,"“Positive Partnerships” is a flexibly delivered, government supported training initiative, which incorporates an interactive learning platform customized for Australian teachers, parents, and carers of school aged students with autism. This cohort forms a diverse working group, possibly requiring more accommodations than the norm, so it is essential to determine whether the site meets their varying needs. In the current study a “Think aloud” protocol was used to determine the usability of the site for participants with varying computer access and competence. It was found that most of these users quickly accomplished a range of online activities and enjoyed the site’s interactive nature and its time-saving features. It was concluded that the site should be promoted, and its potential would be maximized with deeper menus, an internal search capability, and explicit information about generic computer functions."
think-aloud protocol diagnosing misconceptions,crossref,ok,399678,10.1039/b908247f,Using think-aloud protocols to investigate secondary school chemistry teachers’ misconceptions about chemical equilibrium,2009,
think-aloud protocol diagnosing misconceptions,crossref,ok,399678,10.18260/1-2--56539,Exploring the Impact of Think-Aloud Protocol in Engineering Design Problem Solving,,
think-aloud protocol diagnosing misconceptions,crossref,ok,399678,10.1093/acprof:oso/9780199372904.003.0004,Think-Aloud Interview Procedures,2017,
think-aloud protocol diagnosing misconceptions,crossref,ok,399678,10.1075/hts.2016.thi1,Think-aloud protocol,2016,
think-aloud protocol diagnosing misconceptions,crossref,ok,399678,10.1145/3446871.3469759,Identifying SQL Misconceptions of Novices: Findings from a Think-Aloud Study,2021,
think-aloud protocol diagnosing misconceptions,crossref,ok,399678,10.18260/1-2--30796,Measuring Engineering Students’ Metacognition with a Think-Aloud Protocol,,
think-aloud protocol diagnosing misconceptions,crossref,ok,399678,10.1093/acprof:oso/9780199372904.003.0002,Think-Aloud Interview Procedures,2017,
think-aloud protocol diagnosing misconceptions,crossref,ok,399678,10.2139/ssrn.6601542,Exploring Memory Strategy Use in Medical English Vocabulary Acquisition among Chinese Medical Students: Insights from Think-Aloud Protocol,2026,"This study investigated memory strategies deployment in Medical English (ME) vocabulary acquisition among Chinese medical students, employing the think-aloud protocol (TAP) as the primary methodological approach. It aimed to analyze how learners of different language proficiency levels (high, average, low) and genders utilize shallow (e.g., repetition) and deep (e.g., association) encoding strategies. Nine participants were purposively sampled to articulate their cognitive processes during vocabulary memorization tasks via TAP. The research categorized memory strategies and analyzed their application across groups. TAP transcripts were transcribed verbatim and subjected to thematic coding. The findings reveal that high-proficiency learners demonstrated a more diversified strategy repertoire, with pronounced use of deep encoding techniques, while low-proficiency learners predominantly resorted to shallow strategies. Female participants exhibited significantly higher strategy diversity and frequency compared to their male peers. Shallow encoding strategies were widely adopted owing to operational simplicity and time efficiency, while contextual and metacognitive regulation strategies emerged as the most frequently employed deep encoding approaches. The Cornell method was identified as an innovative deep strategy, underscoring the role of structured reflection in enhancing lexical retention. By employing the TAP, a novel approach in ME vocabulary research, this study provides fine-grained insights into the dynamics of strategy use and its variation across individuals. This methodological contribution advances empirical research on lexical acquisition in specialized domains. It highlights the imperative need for tailored strategy training and integration of medical literature reading into curricular design, thereby contributing to the enhancement of medical students’ lexical competence in global healthcare contexts."
think-aloud protocol diagnosing misconceptions,crossref,ok,399678,10.54103/2037-3597/23827,COMUNICAZIONE ISTITUZIONALE E EDUCAZIONE LINGUISTICA DEMOCRATICA. IL CONTRIBUTO DEL THINK ALOUD PROTOCOL,2024,"In questo articolo il tema dell’oscurità linguistica dei linguaggi istituzionali viene messo in relazione con la tendenza degli studenti ad attingere alla varietà burocratica del loro repertorio linguistico nel processo di scrittura formale. In particolare, attraverso proposte didattiche svolte con la verbalizzazione ad alta voce del processo di scrittura (Think Aloud Protocol) e la successiva analisi in griglie è stato possibile possibile osservare la scrittura nel suo farsi e intervenire tempestivamente sulle cristallizzazioni del burocratese.  L’analisi e l’autoanalisi del processo di scrittura si è rivelato così uno strumento didattico essenziale per la promozione dell’educazione linguistica democratica.  
 
Institutional Communication and Democratic Language Education. The contribution of the Think Aloud Protocol
In this paper, the linguistic obscurity of institutional languages is related to the students’  tendency to draw on the bureaucratic variety of their linguistic repertoire in the formal writing process. In particular, by means of didactic proposals carried out with Think Aloud Protocol (TAP) and the subsequent analysis in grids, it was possible to observe the writing process and to intervene at an early stage with respect to the crystallisation of bureaucratic language.  The analysis and self-analysis of the writing process thus proved to be an essential teaching tool for the promotion of democratic linguistic education."
think-aloud protocol diagnosing misconceptions,crossref,ok,399678,10.21832/9781847692344-013,Appendix 1: Transcript of Rina’s Think Aloud Protocol (Uncorrected),2009,
think-aloud protocol diagnosing misconceptions,crossref,ok,399678,10.46652/rgn.v4i22.570,Manifestation of Translation Strategies via Think-aloud Protocol,2019,"This study was concerned with the effect of think-aloud method on the translation process. The aim of this study was to examine differences between translators in the implementation of Newmark’s strategies in translating general texts from English into Persian. Four students (three females and one male) majoring in Translation Studies participated in this study. The researcher used a mixed-method design. In the qualitative phase of the study, the data were collected through the think-aloud protocol, translation task, and cassette recorders. The results suggested that there was no significant difference between translators in the implementation of Newmark strategies with regard to translation tasks. During the quantitative phase of the study, the researcher examined the difference between the translators in implementing translation strategies while translating general texts from English into Persian. In this phase of the study, the data were analyzed using SPSS 19 performing Chi-square. The results of this phase proposed that there was statistically no significant difference between the four translators with regard to most of the translation strategies."
think-aloud protocol diagnosing misconceptions,crossref,ok,399678,10.3102/1572187,Insights From a Think-Aloud Protocol: How School Leaders Understand and Practice Equity and Social Justice,2020,
think-aloud protocol diagnosing misconceptions,crossref,ok,399678,10.57180/ravh5230,Ambiguity Tolerance in English Reading using Think-Aloud Protocol,2025,"Views:
28
ABSTRACT

This study employed the think-aloud protocol as a qualitative research method to capture university students’ real-time cognitive processes while reading English texts. The purpose was to investigate the strategies and behaviors associated with ambiguity tolerance in English reading. Twenty university students participated in the study, divided into high, moderate, and low proficiency groups based on their TEM-4 scores. During the reading tasks, participants were asked to verbalize their thought processes, which were then analyzed qualitatively to examine how they comprehended and managed ambiguous information. Findings revealed distinct patterns across proficiency groups. The high proficiency group (H Group) demonstrated the most frequent and effective tolerance of ambiguity, employing adaptive strategies such as contextual guessing, effortless interpretation shifting, and strategic monitoring. The moderate proficiency group (M Group) showed intermediate performance, while the low proficiency group (L Group) encountered significant challenges, including lexical ambiguity, syntactic complexity, and contextual uncertainty, often leading to effortful thinking, repeated checking, and focus shifts that hindered comprehension. Based on these results, the study constructed a heat path maps model to visually illustrate how the three proficiency groups engaged with ambiguity across different stages of the reading process (Intake, Ambiguity Tolerance Proper, and Accommodation). The model highlights that ambiguity tolerance is both a linguistic and cognitive process, shaped by learners’ proficiency levels and adaptive capabilities. Pedagogically, the study underscores the need to design reading tasks that are sensitive to learners’ proficiency levels in order to foster cognitive engagement. Furthermore, it suggests that educators should cultivate cognitive flexibility and emotional resilience through strategies such as contextual guessing, reflective reading, and metacognitive awareness. Strengthening these skills can enhance learners’ ability to manage ambiguity, thereby improving reading comprehension and overall language learning outcomes."
think-aloud protocol diagnosing misconceptions,crossref,ok,399678,10.1515/iral.2008.015,Concurrent think-aloud protocol as a socially situated construct,2008,
think-aloud protocol diagnosing misconceptions,crossref,ok,399678,10.7575/aiac.alls.v.7n.2p.171,Exploring the Writing Process of Indonesian EFL Students: The Effectiveness of Think-Aloud Protocol,2016,
think-aloud protocol diagnosing misconceptions,crossref,ok,399678,10.1109/iisa.2015.7387970,Employing think-aloud protocol to connect user emotions and mouse movements,2015,
think-aloud protocol diagnosing misconceptions,crossref,ok,399678,10.29140/jaltcall.v3n1-2.35,Think-aloud protocol on dictionary use by advanced learners of Japanese,2007,"In what media (e.g., paper or online) and how do advanced learners of Japanese use bilingual (L1-Japanese/Japanese-L1) and monolingual (Japanese-Japanese) dictionaries? This qualitative study reports on how university students of advanced Japanese classes used different dictionaries to meet their homework needs. The main methodology of the study is a think-aloud protocol (TAP), supplemented with a questionnaire and an L2 proficiency test. Results showed that these students had similar purposes for consulting dictionaries yet used a different combination of media (paper, electronic and online types) and highly individualized search strategies. Moreover, some connections were noted between L2 sub-proficiency levels and efficiency in selecting a dictionary and a search strategy appropriate for a specific purpose."
think-aloud protocol diagnosing misconceptions,crossref,ok,399678,10.7202/037201ar,Think-Aloud Protocol Analysis in Translation Studies,2007,"Think-Aloud Protocol Analysis in Translation Studies: This paper reports on think-aloud protocol (TAP) research in Finland and Germany. It discusses some methodological issues: choice of subjects, TAPs in a language-learning and in a professional context, monologue and dialogue protocols, the use of models provided by psycholinguistics. Two types of processes - successful and less successful ones - are distinguished and specified as to the subjects' comprehension and reverbalisation processes, their focus of attention, decision-making, monitoring, flexibility, creative thinking and attitude toward the task. Some tentative results of the research going on in Germany and Finland are presented. The results are expected to serve as hypotheses for the teaching of translation."
think-aloud protocol diagnosing misconceptions,crossref,ok,399678,10.1191/1362168802lr102oa,Translating culture - a think-aloud protocol study,2002,"The article describes a think-aloud protocol study exploring translation processes of degree-level language students when dealing with culturespecific lexis. The study found that one of the students' main problems was a fixation on questionable word-level parameters at the expense of text-level processes. As this fixation appears likely to be related in some way to teaching practice, which focuses students' attention in translation on small text units, some suggestions are made as to how text-level consideration could be enhanced."
think-aloud protocol diagnosing misconceptions,crossref,ok,399678,10.21061/jte.v28i2.a.5,Examining Elementary School Students’ Transfer of Learning Through Engineering Design Using Think-Aloud Protocol Analysis,2017,
think-aloud protocol diagnosing misconceptions,crossref,ok,399678,10.7202/003235ar,Hard Work Will Bear Beautiful Fruit. A Comparison of Two Think-Aloud Protocol     Studies,2002,"In this article some of the results of two think-aloud protocol studies (Gerloff     1988 and Jââskelâinen 1990) are compared. The purpose of the comparison is to     illustrate two findings: (I) that translation does not always get easier as     professional experience increases, and (2) that professional translators do not     always succeed better than non-professionals. The emphasis is on these somewhat     disturbing observations because they are particularly suitable for illustrating     tentative hypotheses about the role of affective factors in translation. These, in     turn, have important implications for teaching translation."
think-aloud protocol diagnosing misconceptions,crossref,ok,399678,10.14746/strop.2011.382.008,"L’application des méthodes ""Think-Aloud Protocol"" et analyse conversationnelle à la didactique de traduction",2011,
think-aloud protocol diagnosing misconceptions,crossref,ok,399678,10.32841/2409-1154.2019.43.3.4,THINK-ALOUD PROTOCOL IN TRANSLATION: A PILOT PROJECT,2019,
think-aloud protocol diagnosing misconceptions,crossref,ok,399678,10.5430/elr.v1n2p119,Research on Interpretation Process of Bridging Reference in English Discourse with Think Aloud Protocol,2012,
think-aloud protocol diagnosing misconceptions,crossref,ok,399678,10.3390/jintelligence11040076,Tell Us What You Really Think: A Think Aloud Protocol Analysis of the Verbal Cognitive Reflection Test,2023,"The standard interpretation of cognitive reflection tests assumes that correct responses are reflective and lured responses are unreflective. However, prior process-tracing of mathematical reflection tests has cast doubt on this interpretation. In two studies (N = 201), we deployed a validated think-aloud protocol in-person and online to test how this assumption is satisfied by the new, validated, less familiar, and non-mathematical verbal Cognitive Reflection Test (vCRT). Verbalized thoughts in both studies revealed that most (but not all) correct responses involved reflection and that most (but not all) lured responses lacked reflection. The think-aloud protocols seemed to reflect business-as-usual performance: thinking aloud did not disrupt test performance compared to a control group. These data suggest that the vCRT usually satisfies the standard interpretation of the reflection tests (albeit not without exceptions) and that the vCRT can be a good measure of the construct theorized by the two-factor explication of ‘reflection’ (as deliberate and conscious)."
think-aloud protocol diagnosing misconceptions,crossref,ok,399678,10.26456/vtfilol/2024.4.269,МЕТОД THINK ALOUD PROTOCOL (TAP) КАК ИНСТРУМЕНТ АНАЛИЗА ПРОЦЕССА ПЕРЕВОДА ЛИТЕРАТУРНО-ХУДОЖЕСТВЕННОГО ТЕКСТА,2024,
think-aloud protocol diagnosing misconceptions,crossref,ok,399678,10.26522/brocked.v12i2.38,The Use of Think-aloud Methods in Qualitative Research An Introduction to Think-aloud Methods,2003,"Think-aloud is a research method in which participants speak aloud any  words in their mind as they complete a task.  A review of the literature  has shown that think-aloud research methods have a sound theoretical  basis and provide a valid source of data about participant thinking,  especially during language based activities.  However, a researcher  needs to design a process which takes into account a number of concerns,  by selecting a suitable task, a role for the researcher, a source of  triangulation, and, most importantly, an appropriate method of  interpretation.  This paper argues that think-aloud research can be  effectively interpreted through a qualitative lens.  A qualitative  approach also has implications for the choice of participant(s) and the  treatment of the data.  Participants should be treated as  quasi-researchers, and their efforts rewarded with reciprocity."
think-aloud protocol diagnosing misconceptions,crossref,ok,399678,10.20535/2410-8286.228550,PROSPECTIVE PHILOLOGISTS’ TRANSLATION ASSESSMENT TRIANGULATION: SCREEN VIDEO RECORDING AND THINK ALOUD PROTOCOL COMBINATION,2021,"Purpose. The article strives for the enhancement of the efficiency of translation competence assessment in philologists’ university training with the help of the triangulation method. It is deemed in the concurrent involvement of different assessment agents (teacher, peer and self) into integrated and collaborative translation performance evaluation from two perspectives, i.e. translation product quality and process workflow, with the use of diversified methods based on different theoretical approaches. This research aims at the study of students’ video screen recording contribution combined with think-aloud protocols (TAPs) to increase the assessment objectivity and reliability of the received translation product. Method. A mixed research design was developed and implemented. It involved 40 third-year university students majoring in Philology, who were asked to perform a written translation of the excerpt of English popular science article in Marketing (c. 250 words) into Ukrainian in MS Word using any reference sources at hand, video record the process of their translation and accompany it with their comments. The research was completed with the questionnaire on students’ attitude to the screen recording and TAP involvement into translation task performance and assessment. Findings. The findings of this study reported on the positive impact of screen recording on the assessment accuracy, informative value of the collected data and formative effect of triangulated assessment method on students’ translation competence acquisition. Implications for research and practice. The received results can serve for the optimisation of the procedures of translation task difficulty measurement and competence assessment in the translation classroom."
think-aloud protocol diagnosing misconceptions,crossref,ok,399678,10.17977/jptpp.v7i2.15193,Analisis Miskonsepsi Siswa MA Menggunakan Metode Think Aloud Protocol (TAP),2022,&lt;p&gt;&lt;strong&gt;Abstract:&lt;/strong&gt;  This study aims to find out the misconceptions experienced by students during the learning process using &lt;em&gt;think aloud protocol (TAP) &lt;/em&gt;and physics multiple choice tests (TPGF) on hydrostatic pressure materials. This research design uses &lt;em&gt;mixed method design &lt;/em&gt;with &lt;em&gt;embedded experimental design.&lt;/em&gt;  Quantitative data is obtained through N-gain calculations that show a high category with a score of 0.7. This indicates that there is a significant change in the mastery of the student's hydrostatic pressure concept after learning activities. Qualitative data analysis based on the results of &lt;em&gt;the think aloud protocol&lt;/em&gt; also shows how students experience misconceptions by pouring their thoughts into the analysis of problems using image illustrations.&lt;strong&gt;  &lt;/strong&gt;&lt;/p&gt;&lt;strong&gt;Abstrak:&lt;/strong&gt;&lt;em&gt; &lt;/em&gt;Penelitian ini bertujuan untuk mengetahui miskonsepsi yang dialami oleh siswa pada saat proses pembelajaran menggunakan &lt;em&gt;think aloud protocol (TAP) &lt;/em&gt;dan tes pilihan ganda fisika (TPGF) pada materi tekanan hidrostatis. Desain penelitian ini menggunakan &lt;em&gt;mixed method design &lt;/em&gt;dengan desain &lt;em&gt;embedded experimental design.&lt;/em&gt; Data kuantitatif deiperoleh melalui perhitungan N-gain yang menunjukkan kategori tinggi dengan skor 0.7. Hal ini menandakan bahwa ada perubahan penguasaan konsep tekanan hidrostatis siswa secara signifikan setelah kegiatan pembelajaran. Analisis data secara kualitatif berdasarkan hasil &lt;em&gt;think aloud protocol&lt;/em&gt; juga menunjukkan bagaimana siswa mengalami miskonsepsi dengan cara menuangkan pemikirannya pada analisis soal menggunakan ilustrasi gambar.
think-aloud protocol diagnosing misconceptions,crossref,ok,399678,10.1119/perc.2015.pr.032,A multidimensional analysis method for think-aloud protocol data,2015,
think-aloud protocol diagnosing misconceptions,crossref,ok,399678,10.32843/2663-6085-2019-17-2-22,THINK-ALOUD PROTOCOL AS A SUPPLEMENTARY ASSESSMENT TECHNIQUE IN PROSPECTIVE PHILOLOGISTS’ TRANSLATION TRAINING,2019,
think-aloud protocol diagnosing misconceptions,crossref,ok,399678,10.65528/9780807777329-004,2. Interacting with Students in Think-Aloud Writing Assessment,2010,
think-aloud protocol diagnosing misconceptions,crossref,ok,399678,10.1145/1978942.1979117,Triggered think-aloud protocol,2011,
think-aloud protocol diagnosing misconceptions,crossref,ok,399678,10.65528/9780807777329-008,6. Think-Aloud Writing Assessment for Teacher Development,2010,
think-aloud protocol diagnosing misconceptions,crossref,ok,399678,10.1007/978-3-031-05804-2_8,Using Think-Aloud Protocol in Immersive VR Evaluations,2023,
novice programmer error diagnosis process data,crossref,ok,5403896,10.4324/9781315808321,Studying the Novice Programmer,2013,
novice programmer error diagnosis process data,crossref,ok,5403896,10.1145/3314994.3325090,A Mixed-Methods Study of Novice Programmer Interaction with Python Error Messages,2019,
novice programmer error diagnosis process data,crossref,ok,5403896,10.1109/csde50874.2020.9411562,Code Complexity Analyser and Visualiser for Novice Programmer,2020,
novice programmer error diagnosis process data,crossref,ok,5403896,10.1145/3328778.3366882,The Effects of Compilation Mechanisms and Error Message Presentation on Novice Programmer Behavior,2020,
novice programmer error diagnosis process data,crossref,ok,5403896,10.1145/3197091.3197121,Syntax error based quantification of the learning progress of the novice programmer,2018,
novice programmer error diagnosis process data,crossref,ok,5403896,10.1145/3626253.3635404,The Future of the Error Message: Comparing Large Language Models and Novice Programmer Effectiveness in Fixing Errors,2024,
novice programmer error diagnosis process data,crossref,ok,5403896,10.2139/ssrn.4626326,Improving the Debugging Skills of a Novice Programmer Through Enhanced Knowledge of Interactive Debugging,2023,
novice programmer error diagnosis process data,crossref,ok,5403896,10.1109/rtcdc.2005.201638,Visual programming for novice programmer teachers,2005,
novice programmer error diagnosis process data,crossref,ok,5403896,10.1145/1095242.1095254,Visual programming for novice programmer teachers,2005,
novice programmer error diagnosis process data,crossref,ok,5403896,10.1109/fie.2014.7044420,Meaningful categorisation of novice programmer errors,2014,
novice programmer error diagnosis process data,crossref,ok,5403896,10.1201/9781482292909-14,Hosting a Device Programmer,1998,
novice programmer error diagnosis process data,crossref,ok,5403896,10.1145/1272848.1272896,Revisiting novice programmer errors,2007,"Although programmer errors have been investigated, only a limited range of error types typically made by novices have been scrutinized. In this paper we present an expanded classification of the types of errors considered in previous research. In particular, problems which require the use of more difficult program constructs such as nested loops, arrays, recursion and functions have been somewhat neglected. We hope this paper will encourage other researchers to further analyze the types of errors advanced novices will make and the types of misunderstandings which underlie such errors."
novice programmer error diagnosis process data,crossref,ok,5403896,10.1145/3385548,Session details: Paper Session: Novice Programmer Behaviors,2020,
novice programmer error diagnosis process data,crossref,ok,5403896,10.1109/fie43999.2019.9028699,Debugging: The key to unlocking the mind of a novice programmer?,2019,
novice programmer error diagnosis process data,crossref,ok,5403896,10.1145/142040.142052,Protocol analysis of a novice programmer,1992,"This study examined the problem solving of a novice programmer writing a first draft of an elementary computer program. The latter stages of entering and debugging the program were not part of the analysis. A detailed analysis of the tape-recorded protocol confirmed the major themes of the research on novice problem solving. Some characteristics specific to programming were also identified. In particular, the subject emphasized the syntax of the language, showed little advanced planning, and organized her programming information in the order it had been presented in class. There were distinct phases of (a) understanding the problem, (b) devising a plan, and (c) carrying out the plan. There was also evidence of both positive and negative transfer from what the student had previously learned in class. A number of practical guidelines for teaching novices to program emerged from the analysis and the literature."
novice programmer error diagnosis process data,crossref,ok,5403896,10.1109/vlhcc.2018.8506481,The novice programmer needs a plan,2018,
novice programmer error diagnosis process data,crossref,ok,5403896,10.5013/ijssst.a.17.32.38,B-Learning on Novice Programmer Learning with Roles of Variables,2016,
novice programmer error diagnosis process data,crossref,ok,5403896,10.1109/vlhcc.2015.7357199,Exploring novice programmer example use,2015,
novice programmer error diagnosis process data,crossref,ok,5403896,10.1145/3249876,Session details: Paper - tools to support novice programmer,2013,
novice programmer error diagnosis process data,crossref,ok,5403896,10.1109/icoco53166.2021.9673537,Unplugged Computational Thinking Activities Framework Development for Novice Programmer,2021,
novice programmer error diagnosis process data,crossref,ok,5403896,10.1109/iiai-aai.2019.00037,Prototype of Visual Programming Environment for C Language Novice Programmer,2019,
novice programmer error diagnosis process data,crossref,ok,5403896,10.1145/358476.358500,A user-friendly software environment for the novice programmer,1983,"SOLO,
            a nonnumerical programming language, was developed at The Open University in the U.K. to support a course on Cognitive Psychology. It was designed to acquaint students as painlessly as possible with the computing fundamentals necessary both to grasp
            AI
            principles as applied in Cognitive Psychology and to actually initiate fairly sophisticated exercises on their own. The language has been used successfully by more than 2500 social science students."
novice programmer error diagnosis process data,crossref,ok,5403896,10.1080/0899340910020306,Programming Templates: Professional Programmer Knowledge Needed By the Novice,1991,
novice programmer error diagnosis process data,crossref,ok,5403896,10.3844/jcssp.2018.477.484,Novice Programmer = (Sourcecode) (Pseudocode) Algorithm,2018,
novice programmer error diagnosis process data,crossref,ok,5403896,10.1145/3290511.3290529,Evaluation of algorithms to support novice programmer,2018,
novice programmer error diagnosis process data,crossref,ok,5403896,10.11113/jt.v43.775,Teaching C Programming with the Aid of an Interpreter â€“ Online Interpreter for Novice C Programmer,2012,"Online Interpreter for Novice C Programmer (IfNCP) ialah pakej perisian pembelajaran bagi seseorang yang baru mula mempelajari bahasa pengaturcaraan C. IfNCP mengunakan antara muka grafik untuk mempertingkatkan pemahaman pengguna. Sistem ini menyediakan persekitaran pembelajaran yang interaktif dengan menggunakan multimedia dan grafik secara online. 
				
				Kata kunci: C Programming, interpreter, learning package 

				Online Interpreter for Novice C Programmer (IfNCP) is intended as an introductory learning package for the beginners of C programming language. IfNCP focuses on the graphical code interpretation to enhance user understanding. The system creates an onâ€“line interactive learning environment using multimedia tools and graphical simulations. 
				
				Key words: Bahasa pengaturcaraan C, Interpreter, pakej pembelajaran"
novice programmer error diagnosis process data,crossref,ok,5403896,10.1109/icccnt45670.2019.8944583,Novice Programmer to New-Age Application Developer: What Makes Python their First Choice?,2019,
novice programmer error diagnosis process data,crossref,ok,5403896,10.15388/infedu.2023.15,Automatically detecting previous programming knowledge from novice programmer code compilation history,2022,"Prior programming knowledge of students has a major impact on introductory programming courses. Those with prior experience often seem to breeze through the course. Those without prior experience see others breeze through the course and disengage from the material or drop out. The purpose of this study is to demonstrate that novice student programming behavior can be modeled as a Markov process. The resulting transition matrix can then be used in machine learning algorithms to create clusters of similarly behaving students. We describe in detail the state machine used in the Markov process and how to compute the transition matrix. We compute the transition matrix for 665 students and cluster them using the k-means clustering algorithm. We choose the number of cluster to be three based on analysis of the dataset. We show that the created clusters have statistically different means for student prior knowledge in programming, when measured on a Likert scale of 1-5."
novice programmer error diagnosis process data,crossref,ok,5403896,10.1109/icsess.2011.5982370,Dependency analysis for learning class structure for novice Java programmer,2011,
novice programmer error diagnosis process data,crossref,ok,5403896,10.1016/0308-9126(90)92275-6,Digital tomography fulcrum height programmer and error correction,1990,
novice programmer error diagnosis process data,crossref,ok,5403896,10.1145/3335814,A New Look at Novice Programmer Errors,2019,"The types of programming errors that novice programmers make and struggle to resolve have long been of interest to researchers. Various past studies have analyzed the frequency of compiler diagnostic messages. This information, however, does not have a direct correlation to the types of errors students make, due to the inaccuracy and imprecision of diagnostic messages. Furthermore, few attempts have been made to determine the severity of different kinds of errors in terms other than frequency of occurrence. Previously, we developed a method for meaningful categorization of errors, and produced a frequency distribution of these error categories; in this article, we extend the previous method to also make a determination of error difficulty, in order to give a better measurement of the overall severity of different kinds of errors.
                  An error category hierarchy was developed and validated, and errors in snapshots of students source code were categorized accordingly. The result is a frequency table of logical error categories rather than diagnostic messages. Resolution time for each of the analyzed errors was calculated, and the average resolution time for each category of error was determined; this defines an error difficulty score. The combination of frequency and difficulty allow us to identify the types of error that are most problematic for novice programmers.
                  The results show that ranking errors by severity—a product of frequency and difficulty—yields a significantly different ordering than ranking them by frequency alone, indicating that error frequency by itself may not be a suitable indicator for which errors are actually the most problematic for students."
novice programmer error diagnosis process data,crossref,ok,5403896,10.1145/1962300.1962365,Attention and programmer characteristics in prospective memory,2010,
novice programmer error diagnosis process data,crossref,ok,5403896,10.1023/a:1007690108308,Multistrategy Discovery and Detection of Novice Programmer Errors,2000,
novice programmer error diagnosis process data,crossref,ok,5403896,10.1145/503626.503628,An investigation of novice programmer errors in IBM 370 (OS) assembly language,1976,
novice programmer error diagnosis process data,crossref,ok,5403896,10.1016/s0360-1315(97)00063-8,Using dynamic explanations to enhance novice programmer instruction via the WWW,1998,
novice programmer error diagnosis process data,crossref,ok,5403896,10.1007/s10639-011-9158-8,Teaching the novice programmer: A study of instructional sequences and perception,2011,
novice programmer error diagnosis process data,crossref,ok,5403896,10.18489/sacj.v45i0.32,The effects of Professional and Pedagogical Program Development Environments on Novice Programmer Perceptions,2010,"Novice programmers generally have difficulty learning to program and one of the problems contributing towards this is the program development environment used at tertiary institutions. A number of pedagogical program development environments have been developed specifically for novice programmers, but these have not been compared experimentally with professional program development environments. A study was conducted that compared the perceptions of novice programmers using a representative&#x0D;
professional program development environment to a pedagogical program development environment during an Introductory Programming module at a tertiary institution. It was found that the use of a pedagogical program development environment had a positive effect on the feelings of achievement and learning while learning to program, while the perceived ease of using the program development environment and the perceived difficulty of practical assignments were not affected."
novice programmer error diagnosis process data,crossref,ok,5403896,10.1109/icse.1994.296772,A programmer performance measure based on programmer state transitions in testing and debugging process,,
novice programmer error diagnosis process data,crossref,ok,5403896,10.1006/ijhc.1994.1069,Novice programmer errors: language constructs and plan composition,1994,
novice programmer error diagnosis process data,crossref,ok,5403896,10.3233/978-1-60750-774-1-111,An Analysis of Programmer Productivity versus Performance for High Level Data Parallel Programming,2011,"Data parallel programming provides an accessible model for exploiting the power of parallel computing elements without resorting to the explicit use of low level programming techniques based on locks, threads and monitors. The emergence of Graphics Processing Units (GPUs) with hundreds or thousands of processing cores has made data parallel computing available to a wider class of programmers. GPUs can be used not only for accelerating the processing of computer graphics but also for general purpose data-parallel programming. Low level data-parallel programming languages based on the Compute Unified Device Architecture (CUDA) provide an approach for developing programs for GPUs but these languages require explicit creation and coordination of threads and careful data layout and movement. This has created a demand for higher level programming languages and libraries which raise the abstraction level of data-parallel programming and increase programmer productivity. The Accelerator system was developed by Microsoft for writing data parallel code in a high level manner which can execute on GPUs, multicore processors using SSE3 vector instructions and FPGA chips. This paper compares the performance and development effort of the high level Accelerator system against lower level systems which are more difficult to use but may yield better results. Specifically, we compare against the NVIDIA CUDA compiler and sequential C++ code considering both the level of abstraction in the implementation code and the execution models. We compare the performance of these systems using several case studies. For some classes of problems, Accelerator has a performance comparable to CUDA, but for others its performance is significantly reduced; however in all cases it provides a model which is easier to use and enables greater programmer productivity."
novice programmer error diagnosis process data,crossref,ok,5403896,10.1080/08993400701538104,A Review of Australasian Investigations into Problem Solving and the Novice Programmer,2007,
novice programmer error diagnosis process data,crossref,ok,5403896,10.5220/0005797703210329,C-Helper: C Latent-error Static/Heuristic Checker for Novice Programmers,2016,
novice programmer error diagnosis process data,crossref,ok,5403896,10.1016/s1874-5970(00)80025-9,10 Estimation of measurement error variances from process data,1999,
novice programmer error diagnosis process data,crossref,ok,5403896,10.1145/503561.503628,An investigation of novice programmer errors in IBM 370 (OS) assembly language,1976,
novice programmer error diagnosis process data,crossref,ok,5403896,10.1109/latice.2014.28,Understanding and Analysing Novice Programmer Interactions in a Facebook Programming Group,2014,
novice programmer error diagnosis process data,crossref,ok,5403896,10.1201/b18545-27,Programmer-Deﬁned Data Types,2015,
novice programmer error diagnosis process data,crossref,ok,5403896,10.1145/3442481.3442498,On the cognitive development of the novice programmer,2020,
novice programmer error diagnosis process data,crossref,ok,5403896,10.1109/sc.2005.53,Parallel Programmer Productivity: A Case Study of Novice Parallel Programmers,2005,
novice programmer error diagnosis process data,crossref,ok,5403896,10.1145/3629296.3629333,Do Current Online Coding Tutorial Systems Address Novice Programmer Difficulties?,2023,
novice programmer error diagnosis process data,crossref,ok,5403896,10.13031/aim.202200137,Novice Programmer Errors in an Introductory College of Agriculture Course,2022,
static analysis student misconception detection programming,crossref,ok,8771979,10.15407/pp2025.04.041,An approach to website vulnerability detection based on static and dynamic analysis,2025,"This paper proposes an approach to automated website vulnerability detection based on the combination of static and dynamic analysis within a modular scanner architecture. The motivation for this study arises from the growing number of parameterized URLs in modern web applications and, as a consequence, redundant crawling and the high cost of multi-variant testing under limited time and resource budgets in DevSecOps/CI/CD scenarios. The proposed approach is built on a two-stage pipeline: preliminary static analysis of a web resource, which includes sitemap construction by a crawler with depth control, extraction of endpoints, parameters, and input forms, as well as URL template normalization through the generalization of dynamic identifiers; and dynamic vulnerability testing for a normalized set of test points with parallel execution of isolated checks and aggregation of results into machine-readable formats. Quality and performance evaluation metrics are proposed, including precision/recall, the request reduction ratio, and throughput, which enable quantitative assessment of the impact of preliminary normalization and the efficiency of multithreaded processing. The implementation is realized as a Java-based CLI utility with a plugin-based testing model, facilitating extensibility for new vulnerability classes without modification of the core system. Experimental validation was conducted using benchmark vulnerable applications OWASP Juice Shop and OWASP WebGoat, as well as proprietary projects; the results demonstrate a significant reduction in crawler execution time and the achievement of acceptable throughput depending on deployment conditions. The obtained results confirm the effectiveness of combining static structuring of the search space with targeted dynamic checks to improve the scalability and reproducibility of web security analysis."
static analysis student misconception detection programming,crossref,ok,8771979,10.1088/1742-6596/1157/3/032069,Identification of student misconception about static fluid,2019,
static analysis student misconception detection programming,crossref,ok,8771979,10.15476/elte.2022.236,Static analysis of network programming languages,,
static analysis student misconception detection programming,crossref,ok,8771979,10.24252/mapan.2021v9n2a1,MISCONCEPTION ANALYSIS IN TERMS OF STUDENT LEARNING STYLES,2021,"This study aims to determine students' misconceptions in social arithmetic material when viewed from student learning styles. The population in this study was 28 students of class VII F MTs Negeri 5 Cirebon. The research form used in this study is qualitative research, with a research strategy that is a case study. Data collection techniques used were 1) the observation method, 2) the tests method, 3) the questionnaire method, 4) the interview method is conducted for students who experience misconceptions after adjusting to the student's learning style. The results of this study are 1) Students who have a visual learning style do not experience misconceptions in mathematical concepts, but students experience misconceptions in the process of counting and translation. 2) Students who have auditorial learning styles, there are no misconceptions in mathematical concepts, but students experience errors in the final calculation process. 3) Students who have kinesthetic learning styles it is suspected that students have conceptual misconceptions because students do not understand the concept of the process including students who do not understand the mathematical formulas and values that must be used and students do not understand calculations. In general, the causes of misconceptions in students who have visual learning styles, auditory and kinesthetic, are derived from student understanding and teacher learning methods."
static analysis student misconception detection programming,crossref,ok,8771979,10.1063/1.5141659,Analysis of student misconception on calculus materials based on student mathematical reasoning,2019,
static analysis student misconception detection programming,crossref,ok,8771979,10.7551/mitpress/4304.003.0055,A Static Analysis for Classical Linear Logic Programming Language,1999,
static analysis student misconception detection programming,crossref,ok,8771979,10.1145/1134744.1134751,Precise alias analysis for static detection of web application vulnerabilities,2006,
static analysis student misconception detection programming,crossref,ok,8771979,10.21831/cp.v37i2.14493,Analysis of Student Misconception on Geometry Concepts Using Three-Tier Diagnostic Test,2018,"Abstract : This study aims to determine (1) the results of students misconception analysis on mathematics subjects on the concept of geometry fields, (2) know the percentage of students who misconception on the concept of geometry using Three-Tier Test. Data collection testicles include interview guides and Three-Tier Test questions. Data analysis was done descriptively quantitative. The results showed that 24.1% of students mastered the concept, while the remaining 6.2% of students guessed or did not believe in the answers, 22.2% of students did not understand the concept and 47.5% of students experienced misconceptions. Students experiencing the lowest misconception on the subconscious solve the problem of triangle proposition and line segment 36,5% and the highest misconception experienced by the student on subconcept describes symmetry and angle 59,5%. While the sequence of the third category of misconception highest to lowest on the concept of Geometry Field that occurred is as follows: pure misconception (22%), false positive (17.9%), and false negative (7.6%).Keywords: misconception, three-tier test,  false positive, false negative Analisis Miskonsepsi Siswa pada Konsep Geometri Menggunakan Three-Tier Diagnostic TestAbstrak : Penelitian ini bertujuan untuk mengetahui: (1) hasil analisis miskonsepsi siswa pada mata pelajaran matematika pada konsep geometri bidang,  dan (2) mengetahui besar persentase siswa yang mengalami miskonsepsi pada konsep geometri bidang menggunakan Three-Tier Test. Subjek penelitian adalah siswa SMA MIPA kelas X sejumlah 43 orang. Insrumen pengumpulan data meliputi pedoman wawancara dan soal Three-Tier Test. Analisis data dilakukan dilakukan secara deskriptif kuantitatif. Hasil penelitian menunjukkan bahwa 24,1% siswa menguasai konsep, sedangkan sisanya 6,2% siswa menebak atau tidak percaya diri atas jawaban, 22,2% siswa tidak paham konsep dan 47,5% siswa mengalami miskonsepsi. Siswa mengalami miskonsepsi terendah pada subkonsep menyelesaikan masalah dalil segitiga dan segmen garis 36,5% dan miskonsepsi tertinggi yang dialami siswa pada subkonsep menjelaskan kesimetrian dan sudut 59,5%. Urutan ketiga kategori miskonsepsi tertinggi hingga terendah pada konsep Geometri Bidang yang terjadi adalah sebagai berikut:miskonsepsi murni (22%), false positive (17,9%), dan false negative  (7,6%).Kata Kunci : miskonsepsi, three-tier test,  false positive, false negative"
static analysis student misconception detection programming,crossref,ok,8771979,10.29303/jppfi.v6i2.629,Literature Review: Misconception Analysis of Static Fluid Material in High School Students,2024,"This article presents a literature review on misconceptions of static fluid material in high school students, which is an important issue in physics learning. These misconceptions often stem from improper understanding of basic concepts, which can hinder students' academic achievement. Research shows that students often misunderstand key concepts such as hydrostatic pressure, Pascal's law and Archimedes' law, which negatively impacts their understanding of more complex physical phenomena. Through an in-depth analysis of 348 Google Scholar indexed publications from 2015 to 2024 with help from search tools such as Publish or Perish and Dimensions AI. This article identifies the causes of misconceptions and offers a constructivist approach as a solution to improve student understanding. By integrating findings from various studies, this review aims to provide a more comprehensive insight into the phenomenon of misconceptions and the strategies that can be applied to overcome them, so as to improve the effectiveness of physics learning at the high school level.
Keywords: Misconceptions; Physics Materials; Static Fluid; High School Students."
static analysis student misconception detection programming,crossref,ok,8771979,10.21125/iceri.2025.1642,STRUCTURAL SIMILARITY ANALYSIS OF STUDENT PROGRAMMING SUBMISSIONS FOR PLAGIARISM DETECTION USING CHATGPT,2025,
static analysis student misconception detection programming,crossref,ok,8771979,10.7717/peerjcs.522/fig-2,Figure 2: Malware detection using static analysis.,,
static analysis student misconception detection programming,crossref,ok,8771979,10.31274/etd-180810-1778,Misunderstandings of atmospheric carbon budgets: Advances toward remediation of a common student misconception,,
static analysis student misconception detection programming,crossref,ok,8771979,10.1201/9781003570882-7,Large Language Models for Automated Short-Answer Grading and Student Misconception Detection in STEM,2025,
static analysis student misconception detection programming,crossref,ok,8771979,10.24114/iser.v3i2.31239,MISCONCEPTION ANALYSIS OF STATIC ELECTRICITY MATERIALS IN CLASS IX JUNIOR HIGH SCHOOL,2021,"This study was made to determine the level of misconceptions of junior high school studentstowards static electricity and what are the obstacles for students in understanding the material sothat misconceptions occur. By using 7 students of SMPN 2 Hang Tuah Medan as research samples.The research method used is a qualitative method with a questionnaire technique with Gform andinterviews conducted online. By asking 5 questions about static electricity, it was found that about48.56% of the 7 students interviewed had misconceptions about static electricity. This happenedbecause of several factors, namely (1) the learning method was only in the form of explainingmaterial through group chats and independent study, (2) there was no evaluation conducted by theteacher on static electricity material. This is one of the limitations of online learning where theteacher focuses on explaining the material and does not provide opportunities for students to beinvolved in learning activities, resulting in the lack of self-confidence of students, and less than themaximum in achieving their knowledge.  For this reason, further action is needed by the teacher inorder to overcome the misconceptions of static electricity material that exist in students."
static analysis student misconception detection programming,crossref,ok,8771979,10.7551/mitpress/4304.003.0059,Using Static Analysis to Compile non-Sequential Functional Logic Programs,1999,
static analysis student misconception detection programming,crossref,ok,8771979,10.15514/ispras-2019-31(3)-14,Vulnerabilities Detection via Static Taint Analysis,2019,
static analysis student misconception detection programming,crossref,ok,8771979,10.1145/3770761.3777289,Misconception-Aware LLM Programming Tutor: Lessons Learned from Student-Tutor Interactions,2026,
static analysis student misconception detection programming,crossref,ok,8771979,10.1016/j.scico.2005.04.002,Static Analysis Symposium 2003,2005,
static analysis student misconception detection programming,crossref,ok,8771979,10.1145/2883404.2883405,Accelerating Dynamic Data Race Detection Using Static Thread Interference Analysis,2016,
static analysis student misconception detection programming,crossref,ok,8771979,10.1016/s0167-6423(02)00128-4,Static Analysis,2003,
static analysis student misconception detection programming,crossref,ok,8771979,10.17478/jegys.631567,Misconception Analysis of Junior High School Student in Interpreting Fraction,2019,"Interpretation of fraction is
the basis of meaningful fraction learning. Students' misconceptions in
interpreting fractions can be obstacles for students to understand further
mathematical concepts. The purpose of this study is to identify students'
misconceptions in interpreting fractions. This research usedcontent
analysismethode. The participants of this study were 63 students (32 female, 31
male) in one junior high school in Bengkulu City, Indonesia. This research
participant has just studied the topic of fractions. Data collection was
carried out by giving tests to 63 participants, and interviews with 6 students
to obtain more comprehensive information. The questions asked in interview are
based on students' answers on the previous test. The selection of students
interviewed was done by purposive sampling. The results showed that students
experienced misconceptions in interpreting fractions as part of whole, as
quotient, as ratios, as operators, and as measures. Based on the results of the
interview, the misconception occurred because students experienced limited
context in recognizing fractions."
static analysis student misconception detection programming,crossref,ok,8771979,10.56741/jpes.v2i03.355,Misconception Analysis of Student Books on the Theme of Building Household,2023,"This study aimed to discover whether there were misconceptions about Islamic religious education learning materials and manners regarding the theme of the beauty of household mahligai to students. This type of research is a qualitative literature review with a naturalistic approach. In this case, the researcher examines books, journals, theses, and other sources that discuss textbooks on Islamic religious education and morals and the book of Qurrotul Uyun. The data collection technique used in this is a documentary literature review with the object of discussion in question. Data in the library is processed by editing, organising, and finding. Researchers used content analysis in this study. Based on the results of the study, it was found that the misconceptions in the PAI and Characteristics books for grade 12 were related to students, teachers, textbooks, context, and methods. Suppose the categories of misconceptions are sorted from largest to smallest. In that case, they are found in PAI books and manners for class 12, namely oversimplifications, misidentifications, over generalisations, under generalisations and obsolete concepts and terms. None of the textbook’s analytical material is free from misconceptions."
static analysis student misconception detection programming,crossref,ok,8771979,10.18592/tarbiyah.v13i2.13518,Are There Misconceptions in My Class? Misconception Analysis with T3-SF (Three Tier-Test on Static Fluid),2024,"This study aims to identify the misconceptions of 20 students in class XI MIPA in one of the Senior High Schools in Sumedang Regency, Indonesia. The selection of research subjects used a random sampling technique. This research used a descriptive qualitative research design with a case study approach. The data collection technique in this study used T3-SF (Three Tier-Test on Static Fluid) to identify misconceptions in the submaterial of Hydrostatic Pressure, Pascal's Law and Archimedes' Law. Students did ten questions on Google Forms and processed them using Microsoft Excel. Based on this study, the majority of students, 88.5%, have misconceptions, 9% have understood the concept and 2.5% of students are in the category of not understanding the concept. It can be concluded that three concepts of static fluid, namely Hydrostatic Pressure, Pascal's Law and Archimedes' Law, are at a high level of misconception because more than 61%. Students of Pascal's Law material experience a high level of misconception (100%). Meanwhile, the lowest misconception from other question numbers is the question for Archimedes' Law material. The researcher also recommends that future studies further classify the misconception category into partial misconceptions, false negatives and false positives."
static analysis student misconception detection programming,crossref,ok,8771979,10.47750/pegegog.14.02.28,Student Misconception In Chemistry: A Systematic Literature Review,2024,
static analysis student misconception detection programming,crossref,ok,8771979,10.1145/948109.948155,Buffer overrun detection using linear programming and static analysis,2003,
static analysis student misconception detection programming,crossref,ok,8771979,10.1007/3-540-60360-3_42,Static analysis of communication for asynchronous concurrent programming languages,1995,
static analysis student misconception detection programming,crossref,ok,8771979,10.7551/mitpress/4301.003.0038,Practical Model-Based Static Analysis for Definite Logic Programs,1995,
static analysis student misconception detection programming,crossref,ok,8771979,10.3102/1434195,Raising Student Teachers' Awareness of Misconception Regarding Educational Psychology,2019,
static analysis student misconception detection programming,crossref,ok,8771979,10.1007/3-540-45984-7_29,Deriving Genetic Programming Fitness Properties by Static Analysis,2002,
static analysis student misconception detection programming,crossref,ok,8771979,10.14711/thesis-hdl151260,Practical Symbolic Static Analysis for Effective Bug Detection,,
static analysis student misconception detection programming,crossref,ok,8771979,10.1145/2993600.2993606,JSPChecker,2016,
static analysis student misconception detection programming,crossref,ok,8771979,10.1016/0022-247x(68)90215-1,On stochastic programming I. Static linear programming under risk,1968,
static analysis student misconception detection programming,crossref,ok,8771979,10.31979/etd.za5p-mqce,Static and Dynamic Analysis for Android Malware Detection,,
static analysis student misconception detection programming,crossref,ok,8771979,10.31979/etd.794g-7hfy,Combining Dynamic and Static Analysis for Malware Detection,,
static analysis student misconception detection programming,crossref,ok,8771979,10.22152/programming-journal.org/2020/4/2,Automatically Tracing Imprecision Causes in JavaScript Static Analysis,2019,
static analysis student misconception detection programming,crossref,ok,8771979,10.1016/j.scico.2017.03.008,Static analysis of cloud elasticity,2017,
static analysis student misconception detection programming,crossref,ok,8771979,10.1007/springerreference_72718,Static Stochastic Programming Models,,
static analysis student misconception detection programming,crossref,ok,8771979,10.1007/978-3-540-74610-2_22,Static Region Analysis for Mercury,,
static analysis student misconception detection programming,crossref,ok,8771979,10.1023/a:1011050827465,Automated Test Generation and Static Analysis,2001,
static analysis student misconception detection programming,crossref,ok,8771979,10.7551/mitpress/4316.003.0077,"Logic, Algebra and Static Analysis in DM Systems, the IE Way",1994,
static analysis student misconception detection programming,crossref,ok,8771979,10.1109/ines69513.2026.11661016,Identifying Student Programming Styles Using Static Code and Behavioral Repository Data,2026,
static analysis student misconception detection programming,crossref,ok,8771979,10.24114/jipk.v6i2.57955,Analysis of Student Misconception Using Three-Tier Multiple-Choice Diagnostic Test on Reaction Rate Material,2024,"Misconception or conceptual errors in learning are errors in understanding a meaning. This descriptive research aims to analyze the level of students' misconceptions on the reaction rate material and analyzing misconceptions on each concept in the reaction rate material. The reseach method used is descriptive research with a quantitative approach. The sample in this research are 30 students of Grade XI students of SMAN 2 Percut Sei Tuan. The instrument used in this research is three-tier multiple-choice diagnostic test, with total 20 questions.. The results showed that the average of students’ misconception of SMAN 2 Percut Sei Tuan who experience misconception is 61,6%. Students’ misconception occurs in each concepts of reaction rate material. Percentages of students' misconceptions on reaction rate and reaction rate expressions have percentage 54.25%, in concept reaction order have percentage 62.87%, in concept factors affecting reaction rate have percentage 60.58%, in concept collision theory have percentage 73.70%, and in concept reaction rate equation have percentage 52.58%."
static analysis student misconception detection programming,crossref,ok,8771979,10.1016/0167-6423(91)90021-o,Correctness of static flow analysis in continuation semantics,1991,
static analysis student misconception detection programming,crossref,ok,8771979,10.31274/rtd-180813-10524,Using a problem analysis model to enhance student learning in computer programming,,
static analysis student misconception detection programming,crossref,ok,8771979,10.1016/j.scico.2013.04.002,Access-based abstract memory localization in static analysis,2013,
static analysis student misconception detection programming,crossref,ok,8771979,10.1023/a:1024597010150,Hybrid Analysis: Static &amp; Dynamic Memory Reference Analysis,2003,
static analysis student misconception detection programming,crossref,ok,8771979,10.1007/3-540-36575-3_1,Computer Security from a Programming Language and Static Analysis Perspective,2003,
static analysis student misconception detection programming,crossref,ok,8771979,10.2139/ssrn.5481626,Confident Learning for Automated Detection of Student Programming Errors in Scientific Computing Tasks,2025,
static analysis student misconception detection programming,crossref,ok,8771979,10.1007/978-0-387-35706-5_12,Static Analysis by Incremental Computation in Go Programming,2004,
static analysis student misconception detection programming,crossref,ok,8771979,10.5220/0007306404730477,Analysis of Students’ Misconception: Understanding the Meaning of Denotation and Connotation,2017,
programming process data student model inference,crossref,ok,8129469,10.1017/9781108914062.025,Inference After Model Selection,2021,
programming process data student model inference,crossref,ok,8129469,10.52950/ss.2021.10.2.003,A Generic Process Model for Sociocultural Data Collection and Decision Making in Facility Programming,2021,"This is the third paper in a trilogy of papers that started with developing the philosophical and theoretical foundations for the study of sociospatial interactions. In the second paper, we created a guiding framework for facilities programming information collection and decision making. In this paper, we use that guiding framework and develop a process model for the programming process. Our methodology involves systems theory, activity theory, and task analysis. We present a generic model of the data collection process in facilities programming. This model delineates process steps, their sequence, and their content. The intent of this model is to provide structure and content suggestions for developing project-specific facilities programing research designs for information collection, processing, and programmatic decision-making. It is a plan for action, articulated and explicated so that professional programmers can use it as a template for organizing their work. This process model is tentative and general, intended as a guide for creating customized process designs for each programming project, considering the specifics of the building type and the programming situation."
programming process data student model inference,crossref,ok,8129469,10.1021/acs.iecr.0c00025.s001,Tighter Mixed-Integer Quadratic Programming Model for Process Data Rectification,,
programming process data student model inference,crossref,ok,8129469,10.1201/b11038-4,Inference and computation for Gaussian process regression (GPR) model,2011,
programming process data student model inference,crossref,ok,8129469,10.1101/2024.01.26.577510,Trajectory inference from single-cell genomics data with a process time model,2024,"Abstract
                Single-cell transcriptomics experiments provide gene expression snapshots of heterogeneous cell populations across cell states. These snapshots have been used to infer trajectories and dynamic information even without intensive, time-series data by ordering cells according to gene expression similarity. However, while single-cell snapshots sometimes offer valuable insights into dynamic processes, current methods for ordering cells are limited by descriptive notions of “pseudotime” that lack intrinsic physical meaning. Instead of pseudotime, we propose inference of “process time” via a principled modeling approach to formulating trajectories and inferring latent variables corresponding to timing of cells subject to a biophysical process. Our implementation of this approach, called Chronocell, provides a biophysical formulation of trajectories built on cell state transitions. The Chronocell model is identifiable, making parameter inference meaningful. Furthermore, Chronocell can interpolate between trajectory inference, when cell states lie on a continuum, and clustering, when cells cluster into discrete states. By using a variety of datasets ranging from cluster-like to continuous, we show that Chronocell enables us to assess the suitability of datasets and reveals distinct cellular distributions along process time that are consistent with biological process times. We also compare our parameter estimates of degradation rates to those derived from metabolic labeling datasets, thereby showcasing the biophysical utility of Chronocell. Nevertheless, based on performance characterization on simulations, we find that process time inference can be challenging, highlighting the importance of dataset quality and careful model assessment."
programming process data student model inference,crossref,ok,8129469,10.1017/9781108914062.005,Frequentist Inference,2021,
programming process data student model inference,crossref,ok,8129469,10.5220/0011077300003182,Analyzing Student Programming Paths using Clustering and Process Mining,2022,
programming process data student model inference,crossref,ok,8129469,10.1017/9781108914062.006,Bayesian Inference,2021,
programming process data student model inference,crossref,ok,8129469,10.2307/j.ctv1nxcw30.5,Components of a Dynamic Programming Model,2021,
programming process data student model inference,crossref,ok,8129469,10.1017/9781108914062.004,Algorithms and Inference,2021,
programming process data student model inference,crossref,ok,8129469,10.1017/9781108914062.003,Classic Statistical Inference,2021,
programming process data student model inference,crossref,ok,8129469,10.1017/cbo9780511584589.011,Model-Based Clustering for Expression Data via a Dirichlet Process Mixture Model,2006,
programming process data student model inference,crossref,ok,8129469,10.1017/9781108914062.017,Objective Bayes Inference and MCMC,2021,
programming process data student model inference,crossref,ok,8129469,10.1017/9781108914062.018,Postwar Statistical Inference and Methodology,2021,
programming process data student model inference,crossref,ok,8129469,10.1017/9781108914062.007,Fisherian Inference and Maximum Likelihood Estimation,2021,
programming process data student model inference,crossref,ok,8129469,10.1017/cbo9781139176071.002,For the student,2013,
programming process data student model inference,crossref,ok,8129469,10.32614/cran.package.bayespo,bayesPO: Bayesian Inference for Presence-Only Data,2021,
programming process data student model inference,crossref,ok,8129469,10.5120/12160-8163,An Educational Data Mining Model for Predicting Student Performance in Programming Course,2013,
programming process data student model inference,crossref,ok,8129469,10.1155/2021/5795884,Student Physical Health Information Management Model under Big Data Environment,2021,"Health is considered an important foundation for students’ success. However, with the accelerated pace of life, rising pressure from various parties, weak health awareness, lack of exercise time, and other reasons, students’ physical quality is generally declining, the incidence of health diseases is increasing, and the onset age tends to be younger. With the development of the concept of “health first,” health management continues to expand and extend and students’ health management has attracted more attention from many aspects. Due to the late and low starting point of health management research and the lack of professional theoretical support, a complete, mature, and effective health management service system has not been established to deal with the students’ health. In order to make student health management more scientific, normative, and effective, this article has proposed big data technology to build the student health information management model. The first step of the approach is to store and analyze the data of students’ physical health. It is necessary to combine the data collection, supervision, data analysis, and data application of students’ physical health and gradually improve the national monitoring and evaluation system of students’ physical health. Student health check-up management platform is mainly used in realizing the school student information management and student health information relationship between system, science, standardization, and automation, and its main task is to use a computer to perform daily management of all previous medical information of students, such as query, modify, add, delete, and enhance the physical health of students information management ability given the large data analysis of useful information. In addition, we have built a doctor recommendation model based on online questions and answers to give specific health recommendations for students of different physiques."
programming process data student model inference,crossref,ok,8129469,10.1017/9781108914062.002,Acknowledgements,2021,
programming process data student model inference,crossref,ok,8129469,10.15388/infedu.2016.06,Process Model Improvement for Source Code Plagiarism Detection in Student Programming Assignments,2016,
programming process data student model inference,crossref,ok,8129469,10.1017/9781108914062.027,Epilogue,2021,
programming process data student model inference,crossref,ok,8129469,10.1017/9781108914062.001,Preface,2021,
programming process data student model inference,crossref,ok,8129469,10.1137/1.9781611976700.41,Complexity-Adaptive Gaussian Process Model Inference for Large-Scale Data,2021,
programming process data student model inference,crossref,ok,8129469,10.1017/cbo9781316576533.021,Inference After Model Selection,,
programming process data student model inference,crossref,ok,8129469,10.47004/wp.cem.2022.2022,Graphical model inference with external network data,2022,
programming process data student model inference,crossref,ok,8129469,10.1109/bigdata.2018.8622381,Guiding the Data Learning Process with Physical Model in Air Pollution Inference,2018,
programming process data student model inference,crossref,ok,8129469,10.5705/ss.2012.351,Bayesian inference of hidden gamma wear process model for survival data with ties,2015,
programming process data student model inference,crossref,ok,8129469,10.1017/9781108914062.030,Index,2021,
programming process data student model inference,crossref,ok,8129469,10.1017/9781108914062.029,Index,2021,
programming process data student model inference,crossref,ok,8129469,10.1017/9781108914062.028,References,2021,
programming process data student model inference,crossref,ok,8129469,10.1016/j.jspi.2011.02.005,Parameter estimation in first-order autoregressive model for statistical process monitoring in the presence of data autocorrelation,2011,
programming process data student model inference,crossref,ok,8129469,10.1007/3-540-19426-6_12,Inductive inference of regular languages based on model inference,1988,
programming process data student model inference,crossref,ok,8129469,10.1201/b15783-23,A Classification Model for a Two-Class (New Product Purchase) Discrimination Process Using Multiple-Criteria Linear Programming,2007,
programming process data student model inference,crossref,ok,8129469,10.1017/9781108914062.010,Empirical Bayes,2021,
programming process data student model inference,crossref,ok,8129469,10.31274/rtd-180813-10524,Using a problem analysis model to enhance student learning in computer programming,,
programming process data student model inference,crossref,ok,8129469,10.1515/9781400833108-003,Chapter Two Components of a Dynamic Programming Model,2009,
programming process data student model inference,crossref,ok,8129469,10.1017/9781108914062,"Computer Age Statistical Inference, Student Edition",2021,"The twenty-first century has seen a breathtaking expansion of statistical methodology, both in scope and influence. 'Data science' and 'machine learning' have become familiar terms in the news, as statistical methods are brought to bear upon the enormous data sets of modern science and commerce. How did we get here? And where are we going? How does it all fit together? Now in paperback and fortified with exercises, this book delivers a concentrated course in modern statistical thinking. Beginning with classical inferential theories - Bayesian, frequentist, Fisherian - individual chapters take up a series of influential topics: survival analysis, logistic regression, empirical Bayes, the jackknife and bootstrap, random forests, neural networks, Markov Chain Monte Carlo, inference after model selection, and dozens more. The distinctly modern approach integrates methodology and algorithms with statistical inference. Each chapter ends with class-tested exercises, and the book concludes with speculation on the future direction of statistics and data science."
programming process data student model inference,crossref,ok,8129469,10.1017/9781108914062.015,Bootstrap Confidence Intervals,2021,
programming process data student model inference,crossref,ok,8129469,10.31274/etd-20200902-170,"Model estimation, identification and inference for next-generation functional data and spatial data",,
programming process data student model inference,crossref,ok,8129469,10.1109/tai.1999.809760,Managing inference process in student modelling for intelligent tutoring systems,,
programming process data student model inference,crossref,ok,8129469,10.1201/9781003401339-6,R programming,2024,
programming process data student model inference,crossref,ok,8129469,10.7717/peerj-cs.4044/fig-1,"Figure 1: (A) Workflows for data conversion and model optimization in training the YOLOv8 model using 1,196 dental radiographs. (B) Process deployment of the trained model from X-ray acquisition to student review of annotated results.",,
programming process data student model inference,crossref,ok,8129469,10.1017/9781108914062.022,Random Forests and Boosting,2021,
programming process data student model inference,crossref,ok,8129469,10.1017/9781108914062.009,Early Computer-Age Methods,2021,
programming process data student model inference,crossref,ok,8129469,10.1017/9781108914062.019,Twenty-First-Century Topics,2021,
programming process data student model inference,crossref,ok,8129469,10.1017/9781108914062.026,Empirical Bayes Estimation Strategies,2021,
programming process data student model inference,crossref,ok,8129469,10.1145/3468791.3468839,Local Gaussian Process Model Inference Classification for Time Series Data,2021,
programming process data student model inference,crossref,ok,8129469,10.1371/journal.pcbi.1012752,Trajectory inference from single-cell genomics data with a process time model,2025,"Single-cell transcriptomics experiments provide gene expression snapshots of heterogeneous cell populations across cell states. These snapshots have been used to infer trajectories and dynamic information even without intensive, time-series data by ordering cells according to gene expression similarity. However, while single-cell snapshots sometimes offer valuable insights into dynamic processes, current methods for ordering cells are limited by descriptive notions of “pseudotime” that lack intrinsic physical meaning. Instead of pseudotime, we propose inference of “process time” via a principled modeling approach to formulating trajectories and inferring latent variables corresponding to timing of cells subject to a biophysical process. Our implementation of this approach, called Chronocell, provides a biophysical formulation of trajectories built on cell state transitions. The Chronocell model is identifiable, making parameter inference meaningful. Furthermore, Chronocell can interpolate between trajectory inference, when cell states lie on a continuum, and clustering, when cells cluster into discrete states. By using a variety of datasets ranging from cluster-like to continuous, we show that Chronocell enables us to assess the suitability of datasets and reveals distinct cellular distributions along process time that are consistent with biological process times. We also compare our parameter estimates of degradation rates to those derived from metabolic labeling datasets, thereby showcasing the biophysical utility of Chronocell. Nevertheless, based on performance characterization on simulations, we find that process time inference can be challenging, highlighting the importance of dataset quality and careful model assessment."
programming process data student model inference,crossref,ok,8129469,10.7717/peerj-cs.686/fig-7,Figure 7: Object’s pseudo-position P and related terms in the inference process using camera model and ground plane model.,,
deep knowledge tracing skill mastery estimation,crossref,ok,2463784,10.1145/3774398.3811597,Augmenting Knowledge Tracing With Self-Regulated Learning Indicators for Reliable Skill-Mastery Estimation,2026,
deep knowledge tracing skill mastery estimation,crossref,ok,2463784,10.2139/ssrn.4585058,Collective Knowledge Tracing: Estimating Average Knowledge Mastery for Students,2023,
deep knowledge tracing skill mastery estimation,crossref,ok,2463784,10.21203/rs.3.rs-6856481/v1,QSDKT: Graph-Based Dynamic Knowledge Tracing through Question-Skill Similarity,2025,"Abstract
        Knowledge tracing aims to trace learners’ evolving knowledge states by predicting their future performance. In the teaching and learning processes, question difficulty is usually related to knowledge skills, and the effects of question difficulty and skill difficulty on students’ knowledge states are dynamic. In some recent studies, the effect of difficulty in questions has been considered, but dynamically assessing the difficulty relationship between questions and skills has not been explored and utilized effectively. In this paper, we propose a graph-based dynamic knowledge tracing model through question-skill similarity, named QSDKT. The model is used to address the challenge of effectively capturing learners’ dynamic knowledge states. First, we construct a relation graph and define difficulty levels based on the similarity between questions and skills. Second, we employ graph convolutional networks to capture the complex relationships between questions and skills. Finally, we design an adaptive sequential learning network to adjust question difficulty and track learners’ knowledge states dynamically. Experiments on three real-world datasets validate the effectiveness of QSDKT. The results show that QSDKT achieves higher accuracy in predicting the knowledge states of students, and the adaptive network’s dynamic adjustment of the difficulty of the questions further enhances the personalized learning of the model."
deep knowledge tracing skill mastery estimation,crossref,ok,2463784,10.25258/ijddt.16.70s.154,Advancing Computer-Based Learning Frameworks Using Artificial Neural Networks for Skill-Disentangled Deep Knowledge Tracing,2026,.
deep knowledge tracing skill mastery estimation,crossref,ok,2463784,10.21524/kriterium.40.l,"Craft Knowledge in the Service of Archaeology: Tracing Skill, Knowledge and Invisible Tools through the Artisanal Perspective",2022,
deep knowledge tracing skill mastery estimation,crossref,ok,2463784,10.1109/gcat52182.2021.9587697,SkillCrest: A Skill Assessment System Using Deep Knowledge Tracing and User Feedback Sentiment Analysis,2021,
deep knowledge tracing skill mastery estimation,crossref,ok,2463784,10.1038/s41598-025-10497-x,Deep knowledge tracing and cognitive load estimation for personalized learning path generation using neural network architecture,2025,"Abstract
                  This paper presents a novel approach for personalized learning path generation by integrating deep knowledge tracing and cognitive load estimation within a unified framework. We propose a dual-stream neural network architecture that simultaneously models students’ knowledge states and cognitive load levels to optimize learning trajectories. The knowledge state tracking module employs a bidirectional Transformer with graph attention mechanisms to capture complex relationships between knowledge components, while the cognitive load estimation module utilizes multimodal data analysis to dynamically assess mental effort during learning activities. A dual-objective optimization algorithm balances knowledge acquisition with cognitive load management to generate paths that maintain optimal challenge levels. Experimental evaluations across multiple educational domains demonstrate that our approach outperforms existing methods in prediction accuracy (87.5%), path quality (4.4/5), and learning efficiency (24.6% improvement). The implemented system supports real-time adaptation based on performance and cognitive state, resulting in reduced frustration, higher engagement, and improved knowledge retention. This research contributes to both theoretical understanding of learning processes and practical implementation of next-generation adaptive educational technologies."
deep knowledge tracing skill mastery estimation,crossref,ok,2463784,10.14711/thesis-991012636367803412,Improving deep knowledge tracing with prediction-consistent regularization,,
deep knowledge tracing skill mastery estimation,crossref,ok,2463784,10.5220/0015053800004021,Using Deep Knowledge Tracing to Discover Knowledge Concept Relations and an Explainable Curriculum Structure,2026,
deep knowledge tracing skill mastery estimation,crossref,ok,2463784,10.1109/sist61674.2026.11596401,Subgroup Calibration and Mastery Decision Errors in Knowledge Tracing,2026,
deep knowledge tracing skill mastery estimation,crossref,ok,2463784,10.1109/ictai56018.2022.00069,Skill-Oriented Hierarchical Structure for Deep Knowledge Tracing,2022,
deep knowledge tracing skill mastery estimation,crossref,ok,2463784,10.1093/oso/9780190052300.003.0003,"Virtue, Skill, and Mastery",2020,"AbstractThis chapter examines the early Confucian conception of virtuous mastery or expertise. It develops an account of early Confucian virtue theory, bolstered by sustained studies of ritual propriety and wisdom. It argues that virtues should be understood as forms of mastery that combine both skill and virtue. The chapter analyzes competing interpretations of Aristotle’s influential discussion of skill and virtue. It supports Russell and Annas, who accent the way Aristotelian virtues are like skills, or involve skill, against MacIntyre and others who find deep differences between skill and virtue. Virtue does not appear automatically, but is rather something people must practice to develop, and like other forms of mastery produces a spectrum of achievement."
deep knowledge tracing skill mastery estimation,crossref,ok,2463784,10.36227/techrxiv.171527529.91775089/v1,Enhanced Deep Knowledge Tracing via Synthetic Embeddings,2024,"Knowledge tracing, a mission to estimate a learner's knowledge level over time, can be simulated by a machine. Traditionally, it can be accomplished using the Bayesian Knowledge Tracing method, which mainly depends upon statistics. With the booming of Artificial Intelligence, more powerful machine learning-driven models have emerged. Plenty of them show satisfactory results. However, there exist three issues so far: 1) the data sparsity and quality in knowledge tracing domain remains a problem; 2) the hardness of a question is not designed properly; 3) the current models lack synthesized components of knowledge tracing. To address these issues, we proposed an enhanced method, Synthetic Separated Self-Attentive Neural Knowledge Tracing (SYNSAINT), which upgraded the data quality and mined inner relations among skills with clustering techniques and synthesized latent necessary embeddings. In this paper, we designed two novel embeddings: skillcluster and hardness in our estimation system. We harnessed the power of multistep clustering techniques to obtain the skillcluster embedding. Moreover, we utilized a sub-neural network method to assign a random weight for each item in the hardness measurement. We built deep sequential attentive structures and verified the method on two representative open-source knowledge tracing datasets. To the best of our knowledge, it was proven superior to other prevailing deep neural networks knowledge tracing methods. We also implemented abundant ablation studies to demonstrate the effects of the newly added embeddings."
deep knowledge tracing skill mastery estimation,crossref,ok,2463784,10.5220/0014823100004021,KTBench: A Unified Evaluation Framework for Deep Knowledge Tracing,2026,
deep knowledge tracing skill mastery estimation,crossref,ok,2463784,10.3837/tiis.2025.03.004,Triple Masked Attention Network with Skill Embedding for Knowledge Tracing,2025,
deep knowledge tracing skill mastery estimation,crossref,ok,2463784,10.5040/9798881811600.ch-002,Skill And Nourishing Life,2019,
deep knowledge tracing skill mastery estimation,crossref,ok,2463784,10.1016/j.jik.2026.101084,The illusion of AI mastery: “Skill Inflation” in the age of accessible AI tools,2026,
deep knowledge tracing skill mastery estimation,crossref,ok,2463784,10.3102/ip.26.2280442,From Diagnosis to Dialogue: A Knowledge-Augmented Framework for Generating Interpretable Feedback from Deep Knowledge Tracing,2026,
deep knowledge tracing skill mastery estimation,crossref,ok,2463784,10.1109/icdm.2018.00156,Deep Knowledge Tracing and Dynamic Student Classification for Knowledge Tracing,2018,
deep knowledge tracing skill mastery estimation,crossref,ok,2463784,10.33395/sinkron.v10i1.15605,Towards Adaptive Learning: A Bayesian Knowledge Tracing Approach to Student Skill Prediction Bayesian Knowledge Tracing for Modeling Daily Living Skills in Children with ASD,2026,"Autism Spectrum Disorder (ASD) presents challenges in mastering Activities of Daily Living (ADLs), which are essential for independence. This study applies Bayesian Knowledge Tracing (BKT) to model the mastery of five ADL skills—eating, dressing, toothbrushing, combing, and bathing—using data from 27 learners (1,350 responses). BKT parameters, including initial mastery, learning transition, guessing, and slipping, were used to estimate individual learning trajectories. Results showed that eating was the easiest skill (predicted mastery = 0.78), while bathing and combing were the most difficult (&lt;0.55). The model achieved an overall accuracy of 0.62, with strong detection of actual mastery (TP = 722) but a high false-positive rate (FP = 429), indicating sensitivity to the guessing parameter. Learning curves and heatmaps revealed substantial inter-student variability. A comparative evaluation with the Performance Factors Analysis (PFA) model showed that BKT achieved higher overall predictive accuracy (BKT = 0.6356; PFA = 0.5917), while PFA demonstrated a higher AUC (0.6747) but exhibited strong positive-class bias in classification. These findings demonstrate the usefulness of BKT in modeling ADL development and highlight its potential for adaptive learning systems that support personalized interventions for ASD learners."
deep knowledge tracing skill mastery estimation,crossref,ok,2463784,10.2139/ssrn.4806465,Deep Knowledge Tracing Guided by Cognitive Diagnosis Theory,2024,
deep knowledge tracing skill mastery estimation,crossref,ok,2463784,10.1007/s10489-022-03621-1,What is wrong with deep knowledge tracing? Attention-based knowledge tracing,2022,
deep knowledge tracing skill mastery estimation,crossref,ok,2463784,10.1527/tjsai.c-h83,Generating Pseudo-Skill Tags by Extension of Deep Knowledge Tracing,2018,
deep knowledge tracing skill mastery estimation,crossref,ok,2463784,10.1109/jcsse68839.2026.11596868,Modeling Student Mastery in Calculus Using Knowledge Tracing Techniques,2026,
deep knowledge tracing skill mastery estimation,crossref,ok,2463784,10.5040/9798881811600.ch-003,Skill And Emotions In The Zhuangzi,2019,
deep knowledge tracing skill mastery estimation,crossref,ok,2463784,10.1109/access.2026.3726069,MH-SolKT: Hybrid State-Space and Recurrent Knowledge Tracing for Note-Level Sight-Singing Mastery Prediction,2026,
deep knowledge tracing skill mastery estimation,crossref,ok,2463784,10.5040/9798881811600.ch-004,Zhuangzi’S Politics From The Perspective Of Skill,2019,
deep knowledge tracing skill mastery estimation,crossref,ok,2463784,10.5040/9798881811600.ch-006,Skill And Embodied Engagement,2019,
deep knowledge tracing skill mastery estimation,crossref,ok,2463784,10.5040/9798881811600,Skill and Mastery,2019,"Skill and Mastery: Philosophical Stories from the Zhuangzi presents an illuminating analysis of skill stories from the Zhuangzi, a 4th century BCE Daoist text. In this intriguing text that subverts conventional norms and pursuits, ordinary activities such as swimming, cicada-catching and wheelmaking are executed with such remarkable efficacy and spontaneity that they seem like magical feats. An international team of scholars explores these stories in their philosophical, historical and political contexts. Their analyses’ highlight the stories’underlying conceptions of agency, character and cultivation; and relevance to contemporary debates on human action and experience. The result is a valuable collection, opening up new lines of inquiry in comparative East-West philosophical debates on skill, cultivation and mastery, as well as cross-disciplinary debates in psychology, cognitive science and philosophy."
deep knowledge tracing skill mastery estimation,crossref,ok,2463784,10.1145/3583780.3614827,Counterfactual Monotonic Knowledge Tracing for Assessing Students' Dynamic Mastery of Knowledge Concepts,2023,
deep knowledge tracing skill mastery estimation,crossref,ok,2463784,10.2139/ssrn.4308317,FKA-DKT: A Deep Knowledge Tracing Model Based on the Fusion of Knowledge and Ability,2022,"Knowledge tracing (KT) is a significant research problem in intelligent education, predicting students&amp;apos; correctness of answers based on their history of interactions. The existing mainstream KT models only model students based on their knowledge mastery, ignoring the role of students&amp;apos; abilities in answering questions. Therefore, we propose a deep knowledge tracing model (FKA-DKT) that fuses knowledge and ability. First, the question-embeddable deep knowledge tracing (QEDKT) module embeds interactions to predict the correctness of students&amp;apos; answers from the knowledge aspect. Then, the ability-based answer prediction (AAPN) network models students&amp;apos; abilities and predicts students&amp;apos; correctness from the ability aspect. Finally, the predictions of QEDKT and AAPN are linearly combined so that the model can predict students&amp;apos; answers by fusing information from both knowledge and ability aspects. FKA-DKT achieves 1.2%, 0.8%, 1.0%, and 1.3% performance improvement than the second-best baseline on four publicly available datasets."
deep knowledge tracing skill mastery estimation,crossref,ok,2463784,10.5040/9798881811600.ch-012,The Unresponsive Fighting Cocks,2019,
deep knowledge tracing skill mastery estimation,crossref,ok,2463784,10.1609/aaai.v40i23.39004,KeenKT: Knowledge Mastery-State Disambiguation for Knowledge Tracing,2026,"Knowledge Tracing (KT) aims to dynamically model a student’s mastery of knowledge concepts based on their historical learning interactions. Most current methods rely on single-point estimates, which cannot distinguish true ability from outburst or carelessness, creating ambiguity in judging mastery. To address this issue, we propose a Knowledge Mastery-State Disambiguation for Knowledge Tracing model (KeenKT), which represents a student’s knowledge state at each interaction using a Normal-Inverse-Gaussian (NIG) distribution, thereby capturing the fluctuations in student learning behaviors. Furthermore, we design an NIG-distance-based attention mechanism to model the dynamic evolution of the knowledge state. In addition, we introduce a diffusion-based denoising reconstruction loss and a distributional contrastive learning loss to enhance the model’s robustness. Extensive experiments on six public datasets demonstrate that KeenKT outperforms state-of-the-art KT models in terms of prediction accuracy and sensitivity to behavioral fluctuations. The proposed method yields the maximum AUC improvement of 5.85% and the maximum ACC improvement of 6.89%."
deep knowledge tracing skill mastery estimation,crossref,ok,2463784,10.11648/j.sd.20241205.13,The Degree of First-aid Knowledge and First-aid Skill Mastery of Ningbo Residents Case Study,2024,"With the continuous progress of society, the people&amp;apos;s demand for a better life is getting higher and higher, strengthen the residents&amp;apos; awareness of the importance of first-aid knowledge, and promote high-quality emergency rescue work is the general trend of social development, and is the practical need to protect the safety of people&amp;apos;s lives. To explore the status quo of first-aid knowledge understanding and first-aid skills mastery of Ningbo residents, strengthen the publicity and education of first-aid knowledge, find potential problems and risks, and optimize the construction of Ningbo&amp;apos;s first-aid system from the root. A multi-stage sampling method was used to select 7 cities and counties under the jurisdiction of Ningbo City, and a questionnaire survey was conducted among 1030 residents of Ningbo City. The results show that 25% of the respondents know first aid knowledge,68% of the respondents learn first aid knowledge through TV and Internet, 12% of the respondents can calmly cope with emergency situations, 59% of the respondents choose to dial 110 or 120 for rescue. Sixty-seven percent of respondents consider learning first aid to be an essential skill. The study found that the residents of Ningbo City had a low understanding of first-aid knowledge, poor mastery of first-aid skills, insufficient first-aid education and publicity, and need to improve their first-aid awareness and level."
deep knowledge tracing skill mastery estimation,crossref,ok,2463784,10.5220/0007069407450748,The Influence of Instructional Model and Gender on Traditional Game Skill Mastery,2017,
deep knowledge tracing skill mastery estimation,crossref,ok,2463784,10.5040/9798881811600.ch-015,The Naked Scribe,2019,
deep knowledge tracing skill mastery estimation,crossref,ok,2463784,10.5040/9798881811600.0008,About The Contributors,2019,
deep knowledge tracing skill mastery estimation,crossref,ok,2463784,10.1145/3448139.3448170,Variational Deep Knowledge Tracing for Language Learning,2021,
deep knowledge tracing skill mastery estimation,crossref,ok,2463784,10.1145/2930238.2930373,Deeper Knowledge Tracing by Modeling Skill Application Context for Better Personalized Learning,2016,
deep knowledge tracing skill mastery estimation,crossref,ok,2463784,10.21203/rs.3.rs-7608540/v1,Interpretable Deep Knowledge Tracing and Visualization of Learner Progress with Attention-Based Models,2026,"Abstract
                
                  Modern intelligent tutoring systems increasingly depend on data-driven student models to monitor individual learning progress. While
                  Deep Knowledge Tracing (DKT)
                  models, based on recurrent or attention-based neural networks, have demonstrated superior predictive performance over traditional approaches, their latent representations often lack interpretability, limiting their utility for educators. This study proposes iSAKT + Behave (interpretable Self-Attentive Knowledge Tracing with Behavioural Features), an interpretable, attention-based knowledge tracing framework that extends both DKT and Self-Attentive Knowledge Tracing (SAKT) by integrating rich behavioral features (e.g., hint usage, attempt counts) and leveraging attention weights for visualization. Using the ASSISTments Skill Builder dataset and validating across public benchmarks (ASSISTments data), our enhanced models consistently outperformed baselines (DKT and SAKT). Specifically, Enhanced DKT achieved an AUC of 0.8681 (vs. 0.5297 baseline), and Enhanced SAKT reached 0.8998 (vs. 0.5086). Attention heatmaps highlight which past interactions most influence current predictions, offering intuitive, skill-level insights into student learning. The inclusion of behavioral indicators, such as bottom-out hints and repeated attempts, which are associated with disengagement, significantly improved performance and interpretability. These findings align with recent efforts to integrate cognitive models with DKT architectures, supporting the case for explainable artificial intelligence (AI) in education. This work contributes a novel fusion of deep learning, educational feature engineering, and visualization techniques to advance interpretable student modeling."
deep knowledge tracing skill mastery estimation,crossref,ok,2463784,10.1109/ictbai68361.2025.00032,Transformer-based Deep Knowledge Tracing Integrating Knowledge-weighted Q-matrix,2025,
deep knowledge tracing skill mastery estimation,crossref,ok,2463784,10.1080/08924562.2017.1320248,Shooter's Touch: Skill Mastery in Basketball through Skill-Appropriate Progressions,2017,
deep knowledge tracing skill mastery estimation,crossref,ok,2463784,10.3102/2280442,From Diagnosis to Dialogue: A Knowledge-Augmented Framework for Generating Interpretable Feedback from Deep Knowledge Tracing,2026,
deep knowledge tracing skill mastery estimation,crossref,ok,2463784,10.1016/j.knosys.2026.115947,BeShift: Behavior-informed data augmentation for robust and fair deep knowledge tracing under distributional shifts,2026,
deep knowledge tracing skill mastery estimation,crossref,ok,2463784,10.1123/jtpe.19.1.34,"Effects of Two Instructional Models—Skill Teaching and Mastery Learning—On Skill Development, Knowledge, Self-Efficacy, and Game Play in Volleyball",1999,"This study examined volleyball achievement and task-specific self-efficacy for 182 students in 6 beginning college volleyball classes taught using either the Mastery Learning or Skill Teaching models. Three instructors each taught one Mastery Learning and one Skill Teaching class. Assessments included the AAHPERD pass, set. and serve tests, the Stanley spike test, successful and unsuccessful game trials. Bandura-type self-efficacy scales, and a knowledge test. A random coefficients growth curve model analyzed the intercepts and slopes of the learning curves and revealed significant pre- to posttest improvement on skills tests, self-efficacy, and the percentage of correct passes and serves in game play for all students. No significant difference existed between the two models on average number of trials per day; rate of improvement for the pass, serve, or spike skills tests; self-efficacy; percentage of correct passes, sets, or serves in game play; contacts per serve in game play; or knowledge scores. The Mastery students’ rate of learning was significantly better on the set skills test (1.3 points higher) and the percentage of successful spikes in game play, in which they started significantly lower. The low-skilled students improved at a faster rate on the serve and on self-efficacy for the pass, set, and serve. Males had higher self-efficacy than females, while females increased more rapidly in self-efficacy for the pass, set, and serve. All results were analyzed at the .05 level of significance. Students learned to play volleyball and improved significantly in skill performances with either model."
deep knowledge tracing skill mastery estimation,crossref,ok,2463784,10.1016/j.knosys.2024.112431,Personalized process–type learning path recommendation based on process mining and deep knowledge tracing,2024,
deep knowledge tracing skill mastery estimation,crossref,ok,2463784,10.1007/978-3-030-90328-2_4,Uncertainty of Skill Estimates in Operational Deep Knowledge Tracing,2021,
deep knowledge tracing skill mastery estimation,crossref,ok,2463784,10.1109/icnc-fskd59587.2023.10280902,Deep learning knowledge tracing based on behavioral features,2023,
deep knowledge tracing skill mastery estimation,crossref,ok,2463784,10.5120/ijcaa4901066e72b,"Lumina: An Intelligent Multi-Agent Adaptive Learning Management System with Bayesian Knowledge Tracing, Deep Knowledge Tracing, and Reinforcement Learning for Personalized Education",2026,
deep knowledge tracing skill mastery estimation,crossref,ok,2463784,10.1145/3821966.3822013,Uncertainty-Aware Knowledge Tracing for Reliable Mastery Prediction in AI-Based Music Learning Assessment via HUMKT,2026,
cognitive diagnostic model Q-matrix skill,crossref,ok,4616350,10.4324/9780203052969-9,"A Measurement Model for a Complex Cognitive Skill: Karen L. Draney, Peter Pirolli, and Mark Wilson",2012,
cognitive diagnostic model Q-matrix skill,crossref,ok,4616350,10.4324/9780203056899-14,Rules and Principles in Cognitive Diagnosis,2013,
cognitive diagnostic model Q-matrix skill,crossref,ok,4616350,10.4324/9780203056899-18,Monitoring Cognitive Processing in Semantically Complex Domains,2013,
cognitive diagnostic model Q-matrix skill,crossref,ok,4616350,10.1007/978-3-030-05584-4_9,Diagnostic Modeling of Skill Hierarchies and Cognitive Processes with MLTM-D,2019,
cognitive diagnostic model Q-matrix skill,crossref,ok,4616350,10.4324/9780203056899-17,Applying Cognitive Task Analysis and Research Methods to Assessment,2013,
cognitive diagnostic model Q-matrix skill,crossref,ok,4616350,10.21203/rs.3.rs-10412698/v1,Applying a Cognitive Diagnostic Model to Assess Clinical Reasoning: Q- Matrix Development and Known-Groups Validity Evidence from a Nationwide Medical Examination,2026,"Abstract
                Cognitive diagnostic models (CDMs) can provide multidimensional feedback on examinees’ mastery of specific cognitive attributes, but their application requires a valid Q-matrix specifying which attributes each item measures. Few studies in medical education have systematically developed and validated a Q-matrix for clinical reasoning. We developed a Q-matrix mapping cognitive attributes of clinical reasoning to 144 internal medicine multiple-choice items from a nationwide Clinical Comprehensive Examination (CCE) administered to 5,586 third- and fourth-year Korean medical students. Nine attributes derived from a literature review were mapped to items, evaluated using pairwise Jaccard coefficients and multiple regression, and refined by a four-member expert panel into seven attributes. We then fit the deterministic inputs, noisy ‘and’ gate (DINA) model, which showed good absolute fit (mean item-level RMSEA = 0.044), to estimate examinee-level attribute mastery and compared mastery between third- and fourth-year students as a known-groups validity check. The refined Q-matrix showed acceptable inter-attribute distinctiveness (Jaccard coefficients ≤ 0.32) and non-significant item-level regression coefficients, treated as supplementary rather than confirmatory evidence. In contrast, DINA-based mastery differed significantly between grades for all seven attributes, with uniformly large effect sizes (fourth-year: 0.83–0.91; third-year: 0.50–0.65; Cohen’s d = − 1.05 to − 1.19, all p&lt;.001), consistent with the theoretically expected developmental gap as students progress through clinical clerkships toward graduation. These known-groups differences provide stronger evidence of validity than the item-level statistics alone. Findings support a parsimonious, seven-attribute framework for clinical reasoning that can inform prospective item-writing blueprints and future learner-level diagnostic feedback in medical education."
cognitive diagnostic model Q-matrix skill,crossref,ok,4616350,10.4324/9780203056899-13,Parsimonious Covering Theory In Cognitive Diagnosis and Adaptive Instruction,2013,
cognitive diagnostic model Q-matrix skill,crossref,ok,4616350,10.17679/inuefd.1594482,Examining mathematics questions with a cognitive diagnostic model: Q-Matrix study,2025,"The College Entrance Examination (CEE) is a curriculum-orientated performance examination administered to fifth-grade primary school students who wish to study at Maarif Colleges in Northern Cyprus, where the medium of instruction is English. This study was conducted to determine the psychometric characteristics of the CEE mathematics test administered to 1,833 fifth-grade primary school students in 2021. To achieve the purpose of the study, a cognitive diagnostic model, namely DINA, was used. The theoretical infrastructure of the DINA model is easy and strong compared to other models. The Q-matrix was constructed for 23 mathematics questions and 15 attributes were determined based on expert opinions. The results of the study showed that the mean values of the parameters g and s were 0.25 and 0.13, respectively. The mean of the δ values of the fifth-grade students was high (0.73). Skill patterns showed that 13% of fifth-grade students possessed all the attributes included in CEE. The construction of the Q-matrix is a very important stage in the use of CDMs. The cognitive attributes and the Q-matrix were determined by expert opinion in this study. The (1-s) values indicated the validity of the Q-matrix. For all of the items, 1-s values appeared to be quite high. This showed that the attainments and item-attainment relationship were done as accurately as possible. These results can be interpreted as the validity of the Q- matrix. The results of the study showed that the DINA model provides a detailed conclusion about students’ attributes."
cognitive diagnostic model Q-matrix skill,crossref,ok,4616350,10.64028/imps2025.iecufdl16u,Detection of Cognitive Diagnostic Model Misspecification using New Lancaster-Chesher Information Matrix Tests,2026,"Model specification tests play a crucial role in evaluating the appropriateness of probability models for estimation and inference. Existing methods for the detection of model misspecification such as the chisquare goodness-of-fit (GOF) tests and more recently the M2 statistic (Maydeu-Olivares &amp; Joe, 2014; Maydeu-Olivares &amp; Joe, 2005) tend to result in test statistics with excessive degrees of freedom for models with larger numbers of parameters. An alternative approach is based upon the Information Matrix (IM) equality. The IM equality asserts that if a probability model is correctly specified, the asymptotic covariance matrix of the maximum likelihood estimators can be asymptotically estimated using a methodology based upon either the first or second derivatives of the log-likelihood function. Using a contrapositive argument, White (1982) proposed a misspecification test methodology based upon comparing these two alternative covariance matrix estimators. Extending this work, Presnell and Boos (2004) showed how to develop a misspecification test which only requires one degree of freedom regardless of the complexity of the model or data. In this paper, we extend prior work and additionally apply methods of Golden et al. (2013, 2016) to derive and evaluate misspecification tests for Cognitive Diagnostic Models (CDMs) which only require 1 or 2 degrees of freedom regardless of model or data complexity. Analytic formulas for the tests are derived so they can be applied without requiring computationally intensive bootstrap simulation methods. Our simulation studies show the asymptotic statistical tests have good level (type 1 error) and power performance for CDM models and data which might be encountered in practice."
cognitive diagnostic model Q-matrix skill,crossref,ok,4616350,10.4324/9780203056899-22,Toward an Integration of IteD1-Response Theory and Cognitive Error Diagnosis,2013,
cognitive diagnostic model Q-matrix skill,crossref,ok,4616350,10.47197/retos.v82.119049,"Article RETRACTED due to malpractice An Integrated Physical, Cognitive, and Skill-Based Talent Identification Model for Specially-Abled Cricket Players",2026,"The identification of talent is an important aspect in building competitive sports and there are few organized systems of identification of talent in specially-abled cricket players. The increasing popularity of adaptive sports can also drive the necessity to develop comprehensive and evidence-based talent identification guidelines. This research was aimed at devising and testing an integrated model which integrates physical, cognitive as well as skill-based indicators to determine the potential talent in the form of specially-abled players in cricket. The study took the form of quantitative cross-sectional design where 100 specially-abled cricket athletes aged 16-35 years were undergoing adaptive cricket programs. The data were obtained by using standardized tests that were designed to test physical performance (speed, agility, endurance, and strength), cognitive (reaction time, decision-making, and game awareness), and cricket-related technical skills (batting accuracy, bowling consistency, and fielding efficiency). Descriptive statistics, correlation analysis, and multiple regression were used to obtain statistical analysis to ascertain the relative contribution of each variable to the overall score of talent identification. The findings explained that performance on skills was the most proficient predictor of talent identification, then cognitive capabilities and signs of physical fitness. Players with balanced performance with respect to all the three areas were ranked higher. The results indicate that a combined multidimensional assessment model is achievable to enhance the quality of talent identification and the impartiality of the practice in adaptive cricket. This method can help coaches, sports academies and governing institutions to formulate systematic and encompassing strategies on scouting and nurturing of specially-enabled cricket talents."
cognitive diagnostic model Q-matrix skill,crossref,ok,4616350,10.1037/e508792019-001,Longitudinal Cognitive Diagnostic Models for Evaluating Change and Skill Growth,2019,
cognitive diagnostic model Q-matrix skill,crossref,ok,4616350,10.1016/j.eswa.2023.122048,Long short-term attentional neuro-cognitive diagnostic model for skill growth assessment in intelligent tutoring systems,2024,
cognitive diagnostic model Q-matrix skill,crossref,ok,4616350,10.4324/9780203056899-7,The Role of Cognitive Simulation Models in the Development of Advanced Training and Testing Systems,2013,
cognitive diagnostic model Q-matrix skill,crossref,ok,4616350,10.4324/9780203056899-15,Trace Analysis and Spatial Reasoning: An Example of Intensive Cognitive Diagnosis and Its Implications for Testing,2013,
cognitive diagnostic model Q-matrix skill,crossref,ok,4616350,10.1186/s40468-026-00454-4,Domain-specific cognitive skill profiles in high-stakes tertiary assessment: a diagnostic model grounded in bloom’s taxonomy,2026,
cognitive diagnostic model Q-matrix skill,crossref,ok,4616350,10.1007/springerreference_302238,Cognitive Skill Acquisition,,
cognitive diagnostic model Q-matrix skill,crossref,ok,4616350,10.5539/elt.v10n12p107,Cognitive Diagnostic Research on Chinese Students’ English Listening Skills and Implications on Skill Training,2017,"By analyzing the test data of 2718 secondary school students in Guangzhou China on 15 listening items from Guangzhou English Achievement Examination (2015) through G-DINA model, the study explored the relationships among the listening comprehension skills. Based on the test specifications and listening skill taxonomies in existence, 5 experts in language skills and language testing conducted item content analysis independently for the 15 listening items, defined 5 listening attributes, and constructed the Q-matrix. After analyzing latent classes and their posterior probabilities, the study discovered the relationship among the listening skills. According to the listening skill relationship, the study provides insights on the sequence of listening skill training. The efficiency of training may be improved when closely related listening skills are instructed and practiced at the same time. The study also demonstrates that the compensatory and saturated G-DINA model caters to the characteristics of listening comprehension skills and can be applied to tests involving highly interactive and hierarchical skills."
cognitive diagnostic model Q-matrix skill,crossref,ok,4616350,10.21203/rs.3.rs-6235063/v1,Evaluating ChatGPT-4o’s Performance in Construction of Q-Matrix for a Cognitive Diagnostic Assessment,2025,"Abstract
        This study evaluates the performance of ChatGPT-4o in constructing Q-matrices for cognitive diagnostic assessments by comparing its outputs with those constructed by researchers and human experts. The research examines the overlap rates among these Q-matrices and assesses their validity using empirical methods. Two distinct mathematics datasets were used, and the Q-matrices were validated through statistical techniques to determine their model-data fit. The results indicate that ChatGPT-4o can generate Q-matrices with a high degree of overlap rate to those specified by human experts, demonstrating its potential as a tool for cognitive diagnostic assessments. The study highlights that AI-generated Q-matrices can be a valuable supplement to traditional methods, but expert validation remains essential to ensure theoretical accuracy and practical applicability. The findings suggest that a hybrid approach—integrating AI-based Q-matrix construction with expert refinement—can enhance the accuracy and efficiency of cognitive diagnostic assessments."
cognitive diagnostic model Q-matrix skill,crossref,ok,4616350,10.3724/sp.j.1041.2023.00142,An empirical Q-matrix validation method using complete information matrix in cognitive diagnostic models,2023,
cognitive diagnostic model Q-matrix skill,crossref,ok,4616350,10.3390/a18110675,Variational Bayesian Inference for a Q-Matrix-Free Hidden Markov Log-Linear Additive Cognitive Diagnostic Model,2025,"Cognitive diagnostic models (CDMs) are commonly used in educational assessment to uncover the specific cognitive skills that contribute to student performance, allowing for precise identification of individual strengths and weaknesses and the design of targeted interventions. Traditional CDMs, however, depend heavily on a predefined Q-matrix that specifies the relationship between test items and underlying attributes. In this study, we introduce a hidden Markov log-linear additive cognitive diagnostic model (HM-LACDM) that does not require a Q-matrix, making it suitable for analyzing longitudinal assessment data without prior structural assumptions. To support scalable applications, we develop a variational Bayesian inference (VI) algorithm that enables efficient estimation in large datasets. Additionally, we propose a method to reconstruct the Q-matrix from estimated item-effect parameters. The effectiveness of the proposed approach is demonstrated through simulation studies."
cognitive diagnostic model Q-matrix skill,crossref,ok,4616350,10.1016/j.cogpsych.2022.101491,An instance-based model account of the benefits of varied practice in visuomotor skill,2022,
cognitive diagnostic model Q-matrix skill,crossref,ok,4616350,10.1016/s0364-0213(01)00035-0,From implicit skills to explicit knowledge: a bottom-up model of skill learning,2001,
cognitive diagnostic model Q-matrix skill,crossref,ok,4616350,10.26589/jockle..63.201709.201,Q matrix validation of reading assessment items Using Cognitive Diagnostic Model -focus on College Scholastic Ability Test of the Korean language field-,2017,
cognitive diagnostic model Q-matrix skill,crossref,ok,4616350,10.4135/9781452276151.n73,Cognitive Skill/Intellectual Skill,2013,
cognitive diagnostic model Q-matrix skill,crossref,ok,4616350,10.1007/s10639-024-13039-6,Profiling the skill mastery of introductory programming students: A cognitive diagnostic modeling approach,2024,
cognitive diagnostic model Q-matrix skill,crossref,ok,4616350,10.1016/s1389-0417(01)00049-3,A model of individual differences in skill acquisition in the Kanfer–Ackerman air traffic control task,2002,
cognitive diagnostic model Q-matrix skill,crossref,ok,4616350,10.4324/9781410603456-10,Arithmetic: A Cognitive Skill,2013,
cognitive diagnostic model Q-matrix skill,crossref,ok,4616350,10.3389/fpsyg.2021.786612,Validating a Reading Assessment Within the Cognitive Diagnostic Assessment Framework: Q-Matrix Construction and Model Comparisons for Different Primary Grades,2021,"Cognitive diagnostic assessment (CDA) has been developed rapidly to provide fine-grained diagnostic feedback on students’ subskills and to provide insights on remedial instructions in specific domains. To date, most cognitive diagnostic studies on reading tests have focused on retrofitting a single booklet from a large-scale assessment (e.g., PISA and PIRLS). Critical issues in CDA involve the scarcity of research to develop diagnostic tests and the lack of reliability and validity evidence. This study explored the development and validation of the Diagnostic Chinese Reading Comprehension Assessment (DCRCA) for primary students under the CDA framework. Reading attributes were synthesized based on a literature review, the national curriculum criteria, the results of expert panel judgments, and student think-aloud protocols. Then, the tentative attributes were used to construct three booklets of reading comprehension items for 2–6 graders at three key stages. The assessment was administered to a large population of students (N = 21,466) in grades 2–6 from 20 schools in a district of Changchun City, China. Q-matrices were compared and refined using the model-data fit and an empirical validation procedure, and five representative cognitive diagnostic models (CDMs) were compared for optimal performance. The fit indices suggested that a six-attribute structure and the G-DINA model were best fitted for the reading comprehension assessment. In addition, diagnostic reliability, construct, internal and external validity results were provided, supporting CDM classifications as reliable, accurate, and useful. Such diagnostic information could be utilized by students, teachers, and administrators of reading programs and instructions."
cognitive diagnostic model Q-matrix skill,crossref,ok,4616350,10.1207/s15516709cog2502_2,From implicit skills to explicit knowledge: a bottom‐up model of skill learning,2001,"AbstractThis paper presents a skill learning model CLARION. Different from existing models of mostly high‐level skill learning that use a top‐down approach (that is, turning declarative knowledge into procedural knowledge through practice), we adopt a bottom‐up approach toward low‐level skill learning, where procedural knowledge develops first and declarative knowledge develops later. Our model is formed by integrating connectionist, reinforcement, and symbolic learning methods to perform on‐line reactive learning. It adopts a two‐level dual‐representation framework (Sun, 1995), with a combination of localist and distributed representation. We compare the model with human data in a minefield navigation task, demonstrating some match between the model and human data in several respects."
cognitive diagnostic model Q-matrix skill,crossref,ok,4616350,10.4324/9781138609877-ree198-1,Cognitive Diagnostic Testing,2022,
cognitive diagnostic model Q-matrix skill,crossref,ok,4616350,10.31158/jeev.2019.32.1.53,The Effects of Misspecification and Hierarchical Structure of Attributes in Q-Matrix on the Quality Level in Estimating Cognitive Diagnostic Model,2019,
cognitive diagnostic model Q-matrix skill,crossref,ok,4616350,10.21449/ijate.482005,Improved Performance of Model Fit Indices with Small Sample Sizes in Cognitive Diagnostic Models,2019,"Selecting an appropriate cognitive diagnostic model (CDM) for data analysis is always challenging. Studies have explored several model fit indices for CDMs. The common results of these studies indicate that Q-matrix misspecifications lead to poor performance of the model fit indices in the context of CDMs. Thus, this study explored whether model fit indices improve performance with a modified Q-matrix. The average class size has reduced to 23 students in Taiwan because of the low birth rate; therefore, the study sought the effect of sample size on the performance of model fit indices. The results showed that Akaike’s information criterion (AIC) was an excellent model fit index in small samples. Model fit indices with the modified Q-matrix presented superior performance."
cognitive diagnostic model Q-matrix skill,crossref,ok,4616350,10.4324/9781410605795-19,A Skill-Based Cognitive Task Analysis Framework,2000,
cognitive diagnostic model Q-matrix skill,crossref,ok,4616350,10.3389/fpsyg.2020.02205,Measuring Skill Growth and Evaluating Change: Unconditional and Conditional Approaches to Latent Growth Cognitive Diagnostic Models,2020,
cognitive diagnostic model Q-matrix skill,crossref,ok,4616350,10.4324/9780203056899-21,Generating Good IteD1S for Diagnostic Tests,2013,
cognitive diagnostic model Q-matrix skill,crossref,ok,4616350,10.2991/aisteel-19.2019.31,The Effect of Inquiry Learning Model and Group Investigation Learning Model on Students’ Cognitive Skill and Critical Thinking Skill in the Ecosystem Topic at SMA Bhayangkari 1 Medan,2019,
cognitive diagnostic model Q-matrix skill,crossref,ok,4616350,10.4324/9780203504604-14,"Skill, attention and cognitive failure",2004,
cognitive diagnostic model Q-matrix skill,crossref,ok,4616350,10.2139/ssrn.7373299,The Proficiency-Currency Matrix: A Two-Axis Framework for Distinguishing Skill Decay from Skill Obsolescence in Competency Assessment,2026,"Competency and skill-acquisition frameworks such as the Dreyfus five-stage model treat proficiency as a single scalar that a person accumulates and, absent practice, may lose. This treatment conflates two mechanistically distinct phenomena documented separately in the labor-economics and vocationaleducation literatures: skill decay, the erosion of a person's grip on a stable target through disuse, and skill obsolescence, the decline in a skill's value or applicability because the target itself has moved while the person's proficiency against it has not changed. A person can sit at the highest proficiency level on a decay-only model while being substantially misaligned with current practice, because decayonly instruments have no mechanism for detecting drift in the task definition. This paper proposes the Proficiency-Currency Matrix, a two-axis instrument that scores a competency independently on (1) a Dreyfus-style proficiency stage against a named task definition, and (2) a currency score reflecting how recently and how substantially that task definition itself has been revalidated against present practice. We define both axes operationally, derive four resulting quadrant states with distinct organizational implications, and work through an illustrative, sector-agnostic application. We close with limitations and directions for empirical validation."
cognitive diagnostic model Q-matrix skill,crossref,ok,4616350,10.4324/9781315782416-278,A Cognitive Model of the Use of Familiarity in the Acquisition of Interactive Search Skill,2022,
cognitive diagnostic model Q-matrix skill,crossref,ok,4616350,10.1787/888933973190,Figure 2.7. General cognitive skill intensities and digital exposure,,
cognitive diagnostic model Q-matrix skill,crossref,ok,4616350,10.3102/1438323,Model General and Specific Factors of Reading Motivation: Compare Bifactor and Cognitive Diagnostic Model,2019,
cognitive diagnostic model Q-matrix skill,crossref,ok,4616350,10.4324/9780203056899-16,Assessment Procedures for Predicting and Optimizing Skill Acquisition After Extensive Practice,2013,
cognitive diagnostic model Q-matrix skill,crossref,ok,4616350,10.1016/b978-1-4832-1446-7.50032-7,Acquisition of Cognitive Skill,1988,
cognitive diagnostic model Q-matrix skill,crossref,ok,4616350,10.2139/ssrn.3695414,Skill Formation and the Trouble with Child Non-Cognitive Skill Measures,2020,"Research on child skill formation and related policies typically rely on parent- reported measures of child non-cognitive skills. In this paper, we show that parental assessments of child non-cognitive skills are directly affected by the skills of the parents. We develop a dynamic model of child and parental skill formation that accounts for this contamination and show how standard estimates of the production of skills are affected. We then use our model to illustrate how contamination in parental measures of child non-cognitive skills affects estimates of child development policies that also directly affect parental skills."
cognitive diagnostic model Q-matrix skill,crossref,ok,4616350,10.4324/9781315782416-187,A Bottom-Up Model of Skill Learning,2022,
cognitive diagnostic model Q-matrix skill,crossref,ok,4616350,10.3390/jintelligence13020022,Using Cognitive Diagnostic Models to Evaluate the Two-Process Theory of Matrix Reasoning,2025,"Figural matrices are widely used to measure reasoning ability. According to the two-process model of figural matrix reasoning, task performance relies on correspondence finding (linked to induction ability) and goal management (linked to working memory). Cognitive theory suggests that item characteristics (i.e., change rules and design principles of figural elements) are related to the two solution processes and impact item difficulties in a multiplicative, interactive manner. This study tested the multiplicative effect hypothesis by comparing two cognitive diagnostic models using additive and multiplicative effect estimations. A 26-item figural matrix test was administered to 633 high-ability individuals across paper-and-pencil and computer formats. The linear logistic test model (LLTM) and least square distance method (LSDM) were applied to Rasch and 2PL item parameters. Contrary to the multiplicative effect hypothesis, the additive LLTM model showed better item parameter reconstruction than the LSDM that includes multiplicative effects. These results suggest that change rules and design principles may independently contribute to the difficulty of figural matrices. Correspondence-finding demands may primarily arise from design principles, while change rules may primarily contribute to difficulty through goal management demands based on their number and complexity. The findings highlight the need to consider item components related to the phenomenological representation of figural elements when explaining solution processes of figural matrices. Implications for cognitive theory and item construction are discussed."
cognitive diagnostic model Q-matrix skill,crossref,ok,4616350,10.6007/ijarped/v11-i3/14696,Consistent or Inconsistent? Expert-based Cognitive Model vs Student-based Response Cognitive Model of Cognitive Diagnostic Assessment in Factorisation of Algebraic Fractions,2022,
cognitive diagnostic model Q-matrix skill,crossref,ok,4616350,10.1002/wcs.1214,Bridging across cognitive training and brain plasticity: a neurally inspired computational model of interactive skill learning,2012,"AbstractThis article reviews recent empirical and brain imaging data on effects of cognitive training methods on complex interactive skill learning, and presents a neurally inspired computational model that characterizes the effects of these training methods. In particular, the article focuses on research that shows that variable priority training (VPT), which requires learners to shift their priorities to different task components during training, often leads to better acquisition and retention of skills than fixed priority training (FPT). However, there is only weak evidence that shows that VPT can enhance transfer of complex interactive skills to untrained situations. Brain imaging studies show that VPT leads to significantly lower activations and a higher reduction of activities in attentional control areas after training than FPT. Research also shows that the volume of the striatum predicts the learning effects, but only in VPT. The computational model, developed based on learning mechanisms at the neural level, bridges across the empirical and the braining imaging results by explaining the effects of VPT and FPT at both the behavioral and neural levels. The results were discussed in the context of previous findings on cognitive training.WIREs Cogn Sci2013, 4:225–236. doi: 10.1002/wcs.1214This article is categorized under:Psychology &gt; Learning"
cognitive diagnostic model Q-matrix skill,crossref,ok,4616350,10.32614/cran.package.measr,measr: Bayesian Psychometric Measurement Using 'Stan',2023,
judgments of learning accuracy metacognition,crossref,ok,2955928,10.1007/s11409-017-9172-3,What moderates the accuracy of ease of learning judgments?,2017,
judgments of learning accuracy metacognition,crossref,ok,2955928,10.1007/s11409-021-09263-x,Are children’s judgments of another’s accuracy linked to their metacognitive confidence judgments?,2021,"AbstractThe world can be a confusing place, which leads to a significant challenge: how do we figure out what is true? To accomplish this, children possess two relevant skills: reasoning about the likelihood of their own accuracy (metacognitive confidence) and reasoning about the likelihood of others’ accuracy (mindreading). Guided by Signal Detection Theory and Simulation Theory, we examine whether these two self- and other-oriented skills are one in the same, relying on a single cognitive process. Specifically, Signal Detection Theory proposes that confidence in a decision is purely derived from the imprecision of that decision, predicting a tight correlation between decision accuracy and confidence. Simulation Theory further proposes that children attribute their own cognitive experience to others when reasoning socially. Together, these theories predict that children’s self and other reasoning should be highly correlated and dependent on decision accuracy. In four studies (N = 374), children aged 4–7 completed a confidence reasoning task and selective social learning task each designed to eliminate confounding language and response biases, enabling us to isolate the unique correlation between self and other reasoning. However, in three of the four studies, we did not find that individual differences on the two tasks correlated, nor that decision accuracy explained performance. These findings suggest self and other reasoning are either independent in childhood, or the result of a single process that operates differently for self and others."
judgments of learning accuracy metacognition,crossref,ok,2955928,10.1007/s11409-025-09428-y,Beyond accuracy: how judgments of resolving time (JoRTs) impact confidence and persistence in the math and verbal domains,2025,
judgments of learning accuracy metacognition,crossref,ok,2955928,10.1007/s11409-017-9173-2,Accuracy of metacognitive judgments as a moderator of learner control effectiveness in problem-solving tasks,2017,
judgments of learning accuracy metacognition,crossref,ok,2955928,10.1007/978-1-4615-1099-4_1,Metacognitive Judgments and their Accuracy,2002,
judgments of learning accuracy metacognition,crossref,ok,2955928,10.1007/s11409-022-09301-2,Reactivity from judgments of learning is not only due to memory forecasting: evidence from associative memory and frequency judgments,2022,
judgments of learning accuracy metacognition,crossref,ok,2955928,10.1007/s11409-026-09465-1,Do judgments of learning have reactive effects on learning of foreign language vocabulary?,2026,"Abstract
                  
                    Judgments of learning (JOLs) are prospective monitoring judgments with which learners predict the likelihood that they will remember an item on a future test. JOLs are valuable educational tools because learners can use them to guide their study decisions. As well, in some contexts, making JOLs can directly impact memory, an effect referred to as
                    JOL reactivity
                    . The goals of the present research were to (a) evaluate competing theories of JOL reactivity and (b) to explore whether JOLs have reactive effects when learning foreign language vocabulary. Participants studied German - English vocabulary pairs. Half of the pairs were cognates (e.g.,
                    haar - hair
                    ) and half were non-cognates (e.g.,
                    korb - basket
                    ). Half of the participants made a JOL for each pair (JOL group) and half did not (no JOL group). Study time was experimenter-paced (Experiment 1) or self-paced (Experiments 2 and 3). Negative reactivity (i.e. lower memory performance in the JOL group) was observed for non-cognate pairs, and no reactivity was observed for cognate pairs. Study time data suggested that this was due to participants in the JOL group shifting study time from non-cognates to cognates. These outcomes are consistent with predictions from the changed goal hypothesis of JOL reactivity."
judgments of learning accuracy metacognition,crossref,ok,2955928,10.1007/s11409-019-09207-6,Accuracy in judgments of study time predicts academic success in an engineering course,2019,
judgments of learning accuracy metacognition,crossref,ok,2955928,10.1007/s11409-021-09260-0,The effect of delayed judgments of learning on retention,2021,
judgments of learning accuracy metacognition,crossref,ok,2955928,10.1007/s11409-024-09383-0,Effects of availability of diagnostic and non-diagnostic cues on the accuracy of teachers’ judgments of students’ text comprehension,2024,"AbstractAccurately judging students’ comprehension is a key professional competence for teachers. It is crucial for adapting instruction to students’ needs and thereby promoting student learning. According to the cue-utilization framework, the accuracy of teachers’ judgments depends on how predictive (or diagnostic) the information (or cues) that teachers use to make judgments is of student performance. It is, however, unclear from prior studies if merely providing access to diagnostic cues aids accuracy, or whether this only helps if non-diagnostic cues are unavailable or ignored. Therefore, we investigated, using a within-subjects experimental design, the accuracy of secondary school teachers’ (N = 33) judgments of anonymous students’ text comprehension under four cue availability conditions: 1) non-diagnostic cues only; 2) diagnostic cues only; 3) a mix of diagnostic and non-diagnostic cues; and, 4) after an intervention informing them of the diagnosticity of cues, again a mix of diagnostic and non-diagnostic cues. Access to diagnostic cues enhanced teachers’ judgment accuracy, while access to non-diagnostic cues hindered it. While teachers’ judgment accuracy was not enhanced by the intervention (presumably because it was already relatively high), their diagnostic cue utilization increased, and non-diagnostic cue utilization decreased. In addition, teachers’ calibration increased after the intervention: They knew better when their judgments were (in)accurate. Furthermore, teachers were quite aware that diagnostic cues are diagnostic, but their awareness that non-diagnostic cues (especially students’ interest) are not, could be improved. These results could be useful in designing effective interventions to further foster teachers’ judgment accuracy."
judgments of learning accuracy metacognition,crossref,ok,2955928,10.1007/s11409-023-09339-w,Uninformative anchoring effect in judgments of learning,2023,
judgments of learning accuracy metacognition,crossref,ok,2955928,10.1007/s11409-019-09212-9,Applied metacognition and separation of confidence and accuracy in correlational studies,2019,
judgments of learning accuracy metacognition,crossref,ok,2955928,10.1007/s11409-026-09471-3,Judgments of learning modify memory even when made covertly or using a non-numerical scale,2026,"Abstract
                  In metamemory research it is commonly assumed that learners spontaneously monitor their learning progress. To assess monitoring, participants are asked to provide judgments of learning (JOLs) while memorizing information, usually on a percentage scale. Recent evidence that providing JOLs has a reactive effect on memory performance, however, suggests that the processes involved when participants are requested to provide JOLs in experiments are different from those that otherwise occur. The present research examined whether the experimental requirement to report JOLs, rather than the requirement to assess learning, triggers the differential processing which ultimately results in JOL reactivity. Two hypotheses were examined. According to the overt-response hypothesis, JOL reactivity emerges solely from the requirement to report internal assessments that are otherwise done covertly. To test this hypothesis, participants studied related and unrelated word pairs and made JOLs either overtly, covertly, or not at all. According to the numerical-response hypothesis, JOL reactivity emerges from the requirement to translate qualitative, non-numerical internal assessments of learning into numerical responses. To test this hypothesis, participants made overt JOLs on a percentage scale, a Likert scale, a yes/no scale, or did not make JOLs. The results yielded JOL reactivity across all response formats (Experiment 2) and response scales (Experiment 3), except when participants were under-engaged in making covert JOLs (Experiments 1a, 1b, and 1c). These findings are inconsistent with both hypotheses and suggest instead that JOL reactivity emerges from the requirement to assess learning. Implications for the nature and occurrence of spontaneous monitoring are discussed."
judgments of learning accuracy metacognition,crossref,ok,2955928,10.1007/s11409-025-09424-2,Do metamemory judgments impair relational encoding?,2025,
judgments of learning accuracy metacognition,crossref,ok,2955928,10.1007/s11409-009-9042-8,Using strategy instruction and confidence judgments to improve metacognitive monitoring,2009,
judgments of learning accuracy metacognition,crossref,ok,2955928,10.1007/s11409-014-9122-2,Children’s and adults’ judgments of the controllability of cognitive activities,2014,
judgments of learning accuracy metacognition,crossref,ok,2955928,10.1007/s11409-025-09421-5,Metacognition and motivation in creativity: examining the roles of self-efficacy and values as cues for metacognitive judgments,2025,"Abstract
                  
                    Metacognition and motivation are key components of self-regulation in creative performance, yet it remains unclear how person-level motivational variables shape task-specific expectancy beliefs and metacognitive judgments. This study aimed to explore how (person-level) creative self-efficacy and the perceived value of creativity inform (task-specific) judgments. A sample of 360 university students (176 women,
                    M
                    age
                    = 22.1 years) completed scales measuring creative self-efficacy and perceived value of creativity, and reported their metacognitive experiences (perceived difficulty), task interest and metacognitive judgments in two verbal creativity tasks. The results from structural equation modeling showed that creative self-efficacy predicted the initial task expectancy and metacognitive judgments, while the perceived value of creativity primarily informed judgments and expectancies indirectly through task interest. Furthermore, task performance weakly predicted metacognitive judgments, with perceived difficulty and interest serving as additional cues. These findings underscore the importance of both stable person-level variables and dynamic task-specific experiences in creative self-regulation. The study suggests that environments fostering creative self-efficacy and values may sustain long-term engagement in creative tasks, with implications for educational and workplace settings."
judgments of learning accuracy metacognition,crossref,ok,2955928,10.1007/s11409-011-9074-8,Statistical estimates of learners’ judgments about knowledge in calibration of achievement,2011,
judgments of learning accuracy metacognition,crossref,ok,2955928,10.1007/s11409-026-09469-x,Teacher judgments of student self-regulated learning – Examining the effect of student and teacher characteristics,2026,
judgments of learning accuracy metacognition,crossref,ok,2955928,10.1007/s11409-010-9065-1,Anchoring effects on prospective and retrospective metacomprehension judgments as a function of peer performance information,2010,
judgments of learning accuracy metacognition,crossref,ok,2955928,10.1007/s11409-025-09417-1,Experience on a prior math task affects participants’ judgments of learning (JOLs) on an unrelated memory task,2025,
judgments of learning accuracy metacognition,crossref,ok,2955928,10.1007/s11409-022-09307-w,Metacognitive judgments can potentiate new learning: The role of covert retrieval,2022,"AbstractInterim tests of previously studied information can potentiate subsequent learning of new information, in part, because retrieval-based processes help to reduce proactive interference from previously learned information. We hypothesized that an effect similar to this forward testing effect would also occur when making judgments of (prior) learning (JOLs). Previous research showed that making JOLs likely prompts covert retrieval attempts and thereby enhances memory, specifically when providing only parts of previously studied information. This study examined the forward effect of different types of JOLs (i.e., with complete or partial prior study information available) on subsequent learning of new materials, compared to restudy and retrieval practice. In a between-subjects design, participants (N = 161) consecutively studied five lists of 20 words with the aim to recall as many of them on a final cumulative recall test. After the presentation of each of the first four lists, participants either restudied the list, made JOLs with complete words, made JOLs with word stems, or they were tested on word stems. Compared to restudy, practicing retrieval and making JOLs with word stems, but not JOLs with complete words, facilitated the List-5 interim recall performance and attenuated the number of intrusions from prior lists. The findings suggest that, similar to overt retrieval, making JOLs with incomplete information can enhance new learning to the extent that it elicits covert retrieval attempts."
judgments of learning accuracy metacognition,crossref,ok,2955928,10.1007/s11409-022-09321-y,Changed-goal or cue-strengthening? Examining the reactivity of judgments of learning with the dual-retrieval model,2022,
judgments of learning accuracy metacognition,crossref,ok,2955928,10.1007/s11409-021-09287-3,Association and dissociation between judgments of learning and memory: A Meta-analysis of the font size effect,2022,
judgments of learning accuracy metacognition,crossref,ok,2955928,10.1007/s11409-021-09264-w,"Judgments of learning reflect the Animacy advantage for memory, but not beliefs about the effect",2021,
judgments of learning accuracy metacognition,crossref,ok,2955928,10.1007/s11409-012-9093-0,"Explanation generation, not explanation expectancy, improves metacomprehension accuracy",2012,
judgments of learning accuracy metacognition,crossref,ok,2955928,10.1007/s11409-022-09294-y,How beliefs explain the effect of achievement goals on judgments of learning,2022,
judgments of learning accuracy metacognition,crossref,ok,2955928,10.1007/s11409-019-09195-7,Confidence judgments: The monitoring of object-level and same-level performance,2019,
judgments of learning accuracy metacognition,crossref,ok,2955928,10.1007/s11409-010-9059-z,Explicit and implicit confidence judgments and developmental differences in metamemory: an eye-tracking approach,2010,
judgments of learning accuracy metacognition,crossref,ok,2955928,10.1007/s11409-026-09479-9,"Immediate judgments of learning do not improve performance for educationally relevant materials: Evidence from key-term definitions, country outlines, and animal species",2026,"Abstract
                  Recent research shows that asking learners to make immediate judgments of learning (JOLs) during learning can improve their later memory performance for word pairs, words, and images. Whereas this so-called positive JOL reactivity effect has sparked much discussion on its educational relevance, empirical tests of the generalizability of immediate JOL reactivity to educationally relevant materials remain rare. The experiments reported in this study examined whether making immediate JOLs improves test performance across three exemplary types of educationally relevant materials. In three experiments, participants studied key-term definitions (Experiment 1), pairs of country outlines and country names (Experiment 2), or pairs of animal images and species names (Experiment 3), made immediate JOLs during studying or did not make JOLs, and were tested on their memory in short-answer tests (Experiments 1 to 3) or multiple-choice tests (Experiment 1). Results revealed that making immediate JOLs did not improve test performance. On the contrary, Experiment 2 and an integrative data analysis indicated that making JOLs reduced test performance when difficulty was high. These results provide no evidence that beneficial effects of immediate JOLs generalize to the learning of educationally relevant materials, highlighting the need for further research to understand why positive JOL reactivity does not emerge in this context."
judgments of learning accuracy metacognition,crossref,ok,2955928,10.1007/s11409-025-09429-x,Experience-inconsistent anchor biases judgments of learning,2025,
judgments of learning accuracy metacognition,crossref,ok,2955928,10.1007/s11409-012-9090-3,"Metacognition and the spacing effect: the role of repetition, feedback, and instruction on judgments of learning for massed and spaced rehearsal",2012,
judgments of learning accuracy metacognition,crossref,ok,2955928,10.1007/s11409-008-9024-2,Correcting experience-based judgments: the perseverance of subjective experience in the face of the correction of judgment,2008,
judgments of learning accuracy metacognition,crossref,ok,2955928,10.1007/s11409-015-9147-1,Further boundary conditions for the effects of perceptual disfluency on judgments of learning,2015,
judgments of learning accuracy metacognition,crossref,ok,2955928,10.1007/s11409-018-9179-4,The basis of feeling-of-knowing judgments in patients with schizophrenia,2018,
judgments of learning accuracy metacognition,crossref,ok,2955928,10.1007/s11409-022-09298-8,Correction to: Association and dissociation between judgments of learning and memory: A Meta-analysis of the font size effect,2022,
judgments of learning accuracy metacognition,crossref,ok,2955928,10.1007/s11409-020-09220-0,Individual differences in local and global metacognitive judgments,2020,"Abstract
                  
                    Extensive research has been conducted to understand how accurately students monitor their studying and performance via metacognitive judgments. Moreover, the bases of students’ metacognitive judgments are of interest. While previous results are quite consistent regarding the importance of performance for the accuracy of metacognitive judgments, results regarding motivational and personality variables are rather heterogeneous. This paper reports on two studies that simultaneously examined the predictive power of several performance, motivational, and personality variables on metacognitive judgments. The studies investigated a set of judgments (local and global postdictions in Study 1 and global pre- and postdictions in Study 2) and accuracy scores (bias, sensitivity, and specificity) in two different settings. Individual differences in judgments and judgment accuracy were studied via hierarchical regression analyses. Study 1 with
                    N
                     = 245 undergraduate students identified performance and domain-specific self-concept as relevant predictors for judgments after test taking. This was consistently found for local and global judgments. Study 2 with
                    N
                     = 138 undergraduate students hence focused on domain-specific self-concept and extended results to predictions. Study 2 replicated results for global postdictions but not predictions. Specifically, before task processing, students’ judgments relied mostly on domain-specific self-concept but not on test performance itself. The studies indicate that different judgments and measures of judgment accuracy are needed to obtain comprehensive insights into individual differences in metacognitive monitoring."
judgments of learning accuracy metacognition,crossref,ok,2955928,10.1007/s11409-023-09341-2,"Think higher, gain more: the effect of making inference- and memory-based metacognitive judgments on text learning",2023,
judgments of learning accuracy metacognition,crossref,ok,2955928,10.1037/e520562012-788,Neuroimaging metacognition: Could judgments of distinctiveness provide the basis for judgments of learning?,2009,
judgments of learning accuracy metacognition,crossref,ok,2955928,10.1007/s11409-020-09239-3,Changes in metacognitive monitoring accuracy in an introductory physics course,2020,
judgments of learning accuracy metacognition,crossref,ok,2955928,10.1007/s11409-021-09277-5,The influence of summary modality on metacomprehension accuracy,2021,
judgments of learning accuracy metacognition,crossref,ok,2955928,10.1007/s11409-026-09494-w,Metacomprehension accuracy with multiple texts: a comprehensive approach,2026,"Abstract
                  This study investigated metacomprehension accuracy for university students reading multiple texts about the same topic, using a Dutch translation of a German multiple document comprehension instrument. Based on research with single texts, we expected students’ performance estimates to have relatively low accuracy, as well as being associated with several student-related and task-related variables. Moreover, we expected metacomprehension accuracy to be related to students’ ability and confidence. We conducted our study with 401 psychology students from one Dutch university, asking for their exam grades, multiple document comprehension habits, self-concept, and a prediction of their performance. Next, students completed two tasks from the multiple document comprehension instrument and after each task provided performance estimates and confidence ratings, rated perceived difficulty, mental effort, interest, text cohesion and ease of comprehension. Finally, students gave a postdiction of their overall performance. Results showed a significant association between task performance and performance estimates of .33, comparable to what has been found with other tasks. Beyond the variance explained by task performance, students’ estimates were predicted by exam grade, self-concept, and perceived task difficulty, but not by any of the other variables. Postdictions were more accurate than predictions, suggesting that task experience allows students to use more valid cues in their performance estimates. Other than with single texts however, metacomprehension accuracy was unrelated to students’ ability and confidence. These findings can inform efforts to improve university students’ metacomprehension accuracy with multiple texts, benefitting their self-regulation."
judgments of learning accuracy metacognition,crossref,ok,2955928,10.1007/s11409-023-09367-6,Integrating multiple cues in metamemory: using the illusory effect of font size and level of processing to inform FOK judgments,2023,
judgments of learning accuracy metacognition,crossref,ok,2955928,10.1007/s11409-020-09238-4,Understanding and supporting Chinese middle Schoolers’ monitoring accuracy in mathematics,2020,
judgments of learning accuracy metacognition,crossref,ok,2955928,10.1007/s11409-018-9185-6,Confidence in performance judgment accuracy: the unskilled and unaware effect revisited,2018,
judgments of learning accuracy metacognition,crossref,ok,2955928,10.1007/s11409-015-9144-4,Prior experience shapes metacognitive judgments at the category level: the role of testing and category difficulty,2015,
judgments of learning accuracy metacognition,crossref,ok,2955928,10.1007/s11409-013-9096-5,First- and second-order metacognitive judgments of semantic memory reports: The influence of personality traits and cognitive styles,2013,
judgments of learning accuracy metacognition,crossref,ok,2955928,10.1007/s11409-024-09399-6,"On the confidence-accuracy relationship in memory: inferential, direct access, or indirect access?",2024,
judgments of learning accuracy metacognition,crossref,ok,2955928,10.1007/s11409-015-9143-5,Metasearch accuracy for letters and symbols: do our intuitions match empirical reality?,2015,
judgments of learning accuracy metacognition,crossref,ok,2955928,10.1007/s11409-022-09302-1,Rubrics enhance accuracy and reduce cognitive load in self-assessment,2022,"Abstract
                  
                    Rubrics, which are designed to inform learners about assessment criteria and quality levels concerning a task assignment, are a widely used means to support learners in self-assessing their task performance. Usually, rubrics enhance task performance. Surprisingly, however, relatively little is known about the underlying mechanisms via which rubrics exert their beneficial effects. Although it is frequently suggested that the effects of rubrics on task performance are due to the fact that they support learners in accurately self-assessing their level of performance, which, in turn, paves the way for effective regulation, the empirical evidence that supports this notion is relatively scarce. Tightly controlled experimental studies, which allow isolating the effects of rubrics on the accuracy of self-assessments, are scarce. The present study was designed to close this gap. Specifically, in an experiment with
                    N
                     = 93 high school students we tested whether providing learners with a rubric in self-assessing the quality of self-written scientific abstracts would enhance judgment accuracy. As main results, we found that the rubric group showed higher absolute accuracy and lower bias. Furthermore, the rubric reduced cognitive load in self-assessing. These findings support the notion that one mechanism via which rubrics unfold their efficacy is by enhancing judgment accuracy."
Dunning-Kruger effect skill self-assessment accuracy,crossref,ok,6260576,10.3724/sp.j.1042.2013.02204,The Self-evaluation Bias in Rating One’s Ability: The Dunning-Kruger Effect,2013,
Dunning-Kruger effect skill self-assessment accuracy,crossref,ok,6260576,10.3102/1568945,Mitigating the Dunning-Kruger Effect: California Urban School Principals' Perceived Skill Sets in 10 High-Performing Schools,2020,
Dunning-Kruger effect skill self-assessment accuracy,crossref,ok,6260576,10.4135/9781473960022,David Dunning Defines Dunning-Kruger Effect,2016,
Dunning-Kruger effect skill self-assessment accuracy,crossref,ok,6260576,10.1007/s40670-019-00806-1,Beyond Dunning–Kruger Effect: Undermining the Biases Which Would Lead to Flawed Self-assessment Among Students,2019,
Dunning-Kruger effect skill self-assessment accuracy,crossref,ok,6260576,10.31234/osf.io/xavqh,Less intelligent and unaware? Accuracy and Dunning-Kruger effects for self-estimates of different aspects of intelligence,2021,"People’s perceptions of their intelligence correlate only moderately with objective intelligence measures. On average, people overestimate themselves. According to the popular Dunning-Kruger effect, this is particularly true for low performers: Across many domains, those in the lowest quantile overestimate their abilities the most. However, recent work using improved statistical approaches found little support for a Dunning-Kruger effect in general intelligence. We investigated the accuracy of and Dunning-Kruger effects in self-estimates of general, verbal, numerical, and spatial intelligence—domains that differed in how well they can be judged in the past. 281 participants completed self-estimates and intelligence measures online. Self-estimates showed mostly moderate correlational accuracy that was slightly higher for numerical intelligence and lower for verbal intelligence. Across domains, participants rated their intelligence as above-average. However, as their intelligence was indeed high, this was not an overestimation. While standard analyses indicated Dunning-Kruger effects in three out of four measures, improved statistical methods only yielded some support for one in verbal intelligence: People with lower verbal intelligence tended to have less self-knowledge about it. The generalizability of these findings is limited to young, highly educated populations. Nevertheless, our results contribute to a growing literature questioning the generality of the Dunning-Kruger effect."
Dunning-Kruger effect skill self-assessment accuracy,crossref,ok,6260576,10.1145/3816046.3816233,Sycophantic Metacognition: Investigating the Dunning-Kruger Effect in Large Language Model Self-Assessment,2026,
Dunning-Kruger effect skill self-assessment accuracy,crossref,ok,6260576,10.48146/odusobiad.1106103,"Market Awareness Of The ""Dunning Kruger Effect"" Theory",2022,"The Dunning Kruger Effect, which states that individuals with little or no knowledge about a subject have more self-confidence than experts, was first put forward as a result of a social experiment in 1999. Over time, the concept has become a theory that has been accepted in the literature and has been the subject of studies in some branches of science and has been translated into Turkish as Cahil Cesareti. In this direction, the aim of the study is to analyze the Google search frequencies of the words ""Dunning Kruger Effect"" and ""Ignorant Courage"" and to determine the level of awareness of the concepts in the USA and Turkey comparatively. As a result of the Google Trends data and literature review, it has been determined that the Dunning Kruger Effect theory is known in the USA both in the general category and in the finance category. In Turkey, it has been seen that the related concept is known in the general category and has been the subject of some studies. In addition, it was stated that the related concept does not have financial awareness, as a result of both Google Trends data and literature search. In this direction, the study adds originality to the national literature at the stage of determining the level of awareness of the Dunning Kruger Effect theory, whose Turkish equivalent is Ignorant Courage, in the finance literature."
Dunning-Kruger effect skill self-assessment accuracy,crossref,ok,6260576,10.37074/jalt.2024.7.2.38,"Negative effects of Generative AI on researchers: Publishing addiction, Dunning-Kruger effect and skill erosion",2024,
Dunning-Kruger effect skill self-assessment accuracy,crossref,ok,6260576,10.1098/rsos.191727,Skill and self-knowledge: empirical refutation of the dual-burden account of the Dunning–Kruger effect,2022,"For many intellectual tasks, the people with the least skill overestimate themselves the most, a pattern popularly known as the Dunning–Kruger effect (DKE). The dominant account of this effect depends on the idea that assessing the quality of one's performance (metacognition) requires the same mental resources as task performance itself (cognition). Unskilled people are said to suffer a
                    dual burden
                    : they lack the cognitive resources to perform well, and this deprives them of metacognitive insight into their failings. In this
                    Registered Report
                    , we applied recently developed methods for the measurement of metacognition to a matrix reasoning task, to test the dual-burden account. Metacognitive sensitivity (information exploited by metacognition) tracked performance closely, so less information was exploited by the metacognitive judgements of poor performers; but metacognitive efficiency (quality of metacognitive processing itself) was unrelated to performance. Metacognitive bias (overall tendency towards high or low confidence) was positively associated with performance, so poor performers were appropriately less confident—not more confident—than good performers. Crucially, these metacognitive factors did not cause the DKE pattern, which was driven overwhelmingly by performance scores. These results refute the dual-burden account and suggest that the classic DKE is a statistical regression artefact that tells us nothing much about metacognition."
Dunning-Kruger effect skill self-assessment accuracy,crossref,ok,6260576,10.14384/kals.2021.28.1.231,The Dunning-Kruger Effect of Self-Assessment on Korean Language Learners’ Speaking Ability.,2021,
Dunning-Kruger effect skill self-assessment accuracy,crossref,ok,6260576,10.1016/b978-0-12-385522-0.00005-6,The Dunning–Kruger Effect,2011,
Dunning-Kruger effect skill self-assessment accuracy,crossref,ok,6260576,10.1111/ejn.14935/v3/review1,"Review for ""Neurophysiological Correlates of the Dunning‐Kruger Effect""",2020,
Dunning-Kruger effect skill self-assessment accuracy,crossref,ok,6260576,10.1111/ejn.14935/v2/review1,"Review for ""Neurophysiological Correlates of the Dunning‐Kruger Effect""",2020,
Dunning-Kruger effect skill self-assessment accuracy,crossref,ok,6260576,10.1111/ejn.14935/v1/review1,"Review for ""Neurophysiological Correlates of the Dunning‐Kruger Effect""",2020,
Dunning-Kruger effect skill self-assessment accuracy,crossref,ok,6260576,10.1186/s12909-024-06121-7,Prevalence of Dunning-Kruger effect in first semester medical students: a correlational study of self-assessment and actual academic performance,2024,"Abstract
                Introduction
                The ability to self-assess is a crucial skill in identifying one’s own strengths and weaknesses and in coordinating self-directed learning. The Dunning-Kruger effect occurs when limited knowledge causes individuals to overestimate their competence and underestimate others’, leading to poor self-assessment and unrecognized incompetence. To serve as a foundation for developing strategies to improve self-assessment, the self-assessment abilities of first-semester students were assessed.
              
                Methods
                In the final weeks of the summer 2021, winter 2021/22, and summer 2022 semesters, the academic performance (oral anatomy exam) of first semester students was assessed (0–15 points). Before the exam results were announced, students were asked to self-assess their performance.
              
                Results
                Exam scores (M = 10.64, SD = 2.95) and self-assessed scores (M = 10.38, SD = 2.54) were comparable. The absolute difference between them, as a measure of self-assessment ability ranged from − 9 to + 9 points (M = -0.26, SD = 2.59). Among participants (N = 426), 18.5% assessed themselves accurately, 35.5% overestimated, and 46.0% underestimated their performance. The correlation between actual score and self-assessment was ρ = -0.590 (p &lt; 0.001), reflecting the Dunning-Kruger effect. When separated by gender, correlation for females was ρ = -0.591 (p &lt; 0.001), and for males ρ = -0.580 (p &lt; 0.001).
              
                Conclusions
                Realistic self-assessment is a challenge for first-semester students. The data indicate that females tend to overestimate their performance while males underestimate theirs. A pronounced Dunning-Kruger effect is evident in both genders, with significant negative correlations between self-assessment and actual performance. There are several reasons for the occurrence of the Dunning-Kruger effect. Considering that the COVID-19 pandemic influenced learning environments, collaborative learning was significantly restricted. The lack of opportunities for comparison could potentially lead to unrealistic self-assessment."
Dunning-Kruger effect skill self-assessment accuracy,crossref,ok,6260576,10.1016/j.joep.2013.07.004,How unaware are the unskilled? Empirical tests of the “signal extraction” counterexplanation for the Dunning–Kruger effect in self-evaluation of performance,2013,
Dunning-Kruger effect skill self-assessment accuracy,crossref,ok,6260576,10.1109/acsos-c51401.2020.00035,"I’m already optimal: the Dunning-Kruger Effect, Sociogenesis, and Self-Integration",2020,
Dunning-Kruger effect skill self-assessment accuracy,crossref,ok,6260576,10.1111/ejn.14935/v2/decision1,"Decision letter for ""Neurophysiological Correlates of the Dunning‐Kruger Effect""",2020,
Dunning-Kruger effect skill self-assessment accuracy,crossref,ok,6260576,10.1038/s41598-024-61042-1,No strong support for a Dunning–Kruger effect in creativity: analyses of self-assessment in absolute and relative terms,2024,"AbstractCompetencies related to the evaluation of own cognitive processes, called metacognitive monitoring, are crucial as they help decide whether to persist in or desist from cognitive efforts. One of the most well-known phenomena in this context—the Dunning–Kruger effect—is that less skilled people tend to overestimate their performance. This effect has been reported for various kinds of performance including creativity. More recently, however, it has been suggested that this phenomenon could be a statistical artifact caused by the better-than-average effect and by regression toward the mean. Therefore, we examined the Dunning–Kruger effect in the context of creative thinking performance (i.e., divergent thinking ability) across two studies (Study 1: N = 425; Study 2: N = 317) and applied the classical quartile-based analysis as well as newly recommended, advanced statistical approaches: the Glejser test of heteroscedasticity and nonlinear quadratic regression. We found that the results indeed depended on the employed statistical method: While classical analyses supported the Dunning–Kruger effect across all conditions, it was not consistently supported by the more advanced statistical methods. These findings are in line with recent work challenging certain assumptions of the Dunning–Kruger effect and we discuss factors that undermine accurate self-assessments, especially in the context of creative performance."
Dunning-Kruger effect skill self-assessment accuracy,crossref,ok,6260576,10.3102/2013150,Socialization Impacts Self-Report Research Skill Accuracy in Comparison to Performance-Based Research Skill Assessment,2023,
Dunning-Kruger effect skill self-assessment accuracy,crossref,ok,6260576,10.1111/ejn.14935/v1/decision1,"Decision letter for ""Neurophysiological Correlates of the Dunning‐Kruger Effect""",2020,
Dunning-Kruger effect skill self-assessment accuracy,crossref,ok,6260576,10.1111/ejn.14935/v3/decision1,"Decision letter for ""Neurophysiological Correlates of the Dunning‐Kruger Effect""",2020,
Dunning-Kruger effect skill self-assessment accuracy,crossref,ok,6260576,10.59350/ca90s-kwk32,The Dunning-Kruger Effect is Autocorrelation,2022,"Have you heard of the 'Dunning-Kruger effect'? It's the (apparent) tendency for unskilled people to overestimate their competence. Discovered in 1999 by psychologists Justin Kruger and David Dunning, the effect has since become famous. And you can see why. It's the kind of idea that is too juicy to &lt;em&gt; not &lt;/em&gt; be true. Everyone 'knows' that idiots tend to be unaware of their own idiocy."
Dunning-Kruger effect skill self-assessment accuracy,crossref,ok,6260576,10.1111/ejn.14935/v4/decision1,"Decision letter for ""Neurophysiological Correlates of the Dunning‐Kruger Effect""",2020,
Dunning-Kruger effect skill self-assessment accuracy,crossref,ok,6260576,10.59350/4rwda-vnz90,The Dunning-Kruger Effect is Autocorrelation,2022,"Have you heard of the 'Dunning-Kruger effect'? It's the (apparent) tendency for unskilled people to overestimate their competence. Discovered in 1999 by psychologists Justin Kruger and David Dunning, the effect has since become famous. And you can see why. It's the kind of idea that is too juicy to &lt;em&gt; not &lt;/em&gt; be true. Everyone 'knows' that idiots tend to be unaware of their own idiocy."
Dunning-Kruger effect skill self-assessment accuracy,crossref,ok,6260576,10.2139/ssrn.5945974,The Dunning-Kruger Territorial Effect: A Conceptual Framework,2026,
Dunning-Kruger effect skill self-assessment accuracy,crossref,ok,6260576,10.2139/ssrn.4654803,The Variant F-J Model with Dunning-Kruger Effect,2023,
Dunning-Kruger effect skill self-assessment accuracy,crossref,ok,6260576,10.69520/jipe.v6i.192,"Examining Confidence Accuracy, Observation Skills, and the Dunning Kruger Effect",2024,"Using a quantitative approach, this study examines the confidence accuracy relationship of eyewitness memory and observation skills and explores the relationship between self-perception and accuracy (The Dunning Kruger Effect). The present study has three purposes. The first purpose is to highlight the importance of understanding one's limitations and self-assessment abilities to ensure effective training and preparedness for high-stress situations of a police officer. The second purpose is to show that eyewitness memory accounts in consequential settings such as court should not rely on confidence as an indicator of accuracy. The third purpose is to show that eyewitness accounts of police officers are not always more correct than those of civilians. Using Humber College’s Conflict Resolution FAAC Digital Simulator, 18 subjects (17 students and 1 police officer) were assigned to take part in a virtual, pre-recorded simulation experiment. Participants’ confidence in observation skills and their eyewitness memory abilities were assessed. Results found no correlation between confidence and accuracy in eyewitness memory, though it revealed that people can be extremely confident in their wrong answers, demonstrating that confidence is not always a good indicator of accuracy. Despite assumptions that police officers make better eyewitnesses, findings include that there was no significant difference in memory abilities between the police officer and Humber students."
Dunning-Kruger effect skill self-assessment accuracy,crossref,ok,6260576,10.7551/mitpress/11609.003.0014,A Moral Dunning-Kruger Effect,2019,
Dunning-Kruger effect skill self-assessment accuracy,crossref,ok,6260576,10.3390/jintelligence10010010,Less-Intelligent and Unaware? Accuracy and Dunning–Kruger Effects for Self-Estimates of Different Aspects of Intelligence,2022,"People’s perceptions of their intelligence correlate only moderately with objective intelligence measures. On average, people overestimate themselves. According to the popular Dunning–Kruger effect, this is particularly true for low performers: across many domains, those in the lowest quartile overestimate their abilities the most. However, recent work using improved statistical approaches found little support for a Dunning–Kruger effect in general intelligence. We investigated accuracy and Dunning–Kruger effects for self-estimates of general, verbal, numerical, and spatial intelligence—domains that differed in how well they can be judged in the past. A total of 281 participants completed self-estimates and intelligence measures online. Self-estimates showed mostly moderate correlational accuracy that was slightly higher for numerical intelligence and lower for verbal intelligence. Across domains, participants rated their intelligence as above average. However, as their intelligence was indeed high, this was not an overestimation. While standard analyses indicated Dunning–Kruger effects in general, verbal, and spatial intelligence, improved statistical methods only yielded some support for one in verbal intelligence: people with lower verbal intelligence tended to have less self-knowledge about it. The generalizability of these findings is limited to young, highly educated populations. Nevertheless, our results contribute to a growing literature questioning the generality of the Dunning–Kruger effect."
Dunning-Kruger effect skill self-assessment accuracy,crossref,ok,6260576,10.62452/nnpydx77,"Autodiagnóstico de habilidades de lectura, metacognición y el efecto Dunning-Kruger en estudiantes de nivel medio superior",2022,"This document reports the results of a diagnosis of reading and study techniques carried out by high school students of a virtual baccalaureate program offered by the “Secretaría de Educación Pública” who attended module 2, the methodology was quantitative, although some were rescued. contributions made by the students in a forum, which serve to complement the findings, the sample was composed of 151 students from the four campuses, selected with an intentional sampling. The data is consistent with the Dunning-Kruger effect, that is, students tend to overestimate their abilities, after four weeks of work, some qualitative results show that students are more aware of their deficiencies, an aspect that is also consistent with the mentioned effect."
Dunning-Kruger effect skill self-assessment accuracy,crossref,ok,6260576,10.1016/j.wneu.2022.02.046,Dunning-Kruger Effect,2022,
Dunning-Kruger effect skill self-assessment accuracy,crossref,ok,6260576,10.1101/2019.12.26.888511,Neurophysiological Correlates of the Dunning-Kruger Effect,2019,"Abstract.
                The Dunning-Kruger Effect (DKE) is a metacognitive phenomenon of illusory superiority in which individuals who perform poorly on a task believe they performed better than others, yet individuals who performed very well believe they under-performed compared to others. This phenomenon has yet to be directly explored in episodic memory, nor explored for reaction times or physiological correlates. We designed a novel method to elicit the DKE via a test of item recognition while electroencephalography (EEG) was recorded. Throughout the task, participants were asked to estimate the percentile in which they performed compared to others. Results revealed participants in the bottom 25th percentile overestimated their percentile, while participants in the top 75th percentile underestimated their percentile, exhibiting the classic DKE. Reaction time measures revealed a condition x group interaction whereby over-estimators responded faster than under-estimators when estimating being in the top percentile and responded slower when estimating being in the bottom percentile.
                Between-group EEG differences were evident between over-estimators and under-estimators during Dunning-Kruger responses, which revealed FN400-like effects of familiarity supporting differences for over-estimators from 400-600 ms, whereas ‘old-new’ memory ERP effects revealed a late parietal component (LPC) associated with recollection-based processing from 600-900 ms for under-estimators that was not evident for over-estimators. Findings suggest over- and under-estimators use differing cognitive processes when assessing their performance, such that under-estimators rely on recollection during memory and over-estimators draw upon excess familiarity when over-estimating their performance. Episodic memory thus appears to play a contributory role in metacognitive judgments of illusory superiority and inferiority.
                
                  Graphical Abstract
                  Event-related potentials (ERPS) were recorded for the Dunning-Kruger Effect as subjects made metacognitive judgments about performance on a memory task. Over- and Under-estimators exhibited a crossover interaction in response times when believing they did best and worst, respectively. A crossover pattern was also observed for ERPs: LPC signals of recollection were found for under-estimators, whereas familiarity-based FN400 effects were evident for over-estimators and correlated with estimates."
Dunning-Kruger effect skill self-assessment accuracy,crossref,ok,6260576,10.17818/emip/2025/27,METACOGNITIVE ERRORS AND THE DUNNING-KRUGER EFFECT ASSESSMENT IN TERMS OF MANAGERIAL COMPETENCIES EVALUATION,2025,
Dunning-Kruger effect skill self-assessment accuracy,crossref,ok,6260576,10.1108/md-06-2023-0893,"The Dunning–Kruger effect and artificial intelligence: knowledge, self-efficacy and acceptance",2025,"Purpose
                    Artificial Intelligence (AI) is revolutionizing the world. Despite the numerous advantages of AI in terms of faster processing and higher efficiency, AI hasn’t been widely accepted by humans yet. This study aims to shed light on this phenomenon by exploring the Dunning–Kruger Effect in AI knowledge and examining how AI knowledge affects AI acceptance through AI-related self-efficacy.
                  
                  
                    Design/methodology/approach
                    By collecting data from 179 managers, we examined the Dunning–Kruger Effect in AI knowledge and used mediation analysis to explore the mechanisms by which AI knowledge leads to AI acceptance.
                  
                  
                    Findings
                    Our findings indicated the presence of the Dunning–Kruger Effect in AI knowledge. Furthermore, our results revealed that AI knowledge has a nonlinear effect on AI acceptance through AI-related self-efficacy.
                  
                  
                    Originality/value
                    In contrast to previous research that posited a linear link between knowledge and acceptance of technology, this study offers a new framework for the nonlinear relationships between AI knowledge, AI-related self-efficacy and AI acceptance by extending the Dunning–Kruger effect to the AI field."
Dunning-Kruger effect skill self-assessment accuracy,crossref,ok,6260576,10.2139/ssrn.5519734,Cognitive Biases in Financial Education: An Empirical Assessment of the Dunning-Kruger Effect and Related Overconfidence Phenomena in University Students,2025,
Dunning-Kruger effect skill self-assessment accuracy,crossref,ok,6260576,10.31349/revmexfis.23.020208,Investigation of student self-assessment in understanding physics problem-solving: The Dunning-Kruger effect in mechanics concept,2026,"Problem-solving skills are fundamental to physics learning. However, many students in Indonesia still exhibit low Performance in this area, which is exacerbated by biased cognitive of their self-competence. Previous studies have typically focused on general academic cognitive without systematically measuring the accuracy of self-assessment in the context of physics problem-solving. This study addresses this gap by exploring the Dunning-Kruger effect in physics problem-solving, particularly in the area of mechanics, using a mixed-methods approach. This study aims to evaluate the accuracy of students' self-assessment of their problem-solving skills and to identify patterns of emerging cognitive biases. A total of 10 high school students in East Java were selected through purposive sampling. Quantitative data were collected via problem-solving tests and rubric-based self-assessment and then analyzed using descriptive statistics. Qualitative data were obtained from in-depth interviews and analyzed using thematic analysis methods. The results indicated that the majority of students overestimated their abilities, especially in the Useful Description and Mathematical Procedure aspects, which are strong indicators of the Dunning-Kruger effect. Students with higher skills demonstrated better underestimation bias and self-reflection skills. This study revealed that self-cognitive bias is negatively correlated with student's actual abilities: the lower the problem-solving skills, the higher the level of overestimation. The contribution of this study lies in providing a self-assessment-based framework to enhance students' reflection and problem-solving skills. These findings emphasize the urgency of implementing structured and continuous self-assessment practices in physics learning to reduce cognitive bias and strengthen students' metacognitive development."
Dunning-Kruger effect skill self-assessment accuracy,crossref,ok,6260576,10.51891/rease.v11i7.20399,EFEITO DUNNING-KRUGER ENTRE OS PROFISSIONAIS DE ENFERMAGEM,2025,"O presente artigo analisa o efeito Dunning-Kruger entre profissionais de enfermagem, um viés cognitivo que leva indivíduos com baixa competência a superestimarem suas habilidades. No contexto da enfermagem, onde decisões clínicas impactam diretamente a segurança do paciente, esse viés pode comprometer a qualidade do cuidado prestado. O objetivo do estudo foi investigar a prevalência e os impactos desse fenômeno na prática clínica, bem como identificar estratégias educacionais e organizacionais para mitigá-lo.A metodologia adotada foi uma revisão integrativa da literatura com análise bibliométrica, utilizando bases como PubMed, Scopus e Web of Science, contemplando artigos entre 2010 e 2024. Os resultados apontam que enfermeiros menos experientes tendem a superestimar suas competências, especialmente em situações de alta pressão. Isso contribui para falhas de julgamento, erros clínicos e resistência à busca por ajuda ou capacitação adicional. Curiosamente, também foram identificados casos de subestimação entre enfermeiros experientes, o que pode prejudicar a liderança e a autonomia profissional. Estratégias eficazes para enfrentamento do viés incluem feedback contínuo, simulações clínicas, programas de mentoria, uso de tecnologias educacionais e promoção de cultura organizacional baseada em aprendizado e transparência. O papel da liderança é destacado como essencial para criar ambientes seguros onde os profissionais possam reconhecer e superar suas limitações sem medo de represálias. Conclui-se que o combate ao efeito Dunning-Kruger requer uma abordagem multidimensional que valorize o autoconhecimento, a educação permanente e a cultura de melhoria contínua. Ao investir nesses pilares, instituições de saúde podem aprimorar a qualidade do atendimento, fortalecer a segurança do paciente e promover o desenvolvimento profissional realista entre os enfermeiros."
Dunning-Kruger effect skill self-assessment accuracy,crossref,ok,6260576,10.65301/dias.2020.17.1.2,Inflated Self-assessments and Metacognitive Ability: A Demonstration of the Kruger- Dunning Effect among Knowledge Workers,2020,"Meta cognitive Ability impacts  many determinants of individual performance including learning, motivation, critical thinking  and decision making. Low Meta cognitive ability has been suggested as the cause of inaccurate self-assessment among poor  performers. The study uncovers the links between Meta cognitive ability, self-assessment  and overall work performance. This study  provides evidence of presence of the Kruger — Dunning effect in the workplace performance of knowledge workers. It also lays the  foundation for studying meta-cognitive ability as a predictor of performance in modern workplaces. The study further makes a  case for range bound interpretation of scores on self-report instruments measuring meta-cognitive ability."
Dunning-Kruger effect skill self-assessment accuracy,crossref,ok,6260576,10.2139/ssrn.5489849,"Academic Attainment, Intellectual Humility, and Self-Confidence: Unpacking the Dunning-Kruger Paradox in Higher Education",2025,"Background: Higher education is widely assumed to amplify voice and authority. Yet accumulating evidence suggests that advanced study can cultivate intellectual humility and dampen overt self-confidence in public discourse. Objective: This study interrogates the paradox that more learning can yield less certainty by integrating cognitive, philosophical, and sociological explanations. Methods: Using a systematic literature review and meta-synthesis across psychology, education, sociology, and philosophy, we analyze peer-reviewed studies and global datasets to map links between academic attainment, metacognitive calibration, and discursive confidence. We synthesize three lenses into an integrated conceptual model: cognitive miscalibration and its correction (Dunning-Kruger effect), Socratic intellectual humility as an epistemic virtue, and symbolic interactionism's role-norms shaping expert self-presentation. Results: Evidence converges on an inverse association between education and categorical assertion: as expertise deepens, awareness of complexity and ""known unknowns"" rises, producing cautious claims and hedging without eroding domain-specific self-efficacy. Across tasks, novices display systematic overplacement in self-evaluation, whereas experts' awareness of 'known unknowns' reduces categorical claims without eroding domain-specific self-efficacy. This pattern reflects a shift from naïve certainty to calibrated confidence rather than a global loss of confidence. Moderators include culture (modesty vs assertiveness norms), interactional context (academic vs media settings), and domain specificity (localized confidence within one's specialty). Counter-patterns-such as expert overreach outside domain or stable self-efficacy for trained tasks-are accommodated as boundary conditions. Conclusions: The paradox reflects a qualitative shift from naïve certainty to calibrated confidence: higher attainment tempers declarative assurance while strengthening confidence in method and process. Implications: Pedagogy and leadership should train for ""confident humility,"" equipping experts to communicate uncertainty transparently without losing credibility. Foresight indicates digital learning, AI tutoring, and open knowledge networks may intensify or reshape this paradox by broadening access to information while exposing epistemic limits."
Dunning-Kruger effect skill self-assessment accuracy,crossref,ok,6260576,10.1111/ejn.14935/v3/response1,"Author response for ""Neurophysiological Correlates of the Dunning‐Kruger Effect""",2020,
Dunning-Kruger effect skill self-assessment accuracy,crossref,ok,6260576,10.1111/ejn.14935/v4/response1,"Author response for ""Neurophysiological Correlates of the Dunning‐Kruger Effect""",2020,
Dunning-Kruger effect skill self-assessment accuracy,crossref,ok,6260576,10.1016/j.ijintrel.2021.04.003,Intercultural competence in tourism and hospitality: Self-efficacy beliefs and the Dunning Kruger effect,2021,
Dunning-Kruger effect skill self-assessment accuracy,crossref,ok,6260576,10.31234/osf.io/czms3,Psychophysical deconstruction of the Dunning-Kruger effect,2018,"The Dunning-Kruger effect (DKE) is the finding that, across a wide range of tasks, poor performers greatly overestimate their ability, while top performers make more accurate self-assessments. The original account of the DKE involves the idea that metacognitive insight requires the same skills as task performance, so that unskilled people perform poorly and lack insight. However, typical global measures of self-assessment are prone to statistical and other biases that could explain the same pattern. We used psychophysical methods to examine metacognitive insight in simple movement and spatial memory tasks: pointing at a dot, or recalling its position after a short delay. We measured task skill in an initial block, and self-assessment in a second block, in which participants judged after every trial whether they had hit the target or not. Metacognitive calibration and sensitivity were indeed related to task skill, and partially mediated the DKE. In a second study, we again measured task skill in an initial block, but titrated task difficulty in the second block so that all participants performed the task with equivalent levels of success. Metacognitive measures were again related to skill, but the DKE pattern itself was eliminated. In a third study, we used statistical modelling to illuminate these findings, showing that differences in metacognitive calibration and sensitivity can contribute to the DKE, but are neither necessary nor sufficient for it. This general analysis explains and quantifies how metacognitive insight and other factors interact to determine this famous effect."
Dunning-Kruger effect skill self-assessment accuracy,crossref,ok,6260576,10.1111/ejn.14935/v2/response1,"Author response for ""Neurophysiological Correlates of the Dunning‐Kruger Effect""",2020,
Dunning-Kruger effect skill self-assessment accuracy,crossref,ok,6260576,10.1136/bmj.o1701,David Oliver: Covid-19 and the Dunning-Kruger effect,2022,
Dunning-Kruger effect skill self-assessment accuracy,crossref,ok,6260576,10.36629/2686-7788-2026-1-418-421,THE DUNNING-KRUGER EFFECT: MATHEMATICS AND HUMAN SELF-ESTEEM,2026,"This article analyzes the Dunning-Kruger effect—a cognitive bias in which individuals with low compe-tence overestimate their abilities, while experts tend to underestimate them—in the field of mathemati-cal cognition. Mathematics is viewed as a unique testing ground for this phenomenon due to the objectivity of its truth criteria. Psychological and statistical explanations for the effect are discussed, as well as its paradoxical influence on the perception of mathematics as ""too difficult"" or ""unfair."" It is concluded that mathematical objectivity does not create, but rather destroys, illusions of self-esteem, serving as an effective tool for metacognitive correction"
Dunning-Kruger effect skill self-assessment accuracy,crossref,ok,6260576,10.31979/etd.9sph-9ay4,"Thinking Styles, Conspiracist Belief, and the Mediating Role of the Dunning-Kruger Effect in Modeling Belief Change",,
Dunning-Kruger effect skill self-assessment accuracy,crossref,ok,6260576,10.1007/978-981-16-0143-9_20,Dunning-Kruger Effect,2021,
Dunning-Kruger effect skill self-assessment accuracy,crossref,ok,6260576,10.2139/ssrn.5318307,Up and Down the Mount Stupid: An Emotional Explanation Of the Dunning-Kruger Effect,2025,
teacher noticing diagnostic competence classroom,crossref,ok,1070194,10.3102/ip.24.2112445,Teacher Noticing in Dialogic Classroom: Challenges and Coping Strategies,2024,
teacher noticing diagnostic competence classroom,crossref,ok,1070194,10.1016/j.tate.2023.104202,Noticing structural inequities in classroom discussions: The relationship between teacher educator pedagogies and teachers’ noticing,2023,
teacher noticing diagnostic competence classroom,crossref,ok,1070194,10.1007/978-3-032-31188-7_13,Teacher Noticing of Communicative Orchestration Through Error Mitigation in the Mathematics Classroom,2026,
teacher noticing diagnostic competence classroom,crossref,ok,1070194,10.1007/978-3-319-46753-5_17,Measuring Noticing Within Complex Mathematics Classroom Interactions,2017,
teacher noticing diagnostic competence classroom,crossref,ok,1070194,10.4324/9781003370604-9,Teacher noticing regarding aspects of instructional quality in the mathematics classroom,2024,
teacher noticing diagnostic competence classroom,crossref,ok,1070194,10.3102/2112445,Teacher Noticing in Dialogic Classroom: Challenges and Coping Strategies,2024,
teacher noticing diagnostic competence classroom,crossref,ok,1070194,10.61686/ejutx05461,,2022,
teacher noticing diagnostic competence classroom,crossref,ok,1070194,10.1016/j.tate.2025.105302,What is ‘teacher noticing for equity’? A scoping review and interpretive synthesis of the literature on equitable noticing practices in the classroom,2026,
teacher noticing diagnostic competence classroom,crossref,ok,1070194,10.37736/kjlr.2026.04.17.2.17,Teacher Noticing in Pre-service Korean Language Teachers’ Classroom Observation Reports,2026,"This study analyzes the patterns of teacher noticing observed in pre-service Korean language teachers’ classroom observation reports and identifies their characteristics. A total of 30 written classroom observation reports produced over a three-week period by pre-service teachers majoring in Korean language education were collected and analyzed. The reports were designed based on a three-stage structure: description, interpretation, and transfer. The analysis was conducted using agent, lesson stage, topic, and stance categories. The results show that the focus of noticing varied according to the lesson stage: teacher-centered noticing was prominent during the introduction and presentation stages, whereas learner-centered noticing appeared more frequently during the practice and activity stages. Furthermore, noticing was largely concentrated at the descriptive level, whereas interpretation and transfer were relatively limited. Regarding topics, most noticing focused on instructional methods for teaching content elements and the use of materials and contextual resources. These findings indicate that pre-service teachers’ noticing remains at an initial level, suggesting the need for systematic observation tools and pedagogical support that facilitate reflective processes and promote the development of noticing toward interpretation and transfer."
teacher noticing diagnostic competence classroom,crossref,ok,1070194,10.3102/1575906,Fostering Preservice Teacher Noticing of Classroom Discussion Features Through Analysis of Contrasting Cases,2020,
teacher noticing diagnostic competence classroom,crossref,ok,1070194,10.21125/edulearn.2026.0545,RE-SEEING CLASSROOM EVENTS: TEACHER EDUCATORS’ NOTICING IN 360° VIRTUAL REALITY,2026,
teacher noticing diagnostic competence classroom,crossref,ok,1070194,10.2307/jj.22730662.10,Researching Teacher Noticing,2021,
teacher noticing diagnostic competence classroom,crossref,ok,1070194,10.2307/jj.22730662.8,Language Teacher Noticing,2021,
teacher noticing diagnostic competence classroom,crossref,ok,1070194,10.2307/jj.22730662.11,Influences on Teacher Noticing,2021,
teacher noticing diagnostic competence classroom,crossref,ok,1070194,10.21832/9781800411241-006,3 Language Teacher Noticing,2021,
teacher noticing diagnostic competence classroom,crossref,ok,1070194,10.1515/9780748645190-005,Chapter 3 Classroom interactional competence,2013,
teacher noticing diagnostic competence classroom,crossref,ok,1070194,10.21832/9781800411241-009,6 Influences on Teacher Noticing,2021,
teacher noticing diagnostic competence classroom,crossref,ok,1070194,10.21832/9781800411241-008,5 Researching Teacher Noticing,2021,
teacher noticing diagnostic competence classroom,crossref,ok,1070194,10.3102/1683721,Teacher Noticing and Leveraging of Student Thinking in Science Lessons and Debriefs of Classroom Videos,2021,
teacher noticing diagnostic competence classroom,crossref,ok,1070194,10.1007/978-3-032-08175-9_11,The Noticing of a Mathematics Teacher Educator’s Noticing of Classroom Teachers in the Context of Learning to Teach Through Problem Posing,2026,
teacher noticing diagnostic competence classroom,crossref,ok,1070194,10.5040/9798216511960.ch-4,Teacher Communication Competence,2016,
teacher noticing diagnostic competence classroom,crossref,ok,1070194,10.65150/ep-jsshrs/v2e7/2026-44,Teacher Competence and Classroom Innovation in Foreign Language Teaching,2026,"As foreign language classrooms continue to evolve, the quality of language education increasingly depends on teachers' professional competence and their capacity to implement innovative practices suited to twenty-first-century teaching and learning. This article examines the relationship between teacher competence and pedagogical innovation in foreign language teaching across secondary schools, universities, teacher training institutions, and language centres, arguing that the two exist along a continuum rather than as separate constructs. Drawing on literature in Applied Linguistics, Language Education, Educational Technology, and Teacher Professional Development, the analysis shows that pedagogical innovation is most effective when supported by strong pedagogical knowledge, subject expertise, reflective practice, digital competence, and institutional support. The discussion draws on structured teacher and student questionnaires measuring professionalism, competence, reflective practice, Technological Pedagogical Content Knowledge (TPACK), institutional support, and students' perceptions of classroom practice. The article concludes that strengthening teacher competence through continuous professional development, institutional support, collaborative learning, and technology integration is essential for advancing foreign language education, and recommends that institutions and policymakers prioritise teacher development initiatives suited to multilingual, digitally dynamic contexts."
teacher noticing diagnostic competence classroom,crossref,ok,1070194,10.1007/978-3-319-46753-5_10,Following a Teacher’s Mathematical and Scientific Noticing Across Career Progression from Field Experiences to Classroom Teaching,2017,
teacher noticing diagnostic competence classroom,crossref,ok,1070194,10.1016/j.tate.2022.103932,Changes in noticing multiple dimensions in classroom situations among pre-service mathematics teachers,2023,
teacher noticing diagnostic competence classroom,crossref,ok,1070194,10.5951/mte-2019-0006,Noticing Aloud: Uncovering Mathematics Teacher Noticing in the Moment,2020,"Understanding mathematics teacher noticing has been the focus of a growing body of research, in which student work and classroom videos are often used as artifacts for surfacing teachers’ cognitive processes. However, what teachers notice through reflecting on artifacts of teaching may not be parallel to what they notice in the complex and demanding environment of the classroom. This article used a new technique, side-by-side coaching, to uncover teacher noticing in the moment of instruction. There were 21 instances of noticing aloud during side by side coaching which were analyzed and classified, yielding 6 types of teacher noticing aloud, including instances in which teachers expressed confidence, struggle, and wonder. Implications for coaching and future research on teacher noticing are discussed."
teacher noticing diagnostic competence classroom,crossref,ok,1070194,10.1007/s10857-006-0004-7,Noticing Children’s Learning Processes – Teachers Jointly Reflect on Their Own Classroom Interaction for Improving Mathematics Teaching,2006,
teacher noticing diagnostic competence classroom,crossref,ok,1070194,10.2307/jj.22730662.7,Noticing:,2021,
teacher noticing diagnostic competence classroom,crossref,ok,1070194,10.3102/2285843,Creating Learning Opportunities for Teacher Candidates to Build Noticing Skills and Self-Efficacy with Classroom Environment,2026,
teacher noticing diagnostic competence classroom,crossref,ok,1070194,10.2307/jj.22730662.13,Noticing of Verbal Resources,2021,
teacher noticing diagnostic competence classroom,crossref,ok,1070194,10.2307/jj.22730662.12,Noticing of Embodied Resources,2021,
teacher noticing diagnostic competence classroom,crossref,ok,1070194,10.31219/osf.io/d94t8,Teacher competence in inclusive mathematics education: Examining the effects of an innovative professional development program on teacher noticing,2025,"This study investigated the effects of an innovative professional development program aimed at enhancing teacher noticing skills and professional knowledge in inclusive (mathematics) education in secondary algebra instruction. A total of 653 participants, comprising master’s students, teachers in preparatory service, and in-service teachers from Germany, participated in a pretest–posttest evaluation design that included a control group. The program comprised 18 hours of coursework that integrated novel teaching materials and video-based learning activities that combined both mathematics pedagogical and general pedagogical perspectives on teacher noticing and associated knowledge.The results indicated significant improvements in teachers’ noticing skills and professional knowledge for the intervention group across all investigated facets, particularly for teacher noticing under a pedagogical perspective and mathematics pedagogical knowledge, compared to a control group that exhibited no significant changes. Effect sizes ranged from small to medium, suggesting that the professional development program effectively improved participants’ knowledge of inclusive teaching and their abilities to perceive, interpret, and make decisions in inclusive contexts. Notably, master’s students exhibited the most substantial gains in all competencies, while in-service teachers primarily improved their teacher noticing from a pedagogical perspective.The findings underscore the importance of tailored professional development for fostering teacher noticing in inclusive mathematics education and yield valuable insights into the competencies necessary for inclusive (mathematics) education."
teacher noticing diagnostic competence classroom,crossref,ok,1070194,10.4337/9781035321544.00025,Self-observation with video as a support for teacher noticing of student thinking,2025,
teacher noticing diagnostic competence classroom,crossref,ok,1070194,10.1007/978-3-032-31188-7_9,Noticing of Teacher’s Leaders’ Argumentation and Modelling in the Mathematics Classroom,2026,
teacher noticing diagnostic competence classroom,crossref,ok,1070194,10.21203/rs.3.rs-5752892/v1,Teacher competence in inclusive mathematics education: Examining the effects of an innovative professional development program on teacher noticing,2025,"Abstract
        This study investigated the effects of an innovative professional development program aimed at enhancing teacher noticing skills and professional knowledge in inclusive (mathematics) education in secondary algebra instruction. A total of 653 participants, comprising master’s students, teachers in preparatory service, and in-service teachers from Germany, participated in a pretest–posttest evaluation design that included a control group. The program comprised 18 hours of coursework that integrated novel teaching materials and video-based learning activities that combined both mathematics pedagogical and general pedagogical perspectives on teacher noticing and associated knowledge. The results indicated significant improvements in teachers’ noticing skills and professional knowledge for the intervention group across all investigated facets, particularly for teacher noticing under a pedagogical perspective and mathematics pedagogical knowledge, compared to a control group that exhibited no significant changes. Effect sizes ranged from small to medium, suggesting that the professional development program effectively improved participants’ knowledge of inclusive teaching and their abilities to perceive, interpret, and make decisions in inclusive contexts. Notably, master’s students exhibited the most substantial gains in all competencies, while in-service teachers primarily improved their teacher noticing from a pedagogical perspective. The findings underscore the importance of tailored professional development for fostering teacher noticing in inclusive mathematics education and yield valuable insights into the competencies necessary for inclusive (mathematics) education."
teacher noticing diagnostic competence classroom,crossref,ok,1070194,10.1007/s10857-025-09725-y,Noticing-as-design: generating new possibilities for teacher noticing,2025,"Abstract
                  This paper presents a reconceptualisation of teacher noticing as an intentional and generative design process. Drawing on ecological psychology and phenomenology, with enactivism serving as an integrative theoretical lens, we develop the Noticing-as-Design Framework. This framework elucidates how teachers proactively shape opportunities for meaningful noticing through two interrelated components: ecological design and phenomenological design. Ecological design entails teachers deliberately crafting physical, social, and cultural aspects of the classroom environment to create affordances that support noticing. Phenomenological design involves bringing specific phenomena into focus through carefully structured experiences and interactions. These components operate within what we term the D-E-S-I-G-N cycle (Design, Emergence, Seeing, Interpreting, Generating insights, New iteration), which conceptualises how teachers might iteratively develop their noticing capabilities. This theoretical framework extends existing perspectives on teacher noticing by highlighting how intentional design potentially shapes both what becomes noticeable and teachers’ capacity to notice. We discuss implications for research, teacher education, and professional development, acknowledging both the potential and limitations of this theoretical approach."
teacher noticing diagnostic competence classroom,crossref,ok,1070194,10.24053/9783823393740,Classroom Discourse Competence,2022,"In language learning contexts, the role of the language teacher is a particularly crucial one: it is the teacher who, through and with their use of (the foreign) language, has a significant influence on the extent to which language learners are linguistically/cognitively activated, and thus determines whether processes of language learning are initiated and promoted, or perhaps even impeded or prevented. Thus, it is of utmost importance for language teachers to acquire a high level of classroom discourse competence (CDC) - a professional competence that goes far beyond the notions of FL proficiency and communicative competence. 
Located at the intersection of theory, classroom research and practical approaches to (E)FL teacher education, Classroom Discourse Competence: Current Issues in Language Teaching and Teacher Education offers university students, trainee teachers, in-service teachers and teacher educators a comprehensive conceptualization of CDC (Part I). Furthermore, the chapters in this book explore facets of CDC (Part II) and present good-practice examples of CDC development in the context of pre-service teacher education (Part III)."
teacher noticing diagnostic competence classroom,crossref,ok,1070194,10.1007/978-3-319-46753-5_16,Complexities in Measuring Teacher Noticing: Commentary,2017,
teacher noticing diagnostic competence classroom,crossref,ok,1070194,10.2307/jj.22730662.14,Noticing and Pre-Service Teachers,2021,
teacher noticing diagnostic competence classroom,crossref,ok,1070194,10.1007/978-3-319-46753-5_12,Extending Equitable Practices in Teacher Noticing: Commentary,2017,
teacher noticing diagnostic competence classroom,crossref,ok,1070194,10.1007/978-3-319-46753-5_23,Exploring the Boundaries of Teacher Noticing: Commentary,2017,
teacher noticing diagnostic competence classroom,crossref,ok,1070194,10.31390/gradschool_theses.4433,Examining Teacher Multicultural Competence in The Classroom: Further Validation of The Multicultural Teaching Competency Scale,,
teacher noticing diagnostic competence classroom,crossref,ok,1070194,10.1007/s10857-006-9018-4,Noticing children’s learning processes – Teachers jointly reflect on their own classroom interaction for improving mathematics teaching,2007,
teacher noticing diagnostic competence classroom,crossref,ok,1070194,10.21832/9781800411241-011,8 Noticing of Verbal Resources,2021,
teacher noticing diagnostic competence classroom,crossref,ok,1070194,10.21832/9781800411241-012,9 Noticing and Pre-Service Teachers,2021,
teacher noticing diagnostic competence classroom,crossref,ok,1070194,10.4324/9781003370604-7,Heterogenous student characteristics as a challenge in professional noticing of teachers in diagnostic judgment situations,2024,
teacher noticing diagnostic competence classroom,crossref,ok,1070194,10.20396/zet.v33i00.8683059,Formação de professores baseada na prática e o desenvolvimento da competência de noticing de professores de matemática,2026,"A qualidade da educação e das aprendizagens dos estudantes certamente passa pela formação de professores. Assim, no presente estudo buscamos compreender como a competência do noticing profissional do professor de matemática pode ser desenvolvida em um processo de formação de professores baseado na prática. Para tal, realizamos um estudo qualitativo-interpretativo em que os professores de matemática vivenciaram tarefas de aprendizagem profissional voltadas para a preparação, implementação e análise de uma aula de matemática nos anos finais do ensino fundamental. Utilizando-se de dados recolhidos por meio de vídeos das sessões de formação, analisaram-se as informações por meio da organização de vinhetas ilustrativas das vivências dos professores ao longo do processo formativo. Dentre os principais resultados destacamos que os professores passaram a identificar e interpretar o pensamento dos alunos com maior profundidade e tomando-se por base elementos teóricos discutidos ao longo da formação. Também foi possível identificar que os professores passaram a utilizar o pensamento dos alunos para reconhecer e legitimar as ações de um professor participante que teve sua aula refletida coletivamente pelo grupo de professores em formação."
teacher noticing diagnostic competence classroom,crossref,ok,1070194,10.1080/1046560x.2025.2582227,The Asset of Noticing: What New Science Teachers’ Noticing of Classroom Instruction Reveals About Their Knowledge of Science Practices,2025,
teacher noticing diagnostic competence classroom,crossref,ok,1070194,10.21832/9781800411241-010,7 Noticing of Embodied Resources,2021,
teacher noticing diagnostic competence classroom,crossref,ok,1070194,10.37546/jalttlt35.3-5,Improving interpersonal competence in the communicative classroom,2011,"Current practice in language teaching based on the communicative approach emphasizes the development of language skills. Opportunities are given for students to develop their language skills through interaction based on pair and group work. Such social interaction requires the use of interpersonal skills. If students do not feel confident about their interpersonal skills, they may be reluctant to take part in communicative activities that require social interaction. Interpersonal skills are also important if students are to effectively and confidently use the language skills they have been studying in real life situations. This article describes the importance of introducing interpersonal skills in the language classroom and gives practical suggestions on how to develop such skills.

コミュニカティブ・アプローチに基づく現行の言語教育では、コミュニケーション能力を重要視している。そのため、学生はペアおよびグループワークを行い、対人関係を築きながら言語能力を育成している。対人関係はすべてのコミュニケーションの基礎となるからである。学習中の言語能力を実生活の中で、学生が自信を持って活用するためには、対人関係のスキルを学ぶ必要がある。本論では、語学の授業に対人関係のスキルを導入することの重要性を述べ、スキル向上の実際的な提案を行う。"
teacher noticing diagnostic competence classroom,crossref,ok,1070194,10.21832/9781800411241-005,2 Noticing: An Integrative Perspective,2021,
naturalistic decision making expert diagnosis recognition-primed,crossref,ok,2859448,10.1016/j.eswa.2024.125907,Probabilistic memory-enhanced recognition-primed decision model and its application to pilot decision-making in midair encounters,2025,
naturalistic decision making expert diagnosis recognition-primed,crossref,ok,2859448,10.4337/9780857936370.00014,Expert Intuition and Naturalistic Decision Making,2011,
naturalistic decision making expert diagnosis recognition-primed,crossref,ok,2859448,10.3389/fpsyg.2022.936140,Naturalistic Decision-Making in Sport: How Current Advances Into Recognition Primed Decision Model Offer Insights for Future Research in Sport Settings?,2022,
naturalistic decision making expert diagnosis recognition-primed,crossref,ok,2859448,10.14236/ewic/ndm2009.57,The Variations of Recognition Primed Decision-Making and How it Informs Design Decision-Making,2009,
naturalistic decision making expert diagnosis recognition-primed,crossref,ok,2859448,10.21236/ada199076,Knowledge Elicitation of Recognition-Primed Decision Making,1988,
naturalistic decision making expert diagnosis recognition-primed,crossref,ok,2859448,10.4324/9781410604200-9,"""Outsider:"" Impressions of Naturalistic Decision Making",2001,
naturalistic decision making expert diagnosis recognition-primed,crossref,ok,2859448,10.1201/9781315597584-2,The Macrocognition Framework of Naturalistic Decision Making,2017,
naturalistic decision making expert diagnosis recognition-primed,crossref,ok,2859448,10.4324/9781410604200-8,Expertise and Naturalistic Decision Making: An Overview,2001,
naturalistic decision making expert diagnosis recognition-primed,crossref,ok,2859448,10.1201/9781315597584-4,Technology and “Naturalistic” Decision Making: Myths and Realities,2017,
naturalistic decision making expert diagnosis recognition-primed,crossref,ok,2859448,10.1201/9781315597584-19,Cognitive Engineering Based on Expert Skill: Notes on Success and Surprises,2017,
naturalistic decision making expert diagnosis recognition-primed,crossref,ok,2859448,10.1037/e587382011-001,MoCog1: A Computer Simulation of Recognition-Primed Human Decision Making,1991,
naturalistic decision making expert diagnosis recognition-primed,crossref,ok,2859448,10.4324/9781410604200-18,Reflective Versus Nonreflective Thinking: Motivated Cognition in Naturalistic Decision Making,2001,
naturalistic decision making expert diagnosis recognition-primed,crossref,ok,2859448,10.1177/155534341000400404,A Comparison of the Decision Ladder and the Recognition-Primed Decision Model,2010,"Cognitive work analysis and cognitive task analysis approach the analysis of decisions in ways that are at least superficially dissimilar. In this paper, I review the two approaches, work (or control) task analysis and naturalistic decision making, to identify similarities and differences, and I assess the implications of looking at decisions from these two different perspectives. I conclude that although these two approaches are superficially dissimilar, they are theoretically compatible. However, the standard form of decision ladder, which is the representational product of work (or control) task analysis, does not take full account of contemporary insights from the three-stage model of situation awareness, the distinction between implicit and explicit cognitive processing, or the principles of naturalistic decision making. I propose modifications of the decision ladder to incorporate these ideas."
naturalistic decision making expert diagnosis recognition-primed,crossref,ok,2859448,10.1017/9781316480748.025,Expert Professional Judgments and “Naturalistic Decision Making”,,
naturalistic decision making expert diagnosis recognition-primed,crossref,ok,2859448,10.1093/oso/9780198871569.003.0004,Why Intuition Often Gets It Right,2023,"Abstract
               The main idea of this chapter is that experienced decision-makers are able to make fast, accurate judgements and take effective decisions through the intuitive processes of pattern recognition and pattern matching. The model of how this works is called the ‘recognition-primed decision (RPD) model’. It is one of the cornerstones of the field of ‘naturalistic decision-making’ (NDM) research. The work of the applied psychologist Gary Klein is centre stage. In common with fast-and-frugal heuristics, and unlike heuristics and biases, it is based on the idea that intuition can be a source of decision-making power when exercised by the right person, the right way, under the right circumstances. By emphasizing pattern recognition and pattern matching the RPD model resonates with Herbert Simon’s definition of intuitions as analyses frozen into habit and the capacity for rapid response through recognition. RPD’s applications in business are discussed and a potential new variant of it, ‘intuition-based inquiry’, is presented."
naturalistic decision making expert diagnosis recognition-primed,crossref,ok,2859448,10.4324/9781410604200-19,The Management of Temporal Constraints in Naturalistic Decision Making: The Case of Anesthesia,2001,
naturalistic decision making expert diagnosis recognition-primed,crossref,ok,2859448,10.1201/9781315597584-12,Strategies in Naturalistic Decision Making: A Cognitive Task Analysis of Naval Weather Forecasting,2017,
naturalistic decision making expert diagnosis recognition-primed,crossref,ok,2859448,10.4324/9781410604200-35,Tactical Mission Analysis by Means of Naturalistic Decision Making and Cognitive Systems Engineering,2001,
naturalistic decision making expert diagnosis recognition-primed,crossref,ok,2859448,10.1177/15553434261472960,Susceptibility to Misinformation: Exploring Persuasion and Prior Orientation in Recognition-Primed Decision Pathways,2026,"Misinformation poses growing risks to public well-being, contributing to vaccine refusal, climate inaction, and erosion of democratic institutions. A body of research has examined who is vulnerable to misinformation and the psychological and social mechanisms shaping belief, including analytic reasoning, motivated cognition, identity, and social and source cues. However, less attention has been given to how individuals evaluate misinformation in context and how this evaluation interacts with their prior topic-specific associative orientations. This study investigates how these orientations and persuasive framing interact within recognition-primed decision pathways when individuals encounter narratives. Using a qualitative Cognitive Task Analysis guided by the Recognition-Primed Decision framework, six participants evaluated misinformation narratives across three domains: vaccines, climate change, and bioweapons, presented using systematically varied rhetorical framings. Implicit Association Tests were used descriptively to indicate topic-specific associative patterns. Reasoning processes were examined through think-aloud protocols and Critical Decision Method interviews, tracing cue recognition, interpretation, and judgment. The findings illustrate how alignment between narrative cues and participants’ associative orientations can reinforce confirmation tendencies, whereas mismatches may trigger skepticism and reconsideration. The study provides an exploratory process-level account of how persuasion cues interact with prior orientations during recognition-based decision pathways, illustrating susceptibility as a context-sensitive evaluation process."
naturalistic decision making expert diagnosis recognition-primed,crossref,ok,2859448,10.3233/978-1-61499-203-5-107,Neuroanatomical Basis for Recognition Primed Decision Making,2013,"Effective decision making under time constraints is often overlooked in medical decision making. The recognition primed decision making (RPDM) model was developed by Gary Klein based on previous recognized situations to develop a satisfactory solution to the current problem. Bayes Theorem is the most popular decision making model in medicine but is limited by the need for adequate time to consider all probabilities. Unlike other decision making models, there is a potential neurobiological basis for RPDM. This model has significant implication for health informatics and medical education."
naturalistic decision making expert diagnosis recognition-primed,crossref,ok,2859448,10.1002/bdm.384,What is really naturalistic in naturalistic decision‐making research?,2001,
naturalistic decision making expert diagnosis recognition-primed,crossref,ok,2859448,10.1016/j.apnr.2019.01.003,Deriving the Practice-Primed Decision Model from a naturalistic decision-making perspective for acute care nursing research,2019,
naturalistic decision making expert diagnosis recognition-primed,crossref,ok,2859448,10.1080/00140130701393452,Naturalistic decision-making in expert badminton players,2007,
naturalistic decision making expert diagnosis recognition-primed,crossref,ok,2859448,10.14236/ewic/ndm2009.11,Modeling the Dynamics of Recognition-Primed Decision Making,2009,
naturalistic decision making expert diagnosis recognition-primed,crossref,ok,2859448,10.1017/cbo9780511816796.023,Professional Judgments and “Naturalistic Decision Making”,2006,
naturalistic decision making expert diagnosis recognition-primed,crossref,ok,2859448,10.1111/j.1556-4029.2011.01714.x,Naturalistic Decision Making in Forensic Science: Toward a Better Understanding of Decision Making by Forensic Team Leaders,2011,
naturalistic decision making expert diagnosis recognition-primed,crossref,ok,2859448,10.1201/9781315597584-10,Cultural Variations in Mental Models of Collaborative Decision Making,2017,
naturalistic decision making expert diagnosis recognition-primed,crossref,ok,2859448,10.4324/9781410604200-20,Analyzing Submarine Decision Making: A Question of Levels,2001,
naturalistic decision making expert diagnosis recognition-primed,crossref,ok,2859448,10.1093/med/9780199768882.003.0001,Pain Without a Pathoanatomic Diagnosis,2013,
naturalistic decision making expert diagnosis recognition-primed,crossref,ok,2859448,10.1177/1555343416672557,Analysis of In-Game Communication as an Indicator of Recognition Primed Decision Making in Elite Australian Rules Football Umpires,2016,"In sport, decision-making research has identified consistent results among the three variations of the recognition primed decision (RPD) model. Despite the fact that officials in sport are a key component of sports systems, previous research has explored the RPD model in players only. This paper addresses this by applying the RPD model to examine the decision making of umpires in Australian Rules football (Australian Football League [AFL]). Method: Audible communication instances of AFL field umpiring teams overseeing three games were transcribed. The data were coded into “decision moments”; each decision moment was classified into one of the three RPD model variations. Results: Within the 6,025 communication instances, 887 decision moments were identified. Of the decision moments, 78.70% were classified as Variation 1, 19.75% as Variation 2, and 1.35% as Variation 3. Discussion: The results demonstrate that AFL umpire decision making can be characterized by a similar RPD breakdown as that by players in sport. RPD variation in AFL umpiring is influenced by the game situation and the type of adjudication being made. The implications for research and practice are discussed, including extending the analysis to multirole officiating teams (e.g., soccer) and the provision of tailored decision-making training."
naturalistic decision making expert diagnosis recognition-primed,crossref,ok,2859448,10.4324/9781315806129,Naturalistic Decision Making,2014,
naturalistic decision making expert diagnosis recognition-primed,crossref,ok,2859448,10.1177/1555343418789831,"Evidence-Based Medicine, Best Practices, Transductive Models, and Naturalistic Decision Making: Commentary on Paul R. Falzer, Naturalistic Decision Making and the Practice of Health Care",2018,"Expert and informed decision making is an essential process in all of health care. Evidence-Based Medicine (EBM) purports to support and enhance this process by the timely infusion of high-quality, pertinent evidence from health research, tailored as closely as possible to the individual and their health problem. Doing so is not an easy task for many reasons, beginning with imperfections and incompleteness in the evidence and ending with the complexities of the dual decision making required by individuals and their care providers. EBM needs a lot of help supporting decision-making processes and welcomes further interdisciplinary collaboration. The “conformist principle,” “best practice regimens,” and “transductive models” should not be considered as barriers to such collaboration: These are not part of EBM. Rather, EBM has always seen evidence from health research as but one of many inputs to decision making by providers and patients. An overarching problem for collaboration to address is understanding the decision-making process well enough to develop effective means to bolster it, so that people are consistently offered the current best options for their problems in a way that fits their circumstances and that they can understand and judge."
naturalistic decision making expert diagnosis recognition-primed,crossref,ok,2859448,10.1017/cbo9780511584169.015,Naturalistic decision making and the new organizational context,1996,
naturalistic decision making expert diagnosis recognition-primed,crossref,ok,2859448,10.1002/bdm.385,Naturalistic decision making and decision analysis,2001,
naturalistic decision making expert diagnosis recognition-primed,crossref,ok,2859448,10.21236/ada492114,Naturalistic Decision Making: Implications for Design,1993,
naturalistic decision making expert diagnosis recognition-primed,crossref,ok,2859448,10.33612/diss.1457017161,A timely dementia diagnosis – from recognition to decision-making across care settings,,
naturalistic decision making expert diagnosis recognition-primed,crossref,ok,2859448,10.1002/bdm.383,Naturalistic decision making and prescriptive decision theory,2001,
naturalistic decision making expert diagnosis recognition-primed,crossref,ok,2859448,10.1518/155534309x474488,System Dynamics Modeling of the Time Course of the Recognition-Primed Decision Model,2009,"Two types of decision-making processes have been identified in the literature: an analytical process and an intuitive process. One conceptual model of the latter is the recognition-primed decision (RPD) model (e.g., Klein, 2008). According to this model, decision making in naturalistic contexts entails a situational pattern-recognition process that, if subsequent expectancies are confirmed, leads the decision maker to render a decision to engage in a given course of action. In this paper, we describe a system dynamics model of Klein's RPD framework that focuses upon the dynamics of the decision-making process. The structure of our RPD model is based on a model of a set of laboratory phenomena called conjunction benefits and costs (e.g., L. R. Fournier, Patterson, Dyre, Wiediger, &amp; Winters, 2007), which was extended to encompass the RPD framework. The results of our simulations suggest that decision priming (a bias toward rendering a given decision based on prior information) is a phenomenon that should occur in many naturalistic settings."
naturalistic decision making expert diagnosis recognition-primed,crossref,ok,2859448,10.1002/bdm.380,Forum on naturalistic decision making,2001,
naturalistic decision making expert diagnosis recognition-primed,crossref,ok,2859448,10.4324/9781410604200-34,The Nature of Constraints on Collaborative Decision Making in Health Care Settings,2001,
naturalistic decision making expert diagnosis recognition-primed,crossref,ok,2859448,10.4324/9781410604200-29,Tool Retention and Fatalities in Wildland Fire Settings: Conceptualizing the Naturalistic,2001,
naturalistic decision making expert diagnosis recognition-primed,crossref,ok,2859448,10.4324/9781410604200-24,Representing Expertise,2001,
naturalistic decision making expert diagnosis recognition-primed,crossref,ok,2859448,10.1002/bdm.387,Naturalistic decision making and clinical judgment,2001,
naturalistic decision making expert diagnosis recognition-primed,crossref,ok,2859448,10.1049/ic:19971217,Quick thinking and naturalistic decision making - the same thing?,1997,
naturalistic decision making expert diagnosis recognition-primed,crossref,ok,2859448,10.4324/9781410604200-12,Identifying and Testing a Naturalistic Approach for Cognitive Skill Training,2001,
naturalistic decision making expert diagnosis recognition-primed,crossref,ok,2859448,10.1002/bdm.391,Ambivalence in (not about ) naturalistic decision making,2001,
naturalistic decision making expert diagnosis recognition-primed,crossref,ok,2859448,10.1002/bdm.393,Naturalistic decision making: still finding its way,2001,
naturalistic decision making expert diagnosis recognition-primed,crossref,ok,2859448,10.1016/s1474-6670(17)40097-8,Modelling Recognition-Primed Decision Making Under Time Pressure and Multiple Situational Contexts,1998,
naturalistic decision making expert diagnosis recognition-primed,crossref,ok,2859448,10.1002/bdm.380.abs,Forum on naturalistic decision making,2001,
naturalistic decision making expert diagnosis recognition-primed,crossref,ok,2859448,10.21236/ada226887,Recognition-Primed Decision Strategies,1990,
probing questions tutorial dialogue learner model,crossref,ok,3557922,10.4135/9781473930889,Leadership for Learning,2015,
probing questions tutorial dialogue learner model,crossref,ok,3557922,10.1887/0750300582/b391b2,"Tutorial questions, Answers to tutorial questions",,
probing questions tutorial dialogue learner model,crossref,ok,3557922,10.1504/ijlt.2013.059132,Learner characteristics and dialogue: recognising effective and student-adaptive tutorial strategies,2013,
probing questions tutorial dialogue learner model,crossref,ok,3557922,10.18653/v1/2005.sigdial-1.19,A Hybrid Model for Tutorial Dialogs,2005,
probing questions tutorial dialogue learner model,crossref,ok,3557922,10.3115/1631836.1631843,Learner characteristics and feedback in tutorial dialogue,2008,
probing questions tutorial dialogue learner model,crossref,ok,3557922,10.4135/9781506313504,Principal as Lead Learner,2013,
probing questions tutorial dialogue learner model,crossref,ok,3557922,10.1201/9781003064008,The Human Tutorial Dialogue Project,2020,
probing questions tutorial dialogue learner model,crossref,ok,3557922,10.15845/voices.v16i1.849.s237,Probing Questions for the Interviews,,
probing questions tutorial dialogue learner model,crossref,ok,3557922,10.7717/peerj-cs.532/table-8,Table 8: Similarity recommendation against learner questions.,,
probing questions tutorial dialogue learner model,crossref,ok,3557922,10.2139/ssrn.4644306,Exploring the Potential of Large Language Model-Based Task-Oriented Dialogue Chatbots from Learner Perspectives,2023,
probing questions tutorial dialogue learner model,crossref,ok,3557922,10.1093/applin/ams002,Collaborative Dialogue in Learner–Learner and Learner–Native Speaker Interaction,2012,
probing questions tutorial dialogue learner model,crossref,ok,3557922,10.1016/b978-0-08-100275-9.00042-5,Tutorial Questions,2016,
probing questions tutorial dialogue learner model,crossref,ok,3557922,10.21236/ada211976,Computer Generation of a Tutorial Dialogue,1989,
probing questions tutorial dialogue learner model,crossref,ok,3557922,10.1007/978-3-642-57827-4_11,Deciding What to Say: An Agent-Theoretic Approach to Tutorial Dialogue,1995,
probing questions tutorial dialogue learner model,crossref,ok,3557922,10.31234/osf.io/r2zqy,Formalizing verbal theories: A tutorial by dialogue,2020,"We present a tutorial for formalizing verbal theories of psychological phenomena—social or otherwise. The approach builds on concepts and tools from the mathematics of computation. We use intuitive examples and illustrate the intrinsic dialectical nature of the formalization process by presenting dialogues between two fictive characters, called Verbal and Formal. These characters’ conversations and thought experiments serve to highlight important lessons in theoretical modeling."
probing questions tutorial dialogue learner model,crossref,ok,3557922,10.4324/9781410617071-23,Generating Tutorial Dialogue,2006,
probing questions tutorial dialogue learner model,crossref,ok,3557922,10.22251/jlcci.2018.18.23.519,Development of the instructional design model for enhancing students’ generated questions in lecture-oriented university class,2018,
probing questions tutorial dialogue learner model,crossref,ok,3557922,10.7717/peerj-cs.532/fig-10,Figure 10: The flow diagram for suggesting correct questions to the learner.,,
probing questions tutorial dialogue learner model,crossref,ok,3557922,10.1017/s0012217300025270,"Questions sur l'homme. Par Olivier Clément. Collection « Questions ». Paris, Stock, 1972. 214 pages.",1974,
probing questions tutorial dialogue learner model,crossref,ok,3557922,10.1017/s0012217317000865,"The Learner of Language: Communion, Resonance and Pedagogical Practice",2017,"This paper focuses on the process of language acquisition in childhood. Departing from accounts—such as that of Jean Piaget, which considers cognitive development as the main condition of language acquisition—Taylor shows how deeply our linguistic capacity is rooted in a prior socio-affective realm of social spaces or communion. Beyond Taylor, the question arises as to whether one can identify different normative consequences for pedagogical practices, as well as for the status of childhood in social theory. The implications of Taylor’s language theory for the relation between human and world will be suggested by connecting the intrinsic dimensions of linguistic communication to the theory of resonance."
probing questions tutorial dialogue learner model,crossref,ok,3557922,10.1037/e434222004-001,Learner control of instructional sequencing within an adaptive tutorial CAI environment.,1975,
probing questions tutorial dialogue learner model,crossref,ok,3557922,10.3115/1599081.1599091,A classification of dialogue actions in tutorial dialogue,2008,
probing questions tutorial dialogue learner model,crossref,ok,3557922,10.1075/ds.27.09koi,Changing frames in native speaker and learner talk,2015,"This study examines how Spanish native speakers (NSs) and second language (L2) learners deal with changing frames in talk. Goffman’s (1974) ideas of frames and ‘keys’ are extended to NS-learner informal interviews to characterize the pragmatic resources that NS and learners use to change frames. The data indicate that the participants signal changes using various pragmatic resources, such as questions implying a new frame, personal comments, and emotional reactions such as laughter or sympathy. Frame changes can also be rejected. The study illustrates the role of pragmatics in pointing to changes in the discourse, showing that L2 communication difficulties can stem from such changes. These pragmatic resources should be part of the description of ‘shared repertoires’ that facilitate dialogue in NS-learner communities."
probing questions tutorial dialogue learner model,crossref,ok,3557922,10.3998/mpub.12740856.cmp.164,Sound File 10.2: Choice Questions (Dialogue 1),,
probing questions tutorial dialogue learner model,crossref,ok,3557922,10.22251/jlcci.2018.18.18.245,Dialogue Journal Writing: a Case Study for Learner-Centered Writing Classes,2018,
probing questions tutorial dialogue learner model,crossref,ok,3557922,10.1007/978-3-642-57827-4_3,Asymmetry and Accommodation in Tutorial Dialogues,1995,
probing questions tutorial dialogue learner model,crossref,ok,3557922,10.1109/bigdata66926.2025.11401804,Architecture for Deliberative Reasoning (ADR): A Computational Model of Facilitated Dialogue for Societal Questions,2025,
probing questions tutorial dialogue learner model,crossref,ok,3557922,10.4324/9780203053805-9,Computer Conferencing and Collaborative Writing Tools: Starting a Dialogue About Student Dialogue,2012,
probing questions tutorial dialogue learner model,crossref,ok,3557922,10.1017/s0012217313000036,Probing the Scope of the Minimalism of Lagueux’s Rationality,2012,
probing questions tutorial dialogue learner model,crossref,ok,3557922,10.4135/9781473934764,Research Aims and Objectives,2015,
probing questions tutorial dialogue learner model,crossref,ok,3557922,10.5594/j03690,"SMPTE Tutorial: SMPTE Tutorial: 1,001 Questions to Ask before Deciding on a Nonlinear Video Editing System",1994,
probing questions tutorial dialogue learner model,crossref,ok,3557922,10.18411/spc-01-11-2020,"Scientific dialogue: Questions of philosophy, sociology, history, political science",,
probing questions tutorial dialogue learner model,crossref,ok,3557922,10.1017/s0012217324000350,"Enquête, questions et actions",2024,"RésuméCet article vise à élucider la nature de l'enquête. Je présente tout d'abord les desiderata communs à toute théorie de l'enquête. Je catégorise ensuite l'enquête comme un processus structuré en me concentrant sur ses composantes essentielles : des attitudes de questionnement guidant des actions. Enfin, je me penche sur l'objection récente selon laquelle les attitudes de questionnement ne sont pas nécessaires à l'enquête. Je défends la thèse selon laquelle l'enquête est un processus structuré essentiellement constitué d'attitudes de questionnement ayant deux rôles fonctionnels précis, soit d'initier et de guider le déploiement de capacités cognitives en vue d'un but épistémique."
probing questions tutorial dialogue learner model,crossref,ok,3557922,10.21125/edulearn.2019.2213,APPLICATION OF EDUCATIONAL DIALOGUE MODEL IN THE PROCESS OF SUPPORT RENDERED IN INCLUSIVE EDUCATION TO A LEARNER WITH HEARING DEFICIT,2019,
probing questions tutorial dialogue learner model,crossref,ok,3557922,10.1201/noe0750300582.bmatt,Tutorial questions,1990,
probing questions tutorial dialogue learner model,crossref,ok,3557922,10.5948/upo9780883859735.011,Frequently Asked Questions,2009,
probing questions tutorial dialogue learner model,crossref,ok,3557922,10.3998/mpub.12740856.cmp.165,Sound File 10.3: Choice Questions (Additional Dialogue Examples),,
probing questions tutorial dialogue learner model,crossref,ok,3557922,10.5040/9781350177680.0014,Make Questions Explicit in Dialogue,2021,
probing questions tutorial dialogue learner model,crossref,ok,3557922,10.1017/s0012217300030225,Scepticism and Vain Questions,1974,"In this paper I shall consider Hume's claim that it is in vain to ask “Whether there be body or not ?’ I have often been puzzled by this interesting remark; puzzled as to just what he meant by it, why he said it, and whether he was right. I don't expect to do any more than explore some of the possibilities and suggest some tentative answers in this discussion. Hume seems to have argued that we can't take this question seriously because we could never sincerely believe what we said if we denied that “body” exists; and that we can't have any genuine doubt on this head because “certain trivial qualities of the fancy” (p. 217) lead us inevitably into a “gross illusion” (ibid). We are thus stuck having to believe what we can prove to be false. Reason mocks us like a palsied hand, knocking away precisely what it tries hardest to grasp. This, I say, is what Hume seems to have argued. But let's see what else we can do with his words. I shall begin by giving a brief account of this belief in “body”. I shall then explore some senses in which the question of the existence of body might turn out to be vain."
probing questions tutorial dialogue learner model,crossref,ok,3557922,10.1017/s0012217300044279,"Introductory Formal Logic of Mathematics. By B. H. Nidditch. University Tutorial Press, 1957, pp. vi, 188.",1964,
probing questions tutorial dialogue learner model,crossref,ok,3557922,10.18209/iakle.2018.29.2.73,A Case Study of KSL Learner-Learner Dialogue as a Cognitive Activity in Speaking Tasks,2018,
probing questions tutorial dialogue learner model,crossref,ok,3557922,10.1093/oso/9780192872289.003.0008,Non-canonical questions as second moves in a dialogue,2023,"Abstract
               Chapter 8 of the book turns to non-canonical questions as second moves in a dialogue and introduces the important distinction between answers and responses. Intuitively, since non-canonical questions often carry presuppositions that can potentially convey information asked for in a dialogue sequence, those questions can potentially be used as responses to other questions. The chapter connects relevant data on those response patterns to the syntax of other response strategies (like anaphoric response particles) and develops an analysis that can account for the indirect ways in which non-canonical questions can be used as second moves in a dialogue via pragmatic inferences."
probing questions tutorial dialogue learner model,crossref,ok,3557922,10.1007/978-94-015-3963-0_3,Questions,1983,
probing questions tutorial dialogue learner model,crossref,ok,3557922,10.7202/1107739ar,Formulating Questions is the ‘Answer’ for both Learning and Discovery: Probing a New Model for Education,2023,We describe the importance of exploration and formulating questions to be explored ratherthan studying the answers of the past as a way to reform education based on ideas first formulated byMarshall McLuhan.
probing questions tutorial dialogue learner model,crossref,ok,3557922,10.1093/oso/9780192872289.003.0007,Non-canonical questions as first moves in a dialogue,2023,"Abstract
               Chapter 7 looks in more detail into the pragmatic properties of some types of non-canonical questions and asks whether some pragmatic aspects that can be observed in the context of dialogue sequences should be represented in the syntax. The chapter focuses on features of non-canonical questions as first moves in a dialogue, and it discusses the fundamental distinction between a request for information and a request for affirmation in this domain. Some expressive non-canonical questions share many aspects with exclamation speech acts, and the chapter will explore to what extent they should also be analyzed along the lines of exclamations. Given this discussion, the last section of Chapter 7 summarizes some consequences for the syntactic analysis of some of the expressive types of non-canonical questions."
probing questions tutorial dialogue learner model,crossref,ok,3557922,10.4324/9781315841342-7,Direct questions in argumentative student writing,2014,
probing questions tutorial dialogue learner model,crossref,ok,3557922,10.1016/b978-1-84334-234-2.50024-5,Revision tutorial: questions,2007,
probing questions tutorial dialogue learner model,crossref,ok,3557922,10.31234/osf.io/ajzyh_v1,Probing missing data in population-based longitudinal studies: A tutorial and application using R,2025,"A common challenge in longitudinal population-based research is the amount of incomplete and missing data that occurs for failing to complete the protocol, as well as potential loss to follow-up overtime. These types of missingness in a dataset can lead to problems such as biases in parameter estimates and loss of power during statistical testing, and ultimately, interpretation of findings. Yet, few studies report key information about missingness in their sample. Moreover, while a breadth of information already exists on the types of missingness and potential methods for handling missingness, the field lacks details on how to conduct a missingness analysis in a real-world setting. In this tutorial, we illustrate key steps in handling missing data and provide an opportunity for researchers to practice appropriate steps in identifying the magnitude and patterns of missing data, as well as assess both selection and retention bias. We utilize a large publicly available longitudinal pediatric population-based study with a focus on air pollution as the primary exposure and a type of emotional health behavior, known as internalization, as the outcome. We provide the reproducible R code for researchers to be able to easily adapt to their own longitudinal observational study."
probing questions tutorial dialogue learner model,crossref,ok,3557922,10.22251/jlcci.2022.22.20.495,Development and Effectiveness Analysis of DNA Model Program Using 4D-Frame for High School Students: Focusing on Learner-centered Questions and Concept Learning,2022,"Objectives  The purpose of this study is to develop a DNA model program using 4D-Frame for high school students and to analyze learner-centered question creation, concept learning and knowledge retention effects. Methods  The prograsm was applied to 147 second-year students. DNA model production activity class using 4D-Frame was applied to the experimental group and DNA model production activity using the paper model was applied to the control group. Class effectiveness analysis was conducted on 93 students who completed both in-class learning activity sheet and one month after class activity sheet. Learner-centered question creation, concept learning, and knowledge retention effects were analyzed using a question analysis frame and a statistical program based on questions and answers written in the learning activity sheet. For class satisfaction analysis, an independent sample t-test was conducted. Results  As a result of analyzing the creation of learner-centered questions from in-class learning activity sheet and one month after class activity sheet, the experimental group shows more higher level of question type proportion than the control group at both the knowledge type and cognitive process type. As a result, there is a statistically significant differences between the experimental group and the control group in both types in the in-class learning activity sheet. But there is a statistically significant differences between the experimental group and the control group only in the knowledge type in the one month after class learning activity sheet. As a result of concept learning analysis from in-class learning activity sheet, the experimental group shows more concept learning and inter-concept associations, and efficient association expansion by rapidly associating more concepts per concept than the control group. As a result of concept learning analysis from one month after class learning activity sheet, the experimental group remembers more concepts and inter-concept associations than the control group. Also, the association expansion between concepts of the experimental group occurs more rapidly than that of the control group, resulting in a great knowledge retention effect. Class satisfaction is higher in the average of the experimental group (4.16±0.58) than in that of the control group(3.84±0.51), and there is a statistically significant difference between them as a result of the independent sample t-test (p&lt;.01). Through this, it can be confirmed that DNA model program using 4D-Frame provides greater satisfaction than the existing DNA model program using the paper. Conclusions  A DNA model program using 4D-Frame that can be explored and recalled the components of DNA and lead the production from elemental units to entire forms is developed. As a result of applying the program, the experimental group using 4D-Frame creates more learner-centered question with a higher level of intellectual thinking and cognitive activity and shows more concept learning and knowledge retention effects than the control group using paper-making set, which simply needed to be pasted. In addition, the experimental group shows more significantly higher class satisfaction. As a follow-up study, It is expected that this program will be referenced in research to develop classes and teaching tools that can create questions containing high levels of intellectual thinking and cognitive activities for students, enable learning to effectively understand and familiarize abstract concepts, and enhance interest and satisfaction."
probing questions tutorial dialogue learner model,crossref,ok,3557922,10.5040/9780567665201.ch-004,Dialogue Method in the IRCCPD: The Hard Questions Method,,
LLM tutor error detection accuracy student,crossref,ok,2421219,10.1145/3770761.3777289,Misconception-Aware LLM Programming Tutor: Lessons Learned from Student-Tutor Interactions,2026,
LLM tutor error detection accuracy student,crossref,ok,2421219,10.7554/elife.20944.016,Appendix 1—figure 1. Robustness of learning.,,
LLM tutor error detection accuracy student,crossref,ok,2421219,10.21125/inted.2026.2330,STUDENT DROPOUT DETECTION DASHBOARD FOR TUTOR ASSISTANCE USING GENERATIVE AI,2026,
LLM tutor error detection accuracy student,crossref,ok,2421219,10.7717/peerj-cs.315/fig-3,"Figure 3: Mean satisfaction and engagement scores with error bars representing SE, for the predictor of learning condition within immersive virtual environments (no tutor, humanoid tutor, abstract tutor).",,
LLM tutor error detection accuracy student,crossref,ok,2421219,10.7554/elife.20944.004,Figure 3. Learning with matched or mismatched tutors in rate-based simulations.,,
LLM tutor error detection accuracy student,crossref,ok,2421219,10.2139/ssrn.6158649,Structural Prompt Variants and Their Impact on LLM-Based Vulnerability Detection Accuracy&amp;nbsp;,2026,"The structure of prompts used in vulnerability detection tasks significantly affects the reasoning process of large language models. This study systematically evaluates how formatting, decomposition, and semantic density influence the accuracy of detecting five major vulnerability categories (CWE-20, CWE-79, CWE-89, CWE-120, CWE-798). We construct a benchmark of 12,000 prompt-code pairs and test three LLMs: GPT-4, Claude-3, and Llama-3-70B. Results show that structured prompts with explicit reasoning stages improve true-positive rates by 24-41%, while overly verbose prompts increase hallucination-induced false alarms by 15%. Prompt-model mismatch analysis reveals that models differ in tolerance to prompt ambiguity. These findings highlight the necessity of prompt normalization for trustworthy security auditing using LLMs."
LLM tutor error detection accuracy student,crossref,ok,2421219,10.1145/3613905.3647957,Student Interaction with NewtBot: An LLM-as-tutor Chatbot for Secondary Physics Education,2024,
LLM tutor error detection accuracy student,crossref,ok,2421219,10.47756/aihc.y9i1.137,Interaction Design (IxD) of an Intelligent Tutor for Programming Learning Based on LLM,2024,"The emergent behavior of automatic programming exhibited by Large Language Models (LLMs) has raised uncertainty about the future of programming and its teaching. To better understand this phenomenon, we conducted a field study with programming instructors and students that informed the design of an intelligent tutor to integrate Generative Artificial Intelligence (GAI) into the educational environment. The resulting tool, EVA-Tutor (Virtual Learning Environment), supports the teaching and learning process of programming by establishing bidirectional communication between the student and the LLM through a GPT-4 API and a set of prompts designed to guide and motivate the student with personalized feedback. Rather than solving the problem for the student, the tool helps direct them toward solving it independently. A preliminary evaluation with students and instructors provides evidence of EVA-Tutor's utility and ease of use for problem-solving, knowledge acquisition, and the development of programming skills."
LLM tutor error detection accuracy student,crossref,ok,2421219,10.3998/mpub.9836,When Tutor Meets Student,1994,
LLM tutor error detection accuracy student,crossref,ok,2421219,10.4324/9781410611505-11,Improving Accuracy in Student Writing: Error Treatment in the Composition Class,2013,
LLM tutor error detection accuracy student,crossref,ok,2421219,10.2514/6.2026-114432,General-Purpose LLM Detection of Twin-Engine Aircraft Failures,2026,
LLM tutor error detection accuracy student,crossref,ok,2421219,10.7554/elife.20944.017,Appendix 1—figure 2. Effect of changing conductor smoothing kernels in the plasticity rule.,,
LLM tutor error detection accuracy student,crossref,ok,2421219,10.3030/761379,,2017,
LLM tutor error detection accuracy student,crossref,ok,2421219,10.7717/peerj-cs.3878/fig-6,Figure 6: LLM accuracy comparison against traditional methods.,,
LLM tutor error detection accuracy student,crossref,ok,2421219,10.7717/peerj-cs.3964/table-7,Table 7: LLM cost-accuracy trade-offs from literature.,,
LLM tutor error detection accuracy student,crossref,ok,2421219,10.24124/2006/bpgub432,The generalized tutor-student learning algorithm for autonomous mobile robots.,,
LLM tutor error detection accuracy student,crossref,ok,2421219,10.1080/0305569960220202,"Effects of Tutor‐Tutee Intimacy, Tutoring Conditions and Tutor Background on College Student Tutor Satisfaction",1996,
LLM tutor error detection accuracy student,crossref,ok,2421219,10.2196/preprints.87368,Improving Radiology Report Error Detection Using a Multi-Pass LLM Framework (Preprint),2025,"BACKGROUND
                  Large language model (LLM) proofreaders for radiology reports generate many false positives (FP) due to the low prevalence of errors.
                
                
                  OBJECTIVE
                  This study aimed to determine whether an optimized LLM framework could improve both precision and cost-efficiency without compromising error detection capability.
                
                
                  METHODS
                  In this retrospective study, 1,000 radiology reports (radiography, ultrasonography, CT, and MRI; 250 each) were sampled from the Medical Information Mart for Intensive Care III (MIMIC-III) database. Two public chest radiography corpora (CheXpert and Open-i) served as external test sets. Three LLM frameworks were evaluated: single-prompt detector (Framework 1); report extractor plus single-prompt detector (Framework 2); and extractor, detector, and false positive verifier (Framework 3). Precision for each framework was assessed using positive predictive value (PPV) and detected errors per 1,000 reports (DE/1k). Overall efficiency was estimated using model inference computational costs.
                
                
                  RESULTS
                  PPV increased from 0.063 [95% CI, 0.036–0.101] in Framework 1 to 0.079 (0.049–0.118) in Framework 2 and 0.159 (0.090–0.252) in Framework 3 (P&lt;.001). Despite improved PPV, detected errors remained stable (DE/1k: 12–14). Human review burden decreased from 192 to 88 reports. Framework 3 also reduced costs to $5.58 per 1,000 reports (vs $9.72 and $6.85 for Frameworks 1 and 2; 42.6% and 18.5% reductions). External validation confirmed similar improvements.
                
                
                  CONCLUSIONS
                  A three-pass LLM framework more than doubled precision and halved the cost of radiology report error detection without compromising error detection capability, offering sustainable strategies for AI-assisted quality assurance in both radiological practice and research."
LLM tutor error detection accuracy student,crossref,ok,2421219,10.18653/v1/2024.customnlp4u-1.21,LLM-as-a-tutor in EFL Writing Education: Focusing on Evaluation of Student-LLM Interaction,2024,
LLM tutor error detection accuracy student,crossref,ok,2421219,10.5703/1288284318531,Emotion Driven rumor Detection and Analysis: An LLM(Large Language Model) augmented approach,2025,
LLM tutor error detection accuracy student,crossref,ok,2421219,10.31124/advance.174306150.06692834/v1,A Bootstrap-Based R-Index for Controlling Type I Error and Improving Accuracy in Differential Item Functioning Detection,2025,"Although numerous methods exist for detecting differential item functioning (DIF), many struggle to reliably control Type I error rates across varying testing conditions. This study addresses these limitations by introducing the R-Index, a DIF detection method based on bootstrap sampling. We systematically evaluated the R-Index's performance across 360 simulated test conditions. The results demonstrate that the R-Index effectively maintains Type I error rates below an average of 5% while achieving an optimal balance of statistical power, thereby enhancing the overall accuracy of DIF detection. Furthermore, the R-Index consistently keeps Type I errors below 10% across all test conditions, including scenarios susceptible to Type I error inflation, such as large sample sizes and high DIF ratios. Additionally, this study demonstrates that the R-Index offers greater stability compared to traditional effect size measures while enhancing comparability across different effect sizes. Moreover, practical guidelines and an empirical case example showcase the utility of the R-Index. These findings suggest that the R-Index is a reliable and user-friendly tool for DIF detection."
LLM tutor error detection accuracy student,crossref,ok,2421219,10.2139/ssrn.5179875,Sagejavon: A Llm-Based Programming Tutor for Personalized  Learning,2025,
LLM tutor error detection accuracy student,crossref,ok,2421219,10.15308/sinteza-2025-331-336,Learning a First Programming Language with LLM Tutor,2025,
LLM tutor error detection accuracy student,crossref,ok,2421219,10.3850/978-981-07-3043-7_074,Derivation of Error Detectors with High Detection Coverage,2012,
LLM tutor error detection accuracy student,crossref,ok,2421219,10.24269/dpp.v3i1.138,Beyond Error Analysis: Solving EFL Student� Writing Problems in Accuracy,2016,
LLM tutor error detection accuracy student,crossref,ok,2421219,10.5204/thesis.eprints.263530,"Parent, Student and Tutor Perspectives on Shadow Education in Australia",,"Private tutoring is an increasingly normalised part of schooling. Yet, little is known about how families experience and understand it. This study investigated how tutoring is used by families in Australia to manage risk and secure advantage for their children. Based on interviews with parents, students, and tutors, this research shows how tutoring operates behind the scenes of formal schooling. While it can support individual goals, it also shifts responsibility onto families, and may deepen inequalities in an educational system that is notionally committed to fairness."
LLM tutor error detection accuracy student,crossref,ok,2421219,10.18653/v1/2026.findings-acl.65,EVADE: LLM-Based Explanation Generation and Validation for Error Detection in NLI,2026,
LLM tutor error detection accuracy student,crossref,ok,2421219,10.1109/icndsa68777.2026.11652109,Llm-Based Intelligent Tutor System,2026,
LLM tutor error detection accuracy student,crossref,ok,2421219,10.1061/9780784486986.041,Improving the Accuracy of Change Order Documentation and Impact Assessment Using LLM-Based Multi-Cause Detection,2026,
LLM tutor error detection accuracy student,crossref,ok,2421219,10.1093/ww/9780199540884.013.u210923,"Hassall, Arthur, (28 Sept. 1853–21 Nov. 1930), Student and Tutor of Christ Church, Oxford, 1884–1924",2007,
LLM tutor error detection accuracy student,crossref,ok,2421219,10.3389/feduc.2026.1896839,"Retrieval-augmented generation for pedagogically aware educational AI: an expert-rated comparison of a prompt-only LLM tutor and an integrated, learner-state-aware RAG tutor",2026,"Introduction
                    Large language models can produce fluent tutoring dialogue, but their educational use remains limited by weak grounding, uneven pedagogical control, and the risk of unsupported content. This study compared two controlled algebra tutoring workflows built on the same foundation model, Gemini 2.5 Flash.
                  
                  
                    Methods
                    The first condition was a prompt-only tutor that used the immediate task and scripted follow-up only. The second was an integrated pedagogical RAG tutor that combined a curated algebra corpus, learner-state variables, and a pedagogical response policy. In total, 24 two-turn algebra episodes were evaluated. No students were recruited, no classroom intervention was conducted, and no learning outcomes were measured. Eight expert reviewers scored anonymized response pairs for solution accuracy, conceptual support, instructional quality, instructional helpfulness, and unsupported content.
                  
                  
                    Results
                    
                      The pedagogical RAG condition received higher task-level expert ratings for conceptual support (M = 4.69 vs. 4.31), instructional quality (M = 4.61 vs. 4.29), and instructional helpfulness (M = 4.65 vs. 4.39). It also achieved a higher pedagogical-quality composite score (M = 4.65 vs. 4.33; Wilcoxon
                      p
                       = .00024; rank-biserial r = .86). Solution accuracy was high in both conditions and showed only a small descriptive difference (M = 4.84 vs. 4.74;
                      p
                       = .0769). However, unsupported content flags were more frequent in the RAG condition, occurring in 13 of 192 rating cells compared with one of 192 rating cells in the baseline condition. Fisher's exact test yielded
                      p
                       = .0015.
                    
                  
                  
                    Discussion
                    These findings do not establish learning gains, classroom efficacy, or the separate causal value of retrieval alone. They indicate that an integrated learner-state-aware RAG architecture can receive stronger expert ratings for pedagogical text quality on a fixed task set while also introducing trace leakage and evidence-boundary risks that must be controlled before deployment"
LLM tutor error detection accuracy student,crossref,ok,2421219,10.7717/peerj-cs.3796/fig-2,Figure 2: Accuracy and loss graph of the baseline LLM model.,,
LLM tutor error detection accuracy student,crossref,ok,2421219,10.56726/irjmets102690,"Emotion Aware Code Tutor Using LLM ,Eye Gaze and Typing Pattern",2026,
LLM tutor error detection accuracy student,crossref,ok,2421219,10.1093/ww/9780199540884.013.u222305,"Barrington-Ward, John Grosvenor, (26 Dec. 1894–6 June 1946), Student and Classical Tutor, Christ Church, Oxford",2007,
LLM tutor error detection accuracy student,crossref,ok,2421219,10.1093/ww/9780199540884.013.u4000352,"Conrad, Peter John, (born 11 Feb. 1948), writer; Student, and Tutor in English Literature, Christ Church, Oxford, 1973–2011",2007,
LLM tutor error detection accuracy student,crossref,ok,2421219,10.53106/199115992023083404010,A Method for Assembly Accuracy Detection and Intelligent Error Estimation Based on Computer Vision,2023,"&lt;p&gt;This article focuses on the current situation of large assembly errors, easy omissions and errors in the mechanical assembly process. Computer vision is introduced in the assembly process, and visual images are used to estimate assembly errors, thereby improving assembly accuracy. To this end, through improvements to the neural network, the addition of attention and measurement mechanisms, the network&amp;rsquo;s ability to extract and distinguish features from assembly images has been improved. Finally, deep learning algorithms are used to estimate assembly features in the image. Finally, simulation experiments have shown that the algorithm proposed in this paper can achieve 94.7% improvement in assembly accuracy and error estimation accuracy.&lt;/p&gt;
&lt;p&gt;&amp;nbsp;&lt;/p&gt;"
LLM tutor error detection accuracy student,crossref,ok,2421219,10.48009/2_iis_2023_113,ACCURACY AND DETECTION OF STUDENT USE OF CHATGPT IN BUSINESS ANALYTICS COURSES,2023,
LLM tutor error detection accuracy student,crossref,ok,2421219,10.36227/techrxiv.174352305.54908314/v1,Improving LLM Accuracy in Checkable Scenarios via Scope Expansion,2025,"Large Language Models (LLMs) have been widely applied across various fields. However, when there is no pretrained relationship between the input and the desired output, LLMs often struggle to generate correct responses-even when users explicitly point out the errors and request multiple revisions. To address this challenge, we propose a method called scope expansion, which aims to indirectly establish the connection between input and output by introducing additional relevant factors. We introduce two types of scope expansion: (1) Vertical expansion: This involves identifying and incorporating the reasons behind an LLM's incorrect output. Either the LLM is prompted to analyze its own mistakes, or the user explicitly provides the reason. These additional cause-related factors are then fed back into the model to guide it toward correcting the original error. (2) Horizontal expansion: This involves prompting the LLM to explore similar or related issues-or, conversely, to eliminate certain disruptive factors. By broadening or refining the problem context, horizontal expansion increases the likelihood of generating a correct response. Experimental results show that scope expansion introduces more informative factors into the prompt, significantly improving the LLM's ability to generate correct answers in cases where direct prompting fails."
LLM tutor error detection accuracy student,crossref,ok,2421219,10.1093/ww/9780199540884.013.4000352,"Conrad, Peter John, (born 11 Feb. 1948), writer; Student, and Tutor in English Literature, Christ Church, Oxford, 1973–2011",2007,
LLM tutor error detection accuracy student,crossref,ok,2421219,10.1145/3701551.3707416,The Generalization and Error Detection in LLM-based Text-to-SQL Systems,2025,
LLM tutor error detection accuracy student,crossref,ok,2421219,10.2139/ssrn.5218222,Content Moderation by LLM: From Accuracy to Legitimacy,2025,
LLM tutor error detection accuracy student,crossref,ok,2421219,10.2139/ssrn.4818935,Student-Tutor Requestive Emails in an Esl Context: Production and Perception,2024,
LLM tutor error detection accuracy student,crossref,ok,2421219,10.32873/unl.dr.20230419.1,Additional data supporting Individual variation in undergraduate student metacognitive monitoring and error detection during biology model evaluation,2023,
LLM tutor error detection accuracy student,crossref,ok,2421219,10.59568/kiulj-2025-7-1-15,Examining the regulation of e-commerce in Uganda: Opportunities and challenges,2025,"E-commerce has emerged as a transformative force in global and regional trade, offering unparalleled convenience and efficiency. However, its rapid expansion presents regulatory, legal, and infrastructural challenges. This Article discusses the evolution of e-commerce, the legal frameworks governing it, and the challenges and opportunities it presents, with a particular focus on Uganda. Through a doctrinal method of study that relies on primary and secondary sources, the author explores the ongoing debate over regulation, consumer protection, taxation, and cybersecurity, questioning whether current laws are sufficient to balance innovation and control. The discussion also highlights potential solutions, such as strengthening cyber laws, fostering digital literacy, and harmonizing international regulations to create a more secure and efficient e-commerce environment."
LLM tutor error detection accuracy student,crossref,ok,2421219,10.59168/hsok5893,"Translating adjectives across languages and cultures: Accuracy, omission, and error patterns In student renderings",2026,"This study investigates the challenges faced by student translators when rendering English adjectives into Arabic, using selected passages from Midaq Alley as a corpus. Employing a mixed-methods approach, the analysis combines quantitative assessment of accuracy with qualitative examination of error types. Translations were classified as similar, different, or unattempted, allowing for a systematic evaluation of both correctness and omission. The findings reveal recurrent difficulties related to agreement, syntactic placement, semantic nuance, and figurative meaning. Complex noun phrases and culturally embedded adjectives produced the highest error rates, while omissions frequently occurred when adjectival meaning depended on contextual inference. The study highlights the need for targeted pedagogical strategies that integrate contrastive grammar, contextual interpretation, and stylistic awareness in translator training."
LLM tutor error detection accuracy student,crossref,ok,2421219,10.1109/sera61261.2024.10685589,Improving Accuracy of LLM-based Code Clone Detection U sing Functionally Equivalent Methods,2024,
LLM tutor error detection accuracy student,crossref,ok,2421219,10.1109/icaic67076.2026.11395814,Iterative Verification and Batch Processing for Enhancing Accuracy and Confidence Computation in LLM-Based Phishing Email Detection,2026,
LLM tutor error detection accuracy student,crossref,ok,2421219,10.7771/2832-9414.1826,Student Interactions with a Native Speaker Tutor and a Nonnative Speaker Tutor at an American Writing Center,2017,
LLM tutor error detection accuracy student,crossref,ok,2421219,10.1016/j.eswa.2026.132241,A multi-agent LLM framework with Bayesian fusion and safety guardrails for ATC-pilot communication error detection,2026,
LLM tutor error detection accuracy student,crossref,ok,2421219,10.7717/peerj-cs.1086/fig-5,Figure 5: Error rate in accuracy.,,
generative AI formative assessment diagnostic accuracy,crossref,ok,2931769,10.14293/ffl26.000004.v1,"Evaluating Generative AI in Postgraduate Assessment Through Writing Quality, Accuracy and Pedagogical Implications",2026,
generative AI formative assessment diagnostic accuracy,crossref,ok,2931769,10.1007/978-3-031-60179-8_3,Applications of Generative AI in Formative Learning and Assessment,2024,
generative AI formative assessment diagnostic accuracy,crossref,ok,2931769,10.35542/osf.io/gvfkx_v1,No Shortcuts to Learning: Enhancing Higher Education Assessment Design through Formative Efficiency Analysis in the Age of Generative AI,2025,"This paper introduces the concept of Formative Efficiency as a means of evaluating and enhancing assessment design within Higher Education. Using the example of a literature review assignment, recommendations are made for how Generative AI (GenAI) tools may enable educational benefit at each step in the process. It is proposed that effective assessment design should encourage and incentivise students to re-invest any time saved by GenAI into other learning activities which lead to formative benefit."
generative AI formative assessment diagnostic accuracy,crossref,ok,2931769,10.14742/apubs.2024.1386,The Future of Feedback,2024,"Research shows that feedback practices significantly impact key student outcomes, including performance, engagement, and satisfaction (Esmaeeli, Shandiz, Shojaei, Fazli &amp; Ahmadi 2023). Feedback is a crucial component of learning in Higher Education (HE) and plays a vital role in developing critical thinking, improving retention, and enhancing student engagement. The importance of timely dialogic feedback in enhancing student engagement and potentially improving retention is well understood (Advance HE 2020). However, academic staff are increasingly time-poor, with reduced opportunities to provide regular in-depth quality feedback outside of that given for summative assessment (Henderson, Ryan &amp; Phillips 2019).
Early experimentations with using Generative AI (GenAI) such as ChatGPT to provide feedback for formative assessment recognises that students will learn and work in an AI-enabled world beyond their university studies (Bowditch 2023). GenAI can be leveraged inside and outside the classroom to achieve positive student engagement and improved skill development thereby affording them the skills and knowledge necessary to succeed (Hooda et al. 2022). Engaging with GenAI for feedback purposes offers an opportunity to increase equitable access to feedback across the student cohort, to support and further develop their critical skills and learning outcomes. As Verhoeven and Rana (2023) note, “AI disruption may present an opportunity to shift the focus from assessment of learning to assessment for learning”. Utilising GenAI for feedback purposes can provide rapid, personalised learning support, and aid with planning, drafting, and revising student work. However, this adoption of GenAI for feedback must be driven and developed by the educator, keeping the human in the loop to ensure quality (Atchley, Pannell, Wofford, Hopkins &amp; Atchley).
Our project draws on the principles of feedback literacy, current research on using AI as learning tool (Verhoeven &amp; Rana 2023b; Tubino &amp; Adachi 2022) and emphasises student-centred learning through dialogic feedback practices. The project draws on scholarship from Mollick and Mollick’s seven approaches to student use of AI (2023), Perkins, Furze, Roe and MacVaugh’s framework for ethical integration of AI in assessment (2024), and emerging work from Liu, Brightman, and Miller on GenAI and feedback (2023).
This presentation addresses the conference theme of Technology, providing an overview and reflection on staff development and adoption of GenAI for feedback processes for the benefit of student learning. We will showcase four use cases of the use of GenAI to design and implement feedback creation for undergraduate formative assessment across the three Colleges at the University of Newcastle. All cases engage innovation in Technology Enhanced Learning (TEL) practice in developing GenAI tools to support student learning via feedback. The presentation addresses the benefits and challenges of each approach.
Recognising the value of feedback in student learning, this PechaKucha is aimed at a diverse audience in HE. Our presentation will demonstrate applicability and adaptability to a range of disciplines as we explore the impact new and emerging GenAI technologies can have on HE. We will introduce the possibilities of using GenAI for feedback purposes, and encourage staff to consider experimenting with and adopting their own innovative TEL practices."
generative AI formative assessment diagnostic accuracy,crossref,ok,2931769,10.2196/62963,Describing the Framework for AI Tool Assessment in Mental Health and Applying It to a Generative AI Obsessive-Compulsive Disorder Platform: Tutorial,2024,"As artificial intelligence (AI) technologies occupy a bigger role in psychiatric and psychological care and become the object of increased research attention, industry investment, and public scrutiny, tools for evaluating their clinical, ethical, and user-centricity standards have become essential. In this paper, we first review the history of rating systems used to evaluate AI mental health interventions. We then describe the recently introduced Framework for AI Tool Assessment in Mental Health (FAITA-Mental Health), whose scoring system allows users to grade AI mental health platforms on key domains, including credibility, user experience, crisis management, user agency, health equity, and transparency. Finally, we demonstrate the use of FAITA-Mental Health scale by systematically applying it to OCD Coach, a generative AI tool readily available on the ChatGPT store and designed to help manage the symptoms of obsessive-compulsive disorder. The results offer insights into the utility and limitations of FAITA-Mental Health when applied to “real-world” generative AI platforms in the mental health space, suggesting that the framework effectively identifies key strengths and gaps in AI-driven mental health tools, particularly in areas such as credibility, user experience, and acute crisis management. The results also highlight the need for stringent standards to guide AI integration into mental health care in a manner that is not only effective but also safe and protective of the users’ rights and welfare."
generative AI formative assessment diagnostic accuracy,crossref,ok,2931769,10.2196/preprints.62963,Describing the Framework for AI Tool Assessment in Mental Health and Applying It to a Generative AI Obsessive-Compulsive Disorder Platform: Tutorial (Preprint),2024,"UNSTRUCTURED
                        As artificial intelligence (AI) technologies occupy a bigger role in psychiatric and psychological care and become the object of increased research attention, industry investment, and public scrutiny, tools for evaluating their clinical, ethical, and user-centricity standards have become essential. In this paper, we first review the history of rating systems used to evaluate AI mental health interventions. We then describe the recently introduced Framework for AI Tool Assessment in Mental Health (FAITA-Mental Health), whose scoring system allows users to grade AI mental health platforms on key domains, including credibility, user experience, crisis management, user agency, health equity, and transparency. Finally, we demonstrate the use of FAITA-Mental Health scale by systematically applying it to OCD Coach, a generative AI tool readily available on the ChatGPT store and designed to help manage the symptoms of obsessive-compulsive disorder. The results offer insights into the utility and limitations of FAITA-Mental Health when applied to “real-world” generative AI platforms in the mental health space, suggesting that the framework effectively identifies key strengths and gaps in AI-driven mental health tools, particularly in areas such as credibility, user experience, and acute crisis management. The results also highlight the need for stringent standards to guide AI integration into mental health care in a manner that is not only effective but also safe and protective of the users’ rights and welfare."
generative AI formative assessment diagnostic accuracy,crossref,ok,2931769,10.2174/9798898814984126010011,Transforming Healthcare: The Role of AI in Elevating Diagnostic Accuracy in Medical Imaging,2026,"The use of artificial intelligence in medical imaging increases the
effectiveness of treatment and the productivity of medical staff. This chapter explores
how AI is revolutionizing the interpretation of medical images, such as X-rays, CT
scans, and MRIs. Therefore, a systematic review methodology was adopted from the
perspective of analyzing several AI algorithms coupled with clinical applications. This
study indicated that AI systems are able to identify and analyze large amounts of
imaging data quickly, thus outlining patterns and abnormalities missed by the human
eye. Qure.ai, DeepMind, and Tyche tools are notable examples of AI tools that have
shown promise as the most advanced early-disease detectors for conditions, such as
cancer or cardiovascular disease, which often require prompt therapeutic action to
achieve favorable outcomes. For example, deep learning models from Qure.ai
interpreted chest X-rays for conditions, such as tuberculosis and lung cancer, at
accuracy rates higher than 90%. AI-driven predictive analytics further enhance the
precision of medicine by correlating the data from imaging with patient histories and
genetic information, thus allowing treatment plans to be more personalized to the needs
of each individual. This highlights the role that AI could play in automating routine
tasks, such as image segmentation and quality control, which currently burden
radiologists and can develop a feedback loop toward diagnosis with fewer errors.
Tyche's approach to innovation involves reducing uncertainty through segmentation,
generating multiple reasonably valid segmentations for medical images, thereby
boosting confidence in diagnosis. However, despite these developments, various
challenges, such as data privacy concerns and algorithmic biases, have been noted as
barriers to widespread diffusion. The current chapter highlights the fact that AI
enhances diagnostic precision, streamlines workflows in medical imaging, and
facilitates the delivery of the best possible healthcare and outcomes."
generative AI formative assessment diagnostic accuracy,crossref,ok,2931769,10.1093/bioinformatics/btag651,"Correction: Approximating facial expression effects on diagnostic accuracy
                    <i>via</i>
                    generative AI in medical genetics",2026,
generative AI formative assessment diagnostic accuracy,crossref,ok,2931769,10.4018/979-8-3373-7579-3.ch010,Enhancing Formative Assessment With AI,2025,"This chapter explores the integration of generative artificial intelligence (GenAI) into formative assessment and its transformative potential for personalized learning in education. It examines how AI-powered tools, particularly large language models (LLMs), can provide real-time feedback, generate adaptive assessments, and support diverse learner needs. The chapter also addresses critical challenges, including algorithmic bias, hallucination, and over-reliance on AI, which may compromise fairness, critical thinking, and higher-order skills. Drawing from recent research and practical frameworks, it proposes strategies for ethical and effective AI implementation in educational settings. Emphasizing the irreplaceable role of human teachers, the chapter advocates for a balanced partnership between educators and AI to enrich learning without diminishing human agency."
generative AI formative assessment diagnostic accuracy,crossref,ok,2931769,10.2139/ssrn.6490283,Diagnostic Stress Testing of Seven Generative AI Systems -A Three-Round Meta-Layer Assessment Using Rubric Construction as a Novel Diagnostic Method,2026,"&lt;p&gt;Every major AI benchmarking protocol in the current literature—HELM, MT-Bench, Chatbot Arena, BIG-Bench—works in the same direction: human researchers construct an evaluative instrument, and the systems are scored on their responses to it. This paper reverses that relationship. It makes rubric construction the test itself. Seven generative AI systems—Google Gemini, OpenAI GPT, Perplexity AI Pro, Anthropic Claude Opus 4.6, xAI SuperGrok, Microsoft Copilot, and Google Search—received identical instructions requiring each to build a scoring rubric, define its categories, rank all seven systems, and produce formatted output. In a second round, each system received all seven first-round outputs and was asked to synthesize them into a higher-order macro rubric. In a third round, the researcher conducted a meta-analysis of the second-round outputs. The methodological contribution is the demonstration that evaluation-construction tasks produce a categorically different kind of diagnostic evidence than evaluation-response tasks. Where conventional benchmarks measure what a system knows or which outputs humans prefer, rubric construction reveals evaluative disposition: whether a system exercises independent judgment or defers, whether it flags ambiguity or resolves it silently, and whether its self-assessment is calibrated or promotional. These behavioral signatures reproduced with striking consistency across rounds, suggesting they are structural features of current architectures rather than incidental artifacts. The paper proposes that evaluation-construction tasks merit inclusion in the standard benchmarking toolkit alongside evaluation-response tasks, because the two test different capacities and produce non-redundant diagnostic information.&lt;/p&gt;"
generative AI formative assessment diagnostic accuracy,crossref,ok,2931769,10.20944/preprints202505.1204.v1,Comparative Evaluation of Diagnostic and Treatment Accuracy: A Five-Level Scale Analysis of Generative AI and Homoeopathic Approaches,2025,"Background: Amid growing healthcare complexities, there is an increasing need to evaluate and integrate traditional, technological, and alternative medical systems. This study compares the diagnostic and treatment accuracy of three distinct approaches—general diagnostics, generative AI-driven care, and homoeopathic physician-led treatments—using a standardized, five-level evaluation scale.Objectives: The research aims to assess (1) diagnostic accuracy, (2) the degree of personalization in treatment planning, and (3) the long-term efficacy of each modality. It also explores the potential of a hybrid healthcare model that leverages both AI precision and classical homoeopathic depth.Methods: A qualitative five-point scale was developed to categorize healthcare performance from Level 1 (Poor) to Level 5 (Excellent). Each level defines specific criteria in diagnostic accuracy, personalization, and relapse rates. The study then mapped general diagnostics, AI systems, and homoeopathic treatments against these benchmarks.Results: General diagnostics typically performed at Level 2 (Fair) to Level 3 (Good), offering standardized but less personalized care. Generative AI demonstrated a wide range of performance, from Level 1 to Level 5, depending on data integration and algorithm maturity. Homoeopathic treatment outcomes ranged from Level 1 in inexperienced practice to Level 5 in expert-led, individualized care.Discussion: Findings reveal a strong correlation between personalization and therapeutic success. Advanced AI systems and experienced homoeopaths achieved the highest accuracy and patient satisfaction. The research underscores the potential of integrating AI’s analytical power with homoeopathy’s holistic framework to build a next-generation, patient-centric care model.Conclusion: This study introduces a novel evaluation scale that provides a measurable framework for comparative analysis and development across diagnostic and therapeutic systems. It offers valuable insights for clinicians, AI developers, educators, and policymakers, paving the way for future interdisciplinary innovation and ethically sound healthcare evolution."
generative AI formative assessment diagnostic accuracy,crossref,ok,2931769,10.2196/preprints.53985,Longitudinal Changes in Diagnostic Accuracy of a Differential Diagnosis List Developed by an AI-Based Symptom Checker: Retrospective Observational Study (Preprint),2023,"BACKGROUND
                        Artificial intelligence (AI) symptom checker models should be trained using real-world patient data to improve their diagnostic accuracy. Given that AI-based symptom checkers are currently used in clinical practice, their performance should improve over time. However, longitudinal evaluations of the diagnostic accuracy of these symptom checkers are limited.
                
                                
                    OBJECTIVE
                        This study aimed to assess the longitudinal changes in the accuracy of differential diagnosis lists created by an AI-based symptom checker used in the real world.
                
                                
                    METHODS
                        This was a single-center, retrospective, observational study. Patients who visited an outpatient clinic without an appointment between May 1, 2019, and April 30, 2022, and who were admitted to a community hospital in Japan within 30 days of their index visit were considered eligible. We only included patients who underwent an AI-based symptom checkup at the index visit, and the diagnosis was finally confirmed during follow-up. Final diagnoses were categorized as common or uncommon, and all cases were categorized as typical or atypical. The primary outcome measure was the accuracy of the differential diagnosis list created by the AI-based symptom checker, defined as the final diagnosis in a list of 10 differential diagnoses created by the symptom checker. To assess the change in the symptom checker’s diagnostic accuracy over 3 years, we used a chi-square test to compare the primary outcome over 3 periods: from May 1, 2019, to April 30, 2020 (first year); from May 1, 2020, to April 30, 2021 (second year); and from May 1, 2021, to April 30, 2022 (third year).
                
                                
                    RESULTS
                        A total of 381 patients were included. Common diseases comprised 257 (67.5%) cases, and typical presentations were observed in 298 (78.2%) cases. Overall, the accuracy of the differential diagnosis list created by the AI-based symptom checker was 172 (45.1%), which did not differ across the 3 years (first year: 97/219, 44.3%; second year: 32/72, 44.4%; and third year: 43/90, 47.7%; &lt;i&gt;P&lt;/i&gt;=.85). The accuracy of the differential diagnosis list created by the symptom checker was low in those with uncommon diseases (30/124, 24.2%) and atypical presentations (12/83, 14.5%). In the multivariate logistic regression model, common disease (&lt;i&gt;P&lt;/i&gt;&amp;lt;.001; odds ratio 4.13, 95% CI 2.50-6.98) and typical presentation (&lt;i&gt;P&lt;/i&gt;&amp;lt;.001; odds ratio 6.92, 95% CI 3.62-14.2) were significantly associated with the accuracy of the differential diagnosis list created by the symptom checker.
                
                                
                    CONCLUSIONS
                        A 3-year longitudinal survey of the diagnostic accuracy of differential diagnosis lists developed by an AI-based symptom checker, which has been implemented in real-world clinical practice settings, showed no improvement over time. Uncommon diseases and atypical presentations were independently associated with a lower diagnostic accuracy. In the future, symptom checkers should be trained to recognize uncommon conditions."
generative AI formative assessment diagnostic accuracy,crossref,ok,2931769,10.1109/icdel70250.2026.11663713,A New Paradigm of Educational Evaluation: Generative AI-Empowered Formative Assessment in Higher Education,2026,
generative AI formative assessment diagnostic accuracy,crossref,ok,2931769,10.4018/979-8-3693-6351-5.ch008,Fostering Inspirational Learning Through AI-Enhanced Formative Assessment,2025,"This chapter examines the transformative potential of AI-enhanced formative assessment in higher education, focusing on fostering inspirational learning experiences. The authors explore how artificial intelligence can revolutionize traditional assessment practices, enabling more personalized, efficient, and effective learning environments. The chapter discusses benefits and challenges of implementation, including potential improvements in student engagement, motivation, and academic achievement. It analyzes AI's role in facilitating real-time feedback, automating grading, and enhancing teacher-student interactions. A comprehensive review of the current state of AI-enhanced formative assessment in higher education is provided, highlighting best practices, strategies, and challenges. The chapter concludes by outlining future research directions, emphasizing collaboration among educators, policymakers, and technologists to harness AI's potential in inspiring and empowering learners."
generative AI formative assessment diagnostic accuracy,crossref,ok,2931769,10.1007/s11092-026-09510-2,Beyond accuracy: differential scoring patterns in generative AI writing assessment across cultural and linguistic diversity,2026,
generative AI formative assessment diagnostic accuracy,crossref,ok,2931769,10.2139/ssrn.6990198,Forecast Accuracy is Not Decision Accuracy: Delegated Overbooking with Generative-AI Agents,2026,"Generative-AI systems are beginning to translate customer-level beliefs into operational capacity commitments. We study when a firm should let a foundation-model agent turn post-purchase attendance beliefs into an overbooking action. The setting is general-admission live-event retailing, where demand is sold against an estimated safety capacity and the firm bears deniedadmission and unused-capacity costs. We compare two deployments of the same frontier LLM cores: forecast augmentation, in which the model supplies buyer-level no-show probabilities to a newsvendor optimizer, and agentic replacement, in which the model receives the decision right. Using 110,696 ticketing transactions, 2,022 realized events, 13,440 direct-agent decisions, and identification arms that pin down beliefs, objectives, and capacity statements, we show that the central failure is decision-relevant calibration. Mean-calibrated LLM predictors compress the low no-show tail priced by asymmetric general-admission costs; a mechanically correct optimizer therefore overbooks sharply. Direct agents are often less costly because they act conservatively, but they do not reliably beat a base-rate fail-safe. Same-belief agents usually execute the supplied rule, while unconstrained agents reveal model-specific postures. Cross-validated governance recovers performance mainly by hard-coding the objective or withholding delegation. The implication is to price the capacity decision, not the forecast, and to delegate only after shadow scoring proves that the governed policy beats the fail-safe."
generative AI formative assessment diagnostic accuracy,crossref,ok,2931769,10.1007/s10791-025-09830-9,Leveraging generative AI powered rubric-indexed feedback as a formative assessment strategy for enhancing medical English education,2025,
generative AI formative assessment diagnostic accuracy,crossref,ok,2931769,10.2196/preprints.100033,Chain-of-Thought Prompting to Mitigate Central Tendency Bias in Generative AI Rubric-Based Assessment of Physical Therapy Case Reports: Preliminary Study (Preprint),2026,"UNSTRUCTURED
                  This preliminary study reports that Chain-of-Thought prompting may mitigate central tendency bias in generative AI rubric-based assessment and modestly improve agreement with human ratings of physical therapy case reports, though these findings vary across large language models."
generative AI formative assessment diagnostic accuracy,crossref,ok,2931769,10.1007/978-3-032-05306-0_9,Artificial Intelligence Supporting Formative Assessment a Case Study in the Tunisian University Context,2025,
generative AI formative assessment diagnostic accuracy,crossref,ok,2931769,10.5220/0013430500003932,AI-AFACT: Designing AI-Assisted Formative Assessment of Coding Tasks in Web Development Education,2025,
generative AI formative assessment diagnostic accuracy,crossref,ok,2931769,10.1145/3768421.3768464,Generative Feedback for Code Learning: A Study on LLM-Driven Formative Assessment,2025,
generative AI formative assessment diagnostic accuracy,crossref,ok,2931769,10.3389/feduc.2026.1857661,Rethinking teachers’ diagnostic skills in AI-supported formative assessment: from diagnosis to meta-diagnosis,2026,"This paper explores how integrating AI-supported formative assessment transforms the requirements for teachers’ diagnostic skills in adaptive teaching. AI-supported diagnostic tools broaden the scope of what teachers may attend to: in addition to monitoring and interpreting students’ learning processes, teachers need to consider AI-generated diagnostic inferences when making instructional decisions. Rather than simply increasing the amount of information available for diagnostic judgment, AI-supported assessment introduces a qualitatively different type of diagnostic evidence: AI-generated inferences based on student data. Contrastive case examples illustrate how this shift transforms diagnostic processes into a form of meta-diagnosis, in which teachers evaluate AI-generated inferences in relation to their own diagnostic judgments. Based on these insights, we present a conceptual perspective on teachers’ diagnostic skills in AI-supported settings. We argue that teachers’ diagnostic judgment increasingly involves (a) integrating different types of diagnostic evidence—teachers’ own diagnostic judgments of student learning and AI-generated diagnostic inferences—and (b) monitoring students’ learning processes as they interact with AI systems, adapting instruction accordingly. This conceptualization identifies meta-diagnosis as a key aspect of diagnostic thinking in AI-supported formative assessment. Finally, the paper offers directions for research on teachers’ diagnostic skills and their professional development in AI-supported formative assessment, emphasizing teachers’ continued centrality as pedagogical decision-makers."
generative AI formative assessment diagnostic accuracy,crossref,ok,2931769,10.1016/j.labinv.2025.105631,1337 Evaluating Generative AI Diagnostic Accuracy in Surgical Pathology: A Comparative Study of ChatGPT versus Copilot,2026,
generative AI formative assessment diagnostic accuracy,crossref,ok,2931769,10.1007/978-3-032-05306-0_7,Formative Assessment Using a Personalized Bot Developed and Equipped with Educator-Specific Data: System and Assessment Feedback Quality,2025,
generative AI formative assessment diagnostic accuracy,crossref,ok,2931769,10.2196/53985,Longitudinal Changes in Diagnostic Accuracy of a Differential Diagnosis List Developed by an AI-Based Symptom Checker: Retrospective Observational Study,2024,"Background
                    Artificial intelligence (AI) symptom checker models should be trained using real-world patient data to improve their diagnostic accuracy. Given that AI-based symptom checkers are currently used in clinical practice, their performance should improve over time. However, longitudinal evaluations of the diagnostic accuracy of these symptom checkers are limited.
                  
                  
                    Objective
                    This study aimed to assess the longitudinal changes in the accuracy of differential diagnosis lists created by an AI-based symptom checker used in the real world.
                  
                  
                    Methods
                    This was a single-center, retrospective, observational study. Patients who visited an outpatient clinic without an appointment between May 1, 2019, and April 30, 2022, and who were admitted to a community hospital in Japan within 30 days of their index visit were considered eligible. We only included patients who underwent an AI-based symptom checkup at the index visit, and the diagnosis was finally confirmed during follow-up. Final diagnoses were categorized as common or uncommon, and all cases were categorized as typical or atypical. The primary outcome measure was the accuracy of the differential diagnosis list created by the AI-based symptom checker, defined as the final diagnosis in a list of 10 differential diagnoses created by the symptom checker. To assess the change in the symptom checker’s diagnostic accuracy over 3 years, we used a chi-square test to compare the primary outcome over 3 periods: from May 1, 2019, to April 30, 2020 (first year); from May 1, 2020, to April 30, 2021 (second year); and from May 1, 2021, to April 30, 2022 (third year).
                  
                  
                    Results
                    A total of 381 patients were included. Common diseases comprised 257 (67.5%) cases, and typical presentations were observed in 298 (78.2%) cases. Overall, the accuracy of the differential diagnosis list created by the AI-based symptom checker was 172 (45.1%), which did not differ across the 3 years (first year: 97/219, 44.3%; second year: 32/72, 44.4%; and third year: 43/90, 47.7%; P=.85). The accuracy of the differential diagnosis list created by the symptom checker was low in those with uncommon diseases (30/124, 24.2%) and atypical presentations (12/83, 14.5%). In the multivariate logistic regression model, common disease (P&lt;.001; odds ratio 4.13, 95% CI 2.50-6.98) and typical presentation (P&lt;.001; odds ratio 6.92, 95% CI 3.62-14.2) were significantly associated with the accuracy of the differential diagnosis list created by the symptom checker.
                  
                  
                    Conclusions
                    A 3-year longitudinal survey of the diagnostic accuracy of differential diagnosis lists developed by an AI-based symptom checker, which has been implemented in real-world clinical practice settings, showed no improvement over time. Uncommon diseases and atypical presentations were independently associated with a lower diagnostic accuracy. In the future, symptom checkers should be trained to recognize uncommon conditions."
generative AI formative assessment diagnostic accuracy,crossref,ok,2931769,10.58496/bjai/2025/005,Improving Diagnostic Accuracy of Brain Tumor MRI Classification Using Generative AI and Deep Learning Techniques,2025,"Brain Tumors are one of the most aggressive and deadly medical diseases with living individuals requiring a quick and highly sensitive diagnostic approaches to improve patient outcomes. Classification of brain tumors from magnetic resonance imaging (MRI) is still a difficult problem for medical imaging because the problem is highly complex, varies and the differences between the tumor types are subtle. Diagnostic accuracy and consistency are recently improved through the advances in Generative Artificial Intelligence (AI) and Deep Learning (DL) techniques. However, this paper presents a robust and efficient model based on the combination of the Generative AI approaches i.e. Generative Adversarial Networks (GANs) and Convolutional Neural Networks (CNNs) for the multi-classification of brain tumors from MRI images. With medical image dataset being limited, the GAN model is trained to augment the dataset which solves the problem of limited dataset and also that of the class imbalance. It trains and evaluates the CNN architecture on both original and artificially augmented datasets and shows that increased accuracy and generalization. The experimental results demonstrate that proposed combined approach significantly performs better than the traditional methods, thus allowing radiologists to reach higher precision, sensitivity and specificity in tumor identification and classification. The proposed methodology is a significant improvement in speeding, reliability, and precision in clinical diagnostics for Brain Tumors."
generative AI formative assessment diagnostic accuracy,crossref,ok,2931769,10.2139/ssrn.6123635,Generative AI and the Decoupling of Forecast Accuracy from Forecast Authority,2026,
generative AI formative assessment diagnostic accuracy,crossref,ok,2931769,10.2139/ssrn.7176278,Enterprise Trust Gaps in Generative AI Why Accuracy is not Enough: Evidence from Mid-market Generative AI Adoption,2026,"&lt;div&gt;
 While enterprise generative AI has seen rapid, widespread adoption, it faces a significant and growing trust lag. 88% of organizations have deployed AI in at least one business function, though only 39% attribute any EBIT impact to AI at the enterprise level (McKinsey, 2025). According to Deloitte's 2026 State of AI in the Enterprise, a survey of 3,235 enterprise leaders across 24 countries, only 21% of enterprises have mature governance models (Deloitte, 2026). Workers are not rejecting AI because it fails. They are rejecting it because they cannot afford to be wrong-and machines cannot be held responsible when they are.&amp;nbsp;
&lt;/div&gt;
&lt;div&gt;
 &amp;nbsp; &amp;nbsp; &amp;nbsp;We hypothesize that the Enterprise Trust Gap (the disconnect between rapid corporate AI adoption and organizational confidence) is not produced by AI inaccuracy but by three organizational conditions that precede accuracy entirely: Accountability Mismatch, The Human Correction Burden, and The Confidence Framing Effect. Wherever these conditions are as a coexistent risk, trust erodes regardless of output quality. When these conditions are addressed through organizational design, trust recovers without requiring improvements to the underlying model, its infrastructure, or the surrounding AI system.&amp;nbsp;
&lt;/div&gt;
&lt;div&gt;
 &amp;nbsp; &amp;nbsp; &amp;nbsp;This paper investigates the Enterprise Trust Gap-the phenomenon where business users abandon, edit, or override generative AI outputs even when those outputs are accurate. Drawing on empirical data from enterprise professionals across financial services, cybersecurity, and technology sectors, and secondary data analysis across three large-scale enterprise AI adoption surveys, we identify three mechanisms that produce the gap.
&lt;/div&gt;
&lt;div&gt;
 &amp;nbsp; &amp;nbsp; &amp;nbsp;First — The Accountability Mismatch. AI reliance declines when users own the
 &lt;br&gt;
 responsibility and accountability of outputs and cannot independently verify the machine’s work.
 &lt;br&gt;
 Second - The Human Correction Burden. As enterprise AI usage increases, user trust does not
 &lt;br&gt;
 necessarily follow; instead, users face a steep rise in the responsibility to independently verify,
 &lt;br&gt;
 edit, and reconstruct outputs before acting on them. Third — The Confidence Framing Effect.
 &lt;br&gt;
 Non-expert audiences read hedging as incompetence rather than calibration. Uncertainty
 &lt;br&gt;
 disclosure on output accuracy increases rejection rates.
 &lt;br&gt;
 &amp;nbsp; &amp;nbsp; &amp;nbsp;The Enterprise Trust Gap is not only a technology problem. It is an organizational design
 &lt;br&gt;
 problem rooted in the structural mismatch between how AI systems communicate confidence
 &lt;br&gt;
 and how enterprises demand defensibility.
&lt;/div&gt;"
generative AI formative assessment diagnostic accuracy,crossref,ok,2931769,10.1007/978-981-95-7526-8_15,Formative Assessment of Speaking for Young Learners Using Customized Generative AI,2026,
generative AI formative assessment diagnostic accuracy,crossref,ok,2931769,10.2139/ssrn.7176378,Enterprise Trust Gaps in Generative AI Why Accuracy is Not Enough: Evidence from Mid-Market Generative AI Adoption,2026,"While enterprise generative AI has seen rapid, widespread adoption, it faces a significant and growing trust lag. 88% of organizations have deployed AI in at least one business function, though only 39% attribute any EBIT impact to AI at the enterprise level (McKinsey, 2025). According to Deloitte's 2026 State of AI in the Enterprise, a survey of 3,235 enterprise leaders across 24 countries, only 21% of enterprises have mature governance models (Deloitte, 2026). Workers are not rejecting AI because it fails. They are rejecting it because they cannot afford to be wrong-and machines cannot be held responsible when they are. We hypothesize that the Enterprise Trust Gap (the disconnect between rapid corporate AI adoption and organizational confidence) is not produced by AI inaccuracy but by three organizational conditions that precede accuracy entirely: Accountability Mismatch, The Human Correction Burden, and The Confidence Framing Effect. Wherever these conditions are as a coexistent risk, trust erodes regardless of output quality. When these conditions are addressed through organizational design, trust recovers without requiring improvements to the underlying model, its infrastructure, or the surrounding AI system. This paper investigates the Enterprise Trust Gap-the phenomenon where business users abandon, edit, or override generative AI outputs even when those outputs are accurate. Drawing on empirical data from enterprise professionals across financial services, cybersecurity, and technology sectors, and secondary data analysis across three large-scale enterprise AI adoption surveys, we identify three mechanisms that produce the gap.
&lt;div&gt;
 First — The Accountability Mismatch. AI reliance declines when users own the responsibility and accountability of outputs and cannot independently verify the machine’s work. Second - The Human Correction Burden. As enterprise AI usage increases, user trust does not necessarily follow; instead, users face a steep rise in the responsibility to independently verify, edit, and reconstruct outputs before acting on them. Third — The Confidence Framing Effect. Non-expert audiences read hedging as incompetence rather than calibration. Uncertainty disclosure on output accuracy increases rejection rates. The Enterprise Trust Gap is not only a technology problem. It is an organizational design problem rooted in the structural mismatch between how AI systems communicate confidence and how enterprises demand defensibility.
&lt;/div&gt;"
generative AI formative assessment diagnostic accuracy,crossref,ok,2931769,10.31235/osf.io/f6hz7_v2,Assessment Validity and Generative AI,2026,"Generative artificial intelligence has unsettled higher education assessment because it changes what student performances can reasonably be taken to mean. This conceptual paper further develops a validity-centered account of this disruption, distinguishing several problems that are often collapsed in debate: construct underrepresentation, construct-irrelevant variance, attribution of performance, conditional extrapolation, and harmful use. It then proposes a practical reasoning sequence for assessment redesign that begins with specifying the intended claim and the AI conditions, proceeds through threat diagnosis and proportionate design response, and ends with local evidence. A compact Validity Reasoning Matrix illustrates how course and program teams can align concerns, threatened inferences, redesigns, and evidence needs. The contribution is both conceptual and practical: it offers a language for moving beyond detection and generic AI-proofing and a usable structure for defending assessment claims in AI-inclusive higher education."
generative AI formative assessment diagnostic accuracy,crossref,ok,2931769,10.31235/osf.io/f6hz7_v1,Assessment Validity and Generative AI,2026,"Generative artificial intelligence has unsettled higher education assessment because it changes what student performances can reasonably be taken to mean. This conceptual paper further develops a validity-centered account of this disruption, distinguishing several problems that are often collapsed in debate: construct underrepresentation, construct-irrelevant variance, attribution of performance, conditional extrapolation, and harmful use. It then proposes a practical reasoning sequence for assessment redesign that begins with specifying the intended claim and the AI conditions, proceeds through threat diagnosis and proportionate design response, and ends with local evidence. A compact Validity Reasoning Matrix illustrates how course and program teams can align concerns, threatened inferences, redesigns, and evidence needs. The contribution is both conceptual and practical: it offers a language for moving beyond detection and generic AI-proofing and a usable structure for defending assessment claims in AI-inclusive higher education."
generative AI formative assessment diagnostic accuracy,crossref,ok,2931769,10.2196/preprints.111532,Virtual Reality and Generative AI in Undergraduate Morphophysiology: A Formative Mixed-Methods Study. (Preprint),2026,"BACKGROUND
                  Traditional morphophysiology teaching fragments macroscopic anatomy and histology across separate spaces, increasing extrinsic cognitive load. Immersive virtual reality (VR) and generative artificial intelligence (AI) offer complementary affordances for integrating structure and function, but formative evidence on their combined use in undergraduate medical education remains limited.
                
                
                  OBJECTIVE
                  To formatively evaluate acceptance, perceived usefulness, and self-reported development of digital and research-oriented competencies among first- and second-year medical students after a combined VR and generative-AI intervention embedded in a morphophysiology course, and to identify infrastructure and pedagogical determinants informing scale-up
                
                
                  METHODS
                  This paper reports the quantitative first phase of an explanatory-sequential mixed-methods formative study. Students at the School of Medicine, Universidad San Sebastián (Concepción campus, Chile) participated in a three-component intervention: (i) rotating stations combining an immersive 3D virtual dissection platform with conventional histological observation, (ii) generative AI as an investigative tutor supporting question formulation and evidence appraisal, and (iii) a redesigned student research day structured around Kolb's experiential learning cycle. Students then completed an electronic survey grounded in the TPACK and TAM frameworks (38 items across 10 dimensions, 5-point Likert scale). Descriptive statistics with 95% confidence intervals, medians and interquartile ranges are reported. Reporting follows the CHERRIES checklist
                
                
                  RESULTS
                  Of 168 invited students, 95 completed the survey (response rate 56.5%, 95% CI 48.9–63.9%). All 10 dimensions exceeded 90% agreement (range 91.1–96.8%). The highest-rated dimension was teacher performance and support (96.8%; M = 4.79), followed by digital skills development (95.8%; M = 4.73) and student autonomy (95.8%; M = 4.69). The lowest was institutional and technological resources (91.1%; M = 4.56), driven by limited equipment and physical space (87.4%, the lowest item).
                
                
                  CONCLUSIONS
                  The combined VR and generative-AI intervention was highly acceptable, with teacher scaffolding and student autonomy most valued and infrastructure the primary scale-up constraint. Findings are formative and non-comparative; the ongoing qualitative phase will address mechanisms, including the cognitive-autonomy implications of AI-assisted learning."
generative AI formative assessment diagnostic accuracy,crossref,ok,2931769,10.2139/ssrn.7200860,Enterprise Trust Gaps in Generative AI Why Accuracy Is Not Enough: Evidence from Mid-Market Generative AI Adoption,2026,"While enterprise generative AI has seen rapid, widespread adoption, it faces a significant and growing trust lag. 88% of organizations have deployed AI in at least one business function, though only 39% attribute any EBIT impact to AI at the enterprise level (McKinsey, 2025). According to Deloitte's 2026 State of AI in the Enterprise, a survey of 3,235 enterprise leaders across 24 countries, only 21% of enterprises have mature governance models (Deloitte, 2026). Workers are not rejecting AI because it fails. They are rejecting it because they cannot afford to be wrong-and machines cannot be held responsible when they are. We hypothesize that the Enterprise Trust Gap (the disconnect between rapid corporate AI adoption and organizational confidence) is not produced by AI inaccuracy but by three organizational conditions that precede accuracy entirely: Accountability Mismatch, The Human Correction Burden, and The Confidence Framing Effect. Wherever these conditions are as a coexistent risk, trust erodes regardless of output quality. When these conditions are addressed through organizational design, trust recovers without requiring improvements to the underlying model, its infrastructure, or the surrounding AI system. This paper investigates the Enterprise Trust Gap-the phenomenon where business users abandon, edit, or override generative AI outputs even when those outputs are accurate. Drawing on empirical data from enterprise professionals across financial services, cybersecurity, and technology sectors, and secondary data analysis across three large-scale enterprise AI adoption surveys, we identify three mechanisms that produce the gap.
&lt;div&gt;
 First — The Accountability Mismatch. AI reliance declines when users own the responsibility and accountability of outputs and cannot independently verify the machine’s work. Second - The Human Correction Burden. As enterprise AI usage increases, user trust does not necessarily follow; instead, users face a steep rise in the responsibility to independently verify, edit, and reconstruct outputs before acting on them. Third — The Confidence Framing Effect. Non-expert audiences read hedging as incompetence rather than calibration. Uncertainty disclosure on output accuracy increases rejection rates. The Enterprise Trust Gap is not only a technology problem. It is an organizational design problem rooted in the structural mismatch between how AI systems communicate confidence and how enterprises demand defensibility.
&lt;/div&gt;"
generative AI formative assessment diagnostic accuracy,crossref,ok,2931769,10.21125/edulearn.2026.1348,DESIGNING A SOCRATIC-INSPIRED GENERATIVE AI CHATBOT TO SUPPORT SELF-REGULATED LEARNING AND FORMATIVE ASSESSMENT IN HIGHER EDUCATION,2026,
generative AI formative assessment diagnostic accuracy,crossref,ok,2931769,10.3102/ip.25.2191644,Generative AI in Education: Image Synthesizers&amp;#39; Bias and Accuracy,2025,
generative AI formative assessment diagnostic accuracy,crossref,ok,2931769,10.2196/preprints.106950,"Generative AI for Assessment and Feedback in Health and Life Sciences Higher Education: A Systematic Review of Feedback Quality, Grading Accuracy, and Human Oversight (Preprint)",2026,"BACKGROUND
                  Generative artificial intelligence (AI) tools are being deployed to grade student assessments and provide feedback across health and life sciences higher education, yet no systematic review has synthesized evidence on their accuracy, feedback quality, and governance requirements in this context.
                
                
                  OBJECTIVE
                  To synthesize evidence on the feedback quality, grading accuracy, rater agreement, and human oversight mechanisms of generative AI tools used for assessment and feedback in health and life sciences higher education.
                
                
                  METHODS
                  A systematic review was conducted following PRISMA 2020 guidelines and registered on PROSPERO. Five databases (PubMed, Scopus, CINAHL, ERIC, IEEE Xplore) were searched until June 2026. Studies involving generative AI used for grading or providing feedback on work produced by students in undergraduate or postgraduate health and life sciences programs were eligible. Two independent reviewers screened records (Cohen’s κ = 0.76), extracted data, and assessed methodological quality using the Mixed Methods Appraisal Tool (MMAT) version 2018. Certainty of evidence was assessed using the GRADE framework. Findings were synthesized narratively.
                
                
                  RESULTS
                  Fifty-three studies published between 2023 and 2026 were included, spanning 27 countries and five health disciplines. Medicine was the predominant discipline (66.0%), and cross-sectional designs predominated (67.9%). Agreement values ranged from κ = −0.156 to ICC = 0.993. Assessment type was the primary moderator of AI-human agreement: simulation and history-taking assessments with structured rubrics consistently achieved excellent agreement (ICC 0.90–0.993), whilst visually-dependent and attitudinal OSCE domains yielded poor agreement. Prompting strategy was the most actionable modifiable determinant within any assessment format. Feedback quality was broadly acceptable to students, with one RCT demonstrating non-inferiority of AI versus expert feedback on learning outcomes (p = 0.06). Human oversight was reported in 94.3% of studies; no study recommended autonomous AI assessment. Methodological quality was predominantly high (50.9%) or medium (45.3%); GRADE certainty was Low to Very Low across all outcome domains.
                
                
                  CONCLUSIONS
                  Generative AI can achieve excellent grading accuracy for structured health professions assessments but is not yet reliable for complex clinical competencies. A tiered hybrid model, AI for structured formative assessment with mandatory human oversight for summative and complex tasks, is supported by the evidence. Future research prioritizing randomized trials, non-medicine disciplines, and equity considerations are needed before large-scale deployment can be recommended.
                
                
                  CLINICALTRIAL
                  PROSPERO CRD42019123456"
generative AI formative assessment diagnostic accuracy,crossref,ok,2931769,10.4324/9781003482918-15,Generative AI and the implications for authentic assessment,2024,
generative AI formative assessment diagnostic accuracy,crossref,ok,2931769,10.3102/1886376,Explaining as Learning: Sense-Making Through Generative Formative Assessment in Science,2022,
generative AI formative assessment diagnostic accuracy,crossref,ok,2931769,10.1177/21501319251326663,Augmenting Community Nursing Practice With Generative AI: A Formative Study of Diagnostic Synergies Using Simulation-Based Clinical Cases,2025,"Objective:
                    To compare the diagnostic accuracy and clinical decision-making of experienced community nurses versus state-of-the-art generative AI (GenAI) systems for simulated patient case scenarios.
                  
                  
                    Methods:
                    In the months of 5 to 6/2024, 114 community Israeli nurses completed a questionnaire including 4 medical case studies. Responses were also collected from 3 GenAI models (ChatGPT-4, Claude 3.0, and Gemini 1.5), analyzed both without word limits and with a 10-word constraint. Responses were scored on accuracy, speed, and comprehensiveness.
                  
                  
                    Results:
                    Nurses scored higher on average compared to the shortened GenAI responses. GenAI responses were faster but more verbose, and contained unnecessary information. Gemini (full version) and Claude (full version) achieved the highest accuracy among the GenAI models.
                  
                  
                    Conclusions:
                    While GenAI shows potential to support aspects of nursing practice, human clinicians currently exhibit advantages in holistic clinical reasoning abilities, a skill requiring experience, contextual knowledge, and ability to bring concise and practical responses. Further research is needed before GenAI can adequately substitute nursing expertise."
generative AI formative assessment diagnostic accuracy,crossref,ok,2931769,10.2196/preprints.58202,Revised Tool for the Quality Assessment of Diagnostic Accuracy Studies Using AI (QUADAS-AI): Protocol for a Qualitative Study (Preprint),2024,"BACKGROUND
                        Quality assessment of diagnostic accuracy studies (QUADAS), and more recently QUADAS-2, were developed to aid the evaluation of methodological quality within primary diagnostic accuracy studies. However, its current form, QUADAS-2 does not address the unique considerations raised by artificial intelligence (AI)–centered diagnostic systems. The rapid progression of the AI diagnostics field mandates suitable quality assessment tools to determine the risk of bias and applicability, and subsequently evaluate translational potential for clinical practice.
                
                                
                    OBJECTIVE
                        We aim to develop an AI-specific QUADAS (QUADAS-AI) tool that addresses the specific challenges associated with the appraisal of AI diagnostic accuracy studies. This paper describes the processes and methods that will be used to develop QUADAS-AI.
                
                                
                    METHODS
                        The development of QUADAS-AI can be distilled into 3 broad stages. Stage 1—a project organization phase had been undertaken, during which a project team and a steering committee were established. The steering committee consists of a panel of international experts representing diverse stakeholder groups. Following this, the scope of the project was finalized. Stage 2—an item generation process will be completed following (1) a mapping review, (2) a meta-research study, (3) a scoping survey of international experts, and (4) a patient and public involvement and engagement exercise. Candidate items will then be put forward to the international Delphi panel to achieve consensus for inclusion in the revised tool. A modified Delphi consensus methodology involving multiple online rounds and a final consensus meeting will be carried out to refine the tool, following which the initial QUADAS-AI tool will be drafted. A piloting phase will be carried out to identify components that are considered to be either ambiguous or missing. Stage 3—once the steering committee has finalized the QUADAS-AI tool, specific dissemination strategies will be aimed toward academic, policy, regulatory, industry, and public stakeholders, respectively.
                
                                
                    RESULTS
                        As of July 2024, the project organization phase, as well as the mapping review and meta-research study, have been completed. We aim to complete the item generation, including the Delphi consensus, and finalize the tool by the end of 2024. Therefore, QUADAS-AI will be able to provide a consensus-derived platform upon which stakeholders may systematically appraise the methodological quality associated with AI diagnostic accuracy studies by the beginning of 2025.
                
                                
                    CONCLUSIONS
                        AI-driven systems comprise an increasingly significant proportion of research in clinical diagnostics. Through this process, QUADAS-AI will aid the evaluation of studies in this domain in order to identify bias and applicability concerns. As such, QUADAS-AI may form a key part of clinical, governmental, and regulatory evaluation frameworks for AI diagnostic systems globally.
                
                                
                    INTERNATIONAL REGISTERED REPORT
                        DERR1-10.2196/58202"
generative AI formative assessment diagnostic accuracy,crossref,ok,2931769,10.32388/xngq7l,Diagnostic Accuracy Assessment Criterion,2020,
generative AI formative assessment diagnostic accuracy,crossref,ok,2931769,10.1007/978-3-032-01638-6_10,The Power Generative AI for Innovative Assessment Design in STEM Education Programs,2026,
generative AI formative assessment diagnostic accuracy,crossref,ok,2931769,10.7717/peerj.18310/fig-3,Figure 3: Screening and accuracy assessment of diagnostic markers.,,
generative AI formative assessment diagnostic accuracy,crossref,ok,2931769,10.2196/preprints.72553,Generative AI Chatbot for Diabetes Management: Formative 2-Part Qualitative Study Using DTalksBot Involving Patients and Clinicians (Preprint),2025,"BACKGROUND
                  Diabetes mellitus requires continuous self-management to prevent complications. Patients frequently rely on online resources and mobile apps for diabetes-related information; however, these often lead to information overload, limited personalization, and difficulty in navigation. Generative artificial intelligence (AI) chatbots may address these challenges by providing accessible, personalized, and responsive guidance.
                
                
                  OBJECTIVE
                  This study aimed to explore the potential role of generative AI chatbots in diabetes management through a 2-part qualitative evaluation. Part 1 examined patients’ information needs, user experiences, and expectations. Part 2 investigated specialists’ perspectives on the practical utility of generative AI chatbots in supporting diabetes self-management. By incorporating perspectives from both patients and specialists, the study aimed to identify appropriate boundaries for the involvement of generative AI chatbots, reflecting the needs and expectations of both stakeholder groups.
                
                
                  METHODS
                  This study was conducted using DTalksBot, a generative AI chatbot powered by GPT-4 (OpenAI) and enhanced with retrieval-augmented generation. In Part 1, we aimed to understand the experiences, needs, and expectations of patients with diabetes. To achieve this, 24 participants engaged in structured chatbot sessions, completed postinteraction surveys, and participated in in-depth interviews. Data were analyzed using thematic and content analysis to identify patterns in user queries and experiences. In part 2, we invited 4 family medicine specialists to assess the accuracy of DTalksBot’s responses by reviewing conversation logs and to share expert insights on the future role of generative AI chatbots in diabetes management.
                
                
                  RESULTS
                  In part 1, a total of 24 patients submitted a total of 643 questions, which were categorized into 4 primary themes: personalized health advice and guidance (n=281, 44.6%), complications and comorbidities (n=174, 27.1%), medication and treatment exploration (n=111, 17.3%), and mental health management and support (n=30, 4.7%). Patients emphasized the advantages of generative AI chatbots over traditional information sources, including faster access to reliable content, reduced cognitive burden, and the ability to comfortably discuss sensitive topics. In part 2, specialists recognized the generative AI chatbots’ value in answering routine inquiries, but noted limitations in contextual accuracy, real-time data integration, and response personalization.
                
                
                  CONCLUSIONS
                  Generative AI chatbots showed promise as complementary tools for diabetes self-management by offering accessible, reliable, and tailored support. This formative evaluation provides empirical evidence on how generative AI chatbots can address patient information needs and complement existing health care resources. To maximize utility, future generative AI chatbots need to integrate real-time health data, enhance contextual relevance, and align with clinical workflows to ensure safety, trust, and broader applicability.
                
                
                  CLINICALTRIAL"
generative AI formative assessment diagnostic accuracy,crossref,ok,2931769,10.4324/9781315020600-14,Diagnostic testing in formative assessment: the students as test developers,2019,
generative AI formative assessment diagnostic accuracy,crossref,ok,2931769,10.4324/9780203080368-19,Diagnostic testing in formative assessment: the students as test developers,2013,
generative AI formative assessment diagnostic accuracy,crossref,ok,2931769,10.2139/ssrn.6803625,"When AI Inflates Scores, the Weakest Hurt Most: Evidence from Formative Assessment",2026,"We examine whether AI access during unmonitored formative assessment harms lower-ability students disproportionately. Using a natural experiment across four sections of an introductory economics course, we exploit the unenforceable nature of smartphone AI restrictions under remote proctoring software. Switching from in-person to at-home mock exams raises the share of students scoring below their own practice exam by more than 50 percentage points. The effect is regressive: in-person mock exams benefit students uniformly across the GPA distribution, prior ability does not predict improvement; whereas remote conditions reverse this property entirely, with lower-ability students suffering the largest performance declines on the subsequent proctored test. AI access also destroys the diagnostic signal in practice performance, eliminating the equalizing property of supervised formative assessment. Post-hoc survey evidence confirms AI use was prevalent, systematically underreported, and resistant to correction even after students experienced its consequences firsthand. These findings are consistent with AI eliminating the desirable difficulties, effortful retrieval and productive struggle, that turn practice into learning, with the heaviest costs falling on those who most need them."
generative AI formative assessment diagnostic accuracy,crossref,ok,2931769,10.70102/afts.2026.1835.691,UTILIZING GENERATIVE AI CLINICAL PATIENT PERSONAS FOR ENHANCING DIAGNOSTIC ACCURACY AND THERAPEUTIC EMPATHY IN UNDERGRADUATE PSYCHOLOGY TRAINING,2026,"There is frequent conflict between diagnostic rigor and therapeutic empathy training in psychology
undergraduates because students rarely encounter a variety of complex clinical presentations. This
research investigates the usefulness of applying generative artificial intelligence (AI) clinical patient
persona (GPT-4) by OpenAI to improve diagnostic accuracy and empathic interaction among psychology
undergraduates. A quasi-experimental design was used, involving 124 third-year psychology students
randomly assigned to either AI-persona training (n = 62) or traditional case-vignette training (n = 62) in
a 6-week module. Structured simulated clinical interviews with dynamically responsive AI-generated
personas simulating mood, anxiety, trauma-related, and personality disorders were provided to the
intervention group. The measures were standardised using diagnostic accuracy rubrics and the Jefferson
Scale of Empathy (JSE-S). Findings showed that students exposed to an AI persona had significantly
better diagnostic accuracy (84.7% vs. 72.3%; p &lt; .01) and better differentiation in diagnosis formulation
(mean score change of 18.5; Cohen d = 0.74) than the controls. The JSE-S empathy scores increased by
21.2% in the intervention group compared with 8.9% in the control group (p &lt; .01). Also, 89 % of the
participants said they felt more confident in conducting clinical interviews, and 76 % said they felt more realistic than when using a static case study. The results indicate that clinical patient personas generated
by generative AI can be a valuable addition to undergraduate psychology training, enhancing diagnostic
competence and therapeutic empathy. A possible solution is to systematically incorporate simulated AI
into training curricula, offering experience-based learning with scalable resource requirements at low
cost, while maintaining ethical standards and pedagogical rigour."
generative AI formative assessment diagnostic accuracy,crossref,ok,2931769,10.1109/resgenxai64788.2025.11344014,COMPREHENSIVE EVALUATION OF AUTOMATED DIAGNOSTIC SYSTEMS FOR THYROID NODULES: A MULTI-FACETED ASSESSMENT FRAMEWORK,2025,
tutor ability to infer student knowledge state,crossref,ok,4032042,10.31274/rtd-180816-3958,Relationship of selected IGE outcomes to student self-esteem and ability of elementary teachers to infer learner self-concept,,
tutor ability to infer student knowledge state,crossref,ok,4032042,10.7330/9781607328810.c011,Appendix C: Frequency of Student and Tutor Knowledge Claims with Examples,2019,
tutor ability to infer student knowledge state,crossref,ok,4032042,10.4324/9780203056899-6,Analysis of Student Performance with the LISP Tutor,2013,
tutor ability to infer student knowledge state,crossref,ok,4032042,10.1145/3706468.3706501,Exploring Knowledge Tracing in Tutor-Student Dialogues using LLMs,2025,
tutor ability to infer student knowledge state,crossref,ok,4032042,10.1016/j.jecp.2016.05.006,Teaching and preschoolers’ ability to infer knowledge from mistakes,2016,
tutor ability to infer student knowledge state,crossref,ok,4032042,10.2165/00128413-200715850-00016,"Oxytocin may improve ability to ""infer the affective mental state of others from subtle facial cues"",",2007,
tutor ability to infer student knowledge state,crossref,ok,4032042,10.7330/9781607328810.c017,Appendix C Frequency of Student and Tutor Knowledge Claims with Examples,2019,
tutor ability to infer student knowledge state,crossref,ok,4032042,10.3998/mpub.9836,When Tutor Meets Student,1994,
tutor ability to infer student knowledge state,crossref,ok,4032042,10.1007/978-3-7091-2670-7_25,Student Modeling in the ACT Programming Tutor: Adjusting a Procedural Learning Model With Declarative Knowledge,1997,
tutor ability to infer student knowledge state,crossref,ok,4032042,10.24124/2006/bpgub432,The generalized tutor-student learning algorithm for autonomous mobile robots.,,
tutor ability to infer student knowledge state,crossref,ok,4032042,10.1080/0305569960220202,"Effects of Tutor‐Tutee Intimacy, Tutoring Conditions and Tutor Background on College Student Tutor Satisfaction",1996,
tutor ability to infer student knowledge state,crossref,ok,4032042,10.53615/2232-5697.11.297-314,Future Competencies and E-Tutor Competencies: A Chance for Higher Education Institutions to Support Their Student Staff,2022,"Purpose: E-tutors often participate in collaborative online international learning (COIL) settings and guide students in group work and related learning processes. They moderate, organize, and observe the group and individual learning processes and are often students’ first point of contact. This support requires several competencies, which are also largely reflected in the so-called future skills. Thus, it seems sensible to examine these competencies more closely and promote them to enhance the course experience and support for students in COIL settings on the one hand and to make student e-tutors fit for the modern working world on the other.
Study design/methodology/approach: As a starting point for this project, a comprehensive systematic literature analysis on e-tutor competencies and qualifications was conducted in Langesee (2023). A competency ranking and task-based competency profile for e-tutors in higher education were developed during this research. To investigate the validity and practicability of these artifacts, an evaluation was conducted with 16 international experts and practitioners (e-tutors) using a questionnaire.
Findings: The competencies identified in Langesee (2023), the ranking, and the profile created were recognized as helpful and practical. Additional comments from respondents allowed both artifacts to be revised and expanded. The three most relevant competencies of the nine detected are communication, pedagogical and social competencies.
Originality/value: The resulting artifacts can be used in the next step as a basis for a self-evaluation tool (SET), enabling e-tutors to assess their competence equipment. Based on this, individual instruments will be recommended to initiate possible improvements."
tutor ability to infer student knowledge state,crossref,ok,4032042,10.5204/thesis.eprints.263530,"Parent, Student and Tutor Perspectives on Shadow Education in Australia",,"Private tutoring is an increasingly normalised part of schooling. Yet, little is known about how families experience and understand it. This study investigated how tutoring is used by families in Australia to manage risk and secure advantage for their children. Based on interviews with parents, students, and tutors, this research shows how tutoring operates behind the scenes of formal schooling. While it can support individual goals, it also shifts responsibility onto families, and may deepen inequalities in an educational system that is notionally committed to fairness."
tutor ability to infer student knowledge state,crossref,ok,4032042,10.3102/2107698,Investigating Approaches to Bridging Student Knowledge Gaps in Mixed-Ability Mathematics Classrooms,2024,
tutor ability to infer student knowledge state,crossref,ok,4032042,10.1101/715904,Testing the ability of species distribution models to infer variable importance,2019,"Abstract
                
                  Models of species’ distributions and niches are frequently used to infer the importance of range- and niche-defining variables. However, the degree to which these models can reliably identify important variables and quantify their influence remains unknown. Here we use a series of simulations to explore how well models can 1) discriminate between variables with different influence and 2) calibrate the magnitude of influence relative to an “omniscient” model. To quantify variable importance, we trained generalized additive models (GAMs), Maxent, and boosted regression trees (BRTs) on simulated data and tested their sensitivity to permutations in each predictor. Importance was inferred by calculating the correlation between permuted and unpermuted predictions, and by comparing predictive accuracy of permuted and unpermuted predictions using AUC and the Continuous Boyce Index. In scenarios with one influential and one uninfluential variable, models were unable to discriminate reliably between variables in conditions that are normally challenging for generating accurate predictions: training occurrences &lt;8-64; prevalence &gt;0.5; small spatial extent; environmental data with coarse resolution when spatial autocorrelation is low; and correlation between environmental variables where |
                  r
                  | &gt;0.7. When two variables influenced the distribution equally, importance was underestimated when species had narrow or intermediate niche breadth. Interactions between variables in how they shaped the niche did not affect inferences about their importance. When variables acted unequally, the effect of the stronger variable was overestimated. GAMs and Maxent discriminated between variables more reliably than BRTs, but no algorithm was consistently well-calibrated vis-à-vis the omniscient model. Algorithm-specific measures of importance like Maxent’s change-in-gain metric were less robust than the permutation test. Overall, high predictive accuracy did not connote robust inferential capacity. As a result, requirements for reliably measuring variable importance are likely more stringent than for creating models with high predictive accuracy."
tutor ability to infer student knowledge state,crossref,ok,4032042,10.1093/ww/9780199540884.013.u210923,"Hassall, Arthur, (28 Sept. 1853–21 Nov. 1930), Student and Tutor of Christ Church, Oxford, 1884–1924",2007,
tutor ability to infer student knowledge state,crossref,ok,4032042,10.1093/ww/9780199540884.013.u222305,"Barrington-Ward, John Grosvenor, (26 Dec. 1894–6 June 1946), Student and Classical Tutor, Christ Church, Oxford",2007,
tutor ability to infer student knowledge state,crossref,ok,4032042,10.55640/eijp-05-05-13,Scientific and Theoretical Foundations of Organizing Tutor Pedagogical Activity,2025,"This article discusses the implementation of tutoring activity in Uzbekistan based on foreign experiences. The role of tutors in organizing the education in higher education and their effective pedagogical activities has been discussed. The deep study and comprehensive understanding of the concept of continuous spiritual education, as well as its importance in improving the educational process in higher education institutions, have been explored."
tutor ability to infer student knowledge state,crossref,ok,4032042,10.18653/v1/2026.bea-1.43,Interpretable Difficulty-Aware Knowledge Tracing in Tutor-Student Dialogues,2026,
tutor ability to infer student knowledge state,crossref,ok,4032042,10.1177/09567976251339633/v2/review1,"Review for ""Using the Nested Structure of Knowledge to Infer What Others Know""",2024,
tutor ability to infer student knowledge state,crossref,ok,4032042,10.1177/09567976251339633/v1/review2,"Review for ""Using the Nested Structure of Knowledge to Infer What Others Know""",2024,
tutor ability to infer student knowledge state,crossref,ok,4032042,10.31234/osf.io/ahu6z,"People can infer the magnitude of other people's knowledge, even when they cannot infer its contents",2024,"Inferences about other people's knowledge and beliefs are central to social interaction. However, it is often not possible to tell what exactly other people know, because their behavior is consistent with a range of potential epistemic states. Nonetheless, in many of these situations we often have coarse intuitions about how much someone knows, despite being unable to pinpoint the exact content of their knowledge. Here we sought to explore this capacity in humans, by comparing their performance to a normative model capturing this kind of broad epistemic-state inference, centered on the expectation that agents maximize epistemic utilities. We evaluate our model in a graded inference task where people had to infer how much an agent knew based on the actions they chose (Experiment 1), and joint inferences about how much someone knew and how much they believed they could learn (Experiment 2). Critically, the agent's knowledge was always under-determined by their behavior, but the behavior nonetheless contained information about how much knowledge they possessed or believed they could gain. Our model captures nuanced patterns in participant judgments, revealing that people have a quantitative capacity to infer amorphous knowledge from minimal behavioral evidence."
tutor ability to infer student knowledge state,crossref,ok,4032042,10.1177/09567976251339633/v1/review1,"Review for ""Using the Nested Structure of Knowledge to Infer What Others Know""",2024,
tutor ability to infer student knowledge state,crossref,ok,4032042,10.1177/09567976251339633/v2/review2,"Review for ""Using the Nested Structure of Knowledge to Infer What Others Know""",2025,
tutor ability to infer student knowledge state,crossref,ok,4032042,10.1093/ww/9780199540884.013.u4000352,"Conrad, Peter John, (born 11 Feb. 1948), writer; Student, and Tutor in English Literature, Christ Church, Oxford, 1973–2011",2007,
tutor ability to infer student knowledge state,crossref,ok,4032042,10.24321/2455.9318.202026,"Knowledge and Expressed Practice Related to Hand Hygiene among Student Nurses - A Selected College of New Delhi, India",2021,"Introduction: Hand hygiene is an important healthcare issue globally and is a single most cost-effective and practical measure to reduce the incidence of health care associated infection across all setting-from advanced healthcare systems to primary healthcare centres. The objectives of the present study were to assess the knowledge and expressed practice related to hand hygiene among the student nurses in a selected college of Nursing, New Delhi.  Materials and Methods: Quantitative research approach with descriptive research design were adopted for this study. Structured questionnaire was used to assess the knowledge and expressed practice checklist was used to assess the expressed practice related to hand hygiene among student nurses. Total 102 student nurses were selected through convenient sampling technique from DGNM 1st year and DGNM 2nd year of Rufaida College of Nursing, Jamia Hamdard, New Delhi, India. Data were collected in the month of September 2020. Descriptive statistics were used to analyse the data. Result: The findings of present study revealed that out of 102 samples, 90 (88.24%) have inadequate knowledge whereas only 12 (11.76%) have adequate knowledge on hand hygiene and 78 (76.47%) have good expressed practice while 16 (15.69%) have satisfactory expressed practice and 8 (7.84%) have poor expressed practice on hand hygiene.  Conclusion: It was concluded that more observational studies should be conducted on hand hygiene as majority of samples have good expressed practice on hand hygiene whereas very few samples have adequate knowledge on hand hygiene."
tutor ability to infer student knowledge state,crossref,ok,4032042,10.5353/th_b3195822,The effect of context cue instruction on intermediate EFL students' ability to infer word meaning from context,,
tutor ability to infer student knowledge state,crossref,ok,4032042,10.21090/ijaerd.34591,KID TUTOR (KNOWLEDGE BASED INTELLIGENT DATABASE TUTOR),2017,
tutor ability to infer student knowledge state,crossref,ok,4032042,10.24321/2455.9318.201930,Assessment of Knowledge of Student Nurses regarding Use of Simulation: A Modern Learning Approach in Nursing,2020,
tutor ability to infer student knowledge state,crossref,ok,4032042,10.1093/ww/9780199540884.013.4000352,"Conrad, Peter John, (born 11 Feb. 1948), writer; Student, and Tutor in English Literature, Christ Church, Oxford, 1973–2011",2007,
tutor ability to infer student knowledge state,crossref,ok,4032042,10.1097/00001888-199609000-00017,Effects of tutor expertise on student performance in relation to prior knowledge and level of curricular structure,1996,
tutor ability to infer student knowledge state,crossref,ok,4032042,10.2139/ssrn.4818935,Student-Tutor Requestive Emails in an Esl Context: Production and Perception,2024,
tutor ability to infer student knowledge state,crossref,ok,4032042,10.1109/icdl63968.2025.11204437,Interacting with Other Agents Without a-priori Knowledge: a Radical Interactionist Architecture Developing From the Ground-Up the Ability to Infer Motivations and Predict Behaviour,2025,
tutor ability to infer student knowledge state,crossref,ok,4032042,10.7771/2832-9414.1826,Student Interactions with a Native Speaker Tutor and a Nonnative Speaker Tutor at an American Writing Center,2017,
tutor ability to infer student knowledge state,crossref,ok,4032042,10.31274/td-20260408-35,"Iowa State University's campus television station: Student knowledge, attitudes and behaviors",,
tutor ability to infer student knowledge state,crossref,ok,4032042,10.1145/3636555.3636846,Automating Human Tutor-Style Programming Feedback: Leveraging GPT-4 Tutor Model for Hint Generation and GPT-3.5 Student Model for Hint Validation,2024,
tutor ability to infer student knowledge state,crossref,ok,4032042,10.1016/0950-7051(87)90014-1,Intelligent tutor for air traffic controllers,1987,
tutor ability to infer student knowledge state,crossref,ok,4032042,10.1007/978-94-007-0802-0_9,Exploring Student Attrition in Problem-Based Learning: Tutor and Student Perceptions on Student Progress,2011,
tutor ability to infer student knowledge state,crossref,ok,4032042,10.5204/ssj.v10i2.1293,The benefits of good tutor-student relationships in the first year,2019,"Teacher-student relationships (TSR) are an important influence on the student experience at university. Existing research, predominantly with lecturers, highlights that these relationships have academic and affective dimensions. Studies demonstrate good TSR increase student motivation, engagement, and learning. The current study adds a student voice to this topic, focussing on their views of tutoring staff, who undertake much of the face-to-face teaching in universities. The qualitative study followed 19 students through their first year at an Australian university. The students identified four characteristics of a ‘good’ tutor: helpful, caring, likeable, and hands-on. Students talked about multiple benefits of having a good tutor including increased help-seeking, studying harder, more interest in class, and improved well-being and belonging. The importance of the tutor role is underestimated and institutions would do well to better support these valuable staff."
tutor ability to infer student knowledge state,crossref,ok,4032042,10.1002/sce.3730180306,The relationship between the ability to recall and the ability to infer in specific learning situations,1934,
tutor ability to infer student knowledge state,crossref,ok,4032042,10.7771/2832-9414.1840,"Summing Up the Session: A Study of Student, Faculty, and Tutor Attitudes Toward Tutor Notes",2016,
tutor ability to infer student knowledge state,crossref,ok,4032042,10.4324/9781003710974-6,Tutor-Student Interpersonal Relationships,2025,
tutor ability to infer student knowledge state,crossref,ok,4032042,10.4324/9780203465066-9,Student-led seminars and tutor-less tutorials,2004,
tutor ability to infer student knowledge state,crossref,ok,4032042,10.1007/978-3-540-30132-5_37,Developing a “Virtual Student” Model to Test the Tutor and Optimiser Agents in an ITS,2004,
tutor ability to infer student knowledge state,crossref,ok,4032042,10.4324/9780203465066_chapter_6,Student-led seminars and tutor-less tutorials,,
tutor ability to infer student knowledge state,crossref,ok,4032042,10.5220/0008387804950499,Towards the Prokaryotic Regulation Ontology: An Ontological Model to Infer Gene Regulation Physiology from Mechanisms in Bacteria,2019,
tutor ability to infer student knowledge state,crossref,ok,4032042,10.58680/rte198915528,Student Argumentative Writing Knowledge and Ability at Three Grade Levels,1989,
tutor ability to infer student knowledge state,crossref,ok,4032042,10.1093/ww/9780199540884.013.u205653,"Barclay, John, (1845–23 April 1936), late Student and Tutor of Christ Church, Oxford, and Dr Lee’s Reader in Anatomy, 1869–1920",2007,
tutor ability to infer student knowledge state,crossref,ok,4032042,10.2139/ssrn.5018891,GNN Recommendation System for Enhancing Peer and Tutor-Student Interactions in a Social Media Environment,2025,
tutor ability to infer student knowledge state,crossref,ok,4032042,10.1037/dev0001774.supp,Supplemental Material for Children Use Proximity and Ability to Infer Distinct Kinds of Counterfactual Closeness,2024,
diagnostic assessment identifying student errors mathematics,crossref,ok,3860705,10.29275/jerm.2022.32.3.229,"equation solving, students’ mathematical strategies, big data, diagnostic assessment, student errors",2022,"Recent research shows that young students can engage in algebraic reasoning before their first course in algebra.
However, the extent to which elementary school children can develop proficiency with algebraic notation and procedures is still unclear. We analyzed fifth grade students’ ability to represent and solve verbal problems using equations with variables on both sides of the equal sign, interrelate algebraic and graphical representations of the problem, and realize that values other than the solution would lead to inequalities. From third to fifth grade, students from a Boston, MA, USA public school participated in weekly lessons based on a functional approach to arithmetic and algebra. Lessons involved verbal, algebraic, tabular, and graphical representations of functions. In grade four, they solved word problems using variables, data tables, and Cartesian graphs to compare functions. By grade five they were introduced to standard procedures to solve equations. In written assessments in fifth grade, approximately two-thirds of participating students (a) compared the graphs of two functions in an equation; (b) identified the point in the Cartesian plane where the two functions were equal, (c) represented a word problem as an equation with a variable on both sides of the equal sign. Approximately half of the students solved the equation and noted that values other than the solution would lead to inequalities. In a follow up interview, more students found the correct solution to the equation and nearly half of those gave valid explanations about the meaning of the solution."
diagnostic assessment identifying student errors mathematics,crossref,ok,3860705,10.3389/fpsyg.2022.1057730,Identifying and dealing with student errors in the mathematics classroom: Cognitive and motivational requirements,2022,"IntroductionMathematics classrooms are typically characterized by considerable heterogeneity with respect to students’ knowledge and skills. Mathematics teachers need to be highly attentive to students’ thinking, learning difficulties, and any misconceptions that they may develop. Identification of potential errors and appropriate ways to approach them is crucial for attaining positive learning outcomes. This paper explores which knowledge and affective-motivational skills teachers most require to effectively identify and approach students’ errors.MethodsTo address this research question within the German follow-up study of the Teacher Education and Development Study in Mathematics (TEDS-M), 131 primary school mathematics teachers’ ability to identify students’ errors was assessed based on (a) a digitalized speed test showing different students’ solutions in a written notation and (b) three video vignettes that showed different scenes from mathematics classes. These scenes dealt, among other things, with children who struggled with the lesson’s mathematical content. Teachers were asked to analyze students’ thinking and to determine how best to react. In addition, teachers’ mathematics pedagogical content knowledge, mathematical content knowledge, and beliefs were assessed in separate tests and served as predictors for teachers’ abilities to identify, analyze, and deal with students’ errors.ResultsThe results indicate that all components are interrelated. However, path analysis reveals that teachers’ ability to deal with students’ errors is mainly predicted by their constructivist beliefs while their ability to quickly identify typical students’ errors is largely dependent on their mathematics content knowledge.DiscussionThe results show the central filtering function of beliefs. Teachers who believe that students must shape and create their own learning processes are more successful in perceiving and analyzing student errors in classroom situations. They may understand errors as learning opportunities and - thus - pay specific attention to these occurrences."
diagnostic assessment identifying student errors mathematics,crossref,ok,3860705,10.4324/9781315695570,Tackling Misconceptions in Primary Mathematics,2016,
diagnostic assessment identifying student errors mathematics,crossref,ok,3860705,10.1787/083176165732,Performance on the mathematics scale in PISA 2003,,
diagnostic assessment identifying student errors mathematics,crossref,ok,3860705,10.21100/msor.v19i2.1236,Students’ Perceptions of Enhanced e-Assessment Feedback Addressing Common Student Errors in Mathematics,2021,"The Common Student Errors Project (CSE Project) has been running at the University of the West of England (UWE, Bristol) since 2017. The main aim of this project is to introduce a method to detect CSEs and to provide tailored feedback in Engineering Mathematics e-Assessment questions. In this case study we briefly describe the process of collecting CSEs related to Engineering Mathematics and delivering personalised enhanced feedback to students who made CSEs on Dewis eAssessment questions. We then present how we carried out a questionnaire to gather student perceptions on the enhanced feedback they received. Finally, we present the outcomes of the questionnaire data, the conclusions on students’ perceptions of the current enhanced feedback and ascertain possible future directions for further development of the enhanced feedback."
diagnostic assessment identifying student errors mathematics,crossref,ok,3860705,10.1093/teamat/hrv010,Diagnosing student errors in e-Assessment questions,2015,
diagnostic assessment identifying student errors mathematics,crossref,ok,3860705,10.18296/set.0802,Diagnosing misconceptions in mathematics: Using the Assessment Resource Banks to remedy student errors,2000,
diagnostic assessment identifying student errors mathematics,crossref,ok,3860705,10.31943/mathline.v6i2.217,Diagnostic Of Student Mathematics Ability On The Implementation Of Mathematics-Based Assessment Open-Ended Problems,2021,"Penerapan bentuk penilaian matematika yang dapat mengukur kemampuan matematis siswa secara pasti di tengah pembelajaran yang terdampak pandemi COVID-19 penting dilakukan. Pemberian tes diagnostik yang berbasis pada open-ended problem dapat menjadi salah satu solusi agar bentuk penilaian yang dilakukan tidak hanya mudah diterapkan tetapi juga mampu mengukur kemampuan matematis siswa secara tepat. Oleh karena itu, penelitian ini bertujuan untuk menganalisis kemampuan matematis siswa dalam implementasi asesmen berbasis open-ended problem. Penelitian ini menggunakan metode penelitian kualitatif dengan desain penelitian studi kasus. Penelitian ini dilakukan di salah satu sekolah yang berada di Kabupaten Cirebon dengan subjek penelitian sebanyak 50 orang siswa, yang terbagi dalam 15 responden berkemampuan matematis rendah, 20 berkemampuan sedang, dan 15 responden berkemampuan tinggi. Penelitian ini mengembangkan tiga buah masalah, yaitu masalah pada konsep aljabar, geometri, serta analisis data dan peluang. Hasil implementasi dari tiga masalah tersebut, memperlihatkan bahwa pada siswa dengan kemampuan matematis rendah dan sedang masih mengalami kesulitan dalam melakukan analisis dan membuat hubungan antar konsep yang disajikan pada masalah. Pada responden yang berkemampuan matematis tinggi, kemampuan analisis dan membuat hubungan antar konsep yang disajikan mampu dibuat dan disusun dengan baik. Hal tersebut tercermin dari pengambilan keputusan terkait dengan prediksi solusi yang dibuat."
diagnostic assessment identifying student errors mathematics,crossref,ok,3860705,10.4079/dnp2017.005,An Assessment of Errors and Near-Misses from Pre-Licensure Student Nurses,,
diagnostic assessment identifying student errors mathematics,crossref,ok,3860705,10.1007/978-3-319-66327-2_4,Diagnostic Competence for Dealing with Students’ Errors: Fostering Diagnostic Competence in Error Situations,2017,
diagnostic assessment identifying student errors mathematics,crossref,ok,3860705,10.1016/s0167-6687(97)89222-0,"093068 (E41, B20) Identifying and pricing managed care errors and omissions exposures",1997,
diagnostic assessment identifying student errors mathematics,crossref,ok,3860705,10.1007/0-387-29602-6_5,Diagnostic Assessment,2006,
diagnostic assessment identifying student errors mathematics,crossref,ok,3860705,10.2139/ssrn.6013114,Analysis of Student Errors in Solving Mathematics Problems on Trigonometry Materials Based on Newman's Analysis,2026,"This research aims to determine the percentage of errors in solving trigonometry problems based on Newman's Error Analysis and to identify the most common errors made by students. The types of errors analyzed include (1) reading errors, (2) comprehension errors, (3) transformation errors, (4) process skill errors, and (5) encoding errors. This study uses a descriptive research method. Data was collected through a written test, and data analysis was conducted using the Miles and Huberman model. The subjects were grade XI-MIPA students at SMA Negeri 2 Padangsidimpuan, North Sumatra, Indonesia, during the odd semester from July to December of the 2025/2026 academic year. The results show the following error percentages: reading errors at 5%, comprehension errors at 55.4%, transformation errors at 64.6%, process skill errors at 65%, and encoding errors at 80.9%. The most prevalent error among students was in encoding the final answer, with a rate of 80.9%. This indicates that while students could often understand and begin transforming the problem, a significant majority struggled with correctly and completely writing the final solution. The findings suggest that instructional focus should be intensified on the final stages of problem-solving, particularly on systematic calculation, verification, and proper presentation of answers."
diagnostic assessment identifying student errors mathematics,crossref,ok,3860705,10.2307/j.ctvbkk37w.7,The Student Perspective on Dealing with Errors in Mathematics Class,2011,
diagnostic assessment identifying student errors mathematics,crossref,ok,3860705,10.3102/ip.25.2197402,The Accuracy of Identifying Attribute Hierarchies in Classroom Diagnostic Assessment,2025,
diagnostic assessment identifying student errors mathematics,crossref,ok,3860705,10.1142/9789814360999_0011,Errors in Mathematics Assessment Items Written by Pre-Service Teachers,2011,
diagnostic assessment identifying student errors mathematics,crossref,ok,3860705,10.31327/jme.v5i1.1181,Analysis of Student Errors in Solving Trigonometry Problems,2020,
diagnostic assessment identifying student errors mathematics,crossref,ok,3860705,10.1001/archinte.167.3.302,Identifying Diagnostic Errors in Primary Care Using an Electronic Screening Algorithm,2007,
diagnostic assessment identifying student errors mathematics,crossref,ok,3860705,10.1111/ssm.18404,Secondary School Mathematics Teachers' Accuracy at Predicting Student Errors,2025,"ABSTRACTWe studied changes over time in secondary school mathematics teachers' accuracy in predicting students' errors. In a total of 37 sessions, seven teachers were asked to predict the percentage of students choosing each option in five multiple‐choice diagnostic questions taken from the free website https://diagnosticquestions.com/. These percentages were compared with real data from many thousands of actual student responses on the website, which were shared with the teacher after each session. Teachers were skilled at accurately identifying the errors and misconceptions that the questions were designed to elicit. Over the series of sessions, all participants improved in the accuracy of their predictions, with the most dramatic improvements occurring over the first three sessions. The mean improvement across one session had a Cohen's d effect size of 0.606 (95% CI [0.211, 0.991]). Teaching experience was not associated with mean prediction accuracy or with improvement. We conclude that professional development focused on developing teachers' ability to anticipate student errors could lead to rapid improvement in teachers' error prediction and be potentially valuable in improving their classroom teaching."
diagnostic assessment identifying student errors mathematics,crossref,ok,3860705,10.4135/9781483351506.n1,Mathematics Assessment Probes,,
diagnostic assessment identifying student errors mathematics,crossref,ok,3860705,10.1080/10511970.2016.1199615,A Framework for Identifying and Classifying Undergraduate Student Proof Errors,2016,
diagnostic assessment identifying student errors mathematics,crossref,ok,3860705,10.1177/02729890122062668,Identifying Diagnostic Errors with Induced Decision Trees,2001,
diagnostic assessment identifying student errors mathematics,crossref,ok,3860705,10.1007/s11858-026-01791-7,Student partnership in mathematics assessment: fostering student agency,2026,"Abstract
                  
                    Contemporary assessment research suggests that students should not be positioned as passive objects but as active agents. Nevertheless, student voices are rarely heard in assessment policy and practice. Even ‘student-centred’ practices are commonly built on compliance rather than ‘agency’, as they are often designed
                    for
                    students, not
                    with
                    them. In this study, we partner with students to co-design assessment and feedback in a Finnish secondary mathematics classroom. Our goal was to foster students’ agency and analyse whether this indeed happened. The co-designed assessment practices included, for example, a rubric, test items, and an e-portfolio. To capture the complexity of student agency, we present our findings in three parts, each emphasising different dimensions of agency. First, the assessment partnership process supported students’ agency over assessment artefacts as students took ownership over the materials they co-produced. Second, we explored agency with respect to social roles in assessment. While some students welcomed their redefined roles as active agents in assessment, others resisted. Finally, many students demonstrated a lack of agency regarding mathematical knowledge, highlighting our relative failure to reposition students as active users of mathematics. Our study provides empirical evidence about assessment partnerships in mathematics and conceptualises this democratic practice as fostering student agency."
diagnostic assessment identifying student errors mathematics,crossref,ok,3860705,10.5951/at.28.6.0014,Identifying the Gifted Student in Mathematics,1981,"We are witnessing a surge of interest in the gifted child. This is evidenced by the increasing number of special educational programs, curriculum materials, professional articles, lectures, and research projects devoted to the subject."
diagnostic assessment identifying student errors mathematics,crossref,ok,3860705,10.1177/0272989x0102100503,Identifying Diagnostic Errors with Induced Decision Trees,2001,"Objective. The purpose of this article is to compare the diagnostic accuracy of induced decision trees with that of pruned neural networks and to improve the accuracy and interpretation of breast cancer diagnosis from readings of thin-needle aspirate by identifying cases likely to be misclassified by induced decision rules. Method. Using an online database consisting of 699 cases of suspected breast cancer and their corresponding readings of fine-needle aspirate, decision trees were induced from half of the cases, randomly selected. Accuracy was determined for the remaining cases in successive partitions. The pattern of errors in the multiple decision trees was examined. A smaller data set was created with 2 classes: (1) correctly classified and (2) misclassified by a decision tree, rather than the original benign and malignant classes. From this data set, decision trees that describe the misclassified cases were induced. Results. Larger, less severely pruned decision trees were more accurate in breast cancer diagnosis for both training and test data. The accuracy of the induced decision trees exceeded that reported for the smaller pruned neural networks. Combining classifications from 2 trees was effective in identifying malignancies missed by a single tree. Induced decision trees were able to identify patterns associated with misclassified cases, but the identification of errors inductively did not improve the overall error rate. Conclusion. In this application, a model that is too compact identifies fewer cases of the minority class, malignancy. New methods that combine models and examine classification errors can improve diagnosis by identifying more malignancies and by describing ambiguous cases."
diagnostic assessment identifying student errors mathematics,crossref,ok,3860705,10.4324/9781410601636-15,Ms. T.: Mirroring,1999,
diagnostic assessment identifying student errors mathematics,crossref,ok,3860705,10.1007/978-0-387-74395-0_5,Diagnostic Assessment,,
diagnostic assessment identifying student errors mathematics,crossref,ok,3860705,10.4324/9781003017721-9,Errors and the 15-Minute Mathematics Test,2020,
diagnostic assessment identifying student errors mathematics,crossref,ok,3860705,10.1063/5.0308805,Analysis of student errors in solving minimum competency assessment on scientific context numeracy competence using Newman’s error analysis procedure,2025,
diagnostic assessment identifying student errors mathematics,crossref,ok,3860705,10.21449/ijate.722460,Spatial Models for Identifying Factors in Student Academic Achievement,2020,"In the literature, estimation results of the determinants of academic achievement are controversial. There may be several reasons for these controversial results, including sample or cultural differences. Conversely, these results may arise from ignoring certain important facts, such as an interaction effect. Some studies do not consider interactions among students, and some studies may not use effective models. Surprisingly, very few studies have focused on student academic achievement using spatial models, which may be one of the most suitable models for testing interaction effects. In this study, we estimated student achievement using spatial models and a data sets from Turkey. We observed an interaction between students who live in the same neighbourhood and found evidence of an interaction among students in terms of their achievement based on a spatial error model."
diagnostic assessment identifying student errors mathematics,crossref,ok,3860705,10.4324/9781315643137-10,Errors and the 15 minute mathematics test,2016,
diagnostic assessment identifying student errors mathematics,crossref,ok,3860705,10.3990/1.9789036552295,Diagnostic Mathematics Assessment in the Third Grade,,
diagnostic assessment identifying student errors mathematics,crossref,ok,3860705,10.31327/jme.v9i2.2068,ANALYSIS OF STUDENT ERRORS IN SOLVING STUDENT MATHEMATICS UAS QUESTIONS ACCORDING TO  CASTOLAN CRITERIA,2024,"This study aims to analyze the errors made by students in completing final semester exam (UAS) questions in the field of mathematics, namely linear programming, matrices and transformation geometry. The subjects of this study were students of class XI Nursing at SMK Kesehatan Indonesia Jaya Parigi. In determining the research subjects, purposive sampling technique was used . The data collection technique for this study used documentation of essay questions for the final semester exam and documentation of student answer sheets and interviews. The data analysis technique used according to Miles and Huberman is condensation of UAS and interview results data, presenting UAS and interview results data and drawing conclusions. The results of this study indicate that the errors made by students are conceptual errors, procedural errors and technical errors. Indicators of conceptual errors made by students are not being able to interpret problems/use terms, concepts, and principles, students are not able to choose formulas/properties correctly and students are not able to apply formulas/properties accurately. Indicators of procedural errors are inconsistencies in the solution steps with the questions asked and not being able to complete the questions until the final stage. Indicators of technical errors are errors in arithmetic operations and errors in moving numbers or arithmetic operations from one step to the next. Factors causing errors made by UAS participants are not understanding the questions well, lack of mastery of concepts in Matrix, Linear Programs and Transformation Geometry materials, rarely practicing reworking examples of questions, students only see and read examples of questions. Penelitian ini bertujuan untuk menganalisis kesalahan yang dilakukan oleh siswa dalam menyelesaikan soal ujian akhir semester (UAS) pada bidang studi matematika yaitu materi program linear, matriks dan geometri transformasi. Subjek penelitian ini adalah siswa kelas XI Keperawatan SMK Kesehatan Indonesia Jaya Parigi. Dalam penentuan Subjek penelitian dilakukan dengan teknik purposive sampling. Teknik pengumpulan data penelitian ini menggunakan dokumentasi soal uraian (essay) ujian akhir semester dan dokumentasi lembar jawaban siswa serta wawancara. Teknik analisis data yang digunakan menurut Miles dan Huberman yaitu kondensasi data hasil UAS dan hasil wawancara, menyajikan data hasil UAS dan wawancara dan penarikan kesimpulan. Dari hasil analisis lembar jawaban siswa pada materi program linear persentase jawaban salah 52%, persentase jawaban slah pada materi matriks 76% dan persentase jawaban salah pada materi geometri transformasi 50%. Hasil penelitian ini menunjukkan kesalahan yang dilakukan oleh siswa yaitu kesalahan konsep, kesalahan prosedur dan kesalahan teknik. Indikator kesalahan konsep yang dilakukan siswa tidak dapat menginterpretasikan masalah/menggunakan istilah, konsep, dan prinsip, siswa tidak dapat memilih rumus/sifat dengan tepat dan siswa tidak dapat menerapkan rumus/sifat secara akurat. Indikator kesalahan prosedur adalah ketidaksesuaian langkah penyelesaian dengan soal yang ditanyakan dan tidak dapat menyelesaikan soal sampai tahap akhir. Indikator kesalahan teknik adalah kesalahan pada operasi hitung dan kesalahan dalam memindahkan angka atau operasi hitung dari satu langkah ke langkah berikutnya. Faktor penyebab kesalahan yang dilakukan peserta UAS adalah tidak memahami soal dengan baik, penguasaan konsep pada materi Matriks, Program Linear dan Geometri Transformasi yang masih kurang, jarang berlatih mengerjakan kembali contoh-contoh soal siswa hanya melihat dan membaca contoh soal.Â"
diagnostic assessment identifying student errors mathematics,crossref,ok,3860705,10.3102/1575187,Identifying Errors in Creative Problem Solving: Referring to Large-Scale Assessment Results for Commercial Apprenticeship,2020,
diagnostic assessment identifying student errors mathematics,crossref,ok,3860705,10.4135/9781036230210.n1,Julie Scott Jones Discusses Identifying and Resolving Errors and Outliers in Categorical Data,2025,
diagnostic assessment identifying student errors mathematics,crossref,ok,3860705,10.24042/ijsme.v4i3.10173,Scaffolding on Student Construction Errors in Mathematics Problem Solving,2021,"The Purpose of this study is to find out what forms of conceptual construction errors experienced by students in solving mathematical problems and the appropriate form of scaffolding for each concept construction error experienced. This type of research is descriptive qualitative research. In determining the subject of this study using purposive sampling technique. The research subjects were students of class XII, the subjects of this study were 6 people which were then reduced to 2 people representing medium and low abilities. The instruments used in this study were test questions and interview sheets. The data obtained were analyzed by the steps (1) Reducing the data. (2) presenting data and (3) drawing conclusions. The results of this study are that S1 experienced more “correct” pseudo construction errors and mis-logical construction with the scaffolding provided, namely level 2 (reviewing, explaining and restructuring) while S2 experienced four types of errors with the scaffolding provided, level 2 scaffolding. each individual will be different because it must be adjusted to the actual development zone of each."
diagnostic assessment identifying student errors mathematics,crossref,ok,3860705,10.4324/9781410601636-9,Self Psychology: Major Concepts,1999,
diagnostic assessment identifying student errors mathematics,crossref,ok,3860705,10.4135/9781544308463.n1,Mathematics Assessment Probes,2014,
diagnostic assessment identifying student errors mathematics,crossref,ok,3860705,10.1097/pcc.0000000000000297,The Autopsy,2015,
diagnostic assessment identifying student errors mathematics,crossref,ok,3860705,10.4324/9781315086545-9,Correcting “Errors of Measurement” That Sabotage Student Learning,2017,
diagnostic assessment identifying student errors mathematics,crossref,ok,3860705,10.31390/gradschool_theses.2946,The effects of self-assessment on student learning of mathematics,,
diagnostic assessment identifying student errors mathematics,crossref,ok,3860705,10.1177/27527263231184642,Teachers’ approaches to handling student errors in mathematics classes,2023,"Empirical research has demonstrated that mathematical errors originate from various causes that may have different implications for the learning process. Mathematical errors are an international phenomenon as all teachers from different cultural background must handle them every day during teaching-and-learning processes. When errors arise, teachers must determine whether and how to deal with them and whether the error should be corrected. Although errors and how they are addressed by teachers are of high pedagogical importance, teachers’ approaches to handling student errors remain underexplored. The study reported herein examines the ways in which mathematics teachers handle student errors in various situations, and whether any connection between the error type and the manner in which it is corrected may be reconstructed. The study participants comprised 13 secondary mathematics teachers in a large city in northern Germany. Each teacher was video-recorded over two 90-min-lessons, and the data were subsequently evaluated using qualitative content analysis. The results indicate that teachers’ approaches to correcting mathematical student errors diverged considerably depending on the phase of the lesson during which the error occurred. In particular, during the class discussion phase, a high proportion of the corrections were performed by the students’ classmates, whereas corrections executed during the group work, partner work, or individual work phases were primarily performed by students who had made the errors and the teachers. Given that the teacher's approach to handling errors exerts a significant influence on teaching-and-learning processes, further research is required to identify the most prolific approaches to handling errors in order to foster students’ mathematical understanding."
diagnostic assessment identifying student errors mathematics,crossref,ok,3860705,10.1063/5.0308925,Analysis of student errors in solving numeracy problems based on hadar criteria considering student reasoning,2025,
diagnostic assessment identifying student errors mathematics,crossref,ok,3860705,10.21275/sr25422121116,Assessment of Anosmia and Ageusia as Diagnostic Marker for Identifying Corona Virus Disease-2019,2025,
diagnostic assessment identifying student errors mathematics,crossref,ok,3860705,10.4324/9781410601636-16,Mr. L.: Idealization and Twinship,1999,
diagnostic assessment identifying student errors mathematics,crossref,ok,3860705,10.18130/v34v52,Validating a Mathematics Interim Assessment with Cognitively Diagnostic Error Categories,,
diagnostic assessment identifying student errors mathematics,crossref,ok,3860705,10.14689/issn.2148-2624.1.8c.1s.13m,Classroom Assessment Practices and Student Goal Orientations in Mathematics Classes,2020,
diagnostic assessment identifying student errors mathematics,crossref,ok,3860705,10.1037/t12011-000,Diagnostic Mathematics Assessment,2012,
diagnostic assessment identifying student errors mathematics,crossref,ok,3860705,10.1108/book-978-1-62396-113-820251010,Errors In Student Learning And Assessment,2013,
diagnostic assessment identifying student errors mathematics,crossref,ok,3860705,10.3102/2197402,The Accuracy of Identifying Attribute Hierarchies in Classroom Diagnostic Assessment,2025,
expert performance error detection deliberate practice,crossref,ok,6065156,10.4324/9780203646564-18,Deliberate practice and expert performance,2004,
expert performance error detection deliberate practice,crossref,ok,6065156,10.5040/9781492596257.ch-003,Development of Elite Performance and Deliberate Practice,2003,
expert performance error detection deliberate practice,crossref,ok,6065156,10.1017/cbo9780511816796.038,The Influence of Experience and Deliberate Practice on the Development of Superior Expert Performance,2006,
expert performance error detection deliberate practice,crossref,ok,6065156,10.1016/b978-0-12-374714-3.00007-0,The Expert Performance Approach and Deliberate Practice,2012,
expert performance error detection deliberate practice,crossref,ok,6065156,10.4324/9781410604088-9,Attaining Excellence Through Deliberate Practice: Insights From the Study of Expert Performance,2001,
expert performance error detection deliberate practice,crossref,ok,6065156,10.1017/9781316480748.038,"The Differential Influence of Experience, Practice, and Deliberate Practice on the Development of Superior Individual Performance of Experts",,
expert performance error detection deliberate practice,crossref,ok,6065156,10.5040/9781492596257.ch-014,Constraints and Issues in the Development of a General Theory of Expert Perceptual-Motor Performance,2003,
expert performance error detection deliberate practice,crossref,ok,6065156,10.5040/9781492596257.ch-005,A Search for Deliberate Practice,2003,
expert performance error detection deliberate practice,crossref,ok,6065156,10.1002/9781118838983.ch19,Deliberate practice and mastery learning: origins of expert medical performance,2015,
expert performance error detection deliberate practice,crossref,ok,6065156,10.1002/9781119839446.ch28,Deliberate practice and mastery learning: origins of expert medical performance,2022,
expert performance error detection deliberate practice,crossref,ok,6065156,10.31234/osf.io/c5ukx,Improving Forensic Expert Decision-Making through Deliberate Practice,2024,"Forensic experts make important decisions to address legal questions, yet there is now ample evidence that their decisions can be subjective and inconsistent. This commentary suggests that elements of deliberate practice may help in not only having more consistent forensic decisions, but also towards expected accuracy. Specifically, four elements of deliberate practice: (1) setting a goal, (2) motivation, (3) feedback, and (4) repetition are outlined with examples for addressing issues of cognitive bias and managing stress at work. If any of these elements are missing, such as delayed or no feedback, then suboptimal or no improvement of experts’ decision-making may result. This tool for deliberately improving decision-making may be applicable to other legal professionals; thus, potentially driving policies that may help enhancing the criminal justice system broadly."
expert performance error detection deliberate practice,crossref,ok,6065156,10.1201/b12472-12,Superior Decision Making as an Integral Quality of Expert Performance: Insights Into the Mediating Mechanisms and Their Acquisition Through Deliberate Practice,2004,
expert performance error detection deliberate practice,crossref,ok,6065156,10.1097/grf.0000000000000509,Deliberate Practice: Applying the Expert Performance Approach to Gynecologic Surgical Training,2019,Surgical training is shifting from the historical Halstedian apprenticeship model to outcomes-based methods. Surgical residents can reach a higher level of performance when utilizing deliberate practice and the expert performance approach. This article discusses methods for implementing deliberate practice and the expert performance approach into gynecologic surgical training programs.
expert performance error detection deliberate practice,crossref,ok,6065156,10.4324/9781003656616,Becoming an Expert Teacher,2026,
expert performance error detection deliberate practice,crossref,ok,6065156,10.1002/9780470690048.ch1,Attaining Excellence Through Deliberate Practice: Insights from the Study of Expert Performance,2002,
expert performance error detection deliberate practice,crossref,ok,6065156,10.1097/00001888-200410001-00022,Deliberate Practice and the Acquisition and Maintenance of Expert Performance in Medicine and Related Domains,2004,
expert performance error detection deliberate practice,crossref,ok,6065156,10.1017/cbo9780511615771.003,The Acquisition of Expert Performance as Problem Solving: Construction and Modification of Mediating Mechanisms through Deliberate Practice,2003,
expert performance error detection deliberate practice,crossref,ok,6065156,10.1097/acm.0000000000000939,Acquisition and Maintenance of Medical Expertise,2015,
expert performance error detection deliberate practice,crossref,ok,6065156,10.3389/fpsyg.2026.1929520,Deliberate practice in the age of artificial intelligence: how AI-assisted practice supports self-regulated learning and expert performance development in conservatory musicians,2026,"Introduction
                    Deliberate practice is central to expert performance development, yet the conditions under which practice produces sustained gains remain contested. AI-assisted music practice applications provide adaptive feedback, intelligent scheduling, automated error detection, and performance analytics, potentially supporting deliberate practice. This study examined whether engagement with AI-assisted practice applications is longitudinally associated with expert performance development among conservatory musicians through self-regulated learning (SRL).
                  
                  
                    Methods
                    A three-wave longitudinal study was conducted over a 16-week academic semester with a target sample of 600 conservatory musicians. Of these, 512 completed all three waves (85.3%). Temporal associations among AI-assisted practice engagement, SRL, and instructor-rated musical performance were examined.
                  
                  
                    Results
                    Significant longitudinal associations supported the proposed pathway. Greater engagement with AI-assisted practice applications was associated with subsequent SRL, which was in turn associated with later instructor-rated musical performance. These findings are consistent with a mediating role of SRL in the association between AI-assisted practice engagement and expert performance development.
                  
                  
                    Discussion
                    AI-assisted practice applications may support expert performance development by fostering self-regulatory processes conducive to deliberate practice. However, because the study was observational rather than randomized and involved heterogeneous AI applications rather than a standardized intervention, the findings should be interpreted as longitudinal associations rather than causal effects. AI-assisted practice applications are therefore best conceptualized as pedagogical supports that facilitate conditions for deliberate practice rather than as deliberate practice itself."
expert performance error detection deliberate practice,crossref,ok,6065156,10.4324/9781003656616-6,How do teachers become expert teachers?,2026,
expert performance error detection deliberate practice,crossref,ok,6065156,10.1017/cbo9780511609817.022,Enhancing the Development of Professional Performance: Implications from the Study of Deliberate Practice,2009,
expert performance error detection deliberate practice,crossref,ok,6065156,10.5465/ambpp.2018.18169abstract,Super Power: Translating Deliberate Practice To Expert Entrepreneurial Performance.,2018,
expert performance error detection deliberate practice,crossref,ok,6065156,10.4324/9781003656616-4,What differentiates expert teachers from experienced teachers?,2026,
expert performance error detection deliberate practice,crossref,ok,6065156,10.1111/j.1553-2712.2008.00227.x,Deliberate Practice and Acquisition of Expert Performance: A General Overview,2008,"Abstract
                  Traditionally, professional expertise has been judged by length of experience, reputation, and perceived mastery of knowledge and skill. Unfortunately, recent research demonstrates only a weak relationship between these indicators of expertise and actual, observed performance. In fact, observed performance does not necessarily correlate with greater professional experience. Expert performance can, however, be traced to active engagement in deliberate practice (DP), where training (often designed and arranged by their teachers and coaches) is focused on improving particular tasks. DP also involves the provision of immediate feedback, time for problem‐solving and evaluation, and opportunities for repeated performance to refine behavior. In this article, we draw upon the principles of DP established in other domains, such as chess, music, typing, and sports to provide insight into developing expert performance in medicine."
expert performance error detection deliberate practice,crossref,ok,6065156,10.4324/9781003656616-2,What is teaching?,2026,
expert performance error detection deliberate practice,crossref,ok,6065156,10.4324/9781003656616-7,A closing reflection,2026,
expert performance error detection deliberate practice,crossref,ok,6065156,10.1093/oxfordhb/9780198795872.013.40,Learning with Zeal,2019,"AbstractRecent theories of expertise and expert performance emphasize effort over talent. Specifically, the amount of deliberate practice that performers accumulate has been strongly correlated with their level of expertise in domains including chess, music, and sports. Indeed, it is widely accepted that becoming an expert requires an average of 10,000 hours, or 10 years, of deliberate practice—that is, activities directed by an instructor or coach that are designed to improve specific aspects of performance in measureable ways that offer timely feedback and refinement of skills through repetition. While it is easy to envision deliberate practice by aspiring athletes and musicians, however, many domains of performance do not have established cultures of practice. In particular, consciously incorporating deliberate practice during college-based professional education and deliberate performance during the career work of professionals (who typically have little time to “practice”) can accelerate the development of professionals to expert levels."
expert performance error detection deliberate practice,crossref,ok,6065156,10.1037/0033-295x.100.3.363,The role of deliberate practice in the acquisition of expert performance.,1993,
expert performance error detection deliberate practice,crossref,ok,6065156,10.4324/9781003656616-5,What instructional practices distinguish expert teachers and make them highly effective?,2026,
expert performance error detection deliberate practice,crossref,ok,6065156,10.1017/9781316480748.022,Toward Deliberate Practice in the Development of Entrepreneurial Expertise: The Anatomy of the Effectual Ask,,
expert performance error detection deliberate practice,crossref,ok,6065156,10.3389/fpsyg.2019.02396,Deliberate Practice and Proposed Limits on the Effects of Practice on the Acquisition of Expert Performance: Why the Original Definition Matters and Recommendations for Future Research,2019,
expert performance error detection deliberate practice,crossref,ok,6065156,10.4324/9780367198459-reprw262-1,Deliberate Practice,2025,
expert performance error detection deliberate practice,crossref,ok,6065156,10.1080/02640414.2019.1688618,Towards a science of the acquisition of expert performance in sports: Clarifying the differences between deliberate practice and other types of practice,2019,
expert performance error detection deliberate practice,crossref,ok,6065156,10.1098/rsos.190327,"The role of deliberate practice in expert performance: revisiting Ericsson, Krampe &amp; Tesch-Römer (1993)",2019,"We sought to replicate Ericsson, Krampe &amp; Tesch-Römer's (Ericsson, Krampe &amp; Tesch-Römer 1993
            Psychol. Rev.
            100
            , 363–406) seminal study on deliberate practice. Ericsson
            et al
            . found that differences in retrospective estimates of accumulated amounts of deliberate practice corresponded to each skill level of student violinists. They concluded, ‘individual differences in ultimate performance can largely be accounted for by differential amounts of past and current levels of practice’ (p. 392). We reproduced the methodology with notable exceptions, namely (i) employing a double-blind procedure, (ii) conducting analyses better suited to the study design, and (iii) testing previously unanswered questions about teacher-designed practice—that is, we examined the way Ericsson
            et al
            . operationalized deliberate practice (practice alone), and their theoretical but previously unmeasured definition of deliberate practice (teacher-designed practice), and compared them. We did not replicate the core finding that accumulated amounts of deliberate practice corresponded to each skill level. Overall, the size of the effect was substantial, but considerably smaller than the original study's effect size. Teacher-designed practice was perceived as less relevant to improving performance on the violin than practice alone. Further, amount of teacher-designed practice did not account for more variance in performance than amount of practice alone. Implications for the deliberate practice theory are discussed."
expert performance error detection deliberate practice,crossref,ok,6065156,10.4324/9781003656616-3,How do we measure expertise?,2026,
expert performance error detection deliberate practice,crossref,ok,6065156,10.1017/s0140525x98291230,Basic capacities can be modified or circumvented by deliberate practice: A rejection of talent accounts of expert performance,1998,"To make genuine progress toward explicating the relation 
between innate talent and high levels of ability, we need to consider 
the differences in structure between most everyday abilities and 
expert performance. Only in expert performance is it possible to 
show consistently that individuals can acquire skills to circumvent 
and modify basic characteristics (talent)."
expert performance error detection deliberate practice,crossref,ok,6065156,10.1017/cbo9780511552366.005,Deliberate practice and elite musical performance,1995,
expert performance error detection deliberate practice,crossref,ok,6065156,10.1111/j.1467-9647.2011.00741.x,K. Anders Ericsson's Theory of Deliberate Practice for Expert Performance in the Senior Capstone Course,2011,
expert performance error detection deliberate practice,crossref,ok,6065156,10.18789/jwstc.2022.35.31,"The Relationship of Perception of Error, Deliberate Practice, and Perceived Performance of University Taekwondo Athletes",2022,
expert performance error detection deliberate practice,crossref,ok,6065156,10.1016/j.acra.2022.09.006,Becoming an Expert Radiology Educator Through Deliberate Practice,2023,
expert performance error detection deliberate practice,crossref,ok,6065156,10.4324/9780367198459-reprw262-0,Deliberate Practice,2025,
expert performance error detection deliberate practice,crossref,ok,6065156,10.4324/9781315472256-27,Challenges to Deliberate Practice,2016,
expert performance error detection deliberate practice,crossref,ok,6065156,10.1177/0261429419864272,"Can fixed versus growth mindset theories of intelligence and chess ability, together with deliberate practice, improve our understanding of expert performance?",2019,"The expert performance theory by Ericsson et al. which maintains that deliberate practice can account for most of the variance in expertise studies is often posed as a strong scientific framework for research on giftedness. The current study explored relationships between performance, deliberate practice and mindset beliefs about intelligence and ability in chess play. Data were gathered through questionnaire survey from a sample of 21 participants at a chess tournament. Results indicate that those with a growth mindset for chess ability had longer serious study sessions and those with an intelligence growth mindset participated in more serious competitions. In light of this, educators should consider that a student’s performance in their academic setting may be affected by a mindset category that they have not yet considered and in different ways. This could include, for example, ‘mathematics’ or ‘examination performance’ mindsets, among others."
expert performance error detection deliberate practice,crossref,ok,6065156,10.1037/13273-010,Enhancing students’ performance in traditional education: Implications from the expert performance approach and deliberate practice.,2012,
expert performance error detection deliberate practice,crossref,ok,6065156,10.4324/9781315472256-11,"The Experiment, Phase 1: Deliberate Practice",2016,
expert performance error detection deliberate practice,crossref,ok,6065156,10.4324/9781315562476-5,"Deliberate Play, Deliberate Practice and Deliberate Preparation",2017,
expert performance error detection deliberate practice,crossref,ok,6065156,10.4324/9781351189750-10,Operationalising deliberate practice for performance improvement in sport,2019,
expert performance error detection deliberate practice,crossref,ok,6065156,10.4324/9781003400622-22,Challenges to Deliberate Practice,2024,
expert performance error detection deliberate practice,crossref,ok,6065156,10.4324/9781315472256-20,Deliberate Practice Exercises for Basic Skills,2016,
expert performance error detection deliberate practice,crossref,ok,6065156,10.4324/9781315472256-21,Deliberate Practice Exercises for Speciﬁc Models,2016,
