query,db,status,hits,doi,title,year,abstract
what expert coaches do differently from competent coaches,crossref,ok,11908767,10.4324/9781315856223,What Great Coaches Do Differently,2014,
what expert coaches do differently from competent coaches,crossref,ok,11908767,10.1519/0199-610x(1981)003<0034:gcwata>2.3.co;2,Nutrition: Glandular Concentrates: what are they and what do they do for the athlete?,1981,
what expert coaches do differently from competent coaches,crossref,ok,11908767,10.1037/e514282025-001,What do professional coaches really do? A mixed methods analysis of coaches' verbal behaviors,2023,
what expert coaches do differently from competent coaches,crossref,ok,11908767,10.1037/e654552010-001,Florida's Middle School Reading Coaches: What Do They Do? Are They Effective?,2008,
what expert coaches do differently from competent coaches,crossref,ok,11908767,10.33915/etd.6939,Instructional Coaches in West Virginia: Who They Are and What They Do,,
what expert coaches do differently from competent coaches,crossref,ok,11908767,10.1080/02640414.2022.2099177,Substitutions in football – what coaches think and what coaches do,2022,
what expert coaches do differently from competent coaches,crossref,ok,11908767,10.4324/9781315817507,What Teachers Can Learn From Sports Coaches,2014,
what expert coaches do differently from competent coaches,crossref,ok,11908767,10.18130/v3382r,A Closer Look at Coaching: What do Coaches and Teachers do in the MyTeachingPartner Coaching Model?,,
what expert coaches do differently from competent coaches,crossref,ok,11908767,10.46661/socioldeporte.6430,Coaches’ Immigration to the United Kingdom:  What do Foreign and Native Coaches think about migration,2022,"Coaches’ migration has received limited attention. It is important to explore their migration experiences and how native coaches perceive coaches’ migration because they might have different views on this topic. The current research aims to investigate a) the perceptions of migrant coaches regarding their experiences in a host country and b) the perceptions of native coaches regarding coaches’ migration to the UK. A qualitative thematic analysis was adopted to analyse the data and MAXQDA 11 software was used to facilitate this process. In total, 15 participants residing in the UK were invited to participate through convenience sampling. An online open-ended survey was completed by ten immigrant coaches (six females, four males) with ages ranging from 19 to 44 years (mean = 30.7; SD = 9.04), and interviews were conducted with five British native coaches (four males and one female) with ages ranging from 20 to 40 years (mean = 30.5; SD = 9.15). We found that coaches’ transnational recruitment was mainly influenced by social networks. Immigrant coaches were motivated to migrate to the UK to work full-time in their sport. They reported some language and communication challenges in their adaptation and suggested training for migration purposes would have been useful. UK-native coaches defined coaches’ immigration as positive for the UK sports development and the exchange of knowledge and skills in the sport. However, they also identified barriers imposed on immigrant coaches such as other coaches’ negative views about immigration and protectionist measures from the UK sports federations."
what expert coaches do differently from competent coaches,crossref,ok,11908767,10.4135/9781506334936.n7,Competent,2021,
what expert coaches do differently from competent coaches,crossref,ok,11908767,10.1519/1533-4295(2007)29[71:cccdyh]2.0.co;2,College Coaches Corner--How Do You Handle Input from Sport Coaches?,2007,
what expert coaches do differently from competent coaches,crossref,ok,11908767,10.1037/e672622012-051,Expert coaches views on the training of developing coaches,1995,
what expert coaches do differently from competent coaches,crossref,ok,11908767,10.12775/qs.2016.019,Swimming coaches competences in the opinion of expert coaches,2016,"Competence athletic trainers are of great importance to the quality of education in the system of Polish sport. Unfortunately publications on the competence of the trainers take this issue unilaterally, without taking into account the full specifics of their work. Prepared article seeks to increase knowledge about the competence of the trainers working with high-class swimmers.                The study was based on interviews with coaches with high seniority and the results to be considered surveyed by experts. Respondents' opinions compared with the literature to determine the set of competencies specific to the high-class coaches swimmers."
what expert coaches do differently from competent coaches,crossref,ok,11908767,10.5040/9798216401834.ch-011,What to Do if. . .,2012,
what expert coaches do differently from competent coaches,crossref,ok,11908767,10.4324/9780203126424-16,"Operationalising the model; or, what coaches really do!",2016,
what expert coaches do differently from competent coaches,crossref,ok,11908767,10.1017/cbo9780511511011.015,Mission or Money: What Do Colleges and Universities Want from Their Athletic Coaches and Presidents?,2001,
what expert coaches do differently from competent coaches,crossref,ok,11908767,10.4324/9781315268149-14,What do sport coaches know about recovery?,2017,
what expert coaches do differently from competent coaches,crossref,ok,11908767,10.5628/rpcd.18.02.85,How do coaches from individual sports engage the interplay between longand short-term planning? A study with five coaches from four different sports,2018,
what expert coaches do differently from competent coaches,crossref,ok,11908767,10.1590/1984-6398202216588,“Aprendendo inglês diferentemente do mesmo jeito”: representações discursivas de coaches de idiomas,2022,"RESUMO Com base nos estudos em linguística aplicada trans/indisciplinar e em teorias discursivas de linguagem, este artigo investiga representações discursivas de ensino-aprendizagem de inglês de coaches de idiomas. Nosso corpus é constituído de dizeres enunciados por coaches, em vídeos no YouTube, nos quais buscamos regularidades enunciativas e delineamos quatro principais representações, a saber: (1) não se aprende inglês por métodos formais; (2) aprende-se inglês evitando-se a língua materna; (3) aprende-se inglês acreditando-se no próprio potencial; e (4) aprende-se inglês estabelecendo-se metas. Nossas análises apontam para o funcionamento de uma interdiscursividade neoliberalista que se atualiza na suposta novidade trazida pela profissão e reforça o imaginário de ensino-aprendizagem de uma língua outra como processo natural e espontâneo, passível de controle e domínio e, consequentemente, isento de quaisquer conflitos e tensões inerentes ao sujeito de linguagem."
what expert coaches do differently from competent coaches,crossref,ok,11908767,10.1108/978-1-64802-487-020251036,Coaches,2021,
what expert coaches do differently from competent coaches,crossref,ok,11908767,10.5040/9781718218895.ch-065,What Should Coaches Expect From Their Players?,2011,
what expert coaches do differently from competent coaches,crossref,ok,11908767,10.4324/9780429354700,The Creativity Workbook for Coaches and Creatives,2020,
what expert coaches do differently from competent coaches,crossref,ok,11908767,10.2139/ssrn.4364908,Replication: Do coaches stick with what barely worked? Evidence of outcome bias in sports,2023,"We replicate the finding of Lefgren et al. (2015) showing that professional basketball coaches in the NBA discontinuously change their starting lineup more often after narrow losses than after narrow wins. This result is consistent with outcome bias because such narrow outcomes are conditionally uninformative. As our paper shows, this pattern is not restricted to the NBA; we also find evidence of outcome bias in the top women’s professional basketball league and college basketball. Finally, we show that outcome bias in coaching decisions generalizes to the National Football League (NFL). We conclude that outcome bias is credible and robust, although it has weakened over time in some instances."
what expert coaches do differently from competent coaches,crossref,ok,11908767,10.1080/02701367.2019.1686451,The Characteristics Differentiating Expert and Competent Strength and Conditioning Coaches,2020,
what expert coaches do differently from competent coaches,crossref,ok,11908767,10.4324/9780429354700-6,Thresholds,2020,
what expert coaches do differently from competent coaches,crossref,ok,11908767,10.4324/9781003427292-2,Serial Winning Coaches (SWC),2023,
what expert coaches do differently from competent coaches,crossref,ok,11908767,10.15663/wje.v1i1.532,Goal setting in sport: what coaches can learn from research,2017,"Many sport psychologists believe that goal setting is an effective way for athletes to improve their performance. In this paper I discuss how coaches can help their athletes set goals. Specifically, I discuss the importance of using short and long term goals; defining reasonable goals; establishing appropriate goal attainment strategies, and providing athletes with feedback regardless of whether they reach their goals. Finally, I suggest how goal setting can also enhance an athlete's life outside sport."
what expert coaches do differently from competent coaches,crossref,ok,11908767,10.3102/1432125,Unpacking the Work of Early Childhood Coaches: Who Are They and What Do They Need?,2019,
what expert coaches do differently from competent coaches,crossref,ok,11908767,10.4324/9780429354700-19,Character Activation,2020,
what expert coaches do differently from competent coaches,crossref,ok,11908767,10.4324/9780429354700-4,Creative Geometry,2020,
what expert coaches do differently from competent coaches,crossref,ok,11908767,10.4324/9780429354700-45,Flip It!,2020,
what expert coaches do differently from competent coaches,crossref,ok,11908767,10.4324/9780429354700-44,N.A.I.L. Freedom,2020,
what expert coaches do differently from competent coaches,crossref,ok,11908767,10.4324/9780429354700-52,Creative Alchemy,2020,
what expert coaches do differently from competent coaches,crossref,ok,11908767,10.30827/digibug.70280,Knowledge and Competences of Racket Sports Coaches: What do They Think and Know?,2021,
what expert coaches do differently from competent coaches,crossref,ok,11908767,10.51202/9783181024171-261,Faster Evacuation from Coaches – What are the Obstacles?,2023,
what expert coaches do differently from competent coaches,crossref,ok,11908767,10.30827/digibug.71157,Knowledge and Competences of Racket Sports Coaches: What do They Think and Know?,2021,
what expert coaches do differently from competent coaches,crossref,ok,11908767,10.4324/9780429354700-14,Making a Space,2020,
what expert coaches do differently from competent coaches,crossref,ok,11908767,10.4324/9780429354700-21,The Evening Review,2020,
what expert coaches do differently from competent coaches,crossref,ok,11908767,10.4324/9781003427292-8,Caring Determination – Serial Winning Coaches as Leaders,2023,
what expert coaches do differently from competent coaches,crossref,ok,11908767,10.4324/9780429354700-20,Persona Mapping,2020,
what expert coaches do differently from competent coaches,crossref,ok,11908767,10.4324/9780429354700-30,Art-Making,2020,
what expert coaches do differently from competent coaches,crossref,ok,11908767,10.4324/9780429354700-26,Creative Boxes,2020,
what expert coaches do differently from competent coaches,crossref,ok,11908767,10.4324/9781003427292-5,The Learning Journeys of Serial Winning Coaches,2023,
what expert coaches do differently from competent coaches,crossref,ok,11908767,10.4324/9780429354700-49,Mind-Movie Muse,2020,
what expert coaches do differently from competent coaches,crossref,ok,11908767,10.4324/9781003089889-46,Fifteen tools and techniques for coaches,2020,
what expert coaches do differently from competent coaches,crossref,ok,11908767,10.4324/9780429354700-22,Move Yourself!,2020,
what expert coaches do differently from competent coaches,crossref,ok,11908767,10.4324/9780429354700-9,Seeing Is Believing,2020,
what expert coaches do differently from competent coaches,crossref,ok,11908767,10.4324/9780429354700-38,Ask Your Muse,2020,
what expert coaches do differently from competent coaches,crossref,ok,11908767,10.4324/9780429354700-31,Just Five Words,2020,
what expert coaches do differently from competent coaches,crossref,ok,11908767,10.4324/9780429354700-16,"Relaxed, Determined, Forward",2020,
elite coach behavior systematic observation coding,crossref,ok,2538304,10.3758/brm.40.3.673,Train-to-Code: An adaptive expert system for training systematic observation and coding skills,2008,
elite coach behavior systematic observation coding,crossref,ok,2538304,10.65528/9780807776261-007,4. Systematic Observation of Teaching,2010,
elite coach behavior systematic observation coding,crossref,ok,2538304,10.1037/e447192004-001,Systematic observation of instructor behavior.,1956,
elite coach behavior systematic observation coding,crossref,ok,2538304,10.4324/9781003251309-3,Career Development of Elite Coach Developers,2023,
elite coach behavior systematic observation coding,crossref,ok,2538304,10.4324/9780203080443-12,Coach behaviour analysis within elite youth soccer,2013,
elite coach behavior systematic observation coding,crossref,ok,2538304,10.21203/rs.3.rs-8701114/v1,From Coach Knowledge to Burnout: The Sequential Mediating Roles of Psychological Capital and Coach-Athlete Relationship Quality in Elite Football,2026,"Abstract
                Background:
 Coach burnout is increasingly recognized as a critical issue in high-performance sport, yet existing research has focused primarily on situational stressors and coaching outcomes, with limited attention to the upstream cognitive resources that may protect coaches’ psychological wellbeing. The present study examined how different forms of coach knowledge are translated into burnout outcomes through psychological and relational mechanisms in elite football coaching contexts.
Methods:
 A cross-sectional survey design was employed with a sample of 221 high-level football coaches holding Asian Football Confederation B-level licences or above. After data screening and removal of multivariate outliers, 215 cases were retained for analysis. Coach knowledge was operationalised as professional–interpersonal knowledge and intrapersonal knowledge. Psychological capital, coach–athlete relationship quality, and coach burnout were assessed using validated instruments. Covariance-based structural equation modelling was conducted using a two-step approach, comprising confirmatory factor analysis followed by structural model testing. Indirect effects were examined using bias-corrected bootstrapping with 5,000 resamples and 95% confidence intervals.
Results:
 Both dimensions of coach knowledge were positively associated with psychological capital. Psychological capital, in turn, was positively related to coach–athlete relationship quality. The direct paths from coach knowledge to burnout were not significant. However, significant indirect effects emerged through a sequential mediation pathway in which coach knowledge predicted burnout via psychological capital and coach–athlete relationship quality. The final structural model demonstrated acceptable fit indices, supporting the proposed cognitive–psychological–relational mechanism linking coach knowledge to burnout.
Conclusions:
 Findings indicate that coach knowledge contributes to lower burnout risk indirectly by fostering psychological capital and enhancing the quality of coach–athlete relationships. These results highlight the importance of viewing coach knowledge not only as a performance-related resource but also as a foundation for coaches’ psychological resilience and relational functioning. Coach education and professional development programmes may benefit from integrating psychological and interpersonal components alongside technical knowledge to support coach wellbeing in high-performance sport."
elite coach behavior systematic observation coding,crossref,ok,2538304,10.1037/e354072004-001,Evaluating Coach Training Effects on Coach Behavior,2003,
elite coach behavior systematic observation coding,crossref,ok,2538304,10.1123/tsp.13.2.157,A Systematic Observation Study of the Teaching Behaviors of an Expert Basketball Coach,1999,"A systematic observation analysis was performed on Fresno State men’s basketball coach Jerry Tarkanian over the course of an entire season. Based on Tharp and Gallimore’s (1976) work and recent research on expert coaches’ training techniques (Côté et al., 1995; Durand-Bush, 1996), the Revised Coaching Behavior Recording Form was created to observe and record Tarkanian’s teaching behaviors and verbal cues. Results showed that tactical instructions was the most frequently occurring variable, representing 29% of the coded behaviors. This behavior was 13% higher than the second highest variable, hustles (16%). Following these two categories were technical instruction (13.9%), praise\encouragement (13.6%), general instructions (12%), scolds (6%), and six other categories with percentages less than 3%. This means that almost one-third of Coach Tarkanian’s practice behaviors relate to teaching offensive and defensive strategies to his team. This differs from the practice sessions of beginner- and intermediate-level coaches, who often focus on teaching fundamental skills to their athletes. A complete description of all 12 categories are provided along with implications for coaches of all levels."
elite coach behavior systematic observation coding,crossref,ok,2538304,10.1037/t19733-000,Coach Fidelity Observation Scale,2012,
elite coach behavior systematic observation coding,crossref,ok,2538304,10.1097/00006199-196401330-00034,Methods for reliable longitudinal observation of behavior,1964,
elite coach behavior systematic observation coding,crossref,ok,2538304,10.1007/s10826-021-02160-6,Reliability and Validity of Behavior Observation Coding Systems in Child Maltreatment Risk Evaluation: A Systematic Review,2021,"Abstract
                  Performing child maltreatment risk assessments is a challenging task that calls for valid and reliable measures. In child protection proceedings, mental health professionals conduct maltreatment assessments that often form an important basis for judicial decision making. Because parent–child interaction is a key construct in maltreatment risk evaluations, observational assessment measures are crucial. This systematic review aims to identify observational coding systems of parent–child interaction that are applicable for psychological evaluations of the risk of child maltreatment. The goal is to examine the potential of observational coding systems to discriminate behavior of parents who have versus have not engaged in child maltreatment. A systematic literature search led to the inclusion of 13 studies published in the United States and Europe that were then analyzed in detail. Across the 13 studies, this review identified 11 unique observational coding systems. Results are summarized systematically for study characteristics and outcomes. Additionally, the main characteristics of the observational coding systems are identified and analyzed, including the age range of the child, observation tasks, measured constructs, and reliability. The discussion focuses on the strengths and weaknesses of the individual observational coding systems in the context of child maltreatment risk assessments."
elite coach behavior systematic observation coding,crossref,ok,2538304,10.1037/e354052004-001,Comparison of CBAS and SASB Methods for Coding Coach Behaviors,2003,
elite coach behavior systematic observation coding,crossref,ok,2538304,10.51979/kssls.2010.08.41.557,Becoming a Wheelchair Basketball Coach - A Case Study ofa Top Elite Wheelchair Basketball Coach,2010,
elite coach behavior systematic observation coding,crossref,ok,2538304,10.4324/9781315266343-3,Being the personal coach,2019,
elite coach behavior systematic observation coding,crossref,ok,2538304,10.1001/archpsyc.1963.01720150090010,Methods for Reliable Longitudinal Observation of Behavior,1963,
elite coach behavior systematic observation coding,crossref,ok,2538304,10.5040/9781718206694.ch-018,Coach Behavior and Performance Analysis,2020,
elite coach behavior systematic observation coding,crossref,ok,2538304,10.1080/10413200.2019.1609620,A Systematic Observation of Coach Leadership Behaviors in Youth Sport,2019,
elite coach behavior systematic observation coding,crossref,ok,2538304,10.4324/9781003148784-7,The Coach Education System for Elite Football Coaches in Singapore,2022,
elite coach behavior systematic observation coding,crossref,ok,2538304,10.3389/fspor.2022.962690,Re-visiting systematic observation: A pedagogical tool to support coach learning and development,2022,"Systematic observation has been one of the most employed data collection methods in sport coaching literature. Initial work, originally undertaken in the 1970's, and gaining traction in the 80's and 90's looked to predominately offer descriptions of coaches' behavior. While this research continues to offer a significant contribution to the fields understanding of what coaches do during practice, systematic observation used only in this way has unfulfilled potential. The premise of this paper is to consider systematic observation as a coach development tool—a precedent which has been set in the literature. The arguments made are based on an alternative way of thinking about systematic observation, as a pedagogical tool that supports coaches in better understanding themselves and their pedagogical practice. Principles of dialogic pedagogy are used as the basis of our argument whereby “researchers” and “coaches” work collaboratively to co-construct knowledge and support coach reflection, and ultimately develop coaches' practice."
elite coach behavior systematic observation coding,crossref,ok,2538304,10.59433/kaosa.2025.20.4.03,Oral Life History of an Elite Judo Coach : From Athlete to Coach,2025,
elite coach behavior systematic observation coding,crossref,ok,2538304,10.4324/9781315266343-34,The coach nomad,2019,
elite coach behavior systematic observation coding,crossref,ok,2538304,10.47191/ijmra/v9-i6-41,Coach‒Athlete Communication in Elite Badminton: Exploring Interpersonal Dynamics in an Indonesian High-Performance Training Environment at Djarum Badminton Club,2026,"Coach–athlete communication plays a crucial role in shaping training effectiveness and athlete performance, particularly in elite sport environments. This study aims to explore the interpersonal dynamics of coach–athlete communication in elite badminton within an Indonesian high-performance training context at Djarum Badminton Club. A qualitative approach was employed using semi-structured interviews and non-participant observations involving coaches and athletes. Data were analyzed through thematic analysis to identify key patterns in communication practice. The findings reveal that coach–athlete communication is multidimensional, encompassing instructional, interpersonal, and psychological functions. Communication serves not only as a medium for delivering technical instructions but also as a mechanism for building relationships, regulating motivation, and supporting athletes’ psychological readiness. Effective communication is characterized by adaptability, combining verbal and non-verbal strategies, and responsiveness to individual athlete needs. However, communication barriers were identified, including differences in language, communication styles, and hierarchical relationships influenced by cultural context. This study contributes to the literature by integrating multiple dimensions of communication within a single analytical framework and by providing empirical evidence from an underrepresented context in sport communication research. Practically, the findings highlight the importance of adaptive and culturally sensitive communication competencies for coaches in elite training environments. Future research is recommended to examine diverse sports and cultural settings and to incorporate quantitative approaches for broader generalization."
elite coach behavior systematic observation coding,crossref,ok,2538304,10.1037/t48617-000,Para-Coach Athlete Interaction Coding System,2014,
elite coach behavior systematic observation coding,crossref,ok,2538304,10.4135/9781412986076.n1,Introducing Systematic Self-Observation,2002,
elite coach behavior systematic observation coding,crossref,ok,2538304,10.4135/9781412986076.n2,Implementing Systematic Self-Observation,2002,
elite coach behavior systematic observation coding,crossref,ok,2538304,10.4324/9781003099345-7,The Social Network and the Coach,2023,
elite coach behavior systematic observation coding,crossref,ok,2538304,10.35159/kjss.2023.08.32.4.517,The Good Coach and the Bad Coach in the Eyes of Elite Sports Athletes,2023,
elite coach behavior systematic observation coding,crossref,ok,2538304,10.4324/9781315266343-4,Being the national coach in an Olympic sport,2019,
elite coach behavior systematic observation coding,crossref,ok,2538304,10.19164/gjsscmr.v1i3.1563,Perception of coach leadership style as a predictor of team cohesion in elite women’s touch rugby,2024,"Coach leadership style can hold a bearing on the development of a cohesive and integrated team, which can influence performance goals. Cohesion, as explored in Chelladurai’s Multidimensional Model of Leadership (MML), is defined as the ability for a team to remain united in the pursuit of shared goals (Burke et al., 2014, In Beauchamp &amp; Eyes (Eds.) Group Dynamics in Exercise and Sport Psychology (pp. 213). Taylor &amp; Francis). To date, numerous studies have explored the impact of coach leadership styles on team cohesion, typically inferring detrimental effects of autocratic leadership styles. However, there is limited research conducted with an elite female sample, particularly in amateur international competition settings. Therefore, the purpose of the study was to assess the relationship between perceived leadership behaviour and team cohesion within the Scotland women’s team at the European Touch Rugby Championships in 2022. Accordingly, it was hypothesised that: H1 Leadership behaviours of training and instruction, social support, positive feedback and democratic leadership would be positive predictors of task cohesion, and H2 Autocratic leadership behaviour would be negative predictors of both social and task cohesion. After securing institutional ethical approval (Ref: 33249-A-Nov/2023-47988-1) and permission from the board of Scottish Touch Association, members of the Scotland Women’s team competing at the European Championships in 2022 were contacted to take part in the study (N= 15). Participants completed the Leadership Scale for Sports (LSS) that assessed coach leadership behaviours and the Group Environment Questionnaire (GEQ) that assessed cohesion. Data were checked for univariate outliers and the Mahalanobis test revealed no multivariate outliers. Skewness and kurtosis established normality and multiple regression analyses was used to predict cohesion from the five LSS subscales. Overall, no significant results were found for ATGT (F5, 9 = 0.56, P &gt; 0.05), ATGS (F5, 9 = 1.27, P &gt; 0.05), GIT (F5, 9 = 0.66, P &gt; 0.05), and GIS (F5, 9 = 0.70, P &gt; 0.05). In conclusion, athlete perceived leadership did not predict team cohesion, but the direction of relationships between factors partially aligns with previous research and indicates that research with a larger sample of female elite athletes is warranted under non-retrospective conditions. Further research with female samples has the potential to provide insights into the intricate relationship between leadership and cohesion, which could improve performance for elite female teams."
elite coach behavior systematic observation coding,crossref,ok,2538304,10.5771/2747-6073-2018-3-26,Coach-led team practice in elite youth soccer,2018,
elite coach behavior systematic observation coding,crossref,ok,2538304,10.52547/jrsm.11.21.30,"The Relationship between Emotional Intelligence and Perfectionism, Quality of Coach–Athlete Relationship in Elite Material Arts",2021,
elite coach behavior systematic observation coding,crossref,ok,2538304,10.1901/jaba.1975.8-475,DIGITEK CODING AND COMPUTER ANALYSIS OF BEHAVIOR OBSERVATION DATA,1975,
elite coach behavior systematic observation coding,crossref,ok,2538304,10.1037/e548052012-355,"Links between perceived coach motivational climate, goal orientation and burnout among elite adolescent athletes",2007,
elite coach behavior systematic observation coding,crossref,ok,2538304,10.4135/9781412986076.n5,Other Applications of Systematic Self-Observation,2002,
elite coach behavior systematic observation coding,crossref,ok,2538304,10.51224/srxiv.305,Understanding the demands of the coach athlete relationship within professional cycling. What does it take to be an elite level director sportif?,2023,
elite coach behavior systematic observation coding,crossref,ok,2538304,10.1201/9781003187189-9,Lessons Learned as an Elite Strength and Conditioning Coach,2022,
elite coach behavior systematic observation coding,crossref,ok,2538304,10.4135/9781412986076.n4,Four Studies Generated With Systematic Self-Observation,2002,
elite coach behavior systematic observation coding,crossref,ok,2538304,10.2139/ssrn.3857346,De-Coding Hegemony: Exploring the Discourse of a Prosecuting Elite,2021,"Public prosecution authorities are a relatively recent institutional development within common law criminal justice systems. Those who work as prosecutors are a greater unknown. They rarely give a public account of themselves and, when doing so, present behind a picture of statutory stability and continuity. Their views are veiled in the language of neutrality and restraint. This chapter presents analysis of the discourse of a small group of ex-Directors of Public Prosecution from six different jurisdictions in Australia. The reflections of this elite group are used as a single narrative to identify and map core organizing concepts. The chapter works through different depictions of intellectual and technical elites as high mandarins to explore how power works in contemporary criminal justice."
elite coach behavior systematic observation coding,crossref,ok,2538304,10.4135/9781412986076.n3,A Critical Evaluation of Systematic Self-Observation,2002,
elite coach behavior systematic observation coding,crossref,ok,2538304,10.3390/app15073871,The Role of Gaze Behavior in Basketball Shooting Performance: A Systematic Review and Meta-Analysis of Elite and Near-Elite Players,2025,"(1) Background: This systematic review and meta-analysis aimed to assess the reliability and consistency of the impact of gaze behaviors (e.g., QE duration, FFD, FD) on basketball shooting performance. (2) Methods: Searches were conducted in PubMed, Web of Science (WOS), SPORTDiscus, and Scopus, covering all records from each database’s inception. Overall, 17 studies were included examining the relationship between the gaze behavior of basketball players and shooting performance and the studies The quality of the studies was assessed using the McMaster Critical Review Form for Quantitative Studies. A meta-analysis was performed using R 4.4.2 software. (3) Results: Longer QE duration (r = 0.67, p = 0.04) and FFD (r = 0.55, p = 0.03) were positively correlated with SA, while FD showed no significant association (p = 0.82). Elite players exhibited significantly longer QE durations than near-elite players (p = 0.01), but no significant differences were observed in FFD (p = 0.12) or FD (p = 0.18) between competition levels. Meta-regression analysis confirmed a significant positive relationship between QE duration and SA in different competition levels (p = 0.0143). (4) Conclusions: The results of this study highlight the importance of QE duration in basketball shooting performance, with elite players showing better gaze control."
elite coach behavior systematic observation coding,crossref,ok,2538304,10.1123/jce.3.2.74,The Responsibilities of the Elite Coach: Embracing the Science of Coaching,2010,
elite coach behavior systematic observation coding,crossref,ok,2538304,10.1260/1747-9541.8.2.327,Coach Leadership Effect on Elite Handball Players' Psychological Empowerment and Organizational Citizenship Behavior,2013,"This article examines the significance of the correlation between coach leadership behavior and players' organizational citizenship behavior, and the mediating role of psychological empowerment in the process. A total of 73 professional handball players from five different teams assessed leadership style, psychological empowerment, and organizational citizenship behavior based on the scale adapted from Multifactor Leadership Questionnaire form 5X. Regression analysis and bootstrap methods were utilized to test the proposed hypotheses. Findings indicated that both transactional and transformational leadership styles significantly predicted players' organizational citizenship behavior. In particular, psychological empowerment played a mediating role in the association between coach leadership and organizational citizenship behavior."
elite coach behavior systematic observation coding,crossref,ok,2538304,10.1542/pcco_book002_document004,Coding Basics: Observation Codes,2001,Observation codes
elite coach behavior systematic observation coding,crossref,ok,2538304,10.1037/e547922012-400,Workshop 12: Mentoring in the coach - athlete relationship: Analysis and modelling in elite sport,2003,
elite coach behavior systematic observation coding,crossref,ok,2538304,10.19164/gjsscmr.v1i3.1569,"‘Hanging up the boots, picking up the whistle’: An interpretative phenomenological analysis of the player-to-coach transition in elite football",2024,"Athletes encounter a complex decision-making process when it comes to their athletic retirement. While some athletes step away from their sport entirely, others opt to pursue a coaching career within it. Recent pedagogical research has revealed the ubiquitous nature of this phenomenon within the elite academy setting. However, despite the prevalence of this coaching pathway, there remains a lack of literature concerning this unique career transition within sports psychology. By providing nuanced and textured accounts of the transition from athletic retirement to the elite coaching environment, this study sought to broaden our understanding of the lived-experience of the player-turned-coach in elite football. The subsequent study used semi-structured interviews and interpretative phenomenological analysis (IPA) to collect and analyse the first-hand accounts of elite academy coaches who were former professional footballers in the EPL and EFL. Interpretation of the coaches’ own sensemaking allowed us to derive meaning through hermeneutic methods based on Heideggerian philosophical traditions, while convergent and divergent themes were revealed by applying an idiographic approach. The phenomenological, hermeneutic, and idiographic aspects of this investigation serve to underpin the epistemological and ontological tenets of the methodology applied in this study. IPA was chosen as a means of better understanding the perspective of coaches who have experienced this unique journey and how they navigated the re-negotiation of their athletic identity whilst simultaneously developing their coaching philosophy. Phenomenological methods view the participant as the “expert”; therefore, no hypothesis is required. However, we hoped to ascertain: [1] how the athletic identity carries over into coaching philosophy; [2] whether this linear transition mitigates the sense of loss often associated with athletic retirement; [3] how returning to coach at the club in which they developed influences the independent formation of beliefs and practices; and [4] whether there is a risk of perpetuation of practice, as clubs favour their former players over outside candidates. This study sought to understand the lived experience of the player-to-coach transition and aimed to provide insight into this process to better facilitate the athletes and coaches on either side of this phenomenon."
elite coach behavior systematic observation coding,crossref,ok,2538304,10.1080/02640414.2011.635310,Developing the Coach Analysis and Intervention System (CAIS): Establishing validity and reliability of a computerised systematic observation instrument,2012,
elite coach behavior systematic observation coding,crossref,ok,2538304,10.5771/9781782557449-279,11 Pillar 7: Coach provision and coach development,2015,
elite coach behavior systematic observation coding,crossref,ok,2538304,10.32388/12kxdj,Defined Observation Result Target Coding System,2020,
elite coach behavior systematic observation coding,crossref,ok,2538304,10.37766/inplasy2025.10.0104,Football coach decision-making process: A Systematic Review Using PRISMA,2025,
elite coach behavior systematic observation coding,crossref,ok,2538304,10.1002/brb3.70474/v2/decision1,"Decision letter for ""Efficacy of Action Observation Therapy on Cognitive Function in Stroke: A Systematic Review and Meta‐Analysis""",2025,
differences between expert and novice sports coaches,crossref,ok,3567395,10.1123/iscj.2017-0051,Differences Between Expert and Novice Tennis Coaches’ Perceptual Capacities,2018,"The purpose of this study was to examine analytic perceptions of expert and novice tennis coaches. Four expert and four novice tennis coaches volunteered as study participants. Both a video analysis and a recall test provided data for this investigation. In the video analysis protocol, participants were asked to describe what they observed while viewing a 10-minute video of a tennis practice session. In the recall test, a series of 10 tennis related slides were viewed by each of the coaches. After viewing each slide for five seconds, the coaches were asked what they recalled from the slide. The completed written accounts from the video analysis and the recall test audiotapes were transcribed and served as the primary data. The researchers looked for recurring themes and categories using the generic qualitative study technique. Data analysis revealed six themes: (a) the quantity of cues perceived, (b) attention to critical features, (c) analytic depth, (d) recognizing meaningful patterns, (e) anticipating the future, and (f) from description to prescription. These findings, while new to the coaching literature, supported previous research in other fields regarding the importance and domain specificity of experts’ superior perceptual capacities."
differences between expert and novice sports coaches,crossref,ok,3567395,10.58809/klex7726,Intuition : Differences Between Novice and Expert Nurses,,"The purpose of this investigation was to explore the perceived intuition and willingness to act on intuition among novice nurses, who had worked one year or less as a registered nurse, and expert nurses, who had worked six years or more as a registered nurse.  This investigation evaluated differences between novice and expert nurses on perceived intuition and willingness to act on intuition, relationship between perceived intuition/selected demographic variables, and relationship between willingness to act on intuition/selected demographic variables.  The selected demographics were age of nurse, years of experience, number of hospitalizations, and length of time at current position and social support.  Benner’s (1984) theory of “Novice to Expert” was utilized as the theoretical foundation for this investigation.  The participants (N=100) were registered nurses who work at least 32 hours a week in rural hospitals in a Midwestern state.  Data were collected by utilizing these three tools: Gobin Demographic Tool to obtain information about the participants, Duke-UNC Functional Social Support Questionnaire (Broadhead, Gehlbach, DeGruy, &amp; Kaplan, 1988) to obtain self-report information about the amount of social support in the participants’ lives, Miller Intuitiveness Instrument (Miller, 1993) which measured perceived intuition and willingness to act on intuition.   Findings indicated a difference between perceived intuition and the two groups of nurses, a difference between willingness to act on intuition and the two groups of nurses.  A correlation existed between perceived intuition/years of nursing experience and willingness to act on intuition/years of nursing experience.  However, there were no significant correlations between age, years at current position, and number of times hospitalized and perceived intuition or willingness to act on intuition.  Willingness to act on intuition and social support also had no significant correlation.  When looking at social support associated with the two groups, the novice group had a significant correlation with intuition and willingness to act on intuition, whereas the expert group had no significant correlation."
differences between expert and novice sports coaches,crossref,ok,3567395,10.1080/02640419008732128,Anticipation in squash: Differences in advance cue utilization between expert and novice players,1990,
differences between expert and novice sports coaches,crossref,ok,3567395,10.15561/18189172.2019.0606,The psychophysiological differences between expert and novice rifle shooters during the aiming period,2019,"Purpose: Determination of mental status of the rifle shooters during the shooting performance is critical for the development of mental training programs according to their skill levels. The purpose of this study was to investigate the psychophysiological differences of expert and novice rifle shooters. Material: Fourteen expert (age: 28.08±9.12 years, height: 176.12±4.24 cm, weight: 73.56±5.28 kg) and twenty novice shooters (age: 21.08±3.12 years, height: 177.42±3.74 cm, and weight: 71.56±3.57 kg) participated in the current study. The participants performed five shootings from a distance of 10m. The averages of each shooter’s five shooting scores, values of attention and meditation, and heart rate between 5-sec before shooting and shooting moment were obtained. Results: It was determined that shooting scores (10.02 ±0.49 vs. 7.6±2.86, p&lt;0.01, respectively) and meditation level (71.50±21.05 vs. 52.93±20.54, p&lt;0.05, respectively) were significantly higher in the experts while attention level (73.63±21.11 vs. 59.76±21.26, p&lt;0.05, respectively), and heart rate (105.34±12.12 vs. 98.67±7,12 bpm, p&lt;0.05, respectively) were found higher in the novices. Conclusions: The novices and experts present different psychophysiological responses during the aiming period. It is suggested that the psychophysiological differences can be useful to categorize shooters and to provide feedback in training because it is important to develop programs according to group levels, especially in the development of mental training programs. Besides, it is determined that the mobile EEG device is an effective method for determining the mental status of athletes in sports specific activities."
differences between expert and novice sports coaches,crossref,ok,3567395,10.1249/01.mss.0000321617.72790.1d,"Differences In Oxygen Uptake Between Expert And Novice Masseurs While Performing Effleurage, Pétrissage And Tapôtement",2008,
differences between expert and novice sports coaches,crossref,ok,3567395,10.1007/978-3-662-07811-2_5,Strategic knowledge differences between an expert and a novice designer,2003,
differences between expert and novice sports coaches,crossref,ok,3567395,10.21278/idc.2018.0159,SHAPING PRODUCTS: DIFFERENCES BETWEEN EXPERT AND NOVICE INDUSTRIAL DESIGNERS,2018,
differences between expert and novice sports coaches,crossref,ok,3567395,10.7759/cureus.59801,Analyzing the Differences in the Degree of Force Application Between Novice and Expert Physiotherapists Using a Muscle Deformation Sensor,2024,
differences between expert and novice sports coaches,crossref,ok,3567395,10.3102/1680520,Match Games: Exploring the Match Between Novice Teachers and Induction Coaches,2021,
differences between expert and novice sports coaches,crossref,ok,3567395,10.3102/ip.22.1884705,Successful Partnerships Between Literacy Coaches and Novice K&amp;#8211;2 Teachers: A Case Study (Poster 17),2022,
differences between expert and novice sports coaches,crossref,ok,3567395,10.4314/sajrs.v25i1.25831,Elite coaches' perceptions of the characteristics of decision-making that discriminate between expert and novice basketball players,2003,
differences between expert and novice sports coaches,crossref,ok,3567395,10.3389/fphys.2026.1793747,Differences in visual search behavior between expert and novice individual sports athletes: a systematic review with meta-analysis,2026,"Abstract
                    This systematic review and meta-analysis examined expert–novice differences in visual search behaviour in individual-sport athletes, addressing a gap in a literature that has focused primarily on team sports. Following PRISMA 2020 guidelines, we searched EBSCO, PubMed, Scopus, and SPORTDiscus databases up to November 1, 2025, identifying 26 eligible studies (total N = 611 athletes). Key outcomes included chronological age, years of practice, number of fixations, fixation duration, number of fixation locations, fixation positions, and quiet eye duration. Meta-analyses were conducted using standardized mean differences (SMD) with random-effects models in Review Manager 5.4. Experts had significantly more years of practice than novices (SMD = 3.45, 95% CI 1.82–5.08, p &amp;lt; 0.0001; very large effect).Compared with novices, experts showed fewer fixations (SMD = −1.52, 95% CI −2.38 to −0.65, p = 0.0006; very large effect), longer fixation durations (SMD = 0.93, 95% CI 0.44–1.41, p = 0.0002; large effect), and fewer distinct fixation locations (SMD = −1.27, 95% CI −2.26 to −0.28, p = 0.01; very large effect).Subgroup analyses by sport type showed no significant moderating effects. Visual search strategies are highly task-specific. Combat experts prioritize central body regions to optimize peripheral vision, whereas badminton and tennis experts focus on distal cues (e.g., arm and racket) and kinematic information (e.g., trunk and hips), respectively. These variations reflect selective processing of key perceptual cues under unique sporting constraints. Risk of bias, assessed using RoBANS, indicated moderate concerns in confounding variables. Overall, these findings suggest that experts employ more efficient visual search strategies, supporting the development of perceptual–cognitive training interventions in individual sports.
                  
                  
                    Systematic Review Registration
                    
                      https://www.crd.york.ac.uk/PROSPERO/view/CRD420261280358
                      , identifier CRD420261280358."
differences between expert and novice sports coaches,crossref,ok,3567395,10.1016/j.destud.2012.11.006,Cognitive strategies of analogical reasoning in design: Differences between expert and novice designers,2013,
differences between expert and novice sports coaches,crossref,ok,3567395,10.3389/fspor.2026.1733815,Biomechanical differences between novice and experienced runners: a systematic review,2026,"Background
                    Running offers substantial physical and psychological health benefits, however, novice runners experience a markedly higher incidence of running-related injuries than experienced runners. Differences in biomechanical characteristics between these groups contributed to this elevated risk, but findings remain inconsistent and need to be synthesized. This study aims to synthesize evidence on biomechanical differences between novice and experienced runners.
                  
                  
                    Methods
                    
                      A systematic search was conducted to identify studies published between 2004 and December 2025. Fourteen eligible studies (
                      n
                       = 457 runners) were included for analysis. Data were extracted on study characteristics, definitions of running experience, biomechanical variables, and the risk of bias was assessed using the NIH tool.
                    
                  
                  
                    Results
                    Included studies consistently reported that novice runners exhibited greater spatiotemporal variability, larger joint ranges of motion along with weaker proximal muscle control, poorer coordination, and lower dynamic stability compared with experienced runners. However, inconsistencies were observed in knee kinematic findings, particularly in knee flexion–extension and ankle motion patterns.
                  
                  
                    Conclusions
                    Novice runners exhibit less stable and less coordinated gait patterns, reflecting reduced neuromuscular control and higher injury susceptibility. Standardized, multidimensional definitions of running experience and more rigorous biomechanical protocols are needed to clarify these mechanisms and guide targeted injury-prevention strategies.
                  
                  
                    Systematic Review Registration
                    
                      https://www.crd.york.ac.uk/PROSPERO/display_record.php?RecordID=607126
                      , identifier CRD42024607126."
differences between expert and novice sports coaches,crossref,ok,3567395,10.1007/978-1-4757-2510-0_2,Expert Coaches’ Strategies for the Development of Expert Athletes,1996,
differences between expert and novice sports coaches,crossref,ok,3567395,10.4018/978-1-59140-860-4.ch010,Expert-Novice Differences and Adaptive Multimedia,2006,"This chapter provides an overview of theoretical frameworks and empirical evidence for the design of adaptive multimedia that is tailored to individual levels of user expertise to optimize cognitive resources available for learning. Recent studies indicate that multimedia design principles that benefit low-knowledge users may disadvantage more experienced ones due to increase in cognitive load required for integration of presented information with available knowledge base. The major implication for multimedia design is the need to tailor instructional formats to individual levels of expertise. The suggested adaptive procedure is based on empirically-established interactions between levels of user proficiency and formats of multimedia presentations (the expertise reversal effect), and on real-time monitoring of users’ expertise using rapid cognitive diagnostic methods."
differences between expert and novice sports coaches,crossref,ok,3567395,10.1080/02640419508732253,"Discriminant analysis of biomechanical differences between novice, good and elite rowers",1995,
differences between expert and novice sports coaches,crossref,ok,3567395,10.1097/00006223-199611000-00005,Novice-Expert Differences in Decision Making,1996,
differences between expert and novice sports coaches,crossref,ok,3567395,10.1177/030573569302100103,Perceptual Differences between Expert and Novice Music Listeners: A Multidimensional Scaling Analysis,1993,"This two-part study examined perceptual differences between expert and novice music listeners using multidimensional scaling techniques (ALSCAL and INDSCAL). In part one, novice subjects (N = 174), elementary education majors enrolled in a music methods course, rated for similarity all possible pairings of 15 musical excerpts drawn from European art music composed between 1762 and 1896. Proximities generated a three-dimensional scaling solution (r = .73, Kruskal's stress = *20). The three dimensions were interpreted as secondary musical parameters related to musical activity and character and evaluations of pleasingness by the listener. INDSCAL techniques were used in part two to compare the weights for the salient dimensions in a three-dimensional solution for novices (= *70, stress = .22) and experts (r2 = -83, stress = -16). Weighted most salient for experts was Dimension 1 (.72), related to historical period. Weighted most important for l novices were Dimensions 2 (-51) and 3 (-57), related to secondary musical parameters of activity, character and evaluations of pleasingness."
differences between expert and novice sports coaches,crossref,ok,3567395,10.24908/pceea.2023.17075,Characterizing Computer Aided Design Mastery: What differences exist between expert and novice users?,2024,"The goal of this work is to characterize “expert” student CAD use and examine whether differences from novices are related to factors such as gender, seniority, co-op experience, and spatial ability. Participants were recruited from a second-year mechanical engineering course and extra-curricular engineering technical teams. The groups were Novice (Year 2, not on a team, n=13), Junior (Year 2, on a team, n=7), Senior (Year 3+, on a team, n=12). Participants completed a spatial task (PSVT:R, Purdue Spatial Visualization Test) and a CAD task while being asked to describe their process (verbal protocol analysis). Groups were similar in gender composition. The spatial task (PSVT:R) performance was not related to gender, year of study, or use of CAD on co-op. Spatial performance was related to team participation. Two major differences in process were coded. One was references to past work. Seniors were more likely to reference co-op experience than Novices (p=0.03), Juniors were more likely to reference academic work compared to Seniors (p=0.04). The other significant difference was the method used for construction. Seniors were less likely to use a “cut away” approach to making their part than Novices (p=0.004) or Juniors (p=0.002). Seniors were more likely to trace geometry and extrude their part compared to Novices (p=0.004). The difference in referenced prior work presents an opportunity for instructors as many more students participate in co-op than in extra-curricular teams. This could be leveraged by encouraging students to contextualize learning from co-op or by creating industrially-relevant assignments. The difference in approach to creating the object suggests that CAD instructors could be introducing students to higher level tools earlier. This could be done through assignments that authentically demand more complicated geometries."
differences between expert and novice sports coaches,crossref,ok,3567395,10.1016/j.ecns.2021.10.002,Situational Awareness Differences Between Novice and Expert Nurses: Is There a Correlation With Clinical Judgment?,2022,
differences between expert and novice sports coaches,crossref,ok,3567395,10.3102/1884705,Successful Partnerships Between Literacy Coaches and Novice K–2 Teachers: A Case Study (Poster 17),2022,
differences between expert and novice sports coaches,crossref,ok,3567395,10.1097/00005768-199705001-01124,COMPARISON OF NOVICE VERSUS EXPERT FOR A HANG CLEAN LIFT: MUSCLE ACTIVATION AND TEMPORAL DIFFERENCES 1126,1997,
differences between expert and novice sports coaches,crossref,ok,3567395,10.31234/osf.io/fc3da_v1,Similarity Ratings Reveal Expert-Novice Differences in Knowledge Organization,2026,"In this study, we examine expert-novice differences in knowledge organization using similarity ratings.  This approach revealed not only expected expert-novice differences in knowledge organization, but also aspects of expert knowledge organization that are unavailable in methods that depend on self-report or awareness."
differences between expert and novice sports coaches,crossref,ok,3567395,10.31234/osf.io/fc3da_v2,Similarity Ratings Reveal Expert-Novice Differences in Knowledge Organization,2026,"In this study, we examine expert-novice differences in knowledge organization using similarity ratings.  This approach revealed not only expected expert-novice differences in knowledge organization, but also aspects of expert knowledge organization that are unavailable in methods that depend on self-report or awareness."
differences between expert and novice sports coaches,crossref,ok,3567395,10.31234/osf.io/fc3da_v3,Similarity Ratings Reveal Expert-Novice Differences in Knowledge Organization,2026,"In this study, we examine expert-novice differences in knowledge organization using similarity ratings.  Geology novices and experts provided pairwise similarity ratings for images of typical and atypical geological specimens drawn from the Rocks-30 and Rocks-360 stimulus sets provided by Nosofsky and colleagues (2018a). The pairwise similarity ratings for each group were used to construct multidimensional space representations as well as network models.  Both network and MDS analyses revealed clear taxonomic differentiation by the experts.  The novice MDS dimensions were easily matched to perceptual feature ratings provided in the Rocks-30 dataset.  However, some of the expert dimensions did not match either the perceptual feature ratings or expert self-reported features. These results reveal expert-novice differences in knowledge organization using a quantitative methodology, and also suggest that aspects of expert knowledge organization may be missed when using methods that depend on self-report."
differences between expert and novice sports coaches,crossref,ok,3567395,10.1007/978-1-4613-9733-5_14,Expert-Novice Differences and Knowledge Elicitation,1992,
differences between expert and novice sports coaches,crossref,ok,3567395,10.22251/jlcci.2019.19.4.1219,Working Memories of Expert and Novice Archery Coaches,2019,
differences between expert and novice sports coaches,crossref,ok,3567395,10.1145/122488.122498,Errors in computerized office work,1991,"This paper deals with errors by novices and experts when interacting with the computer in normal office work. Three criteria are discussed to determine the level of expertise: a) total length of time that the user has worked computers, b) number of programs known, and c) length of daily work-time with the computer. In contrast to widespread assumptions, experts did not make less errors than novices (except knowledge errors). On the other hand, experts spent less time handling the errors than novices. A cluster analysis produced groups of Occasional-, Frequent-, Beginning- and General Users in the work force."
differences between expert and novice sports coaches,crossref,ok,3567395,10.21037/ajo-2026-1-0013,Eye-tracking differences between expert and novice gaze in otolaryngology: a systematic review,2026,
differences between expert and novice sports coaches,crossref,ok,3567395,10.5432/ijshs.202221,Characteristics and Differences in the Verbal Responses of Expert and Novice Basketball Coaches Elicited by Cognition of Fixed Camera Images and VR Images&lt;sup&gt;*&lt;/sup&gt;,2022,
differences between expert and novice sports coaches,crossref,ok,3567395,10.3102/2187310,The Power of Instructional Coaches: Novice Coaches' Strategies for Influencing Without Authority,2025,
differences between expert and novice sports coaches,crossref,ok,3567395,10.5220/0005188503040311,Comparing Computerized Physician Order Entry Usability between Expert and Novice Primary Care Physicians,2015,
differences between expert and novice sports coaches,crossref,ok,3567395,10.1080/00140139.2010.513746,Biomechanical differences between expert and novice workers in a manual material handling task,2010,
differences between expert and novice sports coaches,crossref,ok,3567395,10.1063/1.1807271,Expert-Novice Comparisons to Illuminate Differences in Perceptions of Problem Solutions,2004,
differences between expert and novice sports coaches,crossref,ok,3567395,10.1145/75034.75043,A study of conceptual data modeling in database design: similarities and differences between expert and novice designers,1989,
differences between expert and novice sports coaches,crossref,ok,3567395,10.1002/acp.2350080302,"Visual–perceptual and cognitive differences between expert, intermediate, and novice snooker players",1994,"Abstract
                  The performance of seven expert, seven intermediate, and 15 novice snooker players was compared on a range of general visual tests and sport‐specific perceptual and cognitive tests in an attempt to determine the locus of the expert advantage. No significant expert‐novice differences were apparent on standard optometric tests of acuity, ocular muscle balance, colour vision, and depth perception, nor on the relative frequency of unilateral and cros‐lateral eye‐hand dominances. Experts, however, were found to be superior in their ability to both recall and recognize rapidly‐presented slides depicting normal game situations, but were no better than novices in recalling information from slides in which the balls were arranged randomly on the table. The expert group's superiority on the perceptual recall and recognition tasks was consistent with a deeper level of encoding for structured (meaningful) material. Experts were also shown, through the use of thinking‐aloud and evaluation paradigms, to use a greater depth of forward planning in choosing appropriate shot options and to evaluate existing situations with greater accuracy, discriminability, and prospective planing than did novices. The cognitive advantage is shown to be a potential contributor but not a total explanation of the superior performance of the experts on the perceptual tasks. The findings of this study are consistent with existing works on expertise in board games and ‘open’ skill sports in indicating that the expert's advantage is not a general but a specific one, arising not from physical capacities but from acquired processing strategies."
differences between expert and novice sports coaches,crossref,ok,3567395,10.1016/s0020-7373(87)80058-5,Cognitive processing differences between novice and expert computer programmers,1987,
differences between expert and novice sports coaches,crossref,ok,3567395,10.1016/j.tate.2017.04.015,See and tell: Differences between expert and novice teachers’ interpretations of problematic classroom management events,2017,
differences between expert and novice sports coaches,crossref,ok,3567395,10.1016/0020-7373(92)90092-y,Conceptual data modelling in database design: similarities and differences between expert and novice designers,1992,
differences between expert and novice sports coaches,crossref,ok,3567395,10.1787/888933740725,Figure 3.14 Relationship between socio-economic differences in reading performance and in the share of novice teachers,,
differences between expert and novice sports coaches,crossref,ok,3567395,10.3390/su13105553,Understanding the Sustainable Growth of EFL Students’ Writing Skills: Differences between Novice and Expert Writers in Their Use of Lexical Bundles in Academic Writing,2021,"Lexical bundles, as building blocks of discourse, play vital roles in helping members from the same academic community achieve successful communication and disseminate sustainable disciplinary knowledge. However, little attention has been paid to lexical bundles in postgraduate writing. Drawing on Biber et al.’s (1999) structural taxonomy and Hyland’s (2008a) functional taxonomy, we identified and compared lexical bundles in two self-built corpora, an EFL student writing corpus and an expert writing corpus. The results indicate considerable structural differences between the two groups: the student writers used verb phrase-based bundles more frequently and prepositional phrase-based and noun phrase-based bundles less frequently. In terms of function, although the two academic groups showed similar distributions of the three main functional categories, as student writers they exhibited insufficient reader-awareness and incomplete knowledge of stance expressions. It is hoped that the findings will shed light on future pedagogical practices to help novice writers improve their academic writing competence as a sustainable goal in enhancing their academic scholarship."
differences between expert and novice sports coaches,crossref,ok,3567395,10.1002/j.1556-6676.1990.tb01437.x,Examining Reasoning Skill Differences Between Expert and Novice Counselors,1990,"There is increasing interest in identifying the complex cognitive skills that constitute counseling expertise. Research from cognitive psychology suggests significant differences between experts and novices in their reasoning. This study examines the reasoning of expert and novice counselors engaged in a diagnostic task. Cases varied on “problem structure”—the extent to which problem‐relevant information was clear and apparent. While an expertise by problem structure interaction was hypothesized, most of the differences were found across case type. Results suggest that the structure of the diagnostic problem may be an important variable affecting reasoning. The importance of problem structure for future research and training is discussed."
differences between expert and novice sports coaches,crossref,ok,3567395,10.1080/15391523.2010.10782564,Bridging the Gap between Expert-Novice Differences,2010,
differences between expert and novice sports coaches,crossref,ok,3567395,10.3389/fpsyg.2022.1001066,Differences in visual search behavior between expert and novice team sports athletes: A systematic review with meta-analysis,2022,"BackgroundFor a long time, in sports, researchers have tried to understand an expert by comparing them with novices, raising the doubts if the visual search characteristics distinguish experts from novices. Therefore, the aim of the present study was to review and conduct a meta-analysis to evaluate the differences in visual search behavior between experts and novices in team sports athletes.MethodsThis systematic review with meta-analysis followed the PRISMA 2020 and Cochrane's guidelines. Healthy team athletes were included, which engaged in regular practice, from any sex or competitive level, specifically classified a priori as expert or novice in the original research (i.e., if they were classified after the experiment, based on one of the tests, the study would be excluded). We considered only research published in peer-reviewed journals, with no limitations regarding date or language. It was considered healthy team sport athletes engaged in regular practice. The scenarios could be in situ or film-based. The databases of EBSCO (Academic Search Complete, Academic Search Ultimate, APA PsycArticles, and APA PsycINFO), PubMed, Scopus, SPORTDiscus, and Web of Science were used to perform the searches. The risk of bias was calculated through the RoBANS tool.ResultsFrom a total of 6,257 records, of which 985 were duplicates, titles and abstracts of 5,272 were screened, and 45 required full-text analysis. Of those, 23 were excluded due to not fulfilling the eligibility criteria regarding participants. In the end, 22 studies were selected, however, as two studies were part of the same trial and were analyzed conjointly.DiscussionExperts showed to be older and with more years of practice. The ability to distinguish experts from novices was not so clear regarding the variables analyzed. This could be due to the strategies chosen in each study, which were specific to each scenario, and when grouping all together, it was lost information within non-representative averages. The distinction between experts and novices was not clear, showing a lot of heterogeneity in the included studies. The expert classification itself may have been the conditioning aspect for these results, retaining the doubt and the need for more studies in the field.Systematic review registrationThe protocol was pre-registered in OSF (project https://osf.io/3j4qv/, register https://osf.io/dvk2n)."
differences between expert and novice sports coaches,crossref,ok,3567395,10.1063/1.2820905,Expert-Novice Differences on a Recognition Memory Test of Physics Diagrams,2007,
differences between expert and novice sports coaches,crossref,ok,3567395,10.1080/01449299208924353,Some surprising differences between novice and expert errors in computerized office work,1992,
differences between expert and novice sports coaches,crossref,ok,3567395,10.1097/01253086-199620010-00021,Skill Differences in Novice and Expert Clinicians in Neurologic Physical Therapy,1996,
differences between expert and novice sports coaches,crossref,ok,3567395,10.1123/jsp.9.4.326,Expert-Novice Differences in an Applied Selective Attention Task,1987,"Two experiments are described comparing the temporal and spatial characteristics of the anticipatory cues used by expert (n=20) and novice (n=35) racquet sport players. In both experiments the perceptual display available in badminton was simulated using film, and display characteristics were selectively manipulated either by varying the duration of the stroke sequence that was visible (Experiment 1) or by selectively masking specific display features (Experiment 2). The subjects* task in all cases was to predict the landing position of the stroke they were viewing. It was found in Experiment 1 that experts were able to pick up more relevant information from earlier display cues than could novices, and this appeared in Experiment 2 to be due to their ability to extract advance information from the playing side arm, in addition to the racquet itself. These differences, it was concluded, were congruent with predictions that could be derived from traditional information-processing notions related to recognition of display redundancy. The roles of different anticipatory cue sources in the independent predictions of stroke speed and direction were also examined, and it was concluded that directional judgments were more dependent on cue specificity than were depth judgments."
differences between expert and novice sports coaches,crossref,ok,3567395,10.4324/9780203052969-15,Cognitive Structure Testing: A Computer System for Diagnosis of Expert-Novice Differences: Bruce K. Britton and Pamela Tidwell,2012,
master coach tacit knowledge talent development,crossref,ok,6277020,10.2139/ssrn.3752703,"Tacit Knowledge, Audit Quality, and Talent Identification",2021,"The accounting literature has recently transitioned from the focus on client- or audit firm-level characteristics and their relation with audit quality to the inclusion of audit partner and team effects in audit quality. We extend this literature by studying whether tacit knowledge is a relevant factor in achieving high audit quality. Using survey measures and unique proprietary data of a Big 4 firm, we find evidence that the engagement partners’ level of tacit knowledge explains variation in audit quality as defined by the firm’s internal assessment of audit quality. Given its value-creating character, we subsequently examine whether tacit knowledge is a criterion that is incorporated in the talent identification process. We find that tacit knowledge is largely ignored or even negatively correlated with the firm’s assessment of potential, which likely provides an explanation for the loss of talent in professional audit firms."
master coach tacit knowledge talent development,crossref,ok,6277020,10.52843/cassyni.ng5jh2,"Tacit Knowledge, Audit Quality, and Talent Identification",2024,"The auditing literature has recently transitioned from the focus on client- or audit firm-level characteristics and their relation with audit quality to the inclusion of audit partner and team effects in audit quality. We extend this literature by studying whether tacit knowledge is a relevant factor in achieving high audit quality. Using survey measures and unique proprietary data of a Big 4 firm, we find evidence that the engagement partners’ level of tacit knowledge explains variation in audit quality as defined by the firm’s internal assessment of audit quality. Given its value-creating character, we subsequently examine whether tacit knowledge is a criterion that is incorporated in the talent identification process. We find that tacit knowledge is largely ignored or even negatively correlated with the firm’s assessment of potential, which likely provides an explanation for the loss of talent in professional audit firms.
                Paper available via this [Tresorit link](https://web.tresorit.com/l/4A8ET#z1xFuLOrKx5sc7ovbISJEw)."
master coach tacit knowledge talent development,crossref,ok,6277020,10.2139/ssrn.1002864,On the Sources of Entrepreneurial Talent in Italy: Tacit vs. Codified Knowledge,2007,"There is wide consensus that entrepreneurial talent lies in the ability to discover and exploit market opportunities by taking the relevant risky decisions. By determining the nature of the discovery and exploitation processes, institutions and technology play an essential role in shaping  entrepreneurial opportunities and the nature of entrepreneurial talent.
 
Building on these premises, the aim of our research work is to investigate the sources of entrepreneurial talent in Italy. In addition to the standard controls, various indices of occupational opportunities are used in order to determine how tacit and codified knowledge determine the returns on different occupational choices in different environments.
  
The data are drawn from the Italian Survey of Household Income and Wealth (SHIW), a large-scale household survey conducted biannually by the Bank of Italy. The original data-set has been integrated with a wide variety of environmental variables drawn from different data sources describing the social, technological and institutional context of the entrepreneurial activity.

Our empirical analysis supports the conclusion that the choice to become an entrepreneur in Italy is strongly and positively affected by a privileged access to tacit knowledge, thus confirming previous analyses on the role of social learning (e.g. Guiso and Schivardi, 2005).  On the other hand, we show that the returns on codified knowledge in entrepreneurial activities increase in more creative environments. Indeed, a further aim of the paper is, hopefully, to offer more general insights into the nature of technological opportunities and talent which go beyond the Italian case."
master coach tacit knowledge talent development,crossref,ok,6277020,10.1201/9781003278474-21,Tacit knowledge in digital design: From master to student,2022,
master coach tacit knowledge talent development,crossref,ok,6277020,10.4324/9781003375968-27,Evaluating the impact of a coach development intervention for improving coaching practices in junior football (soccer): The “MASTER” pilot study,2023,
master coach tacit knowledge talent development,crossref,ok,6277020,10.4324/9781315729886-11,Tacit knowledge and language,2014,
master coach tacit knowledge talent development,crossref,ok,6277020,10.2307/j.ctv1mgm7ng.9,A Silent Master:,2021,
master coach tacit knowledge talent development,crossref,ok,6277020,10.4324/9781315729886-6,Three sources for tacit knowledge,2014,
master coach tacit knowledge talent development,crossref,ok,6277020,10.4324/9781003160939-27,Global Coach Development in a Knowledge Society,2024,
master coach tacit knowledge talent development,crossref,ok,6277020,10.1108/978-1-80382-677-620221004,What Is Tacit Knowledge?,2022,
master coach tacit knowledge talent development,crossref,ok,6277020,10.1108/978-1-80382-677-620221010,How Is Tacit Knowledge Transferred?,2022,
master coach tacit knowledge talent development,crossref,ok,6277020,10.1108/978-1-80382-677-620221012,How Is Tacit Knowledge Integrated?,2022,
master coach tacit knowledge talent development,crossref,ok,6277020,10.34190/ekm.20.097,Capturing Tacit Knowledge in Evaluation of Development Projects,2020,
master coach tacit knowledge talent development,crossref,ok,6277020,10.1108/978-1-80382-677-620221007,How Is Tacit Knowledge Developed?,2022,
master coach tacit knowledge talent development,crossref,ok,6277020,10.7176/ikm/12-4-03,Research in Area of Tacit Knowledge: Literature Review on Tacit Knowledge,2022,
master coach tacit knowledge talent development,crossref,ok,6277020,10.4018/978-1-59904-501-6.ch003,Tacit Knowledge Defined,,"As Dahlbom and Mathiassen (1999) state, even though we may not be able to articulate a lot of our “know how” as opposed to “know what” or “know that” (Garud, 1997), it is felt there is a proportion that can be. Within an organisational context, people make use of knowledge that is not necessarily codified or even articulated, this knowledge is said to be tacit, yet comprises not only a viable source of information to be articulated but provides an organisation with a competitive edge. The separation between articulable and inarticulable. tacit.knowledge has its foundations in the work of others. “… It is important to distinguish between tacit knowledge, which is embodied in skills and can therefore be copied, and tacit knowledge which cannot be demonstrated and so is very difficult to transfer (e.g., the recognition of a musical note)” (Senker, 1995a, p. 102). Although recognition is given to inarticulable.tacit.knowledge, or true tacit knowledge, the bulk of this monograph is concerned with the articulable component. This chapter accomplishes two tasks. Part A provides the reader with a general background to knowledge with a view to where tacit knowledge fits into this spectrum. A broad review of the literature then is presented with tacit knowledge explored from different perspectives. Exemplars will include the effect of culture on the importance of tacit knowledge to the competitive process, as well as the significance of the receiver understanding what it is they are being given in the form of knowledge. In addition, the role of metaphors and analogies in the tacit knowledge transfer process is explored. Part B explores definitions of tacit knowledge through a qualitative grounded theory approach. As a result of this process a working definition for the remainder of this book is established."
master coach tacit knowledge talent development,crossref,ok,6277020,10.2139/ssrn.1745082,The Transformers: Immigration and Tacit Knowledge Development,2011,"Knowledge flows associated with international migration and their relationship to economic development have garnered increasing attention. Regardless of whether these accounts focus on ""brain drain,"" ""gain"" or ""circulation,"" they tend to focus narrowly on knowledge acquired through formal education and portray migrants as simply transferring the knowledge they bring with them or obtain in receiving communities. Through a study of Mexican construction workers in Philadelphia and Raleigh-Durham, we challenge this view and draw attention to the significant tacit knowledge immigrants possess. We find that as immigrants move their knowledge from one labor market context to another, they change its form and composition so radically that it is more accurate to say that it is transformed, rather than merely transferred. How they do so, however, depends heavily on their engagement with localized labor market structures, workplace practices, and construction materials. To explain this variance, we draw on Polanyi’s original articulation of tacit knowledge as a relational form involving two interconnected knowledge terms, one implicit and one explicit. We argue that migration can sever and reconfigure the cognitive connection forged between the two terms on which tacit knowledge is based. The result is new knowledge that migrants are able to draw on in order to innovate and improve work processes and practices."
master coach tacit knowledge talent development,crossref,ok,6277020,10.4018/978-1-59904-501-6.ch004,Testing for Tacit Knowledge,,"It is acknowledged that there exists a need for organisationally-based tacit knowledge research. Perhaps the major hurdle to undertaking any form of tacit knowledge testing however, is attempting to gain data that for all intents and purposes is not strictly speaking codified, even if aspects of it may be articulable (Dampney, Busch, &amp; Richards, 2002). Given the often ethereal nature of tacit knowledge, testing must be based upon sound definitions. The definition arrived at for this study was that of “articulable implicit IT managerial knowledge,” which fits within Fleck’s (1997) designation of “informal knowledge.” What follows in this chapter is a discussion on the current research issues relating to testing for tacit knowledge."
master coach tacit knowledge talent development,crossref,ok,6277020,10.2139/ssrn.5292030,Can AI understand Tacit Knowledge? Making sense of tacit knowledge,2025,"&lt;div&gt;
 As artificial intelligence (AI) adoption grows, questions about its true nature and boundaries take a&amp;nbsp;&lt;span&gt;dominant place in mainstream discussion. While the strength of AI systems is largely based on explicit&amp;nbsp;&lt;/span&gt;&lt;span&gt;knowledge—organized data, logical rules, and design patterns, Michael Polanyi (1965) had argued&amp;nbsp;&lt;/span&gt;&lt;span&gt;that most of what we know and understand cannot be expressed or described explicitly, asserting ""We&amp;nbsp;&lt;/span&gt;&lt;span&gt;can know more than we can tell."" According to Polanyi, much of human knowledge is personal,&amp;nbsp;&lt;/span&gt;&lt;span&gt;hidden, and difficult to formalize or articulate—tacit in nature, raising issues about what do machines&amp;nbsp;&lt;/span&gt;&lt;span&gt;really ""know!""—Does AI comprehend hidden meanings? Can AI possess more knowledge than it&amp;nbsp;&lt;/span&gt;&lt;span&gt;shares? Can AI really understand tacit knowledge? But what if we put AI up against the intangible&amp;nbsp;&lt;/span&gt;&lt;span&gt;domain of tacit understanding?&lt;/span&gt;
&lt;/div&gt;
&lt;div&gt;
 In this theoretical study, we employ a thought experiment to explore how AI attempts to probe and&amp;nbsp;&lt;span&gt;capture tacit knowledge—the intuitive know-how that cannot be formally articulated. Taking a simple&amp;nbsp;&lt;/span&gt;&lt;span&gt;example of reading a text i.e., The Tacit Dimension by Michael Polanyi, where he attempts to&amp;nbsp;&lt;/span&gt;&lt;span&gt;explicates what is tacit knowledge, we explore how humans and AI decipher the unseen reality that&amp;nbsp;&lt;/span&gt;&lt;span&gt;Polanyi seeks to paint about the reality of tacit knowledge and its role in science. Our attempt is aimed&amp;nbsp;&lt;/span&gt;&lt;span&gt;at delineating domains where AI responses vary from human comprehension and how, and based on&amp;nbsp;&lt;/span&gt;&lt;span&gt;this we propose a framework to identify the limits of human and AI understanding. Our findings are&amp;nbsp;&lt;/span&gt;&lt;span&gt;aimed at guiding the growing literature on the Human-AI ensemble.&lt;/span&gt;
&lt;/div&gt;"
master coach tacit knowledge talent development,crossref,ok,6277020,10.1504/ijtlid.2013.060864,Using the tacit dimension of knowledge in creating knowledge for innovation: implications for tacit knowledge communication,2013,
master coach tacit knowledge talent development,crossref,ok,6277020,10.4324/9781410603098-18,Tacit Knowledge in Sales,1999,
master coach tacit knowledge talent development,crossref,ok,6277020,10.5040/9798400670435.ch-004,Tacit Knowledge,2004,
master coach tacit knowledge talent development,crossref,ok,6277020,10.4324/9781410603098-15,Tacit Knowledge and Management,1999,
master coach tacit knowledge talent development,crossref,ok,6277020,10.4018/978-1-4666-1782-7.ch004,Towards The New Episteme,,"The usual horizon of knowledge science is limited to nominalism, empiricism, and naturalistic and evolutionary epistemologies. I propose to broaden this horizon by applying some other philosophical attitudes, such as a non-nominalistic philosophy of language. A basic methodology for the new episteme, including (non-nominalistic) typology and a definition of knowledge and of tacit knowledge, is proposed. Several types of knowledge and the corresponding tacit knowledge are discussed within a broadened philosophical context. There are many types of knowledge and tacit knowledge using different methods of sharing. The main problem with the effective sharing of tacit knowledge is sharing knowledge relevant to the given problem. The transfer, change and transformation of tacit knowledge into explicit knowledge are possible. An example of such a transition, which I call conceptualization, is described. Conceptualization exemplifies how new knowledge can be created with the use of tacit knowledge. A need also exists for a professional collaboration between knowledge science, knowledge management and philosophy."
master coach tacit knowledge talent development,crossref,ok,6277020,10.1057/9781403948083_9,Stage 3: Conceptual Development - Beyond Tacit Versus Explicit Organisational Knowledge,2003,
master coach tacit knowledge talent development,crossref,ok,6277020,10.62710/sjw8e348,When the Coach Is a Screen: Tacit Knowledge Transformation in AI-Powered Marathon Coaching,2026,"The increasing use of AI-powered running coaching applications in marathon training has raised questions about whether AI can replace the tacit knowledge of human coaches. This study explores how tacit knowledge changes as coaching shifts from human coaches to AI-powered coaching systems. An exploratory qualitative approach was adopted through semi-structured interviews with eight marathon runners and two running coaches who had experience using AI-powered running coaching applications. The interview data were analyzed using Braun and Clarke's six-phase reflexive thematic analysis. The findings show that AI is effective in supporting data driven coaching tasks. However, AI still has limitations in understanding athletes' emotional conditions, personal circumstances, and contextual factors that influence coaching decisions that remain difficult for AI to replicate. These findings suggest that future AI-powered running coaching systems should be designed to support rather than replace human coaches by considering athletes' contextual and emotional conditions, providing features that assist coaches in decision-making, and encouraging collaboration between AI and human coaches to improve marathon training."
master coach tacit knowledge talent development,crossref,ok,6277020,10.5040/9798400670435.ch-008,Tacit Knowledge and Conversation,2004,
master coach tacit knowledge talent development,crossref,ok,6277020,10.1007/springerreference_301929,Tacit Knowledge,,
master coach tacit knowledge talent development,crossref,ok,6277020,10.4324/9781410603098-12,Expertise and Tacit Knowledge in Medicine,1999,
master coach tacit knowledge talent development,crossref,ok,6277020,10.4324/9781410603098-19,Tacit Knowledge in Sales: A Practitioner’s Perspective,1999,
master coach tacit knowledge talent development,crossref,ok,6277020,10.1108/et-12-2017-0200,Tacit knowledge transfer from a master to an apprentice among hairdressers,2019,"PurposeThe purpose of this paper is to ascertain the factors affecting tacit knowledge transfer from a master to an apprentice in the informal sector among hairdressers in Ghana.Design/methodology/approachA case study was used as the research design. Convenient sampling technique was used to select 47 master hairdressers. Semi-structured interview guide was used for data collection. Data were analysed using the thematic technique.FindingsThe study found that apprenticeship fee, fear of competition, delegation reasons, joy and pride of mentorship, apprentices’ attitude and time, to be significant factors influencing tacit knowledge transfer from a master to an apprentice. It was also evident that time spent with master as he/she performs or works is crucial to learning as most of the learning is through socializing with the master.Research limitations/implicationsThe main limitation of the study is the use of the convenient sampling technique in choosing the participants. The results of this study, if it has to be generalised to all hairdressers in Ghana, it may have to be done with caution since the participants were not drawn from a pool of all master hairdressers in Ghana.Practical implicationsThe paper provides what apprentices must do to acquire the tacit knowledge of master hairdressers.Originality/valueThis paper focuses on the holder of tacit knowledge (master hairdressers) and reveals their motivations to transfer or hoard their tacit knowledge."
master coach tacit knowledge talent development,crossref,ok,6277020,10.4324/9781315267043-5,Transmission of tacit knowledge,2017,
master coach tacit knowledge talent development,crossref,ok,6277020,10.1108/978-1-80382-677-620221014,Prelims,2022,
master coach tacit knowledge talent development,crossref,ok,6277020,10.30534/ijatcse/2019/7781.42019,Development of Multi Criteria Tacit Knowledge Acquisition Framework (MC-TKAF) to Support Talent Development Intervention Program in A Malaysian Comprehensive University,2019,
master coach tacit knowledge talent development,crossref,ok,6277020,10.1108/978-1-80382-677-620221013,Index,2022,
master coach tacit knowledge talent development,crossref,ok,6277020,10.4324/9781410603098-16,The Role of Tacit Knowledge in Management,1999,
master coach tacit knowledge talent development,crossref,ok,6277020,10.22215/etd/2002-05279,The transfer and transformation of tacit knowledge in new product development : a case study,,
master coach tacit knowledge talent development,crossref,ok,6277020,10.2139/ssrn.1500643,The Effect of Tacit Knowledge Characteristics on Tacit Knowledge Transfer: The Case of the Egyptian Industry,2009,"The purpose of this research paper is to examine the effect of tacit knowledge characteristics TKC on success factors to tacit knowledge transfer SFTKT from external sources such as suppliers, buyers, universities, and competitors to the recipient of knowledge. This research paper was based on questionnaire survey of Egyptian Industry Sector (75 companies) to investigate the range of attitude and their ability to transfer both organisational and technological knowledge. The questionnaire was carried out by two ways; online, and the great majority via interviews questionnaire. In addition to, the empirical evidence collected from the survey confirms that the urgent need to continuous tacit knowledge transfer process in order to achieve a competitive advantage and sustainability. Additional, results suggest a strong positive effect of tacit knowledge characteristics on success factors to tacit knowledge transfer. As well as, empirical study involved the study of the tacit knowledge and classifying it into organisational and technological knowledge depends largely upon functional perspective. This was due to the user diversity."
master coach tacit knowledge talent development,crossref,ok,6277020,10.1093/med/9780198722373.003.0006,"Psychiatric diagnosis, tacit knowledge, and criteria",2016,"The two main psychiatric taxonomies set out codifications of psychiatric diagnoses via lists of symptoms with the aim of maximizing the reliability of diagnostic judgements. This approach has been criticized, however, for failing to capture the precise connection between diagnostic judgements and symptoms as detected by skilled clinicians. Assuming that this criticism is correct, this chapter offers two related accounts of why this might be so. First, skilled diagnostic judgement may be an exercise of tacit knowledge: a practical skill the exercise of which requires the presence of the patient. Second, the conception of criteria implicit in the DSM and ICD is based on a mistaken view of how what people say and do connects to their mental states. On an alternative account, in an overall gestalt diagnostic judgement the various criteria are abstractions from a whole that directly expresses the underlying psychopathological state of patients or clients."
master coach tacit knowledge talent development,crossref,ok,6277020,10.4135/9781446217375.n10,The Tacit Foundations of Organizations,1999,
master coach tacit knowledge talent development,crossref,ok,6277020,10.1007/0-387-28809-0_45,Addressing Tacit Knowledge in ISD Methodologies,,
master coach tacit knowledge talent development,crossref,ok,6277020,10.7551/mitpress/4075.003.0019,"Tacit Knowledge, Unarticulated Needs, and Empathic Design in New Product Development",2000,
master coach tacit knowledge talent development,crossref,ok,6277020,10.1108/9781803826776,The Philosophy of Tacit Knowledge,2022,Knowledge management expert Jon-Arild Johannessen presents a comprehensive exploration of tacit knowledge based on the research problem: How can tacit knowledge be used to improve organizational performance in practice?
master coach tacit knowledge talent development,crossref,ok,6277020,10.4135/9781446217375.n7,"Indigo, or Navigating in the Tacit",1999,
master coach tacit knowledge talent development,crossref,ok,6277020,10.1109/icmss.2009.5302016,"Notice of Retraction: Knowledge, Tacit Knowledge and Tacit Knowledge Sharing: Brief Summary of Theoretical Foundation",2009,
master coach tacit knowledge talent development,crossref,ok,6277020,10.4324/9781410603098-21,Tacit Knowledge in Teaching: Folk Pedagogy and Teacher Education,1999,
master coach tacit knowledge talent development,crossref,ok,6277020,10.1080/19474199.2010.493855,Knowledge management for development communities: balancing in the thin divide between tacit and codified knowledge,2010,
master coach tacit knowledge talent development,crossref,ok,6277020,10.1108/978-1-80382-677-620221002,A Philosophy of Knowledge Management,2022,
master coach tacit knowledge talent development,crossref,ok,6277020,10.2307/j.ctv1mgm7ng.3,Introduction:,2021,
master coach tacit knowledge talent development,crossref,ok,6277020,10.4324/9781315562476-14,How the coach–athlete relationship can fly or founder,2017,
high performance coach expertise qualitative study,crossref,ok,11841147,10.4135/9781506312125,Go in as a Coach Go out as a Coach,2013,
high performance coach expertise qualitative study,crossref,ok,11841147,10.1177/17479541261430313,Coaching under pressure in Australian high-performance sport: A qualitative study of coach mental performance,2026,"Pressure in sport comes from a range of perceived factors including uncontrollability, motivation to succeed, and social evaluation. Psychological flexibility is a concept that has been suggested to help performers navigate challenging situations (such as competition pressure) and maintain effective goal-pursuit. In this study, we investigated sport coaches’ experiences during elite-level competitions to deepen the understanding of coach performance under pressure. Ten Australian sport coaches (5 men, 5 women) with an average 22.3 years of experience at Olympic Games, Paralympic Games and World Championships across eight sports (athletics [2], cycling, diving, field hockey [2], netball, rowing, swimming, and water polo) participated in semi-structured interviews. Through a process of reflexive thematic analysis, two main themes were generated: (1) coach mental preparation to perform, and (2) coach mental performance in action. These themes underscored the significance of cognitive, emotional, and behavioural factors in coaching performance at the highest level and emphasised the benefits of articulating specific observable coaching behaviours. The findings are discussed, along with recommendations for more research centred around direct observation of coaching in action."
high performance coach expertise qualitative study,crossref,ok,11841147,10.4324/9781003160939-32,High-Performance Coach Development,2024,
high performance coach expertise qualitative study,crossref,ok,11841147,10.4324/9780367766924-ress121-0,The Coach-Athlete Relationship in High-Performance Sport: A Behavioural Perspective,2022,
high performance coach expertise qualitative study,crossref,ok,11841147,10.4324/9780367766924-ress121-1,The Coach-Athlete Relationship in High-Performance Sport: A Behavioural Perspective,2022,
high performance coach expertise qualitative study,crossref,ok,11841147,10.4324/9781003285168-7,Developing the expert performance coach,2023,
high performance coach expertise qualitative study,crossref,ok,11841147,10.4324/9780429351037-12,A “Personal Learning Coach” for High-Performance Coaches,2019,
high performance coach expertise qualitative study,crossref,ok,11841147,10.4324/9781003160939-25,Developing Coach Developers in and for Performance Development and High-Performance Sport,2024,
high performance coach expertise qualitative study,crossref,ok,11841147,10.1080/23311886.2024.2438854,Understanding the purposeful journey of an Korean archery coach group’s self-directed professional development: a qualitative exploration of coaching expertise enhancement,2025,
high performance coach expertise qualitative study,crossref,ok,11841147,10.5204/thesis.eprints.114075,Non-formal Coach Education in a Secondary School High Performance Volleyball Academy,,
high performance coach expertise qualitative study,crossref,ok,11841147,10.1007/springerreference_301953,Development of Expertise and High Performance in Content-Area Learning,,
high performance coach expertise qualitative study,crossref,ok,11841147,10.14264/uql.2018.687,"Coach as performer: coach emotion, coping, and the coach-athlete-performance relationship",,
high performance coach expertise qualitative study,crossref,ok,11841147,10.5040/9798400663338.ch-026,Intervention Level: Coach,2004,
high performance coach expertise qualitative study,crossref,ok,11841147,10.1123/iscj.2023-0060,Redeveloping Expertise in the Transition From Coach to Coach Education Tutor,2025,"The role of the tutor in delivering formal coach education is critical in understanding the professional preparation of sport coaches. The recruitment, development, and retention of tutors with expertise is crucial to organisational success and has personal and professional implications for career transitions in coaching. This study focuses on teaching and learning experiences during the initial tutor training of novice coach education tutors from a national sport governing body in the United Kingdom. Grenier and Kehrhahn’s Model of Expertise Redevelopment is utilised as a theoretical tool to aid understanding of the transition from coaching to tutoring. Data were collected through document analysis, observations during and after initial tutor training and subsequent live delivery of courses, and follow-up semistructured interviews with nine tutors. The themes highlighted the need to acquire specific knowledge of the content, the role of others in the development of expertise, the use of situated learning as a catalyst for redevelopment, and the eagerness to establish their future learning pathway. The findings suggest that each territory of expertise (i.e., content, constituency and environment) did not remain stable when transitioning to the new domain of coach education tutoring and implications for future tutor training are provided."
high performance coach expertise qualitative study,crossref,ok,11841147,10.1002/9781118089965.ch3,How to Become a Coach,2011,
high performance coach expertise qualitative study,crossref,ok,11841147,10.1017/cbo9780511816796.016,Retrospective Interviews in the Study of Expertise and Expert Performance,2006,
high performance coach expertise qualitative study,crossref,ok,11841147,10.1123/iscj.2018-0093,Reflection in a High-Performance Sport Coach Education Program: A Foucauldian Analysis of Coach Developers,2020,"Reflection is a contested but taken for granted concept, whose meaning shifts to accommodate the interpretation and interests of those using the term. Subsequently, there is limited understanding of the concept. The purpose of this article was to consider critically the discursive complexities of reflection and their articulation through coach developers’ practice. Data were collected from a National High-Performance coach education program. Coach developers responsible for one-to-one support (
                    n
                     = 8) and on-program support (
                    n
                     = 3) participated in the research. Semistructured interviews were conducted with coach developers, and participant observations were undertaken of a coach developer forum and program workshops (
                    n
                     = 9). Foucault’s concepts: power, discourse, and discipline were used to examine data with critical depth. Analysis explored “Discourse of Reflection,” “Discipline, Power, and Reflection,” and “Coach Developers: Confession, ‘Empowerment,’ and Reflection.” Humanistic ideas constructed a discourse of reflection that was mobilized through coach confession. Coach developer efforts to be “critical” and “learner centered” were embroiled with intrinsic and subtle relations of power as “empowering” intent exacerbated rather than ameliorated its exercise. This article makes visible a different destabilized and problematized version of reflection, thus introducing an awkwardness into the fabric of our experiences of reflection."
high performance coach expertise qualitative study,crossref,ok,11841147,10.31390/gradschool_disstheses.7184,The Southeastern Conference Coach: a Correlational Study Between Length of Service and Team Performance.,,
high performance coach expertise qualitative study,crossref,ok,11841147,10.1037/e502712008-001,Coaching the coach: Coping strategies for high-performance coaching,2008,
high performance coach expertise qualitative study,crossref,ok,11841147,10.56428/aqij.2025.4.2.213,Gokseong Mong-eo and Simcheong: A Case Study of Convergence Arts Education and Performance for High School Students,2025,
high performance coach expertise qualitative study,crossref,ok,11841147,10.1002/9781118089965.app2,Appendix B: 14 Compelling Reasons to Use a Professional Coach,2011,
high performance coach expertise qualitative study,crossref,ok,11841147,10.4324/9781003148784-6,Coach Development in High-Performance Brazilian Football: Continuous Learning in Professional Clubs,2022,
high performance coach expertise qualitative study,crossref,ok,11841147,10.3389/fpsyg.2026.1785482,"Understanding coach burnout in high-performance sport: the sequential effects of knowledge, psychological safety, and coach–athlete relationships",2026,"Background
                    Coach burnout is a persistent concern in high-performance sport, yet limited research has examined how upstream cognitive resources contribute to coaches’ wellbeing through psychological and relational processes. Drawing on coaching effectiveness and relational models, this study examined how coach knowledge relates to coach burnout via psychological safety and coach–athlete relationship quality.
                  
                  
                    Methods
                    A sample of elite football coaches completed validated measures of coach knowledge (CKQ), sport psychological safety (SPSI), coach–athlete relationship quality (CART-Q), and coach burnout (CBQ). Structural equation modelling (SEM) was used to test a sequential mediation model.
                  
                  
                    Results
                    Coach knowledge was positively associated with psychological safety and, both directly and indirectly, with coach–athlete relationship quality. Psychological safety did not independently mediate the association between coach knowledge and burnout. However, a significant sequential indirect effect emerged, indicating that coach knowledge was associated with lower burnout through psychological safety and, subsequently, higher-quality coach–athlete relationships. Coach–athlete relationship quality was directly and negatively associated with burnout.
                  
                  
                    Conclusion
                    The findings indicate that coach knowledge becomes consequential for wellbeing primarily through relational pathways, with psychological safety shaping the conditions under which knowledge is enacted within coach–athlete relationships. These results underscore the importance of fostering psychologically safe environments and sustaining high-quality relationships, alongside knowledge development, in efforts to reduce coach burnout in high-performance sport."
high performance coach expertise qualitative study,crossref,ok,11841147,10.1017/9781316480748.034,"Expertise in Sport: Specificity, Plasticity, and Adaptability in High-Performance Athletes",,
high performance coach expertise qualitative study,crossref,ok,11841147,10.1177/17418305261475844,"Book Review:
                    <i>Coaching expertise: Six practical steps for every effective coach</i>
                    by McCormick, Iain McCormickIain (2025). Coaching expertise: Six practical steps for every effective coach. Troubador Publishing. ISBN 978-1836281535",2026,
high performance coach expertise qualitative study,crossref,ok,11841147,10.2196/preprints.93314,PTSD-Coach App Use in a Mass Trauma Context: A Qualitative Study of Engagement and AI-Driven Feature Integration (Preprint),2026,"BACKGROUND
                  Digital mental health applications are increasingly deployed during large-scale crises to provide scalable psychosocial support. Following the mass-trauma events of October 7, 2023 in Israel, the Hebrew version of PTSD-Coach became a widely accessible tool for individuals seeking support outside formal clinical settings. While prior research has examined adoption intentions, little is known about how users engage with and interpret such applications during the acute and ongoing phases of collective trauma.
                
                
                  OBJECTIVE
                  This study explored how adult users experienced, interpreted and adopted the PTSD-Coach during a period of national emergency, and how user-informed recommendations may guide AI-driven personalization in crisis contexts.
                
                
                  METHODS
                  A qualitative study was conducted with 12 adult users in two focus groups who had downloaded the Hebrew version of PTSD-Coach during the emergency period. Focus groups examined lived experiences of app use, emotional regulation practices, perceived benefits and limitations, and expectations for AI-driven feature integration. Data were analyzed using an inductive thematic approach with theoretically informed interpretation grounded in medical anthropology frameworks of trauma, ritual, and symbolic care.
                
                
                  RESULTS
                  Analysis identified four distinct modes of engagement with the app: Ritual, Sharing, Expert, and Shelter. Through these modes, participants sought structure and routine, social connection, authoritative guidance, and emotional containment. The app functioned as both an individual self-regulation tool and a shared symbolic resource during crisis. Participants also articulated concrete expectations for adaptive features, highlighting the potential value of AI-driven personalization to accommodate changing emotional states, varying literacy levels, and contextual demands.
                
                
                  CONCLUSIONS
                  PTSD-Coach functioned not only as a symptom-management tool but as a culturally embedded form of digital care during mass trauma. Engagement mechanisms extended beyond therapeutic content to include ritualization, symbolic containment, institutional trust, and moral citizenship. Integrating user-informed AI personalization may enhance responsiveness, sustain engagement, and support scalable, context-sensitive digital interventions in future collective crises."
high performance coach expertise qualitative study,crossref,ok,11841147,10.1123/jce.6.2.65,Learning to Coach: A Qualitative Case Study of Phillip Fulmer,2013,"The purpose of this study was to explore former NCAA FBS National Champion football coach Phillip Fulmer’s biography to understand how his knowledge and practices were learned from various sociocultural experiences. The participant, Phillip Fulmer, former head football coach of the University of Tennessee (UT; 1992–2008), participated in multiple sports as a youth, played football at UT, and coached for over 30 years. A qualitative case study design with in-depth interviews was used to understand his experiences and developmental path as he learned to coach. The findings reveal four key developmental stages: athlete, graduate assistant, assistant coach, and head coach. Fulmer’s earliest learning experiences would later guide his coaching beliefs, values, and actions."
high performance coach expertise qualitative study,crossref,ok,11841147,10.47191/ijmra/v9-i6-41,Coach‒Athlete Communication in Elite Badminton: Exploring Interpersonal Dynamics in an Indonesian High-Performance Training Environment at Djarum Badminton Club,2026,"Coach–athlete communication plays a crucial role in shaping training effectiveness and athlete performance, particularly in elite sport environments. This study aims to explore the interpersonal dynamics of coach–athlete communication in elite badminton within an Indonesian high-performance training context at Djarum Badminton Club. A qualitative approach was employed using semi-structured interviews and non-participant observations involving coaches and athletes. Data were analyzed through thematic analysis to identify key patterns in communication practice. The findings reveal that coach–athlete communication is multidimensional, encompassing instructional, interpersonal, and psychological functions. Communication serves not only as a medium for delivering technical instructions but also as a mechanism for building relationships, regulating motivation, and supporting athletes’ psychological readiness. Effective communication is characterized by adaptability, combining verbal and non-verbal strategies, and responsiveness to individual athlete needs. However, communication barriers were identified, including differences in language, communication styles, and hierarchical relationships influenced by cultural context. This study contributes to the literature by integrating multiple dimensions of communication within a single analytical framework and by providing empirical evidence from an underrepresented context in sport communication research. Practically, the findings highlight the importance of adaptive and culturally sensitive communication competencies for coaches in elite training environments. Future research is recommended to examine diverse sports and cultural settings and to incorporate quantitative approaches for broader generalization."
high performance coach expertise qualitative study,crossref,ok,11841147,10.4135/978144627305013514661,"Academic Performance of Latina Students at an Early College High School: A
            Qualitative Case Study",2014,
high performance coach expertise qualitative study,crossref,ok,11841147,10.21203/rs.3.rs-10316753/v1,"Integrating Runner, Practitioner and Coach Insights to inform Digital Running- Related Injury Prevention and Management: A Multi-Phase Qualitative Study",2026,"Abstract
                
                  Background
                  Running is a widely accessible form of physical activity with significant public health benefits; however, running-related injuries (RRI) remain common and may limit sustained participation. Digital interventions may support prevention and self-management, but current tools are limited. This study explored the perspectives of recreational runners and practitioners to inform the development of a digital RRI intervention.
                  Methods
                  An exploratory qualitative study was conducted using semi-structured focus groups with recreational runners (n=20) and practitioners (physiotherapists, coaches, trainers; n=18). The study was informed by the Medical Research Council framework for complex interventions. Data were analysed using reflexive thematic analysis.
                  Results
                  Four themes were identified: (1)
                  Accessibility, usuability and tailoring of digital interventions
                  —participants preferred an accessible, app-based platform with tailored or group-specific content; (2)
                  Trusted and relevant content
                  —participants emphasised the need for evidence-based, trustworthy information on exercise, training, recovery and injury management; (3)
                  Mechanisms to support behaviour change
                  —features such as prompts, gamification and integration with training data were perceived to support engagement and adherence; and (4)
                  Risks and limitations of digital interventions
                  —risks included misinterpretation, misdiagnosis and variable user engagement. Divergent views existed between runners and practitioners, particularly regarding diagnostic features.
                  Conclusion
                  There is a clear need for an evidence-based, user-centred digital intervention to support RRI prevention and self-management. Future development should integrate behaviour change theory, stakeholder involvement and safety-focused design to optimise engagement and minimise potential harm."
high performance coach expertise qualitative study,crossref,ok,11841147,10.1080/2159676x.2022.2048060,Exploring parent and coach relationships in youth sport: A qualitative study,2022,
high performance coach expertise qualitative study,crossref,ok,11841147,10.1080/21640629.2014.908626,‘Time to take the stage’: a contextual study of a high performance coach,2013,
high performance coach expertise qualitative study,crossref,ok,11841147,10.17161/jas.v7i2.14582,Harmonious or Conflicted? A Qualitative Study of Father-Coach and Daughter Relationships in Youth Sport,2022,"Representatives of some Canadian sport organizations have called for more research with parent-coaches in order to inform policy and educational initiatives. The purpose of this study was to examine perceptions of relationships between father-coaches and their daughters. Sixteen participants (eight father-coaches and eight daughters) completed individual interviews, which were transcribed verbatim and subjected to a dyadic analysis. Four dyads were coded as harmonious and four dyads were coded as conflicted. Certain factors differentiated between the harmonious and conflicted dyads. For example, in the harmonious dyads father-coaches adopted a relationship-oriented coaching approach and were consistent in their behaviors between home and sport settings. In the conflicted dyads, father-coaches adopted a more intense coaching approach and behaved differently in home versus sport settings. Father-coaches in the conflicted dyads were also much harsher on their own daughters compared to father-coaches in the harmonious dyads. These differentiating factors offer guidance that may inform training and educational opportunities specifically geared toward parent-coaches."
high performance coach expertise qualitative study,crossref,ok,11841147,10.1002/9781118089965,From Therapist to Coach,2011,
high performance coach expertise qualitative study,crossref,ok,11841147,10.4324/9781003232322-2,"Coach education, coach learning and professional development",2024,
high performance coach expertise qualitative study,crossref,ok,11841147,10.1016/j.heliyon.2024.e40006,Reflections on 20 years of the international tennis federation and olympic solidarity high-performance coach education scholarship programme: Implications for sports coach development,2024,
high performance coach expertise qualitative study,crossref,ok,11841147,10.3390/sports7010016,Coach Competences to Induce Positive Affective Reactions in Sport and Exercise—A Qualitative Study,2019,"Positive affective reactions are a crucial aspect in physical activity maintenance. Affective reactions to sport and exercise were found to be important factors of physical activity. Coaches could be an important medium to induce positive affective reactions of participants in sport and exercise. Understanding how coaches trigger positive affective reactions (AR) during physical activity is a crucial aspect for increasing maintenance in sport and exercise. The aim of this study is to identify the competences of the coaches which are associated with perceived positive AR of participants during sport and exercise. To identify these factors, semistructured in-depth interviews were conducted with 18 participants, who take part in sport and exercise (nine female and nine male) of heterogeneous age (mean age 42.6; SD = 19.25; under 30 years, 30 to 60 years, 60 years and above) and who have different athletic backgrounds (individual sports, team sports, and gym classes). Four key coach competence factors were identified and used to design an integrated model. Three general competences: context sensitivity, social–emotional competences, professional competences, and the specific competences in the behaviour-related competences."
high performance coach expertise qualitative study,crossref,ok,11841147,10.1002/9781118089965.fmatter,Front Matter,2011,
high performance coach expertise qualitative study,crossref,ok,11841147,10.1123/iscj.2020-0091,The Process of “Becoming” a Certified High-Performance Coach: A Tailored Learning Journey for One High-Performance Athlete,2022,"Although high-performance (HP) coaches’ learning journeys are idiosyncratic and winding, most of these coaches share the characteristic of having rich experiences as athletes. Studies on the career transition of HP athletes to sports coaches reveal a sharp disagreement between these incoming coaches with their practice field experience and national governing bodies responsible for coach education programs about what is needed to be certified. This article presents a tailored initiative to support an HP athlete (Dan) in his process of “becoming” a certified HP coach in the Canadian context. This unique project took shape from a collaborative effort to combine elements of two opposing views on learning: off-the-job versus workplace learning. The article provides details on (a) the coaching context, (b) the main supportive others, and (c) the tools used to document the coaching topics that emerged from Dan’s coaching practice, as well as the learning material used, discussed, and created. When all the above content and materials were carefully organized and placed into folders, a unique “emerging curriculum” was formed and presented to the members of an evaluation committee who agreed that Dan met the HP coach certification criteria."
high performance coach expertise qualitative study,crossref,ok,11841147,10.1093/ww/9780199540884.013.u14833,"Elliot, Virginia Helen Antoinette, (born 1 Feb. 1955), trainer of National Hunt jockeys and horses; former equestrian event rider; Eventing High Performance Coach, Horse Sport Ireland, 2008–13",2007,
high performance coach expertise qualitative study,crossref,ok,11841147,10.1093/ww/9780199540884.013.14833,"Elliot, Virginia Helen Antoinette, (born 1 Feb. 1955), trainer of National Hunt jockeys and horses; former equestrian event rider; Eventing High Performance Coach, Horse Sport Ireland, 2008–13",2007,
high performance coach expertise qualitative study,crossref,ok,11841147,10.61336/jeeh/26-1-12,"Artificial Intelligence In Search Engine Optimization: An Exploratory Study On Efficiency, Human Expertise And Performance Outcomes",2026,"The rapid integration of artificial intelligence (AI) into digital marketing has significantly transformed search engine optimization (SEO) practices. While traditional SEO relies heavily on manual keyword research, content optimization and technical adjustment, AI – driven tools increasingly automate and enhance these processes through predictive analytics, semantic analysis and real time performance monitoring. However, the theoretical and managerial implications of this technological shift remain underexplored within academic literature.

This study examines the evolving relationship between AI integration and SEO performance, with particular attention to the role of human expertise in technology-enabled environments. Rather than positioning AI as a replacement for professional judgment, the study conceptualizes AI as an augmentative capability that reshapes operational efficiency, accuracy and strategic decision-making. By situating AI-driven SEO within broader discussions of digital transformation and capability enhancement, the paper contributes to emerging scholarship on AI-enabled marketing systems and offers a structured perspective for understanding the human- technology interface in optimization practices."
high performance coach expertise qualitative study,crossref,ok,11841147,10.1123/iscj.2024-0016,What Do High-Performance Football Coaches Need to Know About the Coach–Athlete Relationship? Implications for Formal Coach Education,2025,"A high-quality coach–athlete (C–A) relationship improves athlete well-being and performance but has been underrepresented in formal coach education. Eleven football coaches, working in some of the highest profile positions in England, were interviewed. We investigate to what extent their formal coach education experiences influenced their understanding of the C–A relationship. We explore their perceptions of the knowledge, relating to the C–A relationship, that could be included in formal coach education courses. Semistructured interviews were conducted with 11 coaches. Inductive reflexive thematic analysis generated the following five themes: (a) an incongruence between the importance of the C–A relationship and its prominence in coach education, (b) interpersonal competencies and a progressive approach to the C–A relationship, (c) understand the unique needs of high-performance athletes, and (d) build a culture conducive to high-quality C–A relationships. Findings demonstrate the C–A relationship is underrepresented in the main English FA Coaching Pathway and provides insights into the knowledge that could be incorporated into courses to meet the needs of coaches. Future research should explore the athlete’s perspective, relating to the knowledge coaches require to develop high-quality C–A relationships within high-performance football settings."
high performance coach expertise qualitative study,crossref,ok,11841147,10.1007/s11613-020-00648-6,Die Führungskraft als Coach aus Mitarbeitersicht – Eine qualitative Studie,2020,
high performance coach expertise qualitative study,crossref,ok,11841147,10.1093/med:psych/9780190222505.003.0005,Psychotherapy Expertise in Singapore,2016,"Personal characteristics, developmental influences, and therapy practices of nine peer-nominated expert psychotherapists practicing in the diverse country of Singapore were identified using qualitative methods. Sixteen themes were organized within four categories: (1) personal characteristics (empathic, nonjudgmental, and respectful), (2) developmental influences (experience, self-awareness, humility, and self-doubt), (3) approach to practice (balance between support and challenge, flexible therapeutic stance, empowerment/strength-based approach, primacy of the therapeutic alliance, comfortable addressing spirituality, and embraces working within a multicultural context), and (4) ongoing professional growth (professional development practices, benefits of teaching/training others, and challenges to professional development in Singapore). Cross-cultural comparisons between this study and Jennings and Skovholt’s 1999 study of Minnesota expert psychotherapists found considerable overlap of themes. Implications for research and practice of psychotherapy are offered."
high performance coach expertise qualitative study,crossref,ok,11841147,10.1111/j.1937-8327.2001.tb00227.x,Expertise Research Methodology: Identifying Differences and Factors Influencing High and Low Performance,2008,
high performance coach expertise qualitative study,crossref,ok,11841147,10.3390/bs13110924,Expertise in Coach Development: The Need for Clarity,2023,"In this position paper, we start by identifying the issues inherent to coach development; we then consider the current status of coach development and present our position before concluding with key points and suggesting resolutions for the issues. Our intention is to propose the progression of appropriate practices and approaches for the professional development and preparation of coaches. In coach development, a lack of clarity exists at both organisational and individual levels, particularly around the role of and aims for coach developers. Organisationally, we consider a radical reframing required to progress the profession of coach development. We also suggest that many individuals currently involved in coach development do not possess the requisite knowledge to move the field forward. Our aspirations for coach development include recognising the need for expertise and what it looks like in practice. Coaching and coach development interactions should examine particular coaching challenges, concentrating on the thought processes and decision-making strategies necessary to solve them. This necessitates a bespoke, problem-based approach to learning."
high performance coach expertise qualitative study,crossref,ok,11841147,10.2196/preprints.16692,User Experiences With a Type 2 Diabetes Coaching App: Qualitative Study (Preprint),2019,"BACKGROUND
                        Diabetes self-management apps have the potential to improve self-management in people with type 2 diabetes (T2D). Although efficacy trials provide evidence of health benefits, premature disengagement from apps is common. Therefore, it is important to understand the factors that influence engagement in real-world settings.
                
                                
                    OBJECTIVE
                        This study aims to explore users’ real-world experiences with the &lt;i&gt;My Diabetes Coach&lt;/i&gt; (MDC) self-management app.
                
                                
                    METHODS
                        We conducted telephone-based interviews with participants who had accessed the MDC self-management app via their smartphone for up to 12 months. Interviews focused on user characteristics; the context within which the app was used; barriers and facilitators of app use; and the design, content, and delivery of support within the app.
                
                                
                    RESULTS
                        A total of 19 adults with T2D (8/19, 42% women; mean age 60, SD 14 years) were interviewed. Of the 19 interviewees, 8 (42%) had T2D for &amp;lt;5 years, 42% (n=8) had T2D for 5-10 years, and 16% (n=3) had T2D for &amp;gt;10 years. In total, 2 themes were constructed from interview data: (1) the moderating effect of diabetes self-management styles on needs, preferences, and expectations and (2) factors influencing users’ engagement with the app: one size does not fit all.
                
                                
                    CONCLUSIONS
                        User characteristics, the context of use, and features of the app interact and influence engagement. Promoting engagement is vital if diabetes self-management apps are to become a useful complement to clinical care in supporting optimal self-management.
                
                                
                    CLINICALTRIAL
                        Australia New Zealand Clinical Trials Registry CTRN126140012296; URL https://www.anzctr.org.au/Trial/Registration/TrialReview.aspx?id=366925&amp;amp;isReview=true"
high performance coach expertise qualitative study,crossref,ok,11841147,10.1123/jce.4.3.29,Coach Education in Ireland: Observations and Considerations for High Performance,2011,"The high-performance sports system is a rapidly evolving and increasingly important element of the Irish sporting landscape reflected in public policy, the direction and level of spending, and organisational/institutional evolution – all signalling a formal recognition of the high-performance sector as central to sport in Ireland. While certain aspects of high-performance sport in Ireland are beginning to be reflected in research (e.g., Guerin et al. 2008), this is yet to be extended to high performance coaching. The education, development, and support of coaches are key areas of the Coaching Strategy for Ireland (2008-2012). An understanding of high-performance coach activities and needs will become increasingly vital in underpinning the effectiveness of resources directed at high-performance coaching as Ireland seeks to reposition itself within the world’s elite in sport. The purpose of this article is to better understand the development of high-performance coaches in Ireland and the key influences on this (e.g., exposure to different coaching environments, sources of knowledge, and preferred ways of learning). It aims to explore what high-performance coaches believe has been most important in developing and fostering their coaching ‘know-how,’1 and what this may imply for future educational interventions for high-performance coaches. This article brings to light insights generated through semi-structured interviews with 10 high-performance coaches currently and/or recently working in Irish sport."
high performance coach expertise qualitative study,crossref,ok,11841147,10.5040/9798216400868.ch-7,Qualitative Research Designs,2022,
coaching behavior assessment system CBAS expert coaches,crossref,ok,6806300,10.1123/jsep.17.1.1,The Coaching Model: A Grounded Assessment of Expert Gymnastic Coaches’ Knowledge,1995,"An expert system approach (Buchanan et al., 1983) was used to identify and conceptualize the knowledge of 17 Canadian expert high-performance gymnastic coaches. The knowledge elicitation process consisted of open-ended questions and various questioning methods to unveil, explore, and prove important information (Patton, 1987; Spradley, 1979) about coaching. All coaches’ interviews were transcribed verbatim, and the unstructured qualitative data were inductively analyzed following the procedures and techniques of grounded theory (Strauss &amp; Corbin, 1990). The inductive analysis process allowed the meaning units of the interview transcripts to be regrouped into properties, categories, and components. The components emerging from the analysis consisted of (a) competition, (b) training, (c) organization, (d) coach’s personal characteristics, (e) gymnast’s personal characteristics and level of development, and (f) contextual factors. These components were further developed into a model representing coaches’ knowledge."
coaching behavior assessment system CBAS expert coaches,crossref,ok,6806300,10.1260/1747-9541.10.4.699,The Intervention Tone of Coaches' Behaviour: Development of the Assessment of Coaching Tone (ACT) Observational Coding System,2015,"The importance of coaches' interactive behaviour with respect to athlete development has long been recognized. While a number of observational coding systems exist to record the instructional content of coaches' interactive behaviour, none is designed to explicitly capture the intervention tone of these interactions – ‘how’ coaches say what they say. The current project entailed the development of a new behavioural coding system designed to focus on the intervention tone of youth sport coaches' interactive behaviour. Behaviour categories were developed through an iterative combination of literature review and observation of recorded youth sport coaching sessions. A coder training protocol was developed and refined until coders consistently met a minimum standard of agreement with respect to both inter- and intra-rater reliability. The full coding system was then initially validated across six different team and individual youth sports in multiple contexts over a one year period."
coaching behavior assessment system CBAS expert coaches,crossref,ok,6806300,10.1365/s40896-019-00031-y,Digitales Coaching – mehr als ein Trend?,2019,"ZusammenfassungModerne Medien bestimmen das Berufsleben ständig, überall und tiefgreifend. Auch für die Profession des Coachings gibt es bereits zahlreiche digitalisierte Angebote. Trotz vielfach benannter Vorteile existiert bislang nur wenig Forschung zur Digitalisierung im Coaching. Der vorliegende Artikel illustriert anhand zweier empirischer Untersuchungen Hintergründe des Nutzungsverhaltens digitalisierten Coachings bei externen Coaches und Personalverantwortlichen in deutschen Unternehmen. Unter Verwendung der Theorie des geplanten Verhaltens nach Ajzen (1985, 1991) zeigt sich bei beiden Berufsgruppen, dass die subjektive Norm in Form von Peers, Organisationen sowie der Gesellschaft den größten Einfluss auf die Intention hat, digitale Angebote und Tools im Coaching zu nutzen."
coaching behavior assessment system CBAS expert coaches,crossref,ok,6806300,10.36254/978-94-6154-081-2,Supervision for Coaches. A quality assurance for coaching,2026,"Supervision has become indispensable in the coaching world. Coaches seek it due to the complexity of their work. They value its contribution to performing their work ethically, effectively and to the highest quality standards.

Increasingly, organizations require it as a condition. Coach training programs included in their curricula. Global professional associations urge their members to adopt it for quality assurance and discuss making it mandatory for certification.

As a groundbreaking contribution to the field, this handbook outlines the conceptual development of coach supervision, maps its inherent dilemmas and addresses the challenges it poses for all involved. Drawing on current insights from multiple disciplines and rooted in international practice, it offers vital information on how to supervise different types of coaches and mentors, the competencies coach supervisors need, the training and the role of professional associations in this area. Concrete models and practical examples demonstrate how supervision strengthens professional competency and safeguards the coaching quality, all from the perspective of desired personal, professional, societal and ecological sustainable development.
 
Activities for the reader encourage self-reflection and putting insights into practice. Recommendations, an extensive bibliography and a structured index facilitate further study into the subject by practitioners, researchers, coaching trainers and policy makers."
coaching behavior assessment system CBAS expert coaches,crossref,ok,6806300,10.1177/1747954117727646,Systematizing coaches’ ‘eye for talent': Player assessments based on expert coaches’ subjective talent criteria in top-level youth soccer,2017,"Although talent selection in professional soccer mainly relies on the subjective judgment of scouts and coaches, little is known to date about top-level soccer coaches’ conceptions of talent. Drawing on a constructivist approach, this mixed method study intends to give an in-depth insight into coaches’ subjective talent criteria and to investigate the validity and reliability of their player assessments based on these criteria. Five national youth soccer coaches were examined using semistructured inductive interviews and the repertory grid technique. The results reveal experienced soccer coaches’ subjective talent criteria and indicate the multidimensional nature of their concepts of talent. There is a high correlation (−.57 ≤ r
                    s
                     ≤ −.81) between the coaches’ assessment of their players based on their own talent criteria and their previous evaluation of these players’ overall potential, indicating criterion validity. Repeated evaluations of the players according to a coach’s talent criteria display an adequate test–retest reliability over a period of 10 weeks."
coaching behavior assessment system CBAS expert coaches,crossref,ok,6806300,10.1177/1747954116667113,Coaching sprinting: Expert coaches’ perception of resistance-based training,2016,"The aim of this study was to explore expert coaches’ perceptions of resistance-based training for sprinting. This research posed three broad questions: (i) What resistance exercises are being performed by competitive sprinters? (ii) Why coaches have selected these exercises over others? (iii) How athletics coaches control and implement their use in training? Participants for the study comprised seven expert track and field sprint coaches. Findings indicated that the coaches used a variety of resistance-based training including variations of the squat, Olympic weightlifting movements and deadlift, along with resisted running in the form of weighted jackets, hill running, and weighted sleds. They also used plyometric variations of bounding and specific drills. Particular emphasis was drawn towards variations of the squat and how exercises transferred from the weights room to the track. All coaches changed exercises to complement the focus from off-season to in-season. The main finding of this study relates to the current dearth of research to support evidence-based resistance exercise prescription for sprinters."
coaching behavior assessment system CBAS expert coaches,crossref,ok,6806300,10.1260/174795409789623964,Coaching Sprinting: Expert Coaches' Perception of Race Phases and Technical Constructs,2009,"The general aim of this study was explore expert coaches' technical knowledge of sprint running. The first of two principal objectives related to discovering whether expert coaches divided a sprint race into distinct phases and, if so, which and how many phases. The second objective was to examine the good technique characteristics associated with each phase. Participants for the study comprised seven expert track and field sprint coaches. Findings indicated that the respondents broke sprinting down into three technical phases, the start, the pick-up/drive and the maintenance phase. Important constructs were associated with each phase, which both supported and conflicted with the limited literature available. The principal finding of this study, however, relates to the current dearth of knowledge about good sprint-running technique, an area which requires considerable further investigation before definitive lines of good practice can be confidently applied."
coaching behavior assessment system CBAS expert coaches,crossref,ok,6806300,10.1057/9780230362963.0008,EXECUTIVE COACHES,,
coaching behavior assessment system CBAS expert coaches,crossref,ok,6806300,10.1123/iscj.2017-0051,Differences Between Expert and Novice Tennis Coaches’ Perceptual Capacities,2018,"The purpose of this study was to examine analytic perceptions of expert and novice tennis coaches. Four expert and four novice tennis coaches volunteered as study participants. Both a video analysis and a recall test provided data for this investigation. In the video analysis protocol, participants were asked to describe what they observed while viewing a 10-minute video of a tennis practice session. In the recall test, a series of 10 tennis related slides were viewed by each of the coaches. After viewing each slide for five seconds, the coaches were asked what they recalled from the slide. The completed written accounts from the video analysis and the recall test audiotapes were transcribed and served as the primary data. The researchers looked for recurring themes and categories using the generic qualitative study technique. Data analysis revealed six themes: (a) the quantity of cues perceived, (b) attention to critical features, (c) analytic depth, (d) recognizing meaningful patterns, (e) anticipating the future, and (f) from description to prescription. These findings, while new to the coaching literature, supported previous research in other fields regarding the importance and domain specificity of experts’ superior perceptual capacities."
coaching behavior assessment system CBAS expert coaches,crossref,ok,6806300,10.1260/1747-9541.4.1.121,Career Development of Expert Coaches,2009,"Careers in coaching are a relatively new phenomenon in the UK and at present appear to be limited to the performance coach. This study, using an interview approach, examined the transition of expert coaches (n = 9) through various stages in their careers. The main aim of this study was to ascertain if expert coaches could explain the process of their development to perceived expert status. The interviewed coaches could offer no real insight into their designation as experts. They did raise some questions regarding the value of current coach education provision, especially as it related to their current role as coaches of elite athletes. Their methods of development were considered to be informal, with networking with other coaches of like mind believed to be essential to their progress. The ability to contextualise knowledge and information to suit both the individual and situation, as well as appropriate mentors at the initial stages of their coaching careers were also regarded as vital."
coaching behavior assessment system CBAS expert coaches,crossref,ok,6806300,10.1037/t06948-000,Coaching Behavior Assessment System,1977,
coaching behavior assessment system CBAS expert coaches,crossref,ok,6806300,10.1260/1747-9541.10.6.1001,Expert Coaches' Perceptions of Athlete Performance Optimization,2015,"The purpose of the study was to engage expert coaches in a reflective process exploring their perceptions of distinguishing features of athletes they consider optimal performers. Fifteen national and/or Olympic level coaches were interviewed. Developed through a content analysis of the data, elite coach descriptions provided a preliminary profile of elite athlete performance optimization centred on five main themes: a rational approach to training and performance; exhibiting sustained passion and commitment to details; ownership of the elite athletic experience; embracing challenge and complexity of elite athletic contexts; and employing a big (moral) picture view of sport and life. Discussion focuses on highlighting the features of performance optimizing athletes using the proposed concept of ‘mature competitiveness’."
coaching behavior assessment system CBAS expert coaches,crossref,ok,6806300,10.1177/1747954115624821,Expert youth coaches’ diversification strategies in talent development: A qualitative typology,2016,"The development of expert-level performance in sports is discussed against the background of two different pathways. The early specialization approach emphasizes both early onset and high volumes of sport-specific practice in a desired main sport. On the other hand, the diversification approach promotes diversified involvement in a range of other sports with later specialization. This study examines the way in which youth coaches translate the antagonistic concepts of specialization and diversification into their coaching strategies during the early stages of talent development. Using qualitative research methodology, 44 expert German youth coaches (M age = 45.1 years, SD = 7.5; 39 male and 5 female) in 24 different sports, with an average of 21.7 years accumulated coaching experience (SD = 7.0) were included in the inductive thematic analysis. Analysis showed a differentiated understanding of the process of specialization that considered multiple ways to apply diversification both within sports and across several sports. Although all of the coaches appeared to acknowledge the importance of within-sports diversification, there was considerable variation in the reported purposeful implementation and significance of sporting activities other than the main sport leading to a nuanced typology of strategies. The typology could be divided into the following four categories based on the preferred strategies that the coaches described: (I) changers and late entrants; (II) early engagement in DS + secondary sports; (III) early engagement in DS + supplementary sports; and (IV) early engagement in DS + specialization. The findings strengthened existing suggestions of a gradual and multidimensional understanding of diversification prior to necessary specialization. Furthermore, it can be assumed that the preferred strategies are fundamentally influenced by individual cognitions and contextual aspects that acknowledge the complex and ideographical nature of coaching."
coaching behavior assessment system CBAS expert coaches,crossref,ok,6806300,10.1260/174795408787186431,The UK Coaching System is Failing Women Coaches,2008,"This paper engages with feminist cultural studies to illustrate how a cultural analysis of the coaching structure can contribute to our understanding of the underrepresentation of women in high performance coaching roles. Through the use of qualitative interviews with elite women coaches based in the UK, I highlight how the current coaching infrastructure and philosophies neglect women's potential and marginalise their position. My analysis of the interviews revealed that the participants report minimal or inappropriate coaching opportunities for women coaches. The participants were also provided little incentive, recognition or educational support to facilitate their development. Rather than a ‘glass ceiling’, I argue that women's progress through coaching is more comparable to a ‘bottle neck’ analogy whereby as women advance, most are excluded from positions of power through flawed pathways and few chances to coach. I conclude that the failures of the various UK sporting governing bodies to provide adequate coach development and education for women coaches are indicative of the gendered culture and organisation of sport."
coaching behavior assessment system CBAS expert coaches,crossref,ok,6806300,10.4324/9780203994986-15,COACHING PRACTICE,2005,
coaching behavior assessment system CBAS expert coaches,crossref,ok,6806300,10.4324/9780203994986-10,THE COACHING PROCESS,2005,
coaching behavior assessment system CBAS expert coaches,crossref,ok,6806300,10.1007/s11613-022-00772-5,Warum beteiligen sich Coaches an Coaching-Forschung – und warum eigentlich nicht?,2022,"ZusammenfassungIn einer Online-Umfrage befragten wir 252 Coaches und analysierten ihre Einstellung zur Coaching-Forschung, Faktoren, die ihre Einstellung beeinflussen, und wie sich ihre Haltung wiederum auf ihre Bereitschaft zur Teilnahme an Coaching-Forschung auswirkt. Die Faktorenanalyse ergab vier verschiedene Einstellungsfaktoren: (1) Mehrwert und (2) Schaden durch Coaching-Forschung, (3) Effektivitätszweifel, (4) Aufwand im Zusammenhang mit der Teilnahme an Coaching-Forschung. Die Erfahrung der Coaches (d. h. Novizen vs. Expert:innen; mit Coaching-Ausbildung vs. ohne) sagte die Einstellung zur Coaching-Forschung voraus, insbesondere für die Faktoren (2) und (3). Alle vier Faktoren sowie eine frühere Forschungsteilnahme sagten signifikant die Bereitschaft zur Teilnahme an Coaching-Forschung voraus."
coaching behavior assessment system CBAS expert coaches,crossref,ok,6806300,10.4324/9781003089889-25,Gestalt coaching,2020,
coaching behavior assessment system CBAS expert coaches,crossref,ok,6806300,10.4324/9780203994986-23,COACHING AND ETHICAL PRACTICE,2005,
coaching behavior assessment system CBAS expert coaches,crossref,ok,6806300,10.1007/s11613-014-0355-3,Und wer coacht die Coaches?,2014,
coaching behavior assessment system CBAS expert coaches,crossref,ok,6806300,10.4324/9780203994986-20,COACHING AND SOCIAL CONTEXT,2005,
coaching behavior assessment system CBAS expert coaches,crossref,ok,6806300,10.4324/9781003545484-12,Women Coaches Coaching Women,2026,
coaching behavior assessment system CBAS expert coaches,crossref,ok,6806300,10.4324/9780203994986-13,MODELLING THE COACHING PROCESS,2005,
coaching behavior assessment system CBAS expert coaches,crossref,ok,6806300,10.37591/njobm.v4i1.747,Coaching for Employee Engagement in Pandemic Times—A Strategic Approach for Coaches,2021,
coaching behavior assessment system CBAS expert coaches,crossref,ok,6806300,10.4324/9780203994986-26,COACH EDUCATION AND COACHING PRACTICE,2005,
coaching behavior assessment system CBAS expert coaches,crossref,ok,6806300,10.4324/9781003089889-30,Career coaching,2020,
coaching behavior assessment system CBAS expert coaches,crossref,ok,6806300,10.4324/9781003089889-28,Narrative coaching,2020,
coaching behavior assessment system CBAS expert coaches,crossref,ok,6806300,10.4324/9780203994986-22,WHERE ARE ALL THE WOMEN COACHES?,2005,
coaching behavior assessment system CBAS expert coaches,crossref,ok,6806300,10.4324/9781003089889-21,Behavioural coaching,2020,
coaching behavior assessment system CBAS expert coaches,crossref,ok,6806300,10.1365/s40896-017-0019-3,Die Rolle der emotionalen Kompetenz von Coaches im Coachingprozess,2017,
coaching behavior assessment system CBAS expert coaches,crossref,ok,6806300,10.5220/0006787702190226,Council of Coaches - A Novel Holistic Behavior Change Coaching Approach,2018,
coaching behavior assessment system CBAS expert coaches,crossref,ok,6806300,10.5040/9781718214149.ch-003,Coaching Philosophy,2021,
coaching behavior assessment system CBAS expert coaches,crossref,ok,6806300,10.4324/9780203994986-14,A PROPOSED MODEL FOR COACHING,2005,
coaching behavior assessment system CBAS expert coaches,crossref,ok,6806300,10.4324/9781003089889-12,Questions in coaching,2020,
coaching behavior assessment system CBAS expert coaches,crossref,ok,6806300,10.4324/9781003089889-37,Contracting in coaching,2020,
coaching behavior assessment system CBAS expert coaches,crossref,ok,6806300,10.4324/9781003089889-23,Solution-focused coaching,2020,
coaching behavior assessment system CBAS expert coaches,crossref,ok,6806300,10.4324/9781003089889-27,Neuroscience coaching,2020,
coaching behavior assessment system CBAS expert coaches,crossref,ok,6806300,10.4324/9781003089889-41,Supervision in coaching,2020,
coaching behavior assessment system CBAS expert coaches,crossref,ok,6806300,10.1007/s11613-019-00599-7,New Work und Coaching – psychologisches Empowerment als Chance für Coaches,2019,
coaching behavior assessment system CBAS expert coaches,crossref,ok,6806300,10.4324/9780203994986-21,MOTIVATIONS AND RECRUITMENT IN SPORTS COACHING,2005,
coaching behavior assessment system CBAS expert coaches,crossref,ok,6806300,10.4324/9781003089889-24,Cognitive-behavioural coaching,2020,
coaching behavior assessment system CBAS expert coaches,crossref,ok,6806300,10.4324/9780203994986-18,A HUMANISTIC APPROACH TO COACHING,2005,
coaching behavior assessment system CBAS expert coaches,crossref,ok,6806300,10.3990/1.9789036552608,Tailoring coaching conversations with virtual health coaches,,
coaching behavior assessment system CBAS expert coaches,crossref,ok,6806300,10.4324/9781003089889-17,Using emotions in coaching,2020,
coaching behavior assessment system CBAS expert coaches,crossref,ok,6806300,10.4324/9780203062340-16,Issues and impacts of using computer-based assessments (CBAs) for formative assessment,2013,
coaching behavior assessment system CBAS expert coaches,crossref,ok,6806300,10.4324/9781003595755-18,Coaching Analysis,2026,
coaching behavior assessment system CBAS expert coaches,crossref,ok,6806300,10.4324/9781003089889-16,Silence in coaching,2020,
coaching behavior assessment system CBAS expert coaches,crossref,ok,6806300,10.1007/979-8-8688-2151-6_2,Mastering the Fundamentals: Essential Competencies for Agile Team Coaches,2025,
coaching behavior assessment system CBAS expert coaches,crossref,ok,6806300,10.47684/jcd.2024.06.26.6.38,"The Causal Relationships between University Athletes"" Perception of Sports Coaches"" Coaching Leadership, Immersion, Innovative Behavior, and Coaching Performance",2024,
coaching behavior assessment system CBAS expert coaches,crossref,ok,6806300,10.1080/17521882.2022.2128386,Is technostress stressing coaches out? The relevance of technostress to coaches’ emotional exhaustion and coaches’ perception of coaching success,2022,
coach expertise stages novice to elite progression,crossref,ok,450493,10.1002/9781118089965.app4,Appendix D: Six Stages of Client Readiness for Change,2011,
coach expertise stages novice to elite progression,crossref,ok,450493,10.4135/9781506312125,Go in as a Coach Go out as a Coach,2013,
coach expertise stages novice to elite progression,crossref,ok,450493,10.18848/978-1-61229-804-7/cgp,Moving from Novice to Expert on the Road to Expertise: Developing Expertise in the Visual Domain,2015,
coach expertise stages novice to elite progression,crossref,ok,450493,10.5040/9781472541093.ch-009,"Novice, Journeyman, Expert",,
coach expertise stages novice to elite progression,crossref,ok,450493,10.15760/honors.362,Towards A Philosophy of Expertise: The Novice-Expert Problem And Contemporary Applications,,
coach expertise stages novice to elite progression,crossref,ok,450493,10.16915/jkapesgw.2017.09.31.3.111,"Research Trend of Elite Sports Coach""s Expertise in Korea",2017,
coach expertise stages novice to elite progression,crossref,ok,450493,10.7717/peerj.21778/table-1,Table 1: Comparison of phase durations between the elite and novice groups.,,
coach expertise stages novice to elite progression,crossref,ok,450493,10.7717/peerj.21778/table-5,Table 5: Comparison of landing phase technical parameters between the elite and novice groups.,,
coach expertise stages novice to elite progression,crossref,ok,450493,10.1123/iscj.2023-0060,Redeveloping Expertise in the Transition From Coach to Coach Education Tutor,2025,"The role of the tutor in delivering formal coach education is critical in understanding the professional preparation of sport coaches. The recruitment, development, and retention of tutors with expertise is crucial to organisational success and has personal and professional implications for career transitions in coaching. This study focuses on teaching and learning experiences during the initial tutor training of novice coach education tutors from a national sport governing body in the United Kingdom. Grenier and Kehrhahn’s Model of Expertise Redevelopment is utilised as a theoretical tool to aid understanding of the transition from coaching to tutoring. Data were collected through document analysis, observations during and after initial tutor training and subsequent live delivery of courses, and follow-up semistructured interviews with nine tutors. The themes highlighted the need to acquire specific knowledge of the content, the role of others in the development of expertise, the use of situated learning as a catalyst for redevelopment, and the eagerness to establish their future learning pathway. The findings suggest that each territory of expertise (i.e., content, constituency and environment) did not remain stable when transitioning to the new domain of coach education tutoring and implications for future tutor training are provided."
coach expertise stages novice to elite progression,crossref,ok,450493,10.1002/9781118089965.ch3,How to Become a Coach,2011,
coach expertise stages novice to elite progression,crossref,ok,450493,10.4324/9781003251309-3,Career Development of Elite Coach Developers,2023,
coach expertise stages novice to elite progression,crossref,ok,450493,10.3102/2006260,Induction Coach Match Characteristics Relationship With Novice Teacher Perceived and Actual Retention,2023,
coach expertise stages novice to elite progression,crossref,ok,450493,10.7717/peerj.21778/table-4,Table 4: Comparison of snowboard angle and landing position between the elite and novice groups.,,
coach expertise stages novice to elite progression,crossref,ok,450493,10.7717/peerj.21778/table-3,Table 3: Comparison of take-off phase technical parameters between the elite and novice groups.,,
coach expertise stages novice to elite progression,crossref,ok,450493,10.2139/ssrn.7252138,From Expert to Novice Again: Recurrent Expertise Expansion in the Age of Artificial Intelligence,2026,"As an increasing share of professional skills requires updating, expansion, or replacement within ever-shorter time frames, expertise can no longer be understood solely as a stable asset. Instead, it must be viewed as an ongoing process of renewal. Recent reports by the World Economic Forum indicate that approximately 39% of the core skills required across the global workforce are expected to change by 2030. At the same time, industry research points to a growing demand for reskilling and upskilling across broad segments of the workforce in the age of artificial intelligence. This paper introduces the concept of Recurrent Expertise Expansion to describe a cyclical process in which professionals are increasingly required to update their existing expertise, expand it into new domains of knowledge, and repeatedly return to the role of the learner throughout their professional careers. The paper argues that the defining characteristic of the age of artificial intelligence is not the existence of professional uncertainty itself, but the increasing frequency with which experts are required to move from the role of the expert to that of the learner. Within the Consciousness Flexibility Model (CFM), which proposes five core competencies required of the learner in the age of artificial intelligence, this paper focuses on the Courage-Fortitude Skill (CFS). It examines the theoretical proposition that the integration of courage and fortitude may constitute the psychological mechanism that enables individuals to repeatedly enter states of&amp;nbsp;professional uncertainty and persist in them until new knowledge has been successfully integrated. The paper establishes the empirical relevance of the phenomena on which this theoretical proposal is based, including continuous professional renewal, skill obsolescence, and the growing demand for reskilling and upskilling. At the same time, it advances the theoretical proposition that courage and fortitude perform complementary functions throughout the cycle of professional renewal and that their integration may constitute the psychological mechanism underlying Recurrent Expertise Expansion. Accordingly, both the Courage-Fortitude Skill (CFS) and Recurrent Expertise Expansion are presented as theoretical proposals whose validation requires dedicated empirical research. Such research should first examine the proposed psychological mechanism and subsequently develop and validate appropriate approaches to its measurement. &amp;nbsp;"
coach expertise stages novice to elite progression,crossref,ok,450493,10.4324/9780203080443-12,Coach behaviour analysis within elite youth soccer,2013,
coach expertise stages novice to elite progression,crossref,ok,450493,10.21203/rs.3.rs-8701114/v1,From Coach Knowledge to Burnout: The Sequential Mediating Roles of Psychological Capital and Coach-Athlete Relationship Quality in Elite Football,2026,"Abstract
                Background:
 Coach burnout is increasingly recognized as a critical issue in high-performance sport, yet existing research has focused primarily on situational stressors and coaching outcomes, with limited attention to the upstream cognitive resources that may protect coaches’ psychological wellbeing. The present study examined how different forms of coach knowledge are translated into burnout outcomes through psychological and relational mechanisms in elite football coaching contexts.
Methods:
 A cross-sectional survey design was employed with a sample of 221 high-level football coaches holding Asian Football Confederation B-level licences or above. After data screening and removal of multivariate outliers, 215 cases were retained for analysis. Coach knowledge was operationalised as professional–interpersonal knowledge and intrapersonal knowledge. Psychological capital, coach–athlete relationship quality, and coach burnout were assessed using validated instruments. Covariance-based structural equation modelling was conducted using a two-step approach, comprising confirmatory factor analysis followed by structural model testing. Indirect effects were examined using bias-corrected bootstrapping with 5,000 resamples and 95% confidence intervals.
Results:
 Both dimensions of coach knowledge were positively associated with psychological capital. Psychological capital, in turn, was positively related to coach–athlete relationship quality. The direct paths from coach knowledge to burnout were not significant. However, significant indirect effects emerged through a sequential mediation pathway in which coach knowledge predicted burnout via psychological capital and coach–athlete relationship quality. The final structural model demonstrated acceptable fit indices, supporting the proposed cognitive–psychological–relational mechanism linking coach knowledge to burnout.
Conclusions:
 Findings indicate that coach knowledge contributes to lower burnout risk indirectly by fostering psychological capital and enhancing the quality of coach–athlete relationships. These results highlight the importance of viewing coach knowledge not only as a performance-related resource but also as a foundation for coaches’ psychological resilience and relational functioning. Coach education and professional development programmes may benefit from integrating psychological and interpersonal components alongside technical knowledge to support coach wellbeing in high-performance sport."
coach expertise stages novice to elite progression,crossref,ok,450493,10.1080/08924562.2020.1681213,Professionally Mentoring a Novice Coach,2020,
coach expertise stages novice to elite progression,crossref,ok,450493,10.1515/9781683923022-014,Chapter 12 Applying Your Expertise,2018,
coach expertise stages novice to elite progression,crossref,ok,450493,10.1080/14623943.2023.2174963,"Coach developers and reflective practice: evaluating exercises, mechanisms, and challenges in facilitating reflection within novice coach education",2023,
coach expertise stages novice to elite progression,crossref,ok,450493,10.1007/978-1-4613-9733-5_14,Expert-Novice Differences and Knowledge Elicitation,1992,
coach expertise stages novice to elite progression,crossref,ok,450493,10.1123/iscj.2018-0049,Searching for a Signature Pedagogy in Novice Coach Education,2019,"Despite the increased research interest in coach education there has been little consensus on how novice sports coaches should best be educated. For the coach developer this becomes problematic when trying to design quality-learning activities for novice coaches that provide a foundation for current and future learning. While the research available has focused on specific areas of best practice curriculum for coaches (e.g., planning; communication; coach-athlete relationships; leadership), there has been less interest in pedagogical practice of novice coach education. Signature pedagogies have been recognised as characteristic methods of teaching used by disciplines to organize the learning process into common elements to prepare future practitioners for their professional roles. For Shulman signature pedagogies scaffold the discipline’s habits of ‘head’ (content); habits of the ‘hand’ (skills); and habits of ‘heart’ (values). This suggests that deep understanding of the disciplines’ habits is necessary for the development of appropriate signature pedagogies that support novice learning. The purpose of this Insight paper is to explore the current literature for potential signature pedagogies that support novice coach learning and the coach developer in teaching. A reflective conclusion summarises the main points and considers the direction for future research."
coach expertise stages novice to elite progression,crossref,ok,450493,10.1002/9781118089965.app2,Appendix B: 14 Compelling Reasons to Use a Professional Coach,2011,
coach expertise stages novice to elite progression,crossref,ok,450493,10.1177/17418305261475844,"Book Review:
                    <i>Coaching expertise: Six practical steps for every effective coach</i>
                    by McCormick, Iain McCormickIain (2025). Coaching expertise: Six practical steps for every effective coach. Troubador Publishing. ISBN 978-1836281535",2026,
coach expertise stages novice to elite progression,crossref,ok,450493,10.5040/9781350133662.ch-3,The Elite Pinter and the Pinter Elite,2021,
coach expertise stages novice to elite progression,crossref,ok,450493,10.1037/e577632012-006,Instant expertise for novice responders performing cardiopulmonary resuscitation (CPR),2006,
coach expertise stages novice to elite progression,crossref,ok,450493,10.51979/kssls.2010.08.41.557,Becoming a Wheelchair Basketball Coach - A Case Study ofa Top Elite Wheelchair Basketball Coach,2010,
coach expertise stages novice to elite progression,crossref,ok,450493,10.4324/9781315266343-3,Being the personal coach,2019,
coach expertise stages novice to elite progression,crossref,ok,450493,10.1017/cbo9781139524698.004,Characteristics of Expert and Novice Teachers,2003,
coach expertise stages novice to elite progression,crossref,ok,450493,10.1016/j.apergo.2013.09.014,Do the coach and athlete have the same «picture» of the situation? Distributed Situation Awareness in an elite sport context,2014,
coach expertise stages novice to elite progression,crossref,ok,450493,10.4324/9781003148784-7,The Coach Education System for Elite Football Coaches in Singapore,2022,
coach expertise stages novice to elite progression,crossref,ok,450493,10.59433/kaosa.2025.20.4.03,Oral Life History of an Elite Judo Coach : From Athlete to Coach,2025,
coach expertise stages novice to elite progression,crossref,ok,450493,10.4324/9781003161851-2,Believing to Belong: Addressing the Novice-Expert Problem in Polarized Scientific Communication,2022,
coach expertise stages novice to elite progression,crossref,ok,450493,10.4324/9781315266343-34,The coach nomad,2019,
coach expertise stages novice to elite progression,crossref,ok,450493,10.1002/9781118089965,From Therapist to Coach,2011,
coach expertise stages novice to elite progression,crossref,ok,450493,10.24926/265535.2955,"Legal Ethics in Decline: The Elite Law Firm, the Elite Law School, and the Moral Formation of the Novice Attorney",1998,
coach expertise stages novice to elite progression,crossref,ok,450493,10.47191/ijmra/v9-i6-41,Coach‒Athlete Communication in Elite Badminton: Exploring Interpersonal Dynamics in an Indonesian High-Performance Training Environment at Djarum Badminton Club,2026,"Coach–athlete communication plays a crucial role in shaping training effectiveness and athlete performance, particularly in elite sport environments. This study aims to explore the interpersonal dynamics of coach–athlete communication in elite badminton within an Indonesian high-performance training context at Djarum Badminton Club. A qualitative approach was employed using semi-structured interviews and non-participant observations involving coaches and athletes. Data were analyzed through thematic analysis to identify key patterns in communication practice. The findings reveal that coach–athlete communication is multidimensional, encompassing instructional, interpersonal, and psychological functions. Communication serves not only as a medium for delivering technical instructions but also as a mechanism for building relationships, regulating motivation, and supporting athletes’ psychological readiness. Effective communication is characterized by adaptability, combining verbal and non-verbal strategies, and responsiveness to individual athlete needs. However, communication barriers were identified, including differences in language, communication styles, and hierarchical relationships influenced by cultural context. This study contributes to the literature by integrating multiple dimensions of communication within a single analytical framework and by providing empirical evidence from an underrepresented context in sport communication research. Practically, the findings highlight the importance of adaptive and culturally sensitive communication competencies for coaches in elite training environments. Future research is recommended to examine diverse sports and cultural settings and to incorporate quantitative approaches for broader generalization."
coach expertise stages novice to elite progression,crossref,ok,450493,10.21125/iceri.2018.2582,DESIGN THINKING EXPERTISE: A NOVICE-TO-EXPERT LEVEL FRAMEWORK FOR TEACHING DESIGN THINKING,2018,
coach expertise stages novice to elite progression,crossref,ok,450493,10.4324/9780429351037-14,"Self-Paced Online Learning to Develop Novice, Entry-Level, and Volunteer Coaches",2019,
coach expertise stages novice to elite progression,crossref,ok,450493,10.1002/9781118089965.fmatter,Front Matter,2011,
coach expertise stages novice to elite progression,crossref,ok,450493,10.1108/s0742-332220150000032006,The Nature of Expertise in Organization Design: Evidence from an Expert–Novice Comparison,2015,"Abstract
                  Expertise in designing organizations is an important construct for scholars interested in studying the micro-foundations of organizational performance. We investigate the existence and nature of this expertise in this chapter. Conceptualizing the designing of organizations as a problem-solving process, we describe the underlying structure of this problem space. Further, we propose that this process of problem solving should look different for “greenfield” design problems and for “brownfield” redesign problems. We test our arguments through a comparison of the think-aloud verbal protocols of 16 subjects with greater experience with organization design problems (experts) and 16 subjects with significantly lower experience with organization design problems (novices). The results suggest that the parts of the problem that experts focus on are different from those that novices focus on, and expertise matters differently for design and redesign problems."
coach expertise stages novice to elite progression,crossref,ok,450493,10.2307/j.ctv2rh29ff.8,"From Novice to Expert, and Two Kinds of Expertise",2016,
coach expertise stages novice to elite progression,crossref,ok,450493,10.17161/jcel.v6i1.18490,From Novice to Expert: Building Copyright Expertise Over Time,2022,"Students and early career professionals should not be dissuaded from considering a career in copyright librarianship if they have an interest in the subject matter and a willingness to seek out professional development opportunities. Despite starting my MLIS degree with no legal or academic libraries experience, I was able to obtain a skill set in copyright literacy that enabled me to secure an entry level copyright librarian position upon graduation. Those who are willing to embrace being a novice and seek out available opportunities to build their expertise will find copyright librarianship a rewarding and valuable area of specialization to pursue."
coach expertise stages novice to elite progression,crossref,ok,450493,10.1007/1-4020-2094-5_9,Teaching Expertise,,
coach expertise stages novice to elite progression,crossref,ok,450493,10.3390/bs13110924,Expertise in Coach Development: The Need for Clarity,2023,"In this position paper, we start by identifying the issues inherent to coach development; we then consider the current status of coach development and present our position before concluding with key points and suggesting resolutions for the issues. Our intention is to propose the progression of appropriate practices and approaches for the professional development and preparation of coaches. In coach development, a lack of clarity exists at both organisational and individual levels, particularly around the role of and aims for coach developers. Organisationally, we consider a radical reframing required to progress the profession of coach development. We also suggest that many individuals currently involved in coach development do not possess the requisite knowledge to move the field forward. Our aspirations for coach development include recognising the need for expertise and what it looks like in practice. Coaching and coach development interactions should examine particular coaching challenges, concentrating on the thought processes and decision-making strategies necessary to solve them. This necessitates a bespoke, problem-based approach to learning."
coach expertise stages novice to elite progression,crossref,ok,450493,10.4324/9781315776675-9,Breadth and Depth of Knowledge in Expert Versus Novice Athletes,2015,
coach expertise stages novice to elite progression,crossref,ok,450493,10.18666/tpe-2020-v77-i2-9173,The Veteran and the Novice: Investigating Teacher–Coach Role Conflict From Two Perspectives,2020,
coach expertise stages novice to elite progression,crossref,ok,450493,10.4324/9781003099345-7,The Social Network and the Coach,2023,
coach expertise stages novice to elite progression,crossref,ok,450493,10.7551/mitpress/14877.003.0015,The Closing of the Elite Mind,2025,
coach expertise stages novice to elite progression,crossref,ok,450493,10.35159/kjss.2023.08.32.4.517,The Good Coach and the Bad Coach in the Eyes of Elite Sports Athletes,2023,
what separates elite coaches from good coaches,crossref,ok,10031075,10.33915/etd.5601,What elite men's collegiate tennis coaches look for in recruits and  how they assess preferred player characteristics,,
what separates elite coaches from good coaches,crossref,ok,10031075,10.7821/naer.1.1.27-32,"What does ‘Playing Well’ mean to elite sports coaches?, implicit thinking of elite Spanish soccer coaches",2012,"Abstract
               People construct knowledge through a set of highly diverse experiences. Despite being personal, this knowledge is strongly influenced by the specific context where it occurs. Such experience-based knowledge is referred to as ‘implicit theories’ because it does not fit in with a systematic and theoretical knowledge context like that of scientific knowledge. Coaches work with a number of implicit theories about aspects such as players, competition or training which determine their professional behaviour to a considerable extent. Thirty-nine Spanish First Division coaches were asked the question ‘What does playing soccer well mean?’ in this study. Their responses were later classified into eight different categories which show the diversity of opinions regarding this matter as well as the possible implicit theories that would guide coaches’ actions."
what separates elite coaches from good coaches,crossref,ok,10031075,10.5040/9798881821104.ch-1,Elite Leadership,2022,
what separates elite coaches from good coaches,crossref,ok,10031075,10.4324/9781315817507,What Teachers Can Learn From Sports Coaches,2014,
what separates elite coaches from good coaches,crossref,ok,10031075,10.4324/9781003595755-7,Performance Analysis within the Elite Player Performance Plan,2026,
what separates elite coaches from good coaches,crossref,ok,10031075,10.4324/9781041057161-3,What makes a good coach?,2025,
what separates elite coaches from good coaches,crossref,ok,10031075,10.5040/9798881821104.ch-i,Introduction,2022,
what separates elite coaches from good coaches,crossref,ok,10031075,10.5040/9798881821104.0008,Biographies,2022,
what separates elite coaches from good coaches,crossref,ok,10031075,10.1037/e548052012-561,Cohesion or collective efficacy: What should be the focus of elite female handball team coaches?,2007,
what separates elite coaches from good coaches,crossref,ok,10031075,10.5771/9781475865028,Battles in the Trenches,2022,"Educational leaders work within a system that does not best leverage attributes of their professional employees. This book focuses on three areas: leadership, motivation, and organization, as they related to educational leadership. Each of these areas has a particular chapter devoted to it. Each chapter begins with a review of the extant literature covering the theme. 40 elite, professional, and Olympic athletes and coaches were interviewed for this book to learn their perspectives on what makes the best leaders in athletics in the areas of leadership, motivation, and organization. These interviews are subsequently interwoven into each of the three chapters outlined above. The book concludes with a chapter that pulls all these aspects together and utilizes a newly created Leadership Congruency Model."
what separates elite coaches from good coaches,crossref,ok,10031075,10.5040/9798216426929.ch-003,Science and Practice,2024,
what separates elite coaches from good coaches,crossref,ok,10031075,10.5771/9781475865028-7,Chapter 1: Elite Leadership,2022,
what separates elite coaches from good coaches,crossref,ok,10031075,10.1007/978-3-662-70726-5,Soccer – The Practical Guide for Athletes and Coaches from Weekend Warriors to Elite Competitors,2025,
what separates elite coaches from good coaches,crossref,ok,10031075,10.1037/e548052012-669,Recovery from burnout among elite soccer coaches,2007,
what separates elite coaches from good coaches,crossref,ok,10031075,10.18122/td.2318.boisestate,A Proposed Organizational Model to Increase Women Coaches in Elite Alpine Skiing,,"Introduction:
                  Despite the tremendous growth in girl’s and women’s participation in sports following the implementation of Title IX in 1972, women’s participation as sport coaches did not follow the same trajectory. In fact, women remain significantly underrepresented in sports coaching. Research highlights ongoing barriers within the sports industry's patriarchal structure, and although strategies have been proposed to improve women’s representation, the lack of progress over the past two decades indicates their limited effectiveness. A more comprehensive, multidimensional approach is essential to address this issue across the individual, interpersonal, organizational, and societal levels.
                  Purpose:
                  This study proposes a model to increase women’s coaches within U.S. elite alpine skiing by learning from the experiences of the successful Trail to Gold (T2G) program of U.S. cross-country skiing.
                  Participants:
                  Twelve participants, who participated in the T2G program (as coaches or administrators), were recruited through purposeful sampling. Eight completed the interviews.
                  Methods:
                  Part One involved a qualitative analysis of T2G through semi-structured interviews. Part Two used data from these interviews and the primary investigator's experience to create a model aimed at advancing women coaches in alpine skiing.
                  Data Analysis:
                  Interviews were transcribed verbatim and reviewed by participants for accuracy. Data analysis was informed by phenomenological theories and the ecological model as presented by LaVoi and Dutove (2012). Key themes were identified using both inductive and deductive methods, with final themes confirmed by triangulation. Insights from Part One, combined with the investigator’s experience, guided the model development for Part Two.
                  Results:
                  Participants in U.S. cross-country skiing highlighted the importance of a supportive environment, robust networking, and effective sponsorship to advance women in coaching roles. Despite progress in women’s representation within their environment, barriers remain that hinder women’s advancement in coaching. Multi-faceted strategies are needed to target women’s underrepresentation. Significant progress requires that the NGB implement strategies that address gender imbalance at the individual, interpersonal, and organizational levels. The information gathered in Part One, together with empirical evidence, was crucial in the development of a model to increase women coaches within U.S. elite alpine skiing.
                  Conclusion:
                  This study expands the recommended strategies to increase women’s representation in sports coaching by learning from women coaches who work in environments that value and actively pursue gender parity. Continued support for women coaches is essential for gender equality, enhanced team performance, and a more inclusive sporting environment."
what separates elite coaches from good coaches,crossref,ok,10031075,10.1080/20004508.2021.1876299,Swedish elite athletics coaches’ professional development in practices of organized coaches’ meetings,2021,
what separates elite coaches from good coaches,crossref,ok,10031075,10.4324/9781003251309-3,Career Development of Elite Coach Developers,2023,
what separates elite coaches from good coaches,crossref,ok,10031075,10.5040/9798881821104.0009,About the Authors,2022,
what separates elite coaches from good coaches,crossref,ok,10031075,10.5040/9798881821104.ch-3,Organization for Success,2022,
what separates elite coaches from good coaches,crossref,ok,10031075,10.1519/0199-610x(1982)004<0044:tgme>2.3.co;2,Kinesiology Corner: The Good Morning Exercise,1982,
what separates elite coaches from good coaches,crossref,ok,10031075,10.5771/9781475865028-i,Preface,2022,
what separates elite coaches from good coaches,crossref,ok,10031075,10.5771/9781475865028-109,Biographies,2022,
what separates elite coaches from good coaches,crossref,ok,10031075,10.5771/9781475865028-1,Introduction,2022,
what separates elite coaches from good coaches,crossref,ok,10031075,10.5771/9781475865028-105,Bibliography,2022,
what separates elite coaches from good coaches,crossref,ok,10031075,10.5040/9798881821104,Battles in the Trenches,2022,"Educational leaders work within a system that does not best leverage attributes of their professional employees. This book focuses on three areas: leadership, motivation, and organization, as they related to educational leadership. Each of these areas has a particular chapter devoted to it. Each chapter begins with a review of the extant literature covering the theme. 40 elite, professional, and Olympic athletes and coaches were interviewed for this book to learn their perspectives on what makes the best leaders in athletics in the areas of leadership, motivation, and organization. These interviews are subsequently interwoven into each of the three chapters outlined above. The book concludes with a chapter that pulls all these aspects together and utilizes a newly created Leadership Congruency Model."
what separates elite coaches from good coaches,crossref,ok,10031075,10.4324/9781315856223,What Great Coaches Do Differently,2014,
what separates elite coaches from good coaches,crossref,ok,10031075,10.4324/9781003427292-14,Surviving in the Highly Performative Environment of Elite Sport,2023,
what separates elite coaches from good coaches,crossref,ok,10031075,10.12800/ccd.v10i28.517,Elite coaches views on factors contributing to excellence in orienteering,2015,
what separates elite coaches from good coaches,crossref,ok,10031075,10.4324/9781003320104-3,What always works in good facilitation?,2023,
what separates elite coaches from good coaches,crossref,ok,10031075,10.5040/9798881821104.ch-4,Putting It All Together,2022,
what separates elite coaches from good coaches,crossref,ok,10031075,10.5040/9781718218895.ch-065,What Should Coaches Expect From Their Players?,2011,
what separates elite coaches from good coaches,crossref,ok,10031075,10.4324/9780429354700,The Creativity Workbook for Coaches and Creatives,2020,
what separates elite coaches from good coaches,crossref,ok,10031075,10.5040/9798881821104.ch-2,Motivation at the Highest Level,2022,
what separates elite coaches from good coaches,crossref,ok,10031075,10.1177/0141076814532395,Evolution in surgical training: what can we learn from professional coaches and elite athletes?,2014,
what separates elite coaches from good coaches,crossref,ok,10031075,10.1080/02640414.2022.2099177,Substitutions in football – what coaches think and what coaches do,2022,
what separates elite coaches from good coaches,crossref,ok,10031075,10.5771/9781475865028-115,About the Authors,2022,
what separates elite coaches from good coaches,crossref,ok,10031075,10.1016/j.jvoice.2014.09.017,Occupational Vocal Health of Elite Sports Coaches: An Exploratory Pilot Study of Football Coaches,2015,
what separates elite coaches from good coaches,crossref,ok,10031075,10.1007/978-3-662-70726-5_5,Classic forms,2025,
what separates elite coaches from good coaches,crossref,ok,10031075,10.1007/978-3-662-70726-5_6,Alternative Formats,2025,
what separates elite coaches from good coaches,crossref,ok,10031075,10.1519/0199-610x(1981)003<0034:gcwata>2.3.co;2,Nutrition: Glandular Concentrates: what are they and what do they do for the athlete?,1981,
what separates elite coaches from good coaches,crossref,ok,10031075,10.4324/9780429354700-6,Thresholds,2020,
what separates elite coaches from good coaches,crossref,ok,10031075,10.15663/wje.v1i1.532,Goal setting in sport: what coaches can learn from research,2017,"Many sport psychologists believe that goal setting is an effective way for athletes to improve their performance. In this paper I discuss how coaches can help their athletes set goals. Specifically, I discuss the importance of using short and long term goals; defining reasonable goals; establishing appropriate goal attainment strategies, and providing athletes with feedback regardless of whether they reach their goals. Finally, I suggest how goal setting can also enhance an athlete's life outside sport."
what separates elite coaches from good coaches,crossref,ok,10031075,10.4324/9781003427292-2,Serial Winning Coaches (SWC),2023,
what separates elite coaches from good coaches,crossref,ok,10031075,10.4324/9781003319016-5,The essentials of ‘The Good Life’,2024,
what separates elite coaches from good coaches,crossref,ok,10031075,10.1007/978-3-662-70726-5_1,Introduction to Soccer,2025,
what separates elite coaches from good coaches,crossref,ok,10031075,10.4324/9780429354700-4,Creative Geometry,2020,
what separates elite coaches from good coaches,crossref,ok,10031075,10.4324/9780429354700-19,Character Activation,2020,
what separates elite coaches from good coaches,crossref,ok,10031075,10.4324/9780429354700-45,Flip It!,2020,
what separates elite coaches from good coaches,crossref,ok,10031075,10.1080/02701367.2013.784722,Do Coaches Orchestrate? The Working Practices of Elite Portuguese Coaches,2013,
what separates elite coaches from good coaches,crossref,ok,10031075,10.4324/9780429354700-52,Creative Alchemy,2020,
expert tutor techniques wisdom of practice,crossref,ok,2900953,10.1163/9789004410497_018,Practice Wisdom of Expert Inquirers,2019,
expert tutor techniques wisdom of practice,crossref,ok,2900953,10.5220/0013277900003932,AI Tutor: Adaptive e-Learning System Using Expert Fuzzy Controllers,2025,
expert tutor techniques wisdom of practice,crossref,ok,2900953,10.4324/9781003262107-10,Studying Expert Ethical Comportment and Preserving the Ethics of Care and Responsibility Embedded in Expert Nursing Practice,2024,
expert tutor techniques wisdom of practice,crossref,ok,2900953,10.21236/ada461495,An Expert System and Tutor for Maritime Navigation Rules,2002,
expert tutor techniques wisdom of practice,crossref,ok,2900953,10.1007/s10677-012-9367-2,Wisdom as an Expert Skill,2012,
expert tutor techniques wisdom of practice,crossref,ok,2900953,10.1163/9789004410497_015,Practice Wisdom Development,2019,
expert tutor techniques wisdom of practice,crossref,ok,2900953,10.1163/9789004410497_003,Social Practice Wisdom,2019,
expert tutor techniques wisdom of practice,crossref,ok,2900953,10.1163/9789004410497_001,Appreciating Practice Wisdom,2019,
expert tutor techniques wisdom of practice,crossref,ok,2900953,10.1007/978-3-030-32781-1_3,"The Wisdom of the Group: RAND’s First Experiments with Expert Prediction, 1947–1951",2019,
expert tutor techniques wisdom of practice,crossref,ok,2900953,10.70675/1d241588z7141z4264z8808za7f5d1d0a049,Designing expressive interaction techniques for novices inspired by expert activities : the case of musical practice,,"La conception de techniques d’interaction expressives adaptées aux novices et inspirées par des activités expertes : le cas de la pratique musicale
                Les systèmes interactifs étant utilisés pour réaliser des tâches toujours plus complexes et variées, les utilisateurs ont besoin de systèmes qui soient à la fois expressifs, efficaces et utilisables. Si des systèmes simples peuvent être instantanément utilisables, l’expressivité accessible avec des systèmes complexes est souvent considérée comme réservée aux experts. Cependant, notre approche, inspirée par la recherche en phénoménologie et en psychologie, souligne que certaines activités expertes ayant une portée sociale, comme les activités artistiques, permettent aussi aux non-experts d’acquérir des compétences et une connaissance considérables de façon implicite. Dans ce manuscrit, nous évoquerons notamment la connaissance et les compétences avancées développées par les non-musiciens lors de l’écoute de la musique et de l’observation du jeu instrumental. Nous défendons deux idées. Premièrement, les concepteurs de systèmes interactifs peuvent profiter de ces compétences et de cette connaissance implicites pour créer des systèmes expressifs qui soient utilisables. Deuxièmement, les méthodes d'apprentissage expertes et les outils experts, qui ont été perfectionnés à travers le temps et ont fait leurs preuves dans des situations complexes, peuvent servir de sources d'inspiration pour améliorer l’utilisabilité des systèmes complexes pour les utilisateurs novices. Nous proposons un cadre de conception pour étudier l'utilisabilité et l'expressivité des techniques d'interaction, comme deux nouvelles mesures de la qualité de l'interaction, et présentons les trois projets de cette thèse. Dans le premier, nous étudions l'utilisation de motifs rythmiques pour l'interaction, et nous montrons que des utilisateurs novices sont capables de reproduire et de mémoriser efficacement de grands vocabulaires de motifs rythmiques. Une telle interaction tire parti des capacités naturelles des non-musiciens pour percevoir et reproduire des structures rythmiques. Nous définissons des règles pour créer des motifs rythmiques adaptés à l’interaction, et montrons qu’ils peuvent être utilisés efficacement pour déclencher des commandes. Dans le deuxième projet, nous étudions la conception et l’apprentissage de postures multi-doigt sur des écrans multi-tactiles. Nous prenons en compte les contraintes mécaniques et les degrés de liberté de la main pour créer des vocabulaires expressifs de postures multi-doigt, dont nous évaluons l’utilisabilité lors d’une expérimentation. Nous présentons une méthode d’apprentissage adaptée aux postures les plus complexes, inspirée par l’apprentissage des accords en musique, et nous montrons qu’elle peut améliorer la compréhension et la mémorisation. Dans le dernier projet, nous nous intéressons aux applications de création musicale en temps réel, et tentons de les faire profiter des qualités instrumentales des instruments acoustiques. Nous voulons créer des applications qui permettent un jeu virtuose et expressif, et dont les fonctionnalités élémentaires sont accessibles aux novices (comme on peut jouer quelques accords au piano sans apprentissage). Nous proposons un cadre de conception et une architecture logicielle qui aident à considérer la conception d’applications musicales comme une lutherie à part entière. Avec ces projets, nous montrons que, dans ces cas : (i) la connaissance et les compétences implicites des non-experts peuvent être réutilisées en interaction ; (ii) les méthodes d’apprentissage expertes peuvent permettre de rendre les systèmes expressifs plus utilisables ; (iii) s’inspirer des outils experts peut aider à concevoir des systèmes interactifs expressifs et utilisables. Nous proposons l’étude de l’utilisabilité comme une alternative à l’immédiateté prônée par les entreprises d’informatique, et nous présentons des méthodes pour tirer parti de la richesse des activités expertes et de la connaissance implicite des non-experts pour créer des systèmes interactifs expressifs et utilisables par les novices."
expert tutor techniques wisdom of practice,crossref,ok,2900953,10.1163/9789004410497_009,Practice Wisdom and the Sociological Imagination,2019,
expert tutor techniques wisdom of practice,crossref,ok,2900953,10.1007/978-1-4020-6532-3_12,Developing Expert and Transformative Wisdom: Can Either Be Taught in Public Schools?,,
expert tutor techniques wisdom of practice,crossref,ok,2900953,10.1163/9789004410497_016,Master Mariners and Practice Wisdom,2019,
expert tutor techniques wisdom of practice,crossref,ok,2900953,10.23860/diss-2129,The genres of tutor training: Searching for reflective practice,,
expert tutor techniques wisdom of practice,crossref,ok,2900953,10.51593/20210076,Wisdom of the Crowd as Arbiter of Expert Disagreement,2021,"How can state-of-the-art probabilistic forecasting tools be used to advance expert debates on big policy questions? Using Foretell, a crowd forecasting platform piloted by CSET, we trialed a method to break down a big question—”What is the future of the DOD-Silicon Valley relationship?”—into measurable components, and then leveraged the wisdom of the crowd to reduce uncertainty and arbitrate disagreement among a group of experts."
expert tutor techniques wisdom of practice,crossref,ok,2900953,10.1163/9789004410497_007,"Resilience, Self-Management and Agency",2019,
expert tutor techniques wisdom of practice,crossref,ok,2900953,10.1163/9789004410497_023,Valuing Critical Reflection and Narratives in Professional Practice Wisdom,2019,
expert tutor techniques wisdom of practice,crossref,ok,2900953,10.1016/j.nedt.2025.106819,Peer tutor preparations' impact on tutor-tutee-congruence: Insights from expert interviews,2025,
expert tutor techniques wisdom of practice,crossref,ok,2900953,10.1163/9789004410497_013,Learning Practice Wisdom from Elders,2019,
expert tutor techniques wisdom of practice,crossref,ok,2900953,10.1007/978-981-92-0730-5_4,"Practising Wisdom: Wisdom Is Realised in Practice, in History",2026,"Abstract
                  
                    This chapter complements Chap. 3 in this volume. The question of wisdom in practice is addressed here from a perspective that is different from, and complementary to, the philosophical and psychological perspectives introduced in the previous chapter. The basic assumption of this chapter is that wisdom manifests itself—or fails to manifest itself—in everyday
                    practice
                    s. In this chapter, practices are addressed from a social perspective—in particular, from the perspective of the
                    theory of practice architectures
                    , a particular version of practice theory. Rooted in the philosophical legacy of Aristotle and Hegel, a Marxian view of praxis as ‘sensuous human activity’ and ‘history-making action’ is outlined. Next, a contemporary view of practice is introduced as learned, situated, embodied human social action in history. It is argued that practising-in-history is the medium in which people discover how things turn out, and in which they discover whether those consequences might be judged ‘wise’. Next, it is argued that wise action comes from listening (attending to different sources), noticing, reflecting, deliberating, discerning, and prioritising, which are not only mental processes but also practices, as we have defined them. People can learn to do these things better, and when they do so they transform themselves and their worlds. It is then argued that the double purpose of education (learning to live well in worlds worth living in) aligns with developing isdom. Finally, to conclude, some suggestions are made about educating people for wisdom in practice."
expert tutor techniques wisdom of practice,crossref,ok,2900953,10.1163/9789004410497_021,The Place of Wisdom in Clinical Practice,2019,
expert tutor techniques wisdom of practice,crossref,ok,2900953,10.1163/9789004410497_005,Practice Wisdom and Professional Artistry,2019,
expert tutor techniques wisdom of practice,crossref,ok,2900953,10.34074/thes.6401,Echoes of wisdom - Regenerative practice as professional practice,,"Regenerative Practice has slowly emerged since the 1960s as a discipline formed at the confluence of fields such as Ecology, Systems Science, Sustainable Development, and Agriculture (Mang &amp; Reed, 2011; du Plessis, 2012; Swanson, 2006). Regenerative Practice is a holistic discipline being applied across many fields (Hes and du Plessis, 2014), where practitioners engage with all layers or lines of work: the personal, the group, and the wider systems these are nested in (Regenesis, 2015). A simple framework, called the Three Lines of Work (Regenesis 2015) describes these layers. Much of the discourse within Regenerative Practice is focused on the system, the project, the product (Third Line) where the theory and practices are aimed at outward facing things, producing effects in the world. There is also considerable discourse around developing the social applications and implications of the discipline in group work (Second Line). However, despite the naming and framing of the personal (First Line) as a key part, perhaps even the core, of Regenerative Practice (Regenesis, 2021), there is a gap in attention and discourse about this more personal and internal aspect; the practitioner in the practice. Plaut &amp; Amadée’s Becoming a Regenerative Practitioner – A Field Guide (2018) serves as a comprehensive “map that illustrates the territory” such a practitioner might seek to explore, but it does not offer much in the way of practical steps or guidance on how to explore and enact this. This research builds upon the work of Plaut &amp; Amadée(2018), Regenesis(2016), Sanford (2018), Wahl(2016), and others in the discipline of Regenerative Practice. Centring on the deeply personal aspect of Regenerative Practice, this work explores how, when sufficiently developed and integrated with other areas, a more mature First Line of Work can offer profoundly rich and life-giving insights for the individual practitioner. The ripple effects of this personal focus are explored, articulating more cohesive group-work and more effective project work (Second &amp; Third Lines of Work).  This research was undertaken as an auto-ethnographic inquiry, in action-research cycles played out across a range of professional contexts and vocations, including Leadership Development, Drug Harm Reduction, and Ecological Sustainability. A board game called Echoes of Wisdom was crafted in this thesis. The game serves both as a research method (Mayer et al., 2014) and to communicate the findings through performance of its gameplay (Spry, 2001). Echoes of Wisdom is explained, exemplified, and outlined in a way that invites others to play it for themselves as a tool for both reflection and for ongoing development as a regenerative practitioner. This thesis explores tools which support people engaging with Regenerative Practice to become more fully realised as Regenerative Practitioners through techniques which are in themselves life-giving and fun."
expert tutor techniques wisdom of practice,crossref,ok,2900953,10.1163/9789004410497_022,Wisdom and Ethico-Legal Practice,2019,
expert tutor techniques wisdom of practice,crossref,ok,2900953,10.1109/icesd.1994.302262,Conducting tutorials with a urological clinical tutor (UCT),,
expert tutor techniques wisdom of practice,crossref,ok,2900953,10.1016/b978-0-08-006364-5.50010-0,The Supervisor–Tutor Relationship,1969,
expert tutor techniques wisdom of practice,crossref,ok,2900953,10.2139/ssrn.2418980,Using the 'Wisdom of (Expert) Crowds' to Forecast Mass Atrocities,2014,"This paper describes the motivation behind, and design of, a system for eliciting and combining probabilistic forecasts from a pool of interested individuals as a way to help assess risks of mass atrocities and other related events in real time. This system is part of a larger pilot program undertaken by the U.S. Holocaust Memorial Museum's Center for the Prevention of Genocide (CPG). This larger program aims to build and run a public early-warning system that uses the best available methods to routinely assess risks of mass atrocities in countries worldwide."
expert tutor techniques wisdom of practice,crossref,ok,2900953,10.1163/9789004410497_014,Bringing Spirituality and Wisdom into Practice,2019,
expert tutor techniques wisdom of practice,crossref,ok,2900953,10.1163/9789004410497_019,Skill Acquisition and Clinical Judgement in Nursing Practice,2019,
expert tutor techniques wisdom of practice,crossref,ok,2900953,10.1211/pj.2013.11118807,Dedicated tutor support aids learning in clinical practice,2013,
expert tutor techniques wisdom of practice,crossref,ok,2900953,10.1111/j.1468-0394.1988.tb00349.x,Towards an intelligent tutor for a complex mathematical domain,1988,"Abstract:  The domain of mathematics has played a special part in the evolution of Intelligent Tutoring Systems (ITSs), beginning as far back as the 1950s when conventional Computer Assisted Instruction (CAI) came into being. A brief historical review of this evolutionary process is presented, followed by a selective survey of some of the intelligent tutoring systems in the mathematics domain as well as some of their shortcomings and the criticisms levelled against them. The work achieved so far towards the realisation of an intelligent tutoring system for a complex mathematical domain is presented. A major conclusion is that the ‘mal‐rule’ methodology for developing tutoring systems may lend itself to simple ‘primitive’ domains, but its credibility is seriously questioned when it is applied to more ‘complex’ domains. An alternative methodology is proposed to solve this problem, together with an illustration."
expert tutor techniques wisdom of practice,crossref,ok,2900953,10.1016/j.eswa.2022.119365,HAKA: HierArchical Knowledge Acquisition in a sign language tutor,2023,
expert tutor techniques wisdom of practice,crossref,ok,2900953,10.1093/oso/9780190694333.001.0001,Political Institutions and Practical Wisdom,2018,"To be good citizens or statespersons, we need practical wisdom—the moral skill and will to know how to do the right thing in particular situations. Institutions work best when they cultivate practitioners who have the wisdom and judgment to choose the right aims and pursue them in the best way possible. Practical wisdom can be destroyed, however, when institutions rely too heavily on rules and incentives that encourage people to compete for extrinsic rewards or to avoid punishments. This book focuses on the ethical implications of institutional failures and identifies competitive utility-maximizing as a frequent source of such failures. Practical wisdom is often squeezed out of institutions by the market forces unleashed by neoliberalism. In the political sphere, hyper-partisanship is an expression of excessive competition, and it can undermine the deliberation necessary for a healthy democracy. There is, however, an alternative. A citizens’ democracy would aim at human flourishing. This book calls on social scientists to recognize the ethical foundation of our work, integrate the moral dimension of politics in our analyses, and accord greater attention to first-person perspectives in our ontologies. The cultivation of practical wisdom in politics, work, and everyday life is our best response to the pressures arising from market forces that threaten to destroy institutions and drive human activities toward catastrophic outcomes."
expert tutor techniques wisdom of practice,crossref,ok,2900953,10.1016/0957-4174(92)90035-q,"Beyond expert systems—Reasoning, judgment, and wisdom",1992,
expert tutor techniques wisdom of practice,crossref,ok,2900953,10.1163/9789004410497_020,Health and Human Service Professionals and Practice Wisdom,2019,
expert tutor techniques wisdom of practice,crossref,ok,2900953,10.1097/00004650-199707000-00006,Wisdom and Falsehoods: Naming the Practice Wisdom of Nursing in the Home and the Falsehoods Opposing That Practice,1997,
expert tutor techniques wisdom of practice,crossref,ok,2900953,10.3389/feduc.2026.1896839,"Retrieval-augmented generation for pedagogically aware educational AI: an expert-rated comparison of a prompt-only LLM tutor and an integrated, learner-state-aware RAG tutor",2026,"Introduction
                    Large language models can produce fluent tutoring dialogue, but their educational use remains limited by weak grounding, uneven pedagogical control, and the risk of unsupported content. This study compared two controlled algebra tutoring workflows built on the same foundation model, Gemini 2.5 Flash.
                  
                  
                    Methods
                    The first condition was a prompt-only tutor that used the immediate task and scripted follow-up only. The second was an integrated pedagogical RAG tutor that combined a curated algebra corpus, learner-state variables, and a pedagogical response policy. In total, 24 two-turn algebra episodes were evaluated. No students were recruited, no classroom intervention was conducted, and no learning outcomes were measured. Eight expert reviewers scored anonymized response pairs for solution accuracy, conceptual support, instructional quality, instructional helpfulness, and unsupported content.
                  
                  
                    Results
                    
                      The pedagogical RAG condition received higher task-level expert ratings for conceptual support (M = 4.69 vs. 4.31), instructional quality (M = 4.61 vs. 4.29), and instructional helpfulness (M = 4.65 vs. 4.39). It also achieved a higher pedagogical-quality composite score (M = 4.65 vs. 4.33; Wilcoxon
                      p
                       = .00024; rank-biserial r = .86). Solution accuracy was high in both conditions and showed only a small descriptive difference (M = 4.84 vs. 4.74;
                      p
                       = .0769). However, unsupported content flags were more frequent in the RAG condition, occurring in 13 of 192 rating cells compared with one of 192 rating cells in the baseline condition. Fisher's exact test yielded
                      p
                       = .0015.
                    
                  
                  
                    Discussion
                    These findings do not establish learning gains, classroom efficacy, or the separate causal value of retrieval alone. They indicate that an integrated learner-state-aware RAG architecture can receive stronger expert ratings for pedagogical text quality on a fixed task set while also introducing trace leakage and evidence-boundary risks that must be controlled before deployment"
expert tutor techniques wisdom of practice,crossref,ok,2900953,10.1109/cie.2002.1186038,A machine learning framework for an expert tutor construction,,
expert tutor techniques wisdom of practice,crossref,ok,2900953,10.4324/9781003569916-5,Modern concept of organizational wisdom,2025,
expert tutor techniques wisdom of practice,crossref,ok,2900953,10.1163/9789004410497_017,Learning Embodied Practice Wisdom,2019,
expert tutor techniques wisdom of practice,crossref,ok,2900953,10.4324/9781003569916-6,Drivers of modern organizational wisdom,2025,
expert tutor techniques wisdom of practice,crossref,ok,2900953,10.1007/978-981-92-0730-5_10,Collaboration and Wisdom in Practice,2026,"Abstract
                  This chapter discusses the role of collaboration as an essential feature of wisdom in practice. Almost universally, the informants reported that individual or personal qualities and capacities alone are insufficient for being wise in practice. This is because so much of what they came to know, were able to do and valued was a product of collaborations with others. The examples provided by the informants emphasise the established meaning of the word collaboration as ‘labouring together’. It was through interactions and co-working that their abilities to engage in ways that generated worthwhile and lasting practices. Within a paradigm focused on engagement in social practice and culturally derived practices referred to as occupations, those collaborations can be characterised as being both internal and external to instance of practice. That is, internal to the specific situational practice or occupational field, on the one hand, and on the other hand, beyond the specific situation and field. For both were identified sets of practices premised upon interactions with others. These interactions can be considered in terms of the degree by which individuals reflect what was afforded them through internal engagements and their interest in engaging with them. So, dualities between affordances and engagement are exercised here with some of these collaborative processes reflecting a balance between what was afforded and individuals’ engagement with them. In all, this chapter elaborates the basis for and central role that both internal and external collaborations play in generating Wisdom in practice and its exercise."
expert tutor techniques wisdom of practice,crossref,ok,2900953,10.1093/sw/40.6.799,Practice Wisdom,1995,
expert tutor techniques wisdom of practice,crossref,ok,2900953,10.1163/9789004410497_011,Practical Wisdom and Ethical Action,2019,
expert tutor techniques wisdom of practice,crossref,ok,2900953,10.4324/9781003569916-7,Barriers to modern organizational wisdom,2025,
expert tutor techniques wisdom of practice,crossref,ok,2900953,10.1163/9789004410497_002,"Wisdom, (Moral) Virtue and Knowledge",2019,
expert tutor techniques wisdom of practice,crossref,ok,2900953,10.4135/9781544394046.n7,"Let’s Start Our Journey
 : Enacting Educators’ Successful Wisdom of Practice",2020,
expert tutor techniques wisdom of practice,crossref,ok,2900953,10.1007/978-981-92-0730-5_7,Development of Wisdom through Practice: Insights from Discourse Analysis,2026,"Abstract
                  This chapter adopts the perspective of discourse analysis and investigates empirically how semi-structured qualitative interviews reveal how informants produce accounts of the development of wise practice during their life-course. Building on earlier work conducted in the frame of a praxeological approach of discourse organisation, an approach that examines the goal-directed nature of language use in context, the chapter presents a conceptual framework for investigating the relations between discourse and action through a range of interconnected theoretical perspectives. In a second part, the chapter applies this conceptual framework as a relevant analytical instrument for describing how informants verbalise their actions in the specific context of research interviews conducted with experienced professionals in Geneva, Switzerland. The analysis reveals the tensions that may arise between situated actions, on one hand, and typical or recurrent practices, on the other. It also highlights the ways in which individual engagement in practices is closely interrelated with distributed and collective forms of agency."
expert tutor techniques wisdom of practice,crossref,ok,2900953,10.4324/9780203433096-23,Form Tutor Mentoring,2012,
expert tutor techniques wisdom of practice,crossref,ok,2900953,10.1016/j.physio.2016.10.291,The visiting tutor in practice education: a qualitative exploration of how the visiting tutor views their role,2016,
master human tutors observational study,crossref,ok,9762211,10.21275/sr22413090432,Attitude and Anxiety of Master of Physiotherapy Students towards Research - An Observational Study,2022,
master human tutors observational study,crossref,ok,9762211,10.1093/oseo/instance.00316058,Master Mugwort tutors the crown prince (OS:3),2023,
master human tutors observational study,crossref,ok,9762211,10.32597/dissertations/729/,Volunteers as Tutors and Trainers of Tutors : a Qualitative Study,,"Problem. The Seventh-day Adventist church/North American Division initiated a Tutoring and Mentoring project in response to President Clinton’s America Reads literacy campaign. This study documents the efforts of the church and the first cohort of trainees as they sought to establish tutoring projects in their home locales.  Method. The author of this study was involved as a co-trainer and a participant-observer during the initial 1-week training session held at the North American Division Headquarters. This training was intended to equip the participants to become tutors of children and trainers of tutors in a primary-level tutoring project. During the school year immediately following the training, two of the original participants were successful in establishing tutoring projects. Their successes were examined in-depth by observations and interviews and reported through case studies. The other initial trainees did not establish projects during the first year. The author maintained contact with a majority o f the trainees by telephone, and reported their frustrations by telling fictional composite stories based on their accounts.  Results. A framework of critical components was developed as a result of a literature review which examined characteristics of successful programs. The two successful projects which were established were analyzed using this framework. Most characteristics of successful programs were evident and documented in these fledgling projects. Other themes related to their successes were elucidated and added to the framework. The lack of successful implementation by the other trainees was primarily due to critical components that were neglected or not accessible.  Conclusions. The two trainees who were able to immediately implement tutoring projects had many of the necessary skills and resources already available to them. The training they received acted as a catalyst which enabled them to establish projects. The other trainees expressed concerns related to the lack of personal confidence immediately following the initial training session, and these concerns were never sufficiently addressed. Their primary concerns regarding the need for more training and the lack of resources need be considered if the initiative is to realize its ambitious goals."
master human tutors observational study,crossref,ok,9762211,10.4324/9780203052594-8,Motivational Techniques of Expert Human Tutors: Lessons for the Design of Computer-Based Tutors,2013,
master human tutors observational study,crossref,ok,9762211,10.1145/632765.632769,Third generation computer tutors,1999,
master human tutors observational study,crossref,ok,9762211,10.3102/1436528,Pilot Study of a Tutorial Dialogue System That Emulates the Contingent Scaffolding of Human Tutors,2019,
master human tutors observational study,crossref,ok,9762211,10.1145/632716.632769,Third generation computer tutors,1999,
master human tutors observational study,crossref,ok,9762211,10.70177/lingeduca.v4i3.3244,THE EFFICACY OF AI-POWERED TUTORS VS. HUMAN TUTORS IN DEVELOPING EFL ORAL FLUENCY: A COMPARATIVE EXPERIMENTAL STUDY,2025,"The rapid advancement of artificial intelligence has led to the increasing use of AI-powered tutors in English as a Foreign Language (EFL) instruction, particularly for speaking skills development. Despite growing adoption, empirical evidence comparing the effectiveness of AI-powered tutors and human tutors in developing oral fluency remains limited and inconclusive. This study aims to comparatively examine the efficacy of AI-powered tutors and human tutors in enhancing EFL learners’ oral fluency across multiple fluency dimensions. This research employed a comparative experimental design involving two groups of EFL learners who received equivalent instructional content over a fixed intervention period, differentiated only by tutoring modality. One group engaged in AI-powered tutoring, while the other received instruction from human tutors. Pretest and posttest measures of oral fluency were administered, focusing on temporal, interactional, and discourse-related indicators. Quantitative data were analyzed using inferential statistical techniques to determine within-group and between-group differences. The findings reveal that both AI-powered tutors and human tutors significantly improved learners’ oral fluency. AI-powered tutors were particularly effective in enhancing temporal fluency, including speech rate and reduced hesitation. Human tutors demonstrated superior effectiveness in developing interactional competence, discourse coherence, and pragmatic appropriateness. The study concludes that AI-powered tutors serve as effective supplementary tools for oral fluency practice, while human tutors remain essential for higher-level communicative development. A hybrid instructional approach is recommended to maximize EFL speaking outcomes."
master human tutors observational study,crossref,ok,9762211,10.1109/aihcir67580.2025.11405111,A Comparative Efficacy Study of AI and Human Tutors in Grammatical Error Correction,2025,
master human tutors observational study,crossref,ok,9762211,10.1145/1056808.1056941,Simple tutors for hard problems,2005,
master human tutors observational study,crossref,ok,9762211,10.2991/asshm-14.2014.31,Study of the Relationship between Tutors and Master Graduates Based on Analytic Hierarchy Process,2014,
master human tutors observational study,crossref,ok,9762211,10.37473/dac/10.3390/sym13101821,Investigating Human Torso Asymmetries: An Observational Longitudinal Study of Fluctuating and Directional Asymmetry in the Scoliotic Torso,,
master human tutors observational study,crossref,ok,9762211,10.37473/fic/10.3390/sym13101821,Investigating Human Torso Asymmetries: An Observational Longitudinal Study of Fluctuating and Directional Asymmetry in the Scoliotic Torso,,
master human tutors observational study,crossref,ok,9762211,10.15760/etd.1901,A Descriptive Study of Oregon Literacy Tutors in Multnomah County,2000,
master human tutors observational study,crossref,ok,9762211,10.1177/154193129003401823,Building an Intelligent Tutoring System: Some Guidelines from a Study of Human Tutors,1990,"One reason that intelligent tutoring systems (ITSs) are rarely found outside of the research lab has to do with the guidelines available to developers of these systems. First, some of these guidelines are stated as general, abstract goals such as “adapt to the student.” What ITS developers need, however, are specific strategies and techniques which can be implemented in an ITS to accomplish those goals. Second, not all of the guidelines have an empirical basis.
                  One solution to both of these problems is to study human tutors. This paper demonstrates this approach, and discusses an empirical study of human tutors which was conducted to address these issues. Specifically, it discusses
                  1) the knowledge acquisition method which we designed to capture the appropriate empirical data,
                  2) how we used this method to study human tutors and students in the medical problem-solving domain of immunohematology (blood banking),
                  3) several guidelines which appeared to drive the tutors' behavior (e.g., “limit the number of interrupts to the student”), and
                  4) specific tutoring strategies which can be incorporated into an ITS to make its behavior follow these guidelines."
master human tutors observational study,crossref,ok,9762211,10.1257/rct.13801-1.1,In-person Wage Premium: Evidence from Tutors,2024,
master human tutors observational study,crossref,ok,9762211,10.4324/9781410617071-16,How Effective Are Human Tutors?,2006,
master human tutors observational study,crossref,ok,9762211,10.1257/rct.13801,In-person Wage Premium: Evidence from Tutors,2024,
master human tutors observational study,crossref,ok,9762211,10.1257/rct.13801-1.0,In-person Wage Premium: Evidence from Tutors,2024,
master human tutors observational study,crossref,ok,9762211,10.33612/diss.916088098,"Study profile guidance: perspectives of students, school counsellors and tutors in Dutch secondary education",,
master human tutors observational study,crossref,ok,9762211,10.4038/jssnisd.v3i1.25,Observational Methods: The Importance of Observational Methods in the Study ff Human Behaviour,2025,"Observation is one of the four major techniques used by researchers in the field of developmental psychology. Researchers consistently use observation techniques to describe human as well as animal behavior in natural settings. The main objective of this paper is to identify the different observational methods that can be applied in studying human behaviour. Particularly, it focuses on different types of observational methods, sampling techniques in observational methods, data recording, data analysis techniques, and methodological concerns in different observational methods. The narrative review method data was used to collect the data. Scholarly work pertaining to observational methods, sampling techniques in observational methods, data collection and data analysis methods used in observational research was the exclusive focus of the literature search, which was carried out to find scholarly articles from peer-reviewed journals and books and was analyzed thematically. Depending on the objectives and hypotheses of the study, researchers typically use different observational methods. The advantages of using observational methods include establishing relationships between variables being observed and determining the causes of observed patterns of behaviour. A variety of sampling techniques such as time and event sampling, and situational sampling are employed in observations to collect data. Both qualitative and quantitative data of observed behaviour are recorded using appropriate methods. The process of data analysis involves organizing and summarizing observational records, then utilizing statistical techniques to examine the behaviors that were captured. Findings suggest that the observational method is useful for generalizing the results, despite the fact that it poses some challenges when examining behaviour."
master human tutors observational study,crossref,ok,9762211,10.1207/s15326950dp4002_1,What Do Reading Tutors Do? A Naturalistic Study of More and Less Experienced Tutors in Reading,2005,
master human tutors observational study,crossref,ok,9762211,10.4324/9780429469237-5,Tutors’ Keywords,2018,
master human tutors observational study,crossref,ok,9762211,10.4018/979-8-3373-2637-5.ch007,AI-Powered Tutors and Human Teachers in ELT,2026,"Artificial Intelligence (AI) is revolutionizing English Language Teaching (ELT) by providing personalized and interactive learning. AI tools, such as virtual tutors, adaptive learning platforms, and automated grading applications, enhance productivity and allow teachers to focus on more interactive teaching elements. However, AI tools lack the subtle interactions and cultural context that teachers provide. Teachers are essential for emotional intelligence, cultural and pedagogical contextualization, and can provide more appropriate feedback than AI tools. AI-powered tools can enhance the learning experience by creating more interesting and motivating lessons, but teachers must adjust their traditional roles to incorporate modern technologies without losing the core aspect of human interaction. Teacher professional development is crucial for the responsible and effective use of AI technologies. Ethical concerns, such as data protection, algorithm bias, and access to AI systems, need to be handled ethically and inclusively."
master human tutors observational study,crossref,ok,9762211,10.21276/amit.2026.v13.i2.755,Histogenesis and Gross Morphometric Evaluation of the Human Foetal Liver: A Descriptive Observational Study,2026,"Background: The hepatocytes and bile duct epithelium originate from foregut endoderm as a ventral diverticulum near the anterior intestinal portal by the third week of intrauterine life. The connective tissue and sinusoidal endothelium of liver arise from the mesodermal septum transversum, while Kupffer cells derive from mesenchymal precursors. Hematopoietic stem cells initially arise from the yolk sac and later from the aorta-gonad-mesonephros (AGM) region. Endoderm–mesenchyme interactions shape the liver’s architecture which is crucial for segmental resection and regeneration. Hence, a detailed study of foetal liver architecture was undertaken. The aim is to measure the morphometric parameters (length and breadth) of the human liver in aborted foetuses of all gestational age (excluding anomalies) and analyse their growth trends. To examine the sequential histological changes in the developing liver, including the appearance and maturation of vascular structures, hepatocyte cords, hemopoietic activity, connective tissue elements, and glycogen deposition. To correlate the observed developmental stages with potential implications for neonatal and adult hepatic disorders. Material and Methods: 42 aborted foetuses (formalin fixed) from 12 weeks to 35 weeks were taken. Liver dimensions and histological features with routine Haematoxylin and Eosin staining was done. Results: There is a progressive increase in length and breadth of the liver with respect to advancing gestational age from week 14 onwards till 26 weeks. But beyond that, the growth is slower. The length of liver grows faster than the breadth. Appearance of central vein, sinusoids, cords of hepatocytes and hemopoiesis noted at 12 weeks. Connective tissue elements noted from 14 weeks, with formation of incomplete lobulation. Proper portal triad established at 16-17 weeks. Kupffer cells are noted in the sinusoidal walls from 21 weeks. Glycogen vacuolation in hepatocytes noted from 26 weeks. Conclusion: Delayed or disrupted hemopoiesis, sinusoid formation, Kupffer cell appearance and portal triad formation could lead to potential architectural disarray in newborns and subsequently result in defects in adult life such as neonatal hemochromatosis, congenital hepatic fibrosis, extrahepatic biliary atresia, glycogen storage diseases, hepatoblastoma etc. Sometimes, these conditions are one of the causes of stillbirth or neonatal demise. Keywords: Foetal liver, Hepatogenesis, Histogenesis, Kupffer cells, Portal triad, Hemopoiesis."
master human tutors observational study,crossref,ok,9762211,10.1109/ro-man60168.2024.10731328,"Exploring Help-Seeking Behavior, Performance, and Cognitive Load in Individual Tutoring: A Comparative Study between Human Tutors and Social Robots",2024,
master human tutors observational study,crossref,ok,9762211,10.1016/0140-6736(90)91828-x,Study pack for clinical tutors,1990,
master human tutors observational study,crossref,ok,9762211,10.3389/feduc.2025.1528603,Socratic wisdom in the age of AI: a comparative study of ChatGPT and human tutors in enhancing critical thinking skills,2025,"IntroductionThis study investigates the perceptual differences between ChatGPT and human tutors in fostering critical thinking among students, highlighting the effectiveness of Socratic tutoring methodologies in modern educational contexts.MethodsConducted with a sample of 230 university students in Taiwan, the research employed a mixed-methods approach, combining quantitative surveys and qualitative interviews.Results and discussionResults reveal that while a significant portion of students appreciates the benefits of ChatGPT—namely its non-judgmental nature and accessibility—human tutors are acknowledged for their capability to provide tailored feedback and emotional support. Through threshold analysis conducted via a Multilayer Perceptron (MLP) model, the study identified key features affecting student preferences, emphasizing the need for a balanced integration of AI and human tutoring methods. Findings underscore the importance of developing hybrid educational models that leverage both the strengths of human facilitators and the efficiencies of AI tools to enhance student learning and critical thinking skills."
master human tutors observational study,crossref,ok,9762211,10.37514/wln-j.2017.42.1.05,"Tutors' Column: ""Modeling Peerness: Undergraduate Peer Tutors Leading Education for New Tutors""",2017,
master human tutors observational study,crossref,ok,9762211,10.4018/979-8-3373-4217-7.ch011,Natural Language Processing in Conversational AI Tutors,2025,"Conversational AI tutors, powered by Natural Language Processing (NLP) and Large Language Models (LLMs), are reshaping education by offering personalized, adaptive, and interactive learning experiences. Unlike static digital tools, these systems simulate human-like dialogue, support inquiry-based learning, and provide real-time feedback tailored to individual needs. This chapter explores the evolution of conversational AI in education, core technological components, real-world applications, and ethical considerations. Through case studies such as Duolingo Max and Carnegie Learning's Mika, it highlights the transformative potential of AI tutors across K–12, higher education, and professional training. It also addresses future research directions including emotional intelligence, multimodal interaction, and teacher-AI collaboration, emphasizing the need for pedagogical grounding and responsible deployment. Conversational AI tutors are poised to become vital partners in next-generation learning ecosystems."
master human tutors observational study,crossref,ok,9762211,10.2196/preprints.97005,Human-Factors Evaluation of a Wearable Phototherapy System in Zero-Separation Neonatal Care: Single-Site Observational Usability Study (Preprint),2026,"BACKGROUND
                  Phototherapy is a standard treatment for neonatal jaundice, but conventional overhead and pad-based systems can restrict infant handling and interfere with breastfeeding, kangaroo care, and parent–infant bonding. Wearable phototherapy has the potential to support zero-separation neonatal care by integrating treatment into routine caregiving activities. However, its clinical usability and acceptability in routine neonatal settings require evaluation
                
                
                  OBJECTIVE
                  This study aimed to evaluate the usability, caregiver acceptance, and workflow integration of the Bilihome Jauni wearable phototherapy romper in a routine neonatal care setting, with particular emphasis on zero-separation care activities such as feeding, parental holding, and kangaroo mother care.
                
                
                  METHODS
                  We conducted a single-site observational usability study in a neonatal care environment at Hindustan Hospital, Coimbatore. Seventeen neonates receiving phototherapy were enrolled. Usability data were collected from representative user groups, including neonatal nurses and parents, with additional contextual assessment by a consulting neonatologist. Nurses completed an 11-item Likert-scale usability questionnaire and parents completed an 8-item Likert-scale questionnaire. Structured observational logs were used to document device application and removal, workflow integration, diapering-related handling, feeding access, device stability, and parent–infant interaction during use. Data were analyzed descriptively to assess perceived ease of use, comfort, satisfaction, and use-related challenges.
                
                
                  RESULTS
                  Nurses reported high overall usability and acceptance. All nurses rated the device as easy to use and intuitive, and all reported confidence using it during zero-separation care and feeding. Most nurses (94%) said they would recommend the device to parents, and 88% reported high overall satisfaction. Parents also reported high acceptance: all parents found the device easy to put on and remove, visually acceptable, compatible with feeding and caregiving, and comfortable for the infant; 94% reported satisfaction during feeding. The consulting neonatologist gave a mean recommendation score of 8.75/10. The main usability challenge identified was diapering and waste management during active phototherapy, with moderate handling difficulty reported by many nurses. No major comfort or safety concerns were observed during routine use.
                
                
                  CONCLUSIONS
                  The Bilihome Jauni wearable phototherapy romper demonstrated strong usability, high caregiver acceptance, and good integration into routine neonatal workflows supporting zero-separation care. The device appears promising as a human-centered approach to neonatal phototherapy that may reduce caregiving disruption while preserving infant comfort and caregiver engagement. Further multisite studies with larger samples are needed to confirm generalizability and to evaluate longer-term use and clinical outcomes.
                
                
                  CLINICALTRIAL
                  Clinical Trial Registry of India"
master human tutors observational study,crossref,ok,9762211,10.14264/3ebe517,Parents as tutors : a case study of a special education programme in oral reading,,
master human tutors observational study,crossref,ok,9762211,10.3390/bs16010029,Body Knowledge and Emotion Recognition in Preschool Children: A Comparative Study of Human Versus Robot Tutors,2025,"Social robots are increasingly integrated into early childhood education, yet limited research exists examining preschoolers’ learning from robotic versus human demonstrators across embodied tasks. This study investigated whether children (aged between 3 and 6) demonstrate comparable performance when learning body-centered tasks from a humanoid robot compared to a human demonstrator. Sixty-two typically developing children were randomly assigned to a robot or a human condition. Participants completed three tasks: body part comprehension and production, body movement imitation, and emotion recognition from body postures. Performance was measured using standardized protocols. No significant main effects of demonstrator type emerged across most tasks. However, age significantly predicted performance across all measures, with systematic improvements between 3 and 6. A significant age × demonstrator interaction was observed for sequential motor imitation, with stronger age effects for the human demonstrator condition. Preschool children demonstrate comparable performance when interacting with a humanoid robot versus a human in body-centered tasks, though motor imitation shows differential developmental trajectories. These findings suggest appropriately designed social robots may serve as supplementary pedagogical tools for embodied learning in early childhood education under specific conditions. The primacy of developmental effects highlights the importance of age-appropriate design in both traditional and technology-enhanced educational contexts."
master human tutors observational study,crossref,ok,9762211,10.47583/ijpsrr.2023.v78i01.009,Morphometric Study of Human Cadaveric Lung Fissures with Different Variations: A Descriptive Observational Study from Eastern Odisha,2023,
master human tutors observational study,crossref,ok,9762211,10.5220/0014637500004021,Cool or Cold? A Comparative Study of Sympathetic and Apathetic Virtual Tutors,2026,
master human tutors observational study,crossref,ok,9762211,10.66669/cineforum.v66is5.1439,Morphometric and Morphological Parameters of the Adult Dry Human Mandible: An Observational Study with Sex-Based Comparison,2026,
master human tutors observational study,crossref,ok,9762211,10.1016/j.vascn.2025.107798,Spectrum of effects detected in the rat functional observational battery following administration of non-CNS targeted and CNS targeted compounds,2025,
master human tutors observational study,crossref,ok,9762211,10.1016/j.cell.2019.12.009,The Master Observational Trial: A New Class of Master Protocol to Advance Precision Medicine,2020,
master human tutors observational study,crossref,ok,9762211,10.1016/b978-0-12-373594-2.00008-3,Collaborative Inquiry Tutors,2009,
master human tutors observational study,crossref,ok,9762211,10.1109/educon52537.2022.9766761,A Recommendation Algorithm for University Master Tutors Based on Machine Learning,2022,
master human tutors observational study,crossref,ok,9762211,10.1016/0378-3782(92)90075-r,From fetus to child — An observational and psychoanalytic study,1992,
master human tutors observational study,crossref,ok,9762211,10.21125/iceri.2020.0158,WITH A LITTLE HELP OF MY TUTORS – A CASE STUDY ON THE IMPORTANT ROLE OF TUTORS FOR GOOD E-LEARNING EXPERIENCES OF STUDENTS,2020,
master human tutors observational study,crossref,ok,9762211,10.22533/at.ed.558282201043,DISTANCE EDUCATION AND TRAINING TEACHERS-TUTORS,2022,
master human tutors observational study,crossref,ok,9762211,10.1002/hrm.3930160303,Master time lest it master you,1977,
master human tutors observational study,crossref,ok,9762211,10.1093/humrep/deh115,Prospective observational study of bone mineral density during pregnancy: low molecular weight heparin versus control,2004,
master human tutors observational study,crossref,ok,9762211,10.4135/9781446212141.n10,"Tutors, Supervisors and Student Support Systems",2006,
master human tutors observational study,crossref,ok,9762211,10.1109/roman.2012.6343861,Human tutors intuitively reduce complexity in socially guided embodied grammar learning,2012,
master human tutors observational study,crossref,ok,9762211,10.33989/2075-146x.2020.25.223173,"STUDY COURSE ""TRAINING OF FUTURE TUTORS AND EDUCATORS IN HIGHER VOCATIONAL TEACHER EDUCATION"" AS ONE OF ZASOBIVPROFESIYNOYI OF FUTURE TEACHERS TO ACTIVITIES AS TUTORS AND EDUCATORS",2020,
master human tutors observational study,crossref,ok,9762211,10.2307/j.ctt4cgmkj.8,STRAIGHTEN UP AND FLY RIGHT:,,
master human tutors observational study,crossref,ok,9762211,10.18690/um.fov.4.2024.20,Ethnical Anthropomorphism in Human-Robot Interaction: Personalized Robot Tutors,2024,"Social robots are becoming increasingly relevant in education, for example, by using them as tutors. To create a more empathetic and engaging learning environment, it is important to consider the anthropomorphism of these social robots. However, an ethnic perspective on the use of anthropomorphization is still lacking when it comes to improving learning gains. Therefore, this research focuses on whether personalized, ethnicity-based anthropomorphization of a robot can enhance learning gains. To this end, history lessons were tutored with a Furhat robot, with groups of participants interacting with a Furhat whose face matched the ethnicity of the participants, in an experimental setting. Our results showed that participants who interacted with the robot displaying the personalized, ethnicity-based anthropomorphization learned more than participants interacting with a robot displaying a robotic appearance. These findings highlight the importance of incorporating cultural diversity into educational technologies to foster more effective and inclusive learning environments."
what makes a tutor effective mechanism analysis,crossref,ok,8376353,10.1097/00001888-199508000-00015,What makes a tutor effective? A structural-equations modeling approach to learning in problem-based curricula,1995,
what makes a tutor effective mechanism analysis,crossref,ok,8376353,10.1093/acprof:oso/9780199680788.003.0010,Reconsidering What Makes International Courts Effective,2017,"This chapter revisits the arguments and predictions in Toward a Theory of Effective Supranational Adjudication, the 1997 study by Laurence Helfer and Anne-Marie Slaughter. The article was among the first to analyze the rise of international courts as a global phenomenon and to theorize about the factors contributing to their effectiveness. Helfer and Slaughter were motivated to write the article by the expanding legal and political footprint of two European tribunals — the European Union's Court of Justice (ECJ) and the European Court of Human Rights (ECtHR). Hence the first part of this chapter revisits several propositions asserted in the 1997 article, considers how well they have survived the test of time, and offers new conjectures about the future. The second part considers what the relative success of the Andean Tribunal of Justice (ATJ) reveals about the limits of the effectiveness of international courts."
what makes a tutor effective mechanism analysis,crossref,ok,8376353,10.1080/01587919.2011.610290,Tutor and student perceptions of what makes an effective distance language teacher,2011,
what makes a tutor effective mechanism analysis,crossref,ok,8376353,10.1057/9781137479938.0006,What Makes Teams Effective?,,
what makes a tutor effective mechanism analysis,crossref,ok,8376353,10.5353/th_b4961800,What makes social enterprise effective in Hong Kong,,
what makes a tutor effective mechanism analysis,crossref,ok,8376353,10.4135/9781529775068,What Makes for Effective Data Communication,2020,
what makes a tutor effective mechanism analysis,crossref,ok,8376353,10.1057/9781137298881.0011,What Makes Aid Effective?,,
what makes a tutor effective mechanism analysis,crossref,ok,8376353,10.1071/9781486308934.bk07812_ch03,What makes long-term monitoring effective?,2018,
what makes a tutor effective mechanism analysis,crossref,ok,8376353,10.1161/comment.20250410.401376,Re: What Makes an Effective Pediatric Cardiology Chief,2025,
what makes a tutor effective mechanism analysis,crossref,ok,8376353,10.3386/w16885,What Makes an Effective Teacher? Quasi-Experimental Evidence,2011,
what makes a tutor effective mechanism analysis,crossref,ok,8376353,10.4135/9781446213308.n12,What Makes these Schools Very Effective?,2006,
what makes a tutor effective mechanism analysis,crossref,ok,8376353,10.64240/56d2d5715a,What Makes School Family Partnerships More Equitable and Effective,2026,"What does it take to build school family and community partnerships that genuinely reduce inequality and improve student learning, especially after COVID disruptions?"
what makes a tutor effective mechanism analysis,crossref,ok,8376353,10.2139/ssrn.6173947,What Makes Leadership Learning Endure:A Mechanism-Based Analysis of Enactment and Diffusion,2026,"AbstractThis paper examines how values-centred, non-formal leadership education contributes to leadership practices that endure across the professional life course. Drawing on a mixed-methods research design with a long-term horizon, the study integrates retrospective alumni narratives with empirical data collected approximately twenty-five years after participation in accredited university courses delivered by the PRONI Institute.Rather than treating leadership education effects as discrete or time-bound outcomes, the analysis focuses on the processes through which learning is carried forward, reinterpreted, and enacted under shifting organisational, political, and social conditions over time. The findings indicate that alumni do not simply retain leadership competencies but actively adapt them to evolving professional contexts, suggesting a high degree of durability in this educational approach.The analysis identifies four interrelated processes underpinning leadership durability. First, experiential learning anchored in real-world action establishes enduring practical reference points. Second, dialogic and reflective pedagogies cultivate ethical self-orientation and judgement, enabling navigation of value conflict and institutional constraint. Third, intermediate learning processes connect formative educational experiences to later professional roles, supporting adaptation rather than direct transfer. Fourth, inclusive leadership practices diffuse gradually within organisations as alumni introduce and legitimise them in new settings.The paper contributes to leadership education and sustainability scholarship by conceptualising durability as an emergent property of leadership practice rather than a retained educational outcome. In doing so, it challenges evaluation approaches centred on short-term indicators and positions values-centred leadership education as a mechanism for long-term civic and organisational capacity building."
what makes a tutor effective mechanism analysis,crossref,ok,8376353,10.3389/fcomm.2026.1871070,What makes branded content campaigns effective: a ten-year analysis,2026,"Branded content has evolved alongside shifts in the media environment, increased user involvement in content creation, and growing demand for immersive, authentic brand experiences. This study uses the media logic framework to analyze how these changes shape the creation and evaluation of branded content in marketing communication. Focusing on best practices, it offers a longitudinal review of award-winning campaigns from the Cannes Creativity Festival over a ten-year period. The results highlight key success factors, including narrative cohesion, cultural relevance, and platform-specific tailoring, that boost audience engagement. By linking structural media shifts to industry practices over time, this research advances understanding of branded content and provides a practical framework for achieving excellence in an increasingly hybrid media landscape."
what makes a tutor effective mechanism analysis,crossref,ok,8376353,10.7551/mitpress/3769.003.0006,What Makes a Question?,1969,
what makes a tutor effective mechanism analysis,crossref,ok,8376353,10.4135/9781529775068.n1,Joshua Brindley Discusses a Problematic Graph,2020,
what makes a tutor effective mechanism analysis,crossref,ok,8376353,10.32907/ro-127-1990577649,leading-a-board-what-makes-an-effective-chair,2021,
what makes a tutor effective mechanism analysis,crossref,ok,8376353,10.59380/crj.v2i2.2787,What makes an effective leader?,2023,"This paper aims to evaluate what makes an effective leader as perceived in private universities in Albania. Interviews were carried out through administration of a questionnaire of forty-seven participants in the selected university. At the conclusion of each questionnaire, the participants were asked to highlight what makes an effective leader as per their perception of what a leader is in the institution. The findings revealed that a trustworthy leader and who exhibits a high level of integrity makes an effective leader.
Additionally, it is their role to provide direction for the institution, primarily for the leaders at the executive level that is involved in policy administration and adoption."
what makes a tutor effective mechanism analysis,crossref,ok,8376353,10.1111/j.1365-2524.2010.00978.x,Perceptions of team workers in youth care of what makes teamwork effective,2010,
what makes a tutor effective mechanism analysis,crossref,ok,8376353,10.2307/jj.5993276.13,Politics,2017,
what makes a tutor effective mechanism analysis,crossref,ok,8376353,10.64628/ab.u63wjt69w,What makes test cricket’s best spin bowler so effective?,2016,
what makes a tutor effective mechanism analysis,crossref,ok,8376353,10.53832/edtechhub.1136,What Makes an Effective Teacher Professional Development Video?,2025,"An output of the EdTech Hub, https://edtechhub.org/"
what makes a tutor effective mechanism analysis,crossref,ok,8376353,10.1037/e566962012-069,What Makes Distributed Practice Effective?,2009,
what makes a tutor effective mechanism analysis,crossref,ok,8376353,10.1163/2210-7975_hrd-9978-20190014,What Makes for an Effective Commune Health Center? Assessment of Major Elements,,
what makes a tutor effective mechanism analysis,crossref,ok,8376353,10.1007/978-1-137-51494-3_4,What Makes Leaders Effective?,2011,
what makes a tutor effective mechanism analysis,crossref,ok,8376353,10.17504/protocols.io.n92ldzdw9v5b/v1,"[RETRACTED] Kerassentials : Review, Ingredients, Updated Price,What Makes it so Effective? v1",2022,[RETRACTED]Product Name - Kerassentials Composition – Natural Organic compound Side-Effects–NA Availability –Online Rating – ★★★★★ Official Website -Kerassentials.com  Kerassentials is definitely the state-of-the-art combined necessary skin oils of which assistance in re-establishing the epidermis and also fingernail wellbeing. It does not take skin-supporting system which enables you around stopping several types of fingernail infection or painful microbe infections plus it makes certain a skin color and also fingernails or toenails wholesome and also shiny.
what makes a tutor effective mechanism analysis,crossref,ok,8376353,10.1158/2159-8290.cd-nw2024-0001,"CAR NK Cells: What Makes Them More Effective, or Less?",2024,
what makes a tutor effective mechanism analysis,crossref,ok,8376353,10.1049/pbmt024e_ch2,What makes for effective communication,2008,
what makes a tutor effective mechanism analysis,crossref,ok,8376353,10.1037/e527312012-782,What Makes Distributed Practice Effective?,2008,
what makes a tutor effective mechanism analysis,crossref,ok,8376353,10.4324/9781410601247-8,What Makes Statistical Training Effective?,1999,
what makes a tutor effective mechanism analysis,crossref,ok,8376353,10.4135/9781529775068.n2,Joshua Brindley Discusses Ways to Improve a Problematic Graph,2020,
what makes a tutor effective mechanism analysis,crossref,ok,8376353,10.4324/9781315511290-8,What We Have in Common and What Makes Us Different,2016,
what makes a tutor effective mechanism analysis,crossref,ok,8376353,10.32469/10355/44165,Speaking skills or communication? : What undergraduate students say makes an effective international teaching assistant,,
what makes a tutor effective mechanism analysis,crossref,ok,8376353,10.1057/9781137479938_2,What Makes Teams Effective?,2015,
what makes a tutor effective mechanism analysis,crossref,ok,8376353,10.1515/9783110743395-003,Chapter 2 A Model of Balanced Leadership from an Islamic Perspective: What Makes a Balanced and Effective Muslim Leader,2023,
what makes a tutor effective mechanism analysis,crossref,ok,8376353,10.1007/978-94-010-0902-7_2,What Makes Good Teaching,2000,
what makes a tutor effective mechanism analysis,crossref,ok,8376353,10.31227/osf.io/w3hjx,DIGITAL GAMES IN DIGITAL LEARNING ENVIRONMENT; WHAT MAKES THEM EFFECTIVE IN EMBODYING VOCABULARY MASTERY?,2018,"The rapid development of technology has triggered several changes in the realm of education which significantly contribute to language instruction. One of the changes is the integration of digital games in vocabulary learning. Digital games, either online or offline, have become inseparable from students’ daily life. A number of students playing games are exceptionally growing in many countries. Due to this fact, the researchers and practitioners have been stimulated to investigate the effects of digital games on language learning, particularly in vocabulary learning. Thus, a lot of studies have been carried out to find out the effectiveness of this integration. This paper aims to discuss the aforementioned studies as the insights to give empirical evidence on how digital games enhance students’ vocabulary mastery and what makes them effective to be used in the learning process. Besides, it also attempts to succinctly delineate the challenges, the threats that might occur during the learning process, and some considerations to be noted by the teachers such as the selection of the games, the tasks, and the rules in using the technological devices."
what makes a tutor effective mechanism analysis,crossref,ok,8376353,10.1201/9781003070290-27,What Makes Psychoanalytic Therapy Effective?,2020,
what makes a tutor effective mechanism analysis,crossref,ok,8376353,10.64628/aa.cmegvp3x3,"Open, honest and effective: what makes Jacinda Ardern an authentic leader",2020,
what makes a tutor effective mechanism analysis,crossref,ok,8376353,10.1021/acsguide.20103,What Makes an Effective Article: Checklist,2019,
what makes a tutor effective mechanism analysis,crossref,ok,8376353,10.1037/e506052006-003,What Makes Needle and Syringe Exchange Programs Effective in Preventing HIV Transmission?,2004,
what makes a tutor effective mechanism analysis,crossref,ok,8376353,10.64628/ab.pk7angrft,UK brands are celebrating Eid – here’s what makes an effective and inclusive campaign,2025,
what makes a tutor effective mechanism analysis,crossref,ok,8376353,10.4324/9780203082843-13,What makes documents effective?,2015,
what makes a tutor effective mechanism analysis,crossref,ok,8376353,10.1037/e741382011-222,What makes an effective leader?,2011,
what makes a tutor effective mechanism analysis,crossref,ok,8376353,10.18296/set.0887,What makes for an effective literacy learning activity? Seven Years of Observation and Analysis,1997,
what makes a tutor effective mechanism analysis,crossref,ok,8376353,10.4324/9781003070290-27,What Makes Psychoanalytic Therapy Effective?,2020,
what makes a tutor effective mechanism analysis,crossref,ok,8376353,10.1007/978-3-031-91294-8,Why Dialogue Does Cure,2025,
what makes a tutor effective mechanism analysis,crossref,ok,8376353,10.1057/9781137298881_4,What Makes Aid Effective?,2013,
what makes a tutor effective mechanism analysis,crossref,ok,8376353,10.2139/ssrn.5350438,"What Makes an Effective PROTAC? Unlocking Drug-Resistant Pathways Through Warhead, Linker, and Anchor Modifications",2025,
what makes a tutor effective mechanism analysis,crossref,ok,8376353,10.33902/jpsp.202323606,What makes an effective teacher  Unveiling teachers  perceptions,2023,
expert versus novice teacher diagnosing student knowledge,crossref,ok,2575702,10.1007/978-94-007-0250-9_4,Professional Knowledge: What Does Knowledge Mean to Novice Professionals?,2010,
expert versus novice teacher diagnosing student knowledge,crossref,ok,2575702,10.4135/9781506341026.n8,"Become an Expert
						Novice",2016,
expert versus novice teacher diagnosing student knowledge,crossref,ok,2575702,10.1016/0742-051x(91)90039-r,The stories of expert and novice student teachers' supervisors: Perspectives on professional development,1991,
expert versus novice teacher diagnosing student knowledge,crossref,ok,2575702,10.21203/rs.3.rs-9795551/v1,A Comparative Analysis of Teacher-Student Dialogue in Expert and Novice Teachers’ Smart Classrooms for Cultivating Higher-Order Thinking,2026,"Abstract
                Higher-order thinking is a core objective of smart classrooms, with teacher-student dialogue serving as its fundamental pathway and a key area of difficulty for novice teachers' professional development. This study selected 12 smart classroom teaching videos from the China Smart Education Resource Public Service Platform as research samples. Using lag sequential analysis, the study analyzed the frequency and sequences of teacher-student dialogue in smart classrooms between novice and expert teachers.  The results revealed significant differences in both the forms and patterns of teacher-student dialogue between novice and expert teachers: novice teachers exhibited relatively singular dialogue forms and patterns, whereas expert teachers demonstrated diversified dialogue forms and patterns, with dialogue patterns reflecting a complete process of smart inquiry-based learning. This research can provide a reference for teachers conducting teacher-student dialogue in smart classrooms, facilitating the optimization of smart classroom teaching models, promoting the development of students' higher-order thinking, and thereby contributing to the creation of high-quality and effective smart classrooms."
expert versus novice teacher diagnosing student knowledge,crossref,ok,2575702,10.3390/su141610085,Between Expert and Novice: Identity Transition from Teacher to Student as Sustainable Agentic Construction,2022,"Education for sustainable development in foreign language teaching and learning impacts students’ lives in their current or future endeavours. Despite a wide body of literature elucidating identity navigation of EFL teachers and international doctoral students, a relative scarcity of scholarship casts light on the in-between cohort, namely those who transit from the former to the latter. Via a holistic lens, utilising a qualitative case study based on an Australian university, this research scrutinised how a group of 10 international doctoral students who served as EFL teachers in their home countries enacted agency to navigate the identity transition. The study discusses what generally constitutes sustainable, successful language learning and teaching practices in different social, cultural, and educational contexts. The findings reveal that torn between teaching English as an expert and learning research as a novice, they negotiated the identity transition as a “doing” process subject to different positionings and structural contexts and mediated by various dynamics across a past–present–future trajectory. This study contributes to pertinent literature by shedding nuanced and holistic light on the under-researched topic of teacher-to-student identity transition. It ends with implications for attending to EFL teachers’ complex lived experiences to promote sustainable development in EFL teaching and learning."
expert versus novice teacher diagnosing student knowledge,crossref,ok,2575702,10.1016/j.tate.2023.104149,Novice and expert teachers’ use of content-related knowledge during pedagogical reasoning,2023,
expert versus novice teacher diagnosing student knowledge,crossref,ok,2575702,10.4324/9781315776675-9,Breadth and Depth of Knowledge in Expert Versus Novice Athletes,2015,
expert versus novice teacher diagnosing student knowledge,crossref,ok,2575702,10.1007/978-3-662-03037-0_8,Strengthening the Novice-Expert Shift Using the Self-Explanation Effect,1994,
expert versus novice teacher diagnosing student knowledge,crossref,ok,2575702,10.1016/j.system.2016.12.015,Scaffolding teacher cognition: Changes in novice L2 teachers' pedagogical knowledge base through expert mentoring initiatives,2017,
expert versus novice teacher diagnosing student knowledge,crossref,ok,2575702,10.1108/978-1-80043-202-420211004,Make Thinking Explicit to Support Student Learning,2021,"Abstract
                  Problem solving is a key skill for success in general chemistry, and yet it remains a persistent challenge for instructors to teach and for students to learn. One of the primary causes of this difficulty is that the majority of problem solving is actually deciding how to solve the problem – a task that experts do automatically and that befuddles novice students. The author created a decision-based learning (DBL) model for the general chemistry students to solve problems related to heat and enthalpy. The process of creating the decision model was enlightening to the author as an instructor. It revealed expert blind spots and made the author aware of places in the curriculum where the instruction was unclear or incomplete. When the author implemented the model with the students, it resulted in significant learning gains for students who worked with the model outside of class to practice problem solving. Additionally, the students reported improved attitudes toward problem solving such as decreased anxiety and being able to see the big picture. Since this initial foray into DBL, the author has incorporated explicit instruction for conditional knowledge construction in other parts of the curriculum. As the author works to make thinking more explicit, students are better able to master challenging problem-solving skills in chemistry."
expert versus novice teacher diagnosing student knowledge,crossref,ok,2575702,10.3928/0148-4834-19931001-10,Teaching Novice to Expert: The Transformed Teacher-Student Relationship,1993,
expert versus novice teacher diagnosing student knowledge,crossref,ok,2575702,10.1108/978-1-80043-202-420211005,Creating an Expert Decision Model Designed to Improve Student Learning in First-year General Chemistry Courses,2021,"Abstract
                  The potential benefits of structuring first-year general chemistry courses around an expert decision model (EDM) to help students develop conceptual understanding and sustainable problem-solving strategies are discussed, as is the creation of the EDM and the challenges faced in doing so. The usefulness of categorizing the course material as either process knowledge, conditional knowledge, or conceptual knowledge is also outlined. The EDM created for the course consists of four fundamental content domains branching out with a series of hierarchal questions and actions designed to guide students toward characterizing a question or solving a problem. The key characteristics of each of these domains are described along with aspects of this EDM structure that have been implemented over the past couple of years in the author’s classes and the impact this has had on the students and the author’s teaching."
expert versus novice teacher diagnosing student knowledge,crossref,ok,2575702,10.1017/cbo9780511497643.008,The TLA of expert and novice teachers,2007,
expert versus novice teacher diagnosing student knowledge,crossref,ok,2575702,10.31390/gradschool_disstheses.4587,"Thinking Processes, Management Routines and Student Perceptions of Expert and Novice Physical Education Teachers.",,
expert versus novice teacher diagnosing student knowledge,crossref,ok,2575702,10.5204/thesis.eprints.235384,Novice-to-expert knowledge transition in airport x-ray security screening,,"X-ray security screening at airports is an important issue due to its complexity and uncertainty. Humans are playing key roles in performing effective x-ray security screening. Novice screeners are prone to making mistakes when performing screening tasks. Given the critical nature of the context and the potential cost of errors, it is important to develop novices into experts. To excel to experts, they need fast knowledge transfer. This research focuses on the knowledge transition and learning approaches used during airport x-ray security screening. It proposes a speculative intelligent interface design to support quick novice to expert knowledge transition."
expert versus novice teacher diagnosing student knowledge,crossref,ok,2575702,10.5040/9781472541093.ch-009,"Novice, Journeyman, Expert",,
expert versus novice teacher diagnosing student knowledge,crossref,ok,2575702,10.1145/3287324.3293796,Linear Data Structures,2019,
expert versus novice teacher diagnosing student knowledge,crossref,ok,2575702,10.1533/9780857099419.3.89,Exemplar Models: Expert-Novice Student Behaviours,2007,
expert versus novice teacher diagnosing student knowledge,crossref,ok,2575702,10.7202/1121998ar,Entrepreneurs (novice contre expert) et investisseurs : interactions et dynamique des rationalités (effectuale contre causale),2025,"La littérature sur la prise de décision stratégique a montré que les entrepreneurs peuvent combiner les logiques effectuale et causale lors du processus de développement de l’entreprise, mais les interactions entre l’entrepreneur et les investisseurs et la manière dont ces logiques et leur combinaison peuvent impacter le processus d’investissement ont été peu abordées. Une étude exploratoire longitudinale auprès de deux jeunes entreprises a été menée pour étudier la complexité des interactions et comprendre les rationalités mises en oeuvre et leur évolution lors du processus d’investissement dans les jeunes entreprises. Les résultats montrent que l’entrepreneur expert utilise une rationalité causale pour lever des fonds auprès des capital-risqueurs et des anges. À l’inverse, l’entrepreneur novice recourt à une rationalité effectuale dans la création de la jeune entreprise et dans ses relations avec les anges. Les anges peuvent – de manière proactive – basculer d’une rationalité effectuale vers une rationalité causale soit pour coinvestir avec les capital-risqueurs au démarrage de la jeune entreprise, soit pour accompagner son développement. Ces résultats contribuent à la littérature sur la théorie de l’effectuation en interrogeant l’évolution des rationalités et des comportements entrepreneuriaux lors de la création de l’entreprise et de la recherche de financement."
expert versus novice teacher diagnosing student knowledge,crossref,ok,2575702,10.1002/sce.70073,Exploring the Roles of Content Knowledge and Pedagogical Content Knowledge in Teacher Noticing: An Expert–Novice Comparative Study,2026,"ABSTRACT
                  This exploratory study examined the theoretically assumed, but empirically underexplored, reciprocal relationships between teacher noticing and professional knowledge by comparing the noticing processes of expert and novice science teachers. It examined how their domain‐specific knowledge (content knowledge [CK] and pedagogical content knowledge [PCK]) influenced these processes. A video‐based interview was conducted with 15 preservice and 12 expert science teachers to elicit and approximate their noticing processes, including perception, interpretation, and proposed instructional responses to atypical student thinking. The quantitative analysis revealed that experts more often evaluated teacher pedagogy and classroom activities, interpreted student thinking and referenced science content in their comments. They also more readily proposed content‐specific next instructional moves linked to students' content‐specific thinking. The qualitative analysis showed that novices relied mainly on their CK to evaluate student thinking, while experts' CK and PCK supported their more nuanced analysis of student thinking. Moreover, while novices' limited PCK hindered their ability to evaluate teacher pedagogy and classroom activities, as well as to propose subsequent instructional moves, experts' deeper CK and PCK enabled more content‐specific evaluations and proposals for instructional moves. Novices tended to emulate the teacher's approaches in the videos, while some experts engaged in knowledge‐building, proposing new instructional strategies after noticing the limitations of the teacher's strategies for conveying specific scientific ideas. We conclude that experts, unlike novices, notice teaching interactions as a dynamic interplay among teachers, students, and science content, rather than simply focusing on teacher actions. We discuss the implications of these findings for science teacher education."
expert versus novice teacher diagnosing student knowledge,crossref,ok,2575702,10.1177/002248719104200407,Expert and Novice Teacher Decision Making,1991,"The thinking and decision making of expert and novice teachers were compared before, during, and after teaching. The novices were five student teachers, and the experts were their five cooperating teachers in a suburban elementary school. Audiotaped planning interviews, videotapes of lessons, stimulated recall interviews, post-teaching interviews, delayed self-reports, and relevant printed materials were analyzed us ing the constant comparative method. The expert teachers thought about learning from the perspective of the student and performed a cognitive analysis of each learning task during planning, which they adapted to the needs of students during teaching. In contrast, novices used specific lesson objectives to form structured lesson plans that they did not adapt to meet student needs during teaching. Models for expert and novice teacher decision making are proposed, as well as implications for teacher education."
expert versus novice teacher diagnosing student knowledge,crossref,ok,2575702,10.4324/9780203012505-12,A Contrast of Novice and Expert Competence in Maths Lessons,2005,
expert versus novice teacher diagnosing student knowledge,crossref,ok,2575702,10.32920/21696128.v1,I Have Never Felt so Novice: Using Narrative Reflection to Explore the Transition from Expert RN to Novice NP Student,2022,"&lt;p&gt;Aim: To explore the experiences of nurse practitioner students moving from expert registered nurses to novice nurse practitioner program students.  &lt;/p&gt;
&lt;p&gt;Background: Moving from registered nurse to nurse practitioner can be a time filled with mixed emotions, lack of confidence, adaptation, and competency development. Learning about and navigating the advanced practice nursing role can be challenging. Students in the nurse practitioner program are encouraged to engage in regular reflective writing to foster role development and learning.  This paper aims to reflectively explore the experiences of transition from registered nurse to nurse practitioner student.  &lt;/p&gt;
&lt;p&gt;Methods: Inspired by Benner’s Novice to Expert Theory and Carper’s ways of knowing, the authors personally reflected on their transition experiences during NP schooling and then collectively developed a composite reflection of the shared experience.  From this exercise common themes were identified.  &lt;/p&gt;
&lt;p&gt;Conclusion: This unique reflective paper identified common themes in the experience of transitioning to the student role. Potential areas for future research-based exploration of the nurse practitioner student experience were identified. By understanding these experiences, students can be better prepared in advance and faculty can design both formal and informal support measures to better support the student experience. &lt;/p&gt;"
expert versus novice teacher diagnosing student knowledge,crossref,ok,2575702,10.1007/978-94-007-0250-9_3,Professional Discourse: How Do Novice Professionals See Themselves?,2010,
expert versus novice teacher diagnosing student knowledge,crossref,ok,2575702,10.1016/0742-051x(87)90031-x,From veteran parent to novice teacher: A case study of a student teacher,1987,
expert versus novice teacher diagnosing student knowledge,crossref,ok,2575702,10.1007/978-94-007-0250-9,From Expert Student to Novice Professional,2011,
expert versus novice teacher diagnosing student knowledge,crossref,ok,2575702,10.32920/21696128,I Have Never Felt so Novice: Using Narrative Reflection to Explore the Transition from Expert RN to Novice NP Student,2022,"&lt;p&gt;Aim: To explore the experiences of nurse practitioner students moving from expert registered nurses to novice nurse practitioner program students.  &lt;/p&gt;
&lt;p&gt;Background: Moving from registered nurse to nurse practitioner can be a time filled with mixed emotions, lack of confidence, adaptation, and competency development. Learning about and navigating the advanced practice nursing role can be challenging. Students in the nurse practitioner program are encouraged to engage in regular reflective writing to foster role development and learning.  This paper aims to reflectively explore the experiences of transition from registered nurse to nurse practitioner student.  &lt;/p&gt;
&lt;p&gt;Methods: Inspired by Benner’s Novice to Expert Theory and Carper’s ways of knowing, the authors personally reflected on their transition experiences during NP schooling and then collectively developed a composite reflection of the shared experience.  From this exercise common themes were identified.  &lt;/p&gt;
&lt;p&gt;Conclusion: This unique reflective paper identified common themes in the experience of transitioning to the student role. Potential areas for future research-based exploration of the nurse practitioner student experience were identified. By understanding these experiences, students can be better prepared in advance and faculty can design both formal and informal support measures to better support the student experience. &lt;/p&gt;"
expert versus novice teacher diagnosing student knowledge,crossref,ok,2575702,10.1037/e537052012-203,Expert Versus Novice Category-Based Judgments About Food Items,2004,
expert versus novice teacher diagnosing student knowledge,crossref,ok,2575702,10.4324/9780203012505-5,A Contrast of Novice and Expert Competence in Maths Lessons,2005,
expert versus novice teacher diagnosing student knowledge,crossref,ok,2575702,10.14221/ajte.2014v39n7.9,Title: How do Preservice Teacher Education students Move From Novice to Expert Assessors?,2014,
expert versus novice teacher diagnosing student knowledge,crossref,ok,2575702,10.1016/j.eswa.2022.117474,Teacher–student knowledge distillation based on decomposed deep feature representation for intelligent mobile applications,2022,
expert versus novice teacher diagnosing student knowledge,crossref,ok,2575702,10.4018/979-8-3693-8094-9.ch011,Becoming an English Teacher With a Multilingual Repertoire,2025,"This chapter presents a qualitative case study which explores the journey of becoming a multilingual English teacher. Through semi-structured interviews supplemented with the various artifacts in learning and teaching, the data captures a trilingual teacher's longitudinal experience of studying in teacher education and moving into the first teaching career. Framed in the notions of funds of knowledge and translingual practice, the findings illustrate how the teacher leveraged a multilingual repertoire and balanced diverse funds of knowledge with contextual factors. The study enriches the literature on ELT by highlighting how the teacher could maintain a balance between teaching English and restoring the value of diverse multilingual knowledge."
expert versus novice teacher diagnosing student knowledge,crossref,ok,2575702,10.4324/9781315453736-10,Moving from Novice Towards Expert Teacher,2018,
expert versus novice teacher diagnosing student knowledge,crossref,ok,2575702,10.1187/cbe.17-07-0149,Teacher Knowledge for Active-Learning Instruction: Expert–Novice Comparison Reveals Differences,2018,"Active-learning strategies can improve science, technology, engineering, and mathematics (STEM) undergraduates’ abilities to learn fundamental concepts and skills. However, the results instructors achieve vary substantially. One explanation for this is that instructors commonly implement active learning differently than intended. An important factor affecting how instructors implement active learning is knowledge of teaching and learning. We aimed to discover knowledge that is important to effective active learning in large undergraduate courses. We developed a lesson-analysis instrument to elicit teacher knowledge, drawing on the theoretical construct of teacher noticing. We compared the knowledge used by expert (n = 14) and novice (n = 29) active-learning instructors as they analyzed lessons. Experts and novices differed in what they noticed, with experts more commonly considering how instructors hold students accountable, topic-specific student difficulties, whether the instructor elicited and responded to student thinking, and opportunities students had to generate their own ideas and work. Experts were also better able to support their lesson analyses with reasoning. This work provides foundational knowledge for the future design of preparation and support for instructors adopting active learning. Improving teacher knowledge will improve the implementation of active learning, which will be necessary to widely realize the potential benefits of active learning in undergraduate STEM."
expert versus novice teacher diagnosing student knowledge,crossref,ok,2575702,10.12794/metadc2137550,Transdisciplinary Information Flow and Key Challenges of Effective Knowledge Transfer between Expert and Novice,,"When the need arises to transmute complex and theoretical ideas into practice or communicate them to the uninitiated, there often exists a gap in the levels of understanding between the parties involved. This research examined knowledge transfer between practitioners within the information technology (IT) domain of interest by asking the following questions: what is the relationship between knowledge spaces for IT experts and novices; and what factors impact knowledge transfer among knowledge spaces for IT experts and novices? This study conducted interviews with a range of IT professionals to identify knowledge states that resulted in knowledge spaces for both experts and novice practitioners. A conceptual model was developed to examine the knowledge transfer process between expert and novice practitioners and identify factors affecting both the knowledge space and the knowledge states. The model also takes in consideration external factors such as organization and culture and organizational environment. The results from the study show that leadership and executive skillsets play a major role in characterizing the expert knowledge state. The results also show that knowledge transfer between and among groups was primarily impacted by interest and awareness factors among experts. Among novices, the largest barriers were cultural in nature (e.g., no management support or requirement) and environmental, such as the lack of aptitude for learning, lack of job/role experience from a new staff member, or existing staff with a hostile attitude."
expert versus novice teacher diagnosing student knowledge,crossref,ok,2575702,10.4324/9781003370604-5,Characterizing novice and expert teachers' professional vision of classroom management,2024,
expert versus novice teacher diagnosing student knowledge,crossref,ok,2575702,10.1109/icsmc.2012.6377887,Knowledge mediator Decomposing expert agent knowledge to develop novice agent knowledge comprehension,2012,
expert versus novice teacher diagnosing student knowledge,crossref,ok,2575702,10.15760/nwjte.2011.9.1.2,Changing Teacher Candidates’ Perceptions of Literacy in Content Classes: The Role of Expert-Novice Dialogues,2011,
expert versus novice teacher diagnosing student knowledge,crossref,ok,2575702,10.31234/osf.io/fc3da_v2,Similarity Ratings Reveal Expert-Novice Differences in Knowledge Organization,2026,"In this study, we examine expert-novice differences in knowledge organization using similarity ratings.  This approach revealed not only expected expert-novice differences in knowledge organization, but also aspects of expert knowledge organization that are unavailable in methods that depend on self-report or awareness."
expert versus novice teacher diagnosing student knowledge,crossref,ok,2575702,10.31234/osf.io/fc3da_v1,Similarity Ratings Reveal Expert-Novice Differences in Knowledge Organization,2026,"In this study, we examine expert-novice differences in knowledge organization using similarity ratings.  This approach revealed not only expected expert-novice differences in knowledge organization, but also aspects of expert knowledge organization that are unavailable in methods that depend on self-report or awareness."
expert versus novice teacher diagnosing student knowledge,crossref,ok,2575702,10.1007/978-94-6300-627-9_5,The Expert Student,2016,
expert versus novice teacher diagnosing student knowledge,crossref,ok,2575702,10.1016/j.tate.2006.03.010,The telling stories of novice teachers: Constructing teacher knowledge in book clubs,2006,
expert versus novice teacher diagnosing student knowledge,crossref,ok,2575702,10.1016/j.tate.2004.04.008,Initial knowledge states about assessment: novice teachers’ conceptualisations,2004,
expert versus novice teacher diagnosing student knowledge,crossref,ok,2575702,10.31234/osf.io/fc3da_v3,Similarity Ratings Reveal Expert-Novice Differences in Knowledge Organization,2026,"In this study, we examine expert-novice differences in knowledge organization using similarity ratings.  Geology novices and experts provided pairwise similarity ratings for images of typical and atypical geological specimens drawn from the Rocks-30 and Rocks-360 stimulus sets provided by Nosofsky and colleagues (2018a). The pairwise similarity ratings for each group were used to construct multidimensional space representations as well as network models.  Both network and MDS analyses revealed clear taxonomic differentiation by the experts.  The novice MDS dimensions were easily matched to perceptual feature ratings provided in the Rocks-30 dataset.  However, some of the expert dimensions did not match either the perceptual feature ratings or expert self-reported features. These results reveal expert-novice differences in knowledge organization using a quantitative methodology, and also suggest that aspects of expert knowledge organization may be missed when using methods that depend on self-report."
expert versus novice teacher diagnosing student knowledge,crossref,ok,2575702,10.1007/978-1-4613-9733-5_14,Expert-Novice Differences and Knowledge Elicitation,1992,
expert versus novice teacher diagnosing student knowledge,crossref,ok,2575702,10.1057/9781137440068.0015,Developing Novice EFL Teachersâ Pedagogical Knowledge through Lesson Study Activities,,
expert versus novice teacher diagnosing student knowledge,crossref,ok,2575702,10.1177/002248718904000407,Expert-Novice Differences in Teaching: A Cognitive Analysis and Implications for Teacher Education,1989,Livingston and Borko examine the implications of theory and research on pedagogical expertise for teacher education. They describe an investigation of the thoughts and actions of a small number of expert and novice teachers. Differences among the teachers are analyzed from two perspectives: teach ing as a complex cognitive skill and improvisational perfor mance. They then offer recommendations for teacher educa tion practice.
expert versus novice teacher diagnosing student knowledge,crossref,ok,2575702,10.1108/978-1-80043-202-420211016,Prelims,2021,
expert versus novice teacher diagnosing student knowledge,crossref,ok,2575702,10.37590/able.v45.abs45,A Card-sorting Tool to Measure Expert Versus Novice Thinking in Scientific Research,2025,
expert versus novice teacher diagnosing student knowledge,crossref,ok,2575702,10.1108/978-1-80043-202-420211017,References,2021,
skilled tutors impasse driven learning events,crossref,ok,3535758,10.1007/978-1-4684-6350-7_2,Toward a Theory of Impasse-Driven Learning,1988,
skilled tutors impasse driven learning events,crossref,ok,3535758,10.4324/9781315108490-8,Making interactions work: Setting events for learning,2017,
skilled tutors impasse driven learning events,crossref,ok,3535758,10.1080/10494820.2021.1891941,Time-driven modeling of student self-regulated learning in network-based tutors,2021,
skilled tutors impasse driven learning events,crossref,ok,3535758,10.4135/9781446220672.n5,"Tutors, Tutor Groups and Learning",2002,
skilled tutors impasse driven learning events,crossref,ok,3535758,10.31234/osf.io/3rh9a,Experience-driven recalibration of learning from surprising events,2021,"Different contexts favor different patterns of adaptive learning. A surprising event that in one context would accelerate belief updating might, in another context, be downweighted as a meaningless outlier. Here, across two experiments, we examined whether participants performing a perceptual judgment task under spatial uncertainty (n=29, n=63) would spontaneously adapt their patterns of predictive gaze according to the informativeness or uninformativeness of surprising events in their current environment. Uninstructed predictive eye movements exhibited a form of metalearning in which surprise came to modulate event-by-event learning rates in opposite directions across contexts. Participants later appropriately readjusted their patterns of adaptive learning when the statistics of the environment underwent an unsignaled reversal. Although significant metalearning occurred in both directions, performance was consistently superior in contexts in which surprising events reflected meaningful change, potentially reflecting a bias toward interpreting surprise as informative. Overall, our results demonstrate remarkable flexibility in contextually adaptive metalearning."
skilled tutors impasse driven learning events,crossref,ok,3535758,10.1016/j.chb.2007.05.010,Impasse-driven learning in the context of video games,2008,
skilled tutors impasse driven learning events,crossref,ok,3535758,10.1109/wkdd.2009.227,Impasse-Driven Learning in the Context of Video Games in Chinese Players,2009,
skilled tutors impasse driven learning events,crossref,ok,3535758,10.4995/eurocall2025.2025.21191,Learning sequences and events in collaborative data-driven learning,2025,"This paper explores how learning unfolds in collaborative data-driven learning (DDL), focusing on the observable behaviours and interaction patterns that shape inductive learning. Drawing on sociocultural theory, constructivism, and the noticing hypothesis, the study examines field recordings and learner worksheets from six DDL activities carried out by 61 multilingual learners of French. Using grounded analysis, twelve learning events were identified and grouped into seven higher-level learning sequences: observation, rule extraction, simultaneous observation and extraction, rule application, rule testing, blockage, and teacher support. These sequences emerged not as a fixed progression but as recursive, flexible cycles shaped by task demands and group dynamics. Scaffolding and languaging were central across all phases, while noticing alone did not consistently lead to learning without group consensus and further induction. The findings challenge the linearity of traditional DDL frameworks such as the 4 Is model and suggest that learning processes are socially mediated, cyclical, and iterative. This study contributes to DDL research by linking observed learning behaviours to SLA theories and highlights implications for the design of collaborative and inductive learning activities."
skilled tutors impasse driven learning events,crossref,ok,3535758,10.4324/9780203383889-18,Learning names,2004,
skilled tutors impasse driven learning events,crossref,ok,3535758,10.4324/9780203383889-51,Negotiating learning agreements,2004,
skilled tutors impasse driven learning events,crossref,ok,3535758,10.1787/888934075374,Figure 4.3. Less-skilled Slovak adults participate less in adult learning than higher-skilled adults,,
skilled tutors impasse driven learning events,crossref,ok,3535758,10.1787/888934220800,Figure A.6. England’s (UK) low-skilled workers participate less in learning than higher-skilled workers,,
skilled tutors impasse driven learning events,crossref,ok,3535758,10.3390/educsci15111502,Helpful or Harmful? Comparative Study of Perceived and Actual Effectiveness of LLM-Driven Tutors in Game-Based CFL Learning,2025,"This study examines the perceived and actual effectiveness of an LLM-driven tutor embedded in an educational game for Chinese as a foreign language (CFL) learners. Drawing on 82 chat sessions from 31 beginner-level (HSK3) CFL learners, we analyzed learners’ satisfaction ratings, accuracy before and after interacting with the tutor, and their post-interaction cognitive behaviors. The results showed that while most sessions received positive or neutral satisfaction scores, actual learning gains were limited, with only marginally significant improvements in accuracy following the learner-tutor interaction. Behavioral analysis further revealed that content-irrelevant responses (e.g., technical guidance) were linked to more effective, higher-level cognitive behaviors, whereas content-relevant responses (e.g., explanations of vocabulary or grammar) were associated with more superficial, less effective behaviors, suggesting a possible over-reliance on the LLM-driven tutor. Regression analyses also confirmed that neither satisfaction nor content relevance significantly predicted long-term behavior patterns. Taken together, these results indicate a disconnect between learners’ positive perceptions of the LLM-driven tutor and their actual learning benefits. This study highlights the need for multi-perspective evaluations of LLM-based educational tools and careful instructional design to avoid unintended cognitive dependence."
skilled tutors impasse driven learning events,crossref,ok,3535758,10.4324/9780203383889-12,Learning more from reading,2004,
skilled tutors impasse driven learning events,crossref,ok,3535758,10.4324/9780203383889-37,Writing open-learning materials,2004,
skilled tutors impasse driven learning events,crossref,ok,3535758,10.4324/9780203053515-9,LEARNING TO LEARN FROM EFFECTIVE TUTORS,2013,
skilled tutors impasse driven learning events,crossref,ok,3535758,10.54337/nlc.v4.9626,Symposium 6: E-tutoring “Contextualised Tutors’ Roles and Tutors’ Training”,2004,"After a short introduction to the theme of this symposium on contextualised tutors’ roles and tutors’ training, we propose three papers. The first one deals with the definition of the e-tutor’s roles and competencies, the second illustrates the influence of the context and tutor roles in the tutor’s choice of media, and the third one describes three case studies of tutors training sessions."
skilled tutors impasse driven learning events,crossref,ok,3535758,10.4324/9781315108490-14,Becoming a skilled reader,2017,
skilled tutors impasse driven learning events,crossref,ok,3535758,10.4324/9780203383889-39,Using videos to help learning,2004,
skilled tutors impasse driven learning events,crossref,ok,3535758,10.1080/01421590802146026,Problem-based learning tutors’ conceptions of their development as tutors,2009,
skilled tutors impasse driven learning events,crossref,ok,3535758,10.1007/978-981-96-3396-8_13,Correction to: Learning Skilled Trades in the Workplace,2025,
skilled tutors impasse driven learning events,crossref,ok,3535758,10.1016/b978-0-12-373594-2.00007-1,Machine Learning,2009,
skilled tutors impasse driven learning events,crossref,ok,3535758,10.37514/per-b.2021.1299.2.10,Sustaining WEC through Peer Tutors,2021,
skilled tutors impasse driven learning events,crossref,ok,3535758,10.4324/9780203383889-38,Helping learners use open-learning materials,2004,
skilled tutors impasse driven learning events,crossref,ok,3535758,10.4324/9780203299128-19,LEARNING AS INVENTION,2003,
skilled tutors impasse driven learning events,crossref,ok,3535758,10.1080/01587919.2012.723167,Tutors’ influence on distance language students’ learning motivation: voices from learners and tutors,2012,
skilled tutors impasse driven learning events,crossref,ok,3535758,10.4018/979-8-3373-4217-7.ch011,Natural Language Processing in Conversational AI Tutors,2025,"Conversational AI tutors, powered by Natural Language Processing (NLP) and Large Language Models (LLMs), are reshaping education by offering personalized, adaptive, and interactive learning experiences. Unlike static digital tools, these systems simulate human-like dialogue, support inquiry-based learning, and provide real-time feedback tailored to individual needs. This chapter explores the evolution of conversational AI in education, core technological components, real-world applications, and ethical considerations. Through case studies such as Duolingo Max and Carnegie Learning's Mika, it highlights the transformative potential of AI tutors across K–12, higher education, and professional training. It also addresses future research directions including emotional intelligence, multimodal interaction, and teacher-AI collaboration, emphasizing the need for pedagogical grounding and responsible deployment. Conversational AI tutors are poised to become vital partners in next-generation learning ecosystems."
skilled tutors impasse driven learning events,crossref,ok,3535758,10.1515/dsll-2026-0025,"Learning Sequences and Events in Individual, Pair and Group Data-Driven Learning",2026,"Abstract
                  
                    Previous research has shown that the learning process in data-driven learning (DDL) is cyclical, iterative, and non-linear, even when tasks are designed around seemingly linear pedagogical frameworks such as Illustration–Interaction–Intervention–Induction (Carter, Ronald, and Michael McCarthy. 1995. “Grammar and the Spoken Language.”
                    Applied Linguistics
                    16 (2): 141–58; Flowerdew, Lynne. 2009. “Applying Corpus Linguistics to Pedagogy: a Critical Evaluation.”
                    International Journal of Corpus Linguistics
                    14 (3): 393–417). Building on this work, the present study investigates how different DDL configurations shape both learning outcomes and processes in academic reading comprehension. Drawing on constructivism, sociocultural theory, and the noticing hypothesis, the study adopts an established analytical framework distinguishing between seven macro-level learning sequences and twelve micro-level learning events in DDL. French-speaking Master’s students enrolled in a linguistics programme participated in a six-week hands-on DDL intervention targeting move analysis of English research article introductions (Swales, John M. [1981] {2011}.
                    Aspects of Article Introductions
                    . Michigan: Michigan Classics Edition). Learners worked individually, in pairs, or in groups while consulting the British Academic Written English corpus via Sketch Engine. Learning outcomes were evaluated using pre- and post-tests analysed with Bayesian linear mixed-effects regression, while learning processes were examined through video-based observation and annotation in ELAN. Results indicate that DDL led to overall gains in academic reading comprehension, with the magnitude of these gains varying by configuration: Pair DDL was most likely to support improvement, whereas Group showed weaker and more variable outcomes. Behavioural analyses reveal Pair offered a balance between scaffolding and efficiency, whereas Individual relied heavily on self-regulation and Group incurred substantial coordination cost. These findings suggest that balancing learner autonomy and peer collaboration may be a relevant consideration in DDL design."
skilled tutors impasse driven learning events,crossref,ok,3535758,10.1111/1468-0122.00159,Tutors’ and Students’ Learning or Why do Schools have Tutors?,2000,"This article explores some evidence about tutoring as an effective strategy to support young people’s learning. It is argued that the central goal of the tutor is to provide support for students’ learning. How the activities, relationships and skills of the tutor contribute to the achievement of this goal is then explored. The author emphasizes the tutor’s unique position in the school and how it can contribute to learning for students as individuals and in groups."
skilled tutors impasse driven learning events,crossref,ok,3535758,10.1017/9781108894333.046,Multimedia Learning with Cognitive Tutors,2021,
skilled tutors impasse driven learning events,crossref,ok,3535758,10.4324/9780203451496-12,Helping students become peer tutors,2003,
skilled tutors impasse driven learning events,crossref,ok,3535758,10.1080/02680513.2020.1752165,Sharing good practice and encouraging community cohesion online: a programme of tutor-led online events for Open University tutors,2020,
skilled tutors impasse driven learning events,crossref,ok,3535758,10.1145/3785022.3785081,Expanding Design Heuristics for Supporting Impasse-Driven Learning in a Puzzle Video Game Using a Problem-Solving Framework and Multimodal Network Models,2026,
skilled tutors impasse driven learning events,crossref,ok,3535758,10.1016/j.cognition.2022.105343,Experience-driven recalibration of learning from surprising events,2023,
skilled tutors impasse driven learning events,crossref,ok,3535758,10.52843/cassyni.sh36t3,Machine Learning for Space Weather and the challenge of rare and extreme events,2025,"Space weather refers to the conditions in near-Earth space driven by solar activity—solar flares, coronal mass ejections, and geomagnetic storms—that can disrupt satellites, radio communication, navigation systems, and power grids. In recent years, the field has been revolutionized by the rapid improvement in data-driven and machine learning based forecasting.  Yet the events that matter most for operational decision-making are precisely those that occur least often. This creates a core scientific challenge: our models must anticipate the rare and the extreme, even though the historical record is dominated by quiet days.
                Classical machine learning methods struggle in this setting. In regression tasks with strongly imbalanced target distributions, “more data” often means “more of the same,” offering limited benefit. The data that capture extremes are far more informative than abundant but redundant samples.
                In this talk, I will give an overview on recent advances of machine learning in the broad field of space weather and space physics. Emphasis will be given on three complementary methods that address the imbalanced regression challenge. ACCRUE (Accurate and Reliable Uncertainty Estimate) is a model-agnostic post-hoc technique that converts deterministic models into probabilistic ones with calibrated and trustworthy uncertainties. PARIS (Pruning Algorithm via the Representer theorem for Imbalanced Scenarios) applies influence-aware sample attribution to identify and remove redundant or counterproductive data, improving performance specifically on rare events. ProBoost (Probabilistic Boosting) integrates the two ideas, forming an uncertainty-weighted ensemble in which each model contributes proportionally to its calibrated confidence.
                Although motivated by space weather prediction, these approaches are broadly applicable to any domain where rare or extreme events—not the majority of the data—drive the real-world risk."
skilled tutors impasse driven learning events,crossref,ok,3535758,10.1016/b978-0-12-373594-2.00009-5,Web-Based Learning Environments,2009,
skilled tutors impasse driven learning events,crossref,ok,3535758,10.1080/00239706708555786,IV · Students and tutors,1967,
skilled tutors impasse driven learning events,crossref,ok,3535758,10.33687/jhssr.005.02.0577,The Effect of Immediate Feedback on Learning Skilled Performance in the Hurdle-Clearing Phases of Track and Field Events,2026,"This research aims to identify the effect of immediate feedback on learning skill performance in track and field events, specifically hurdle clearance, among secondary school students. The researcher employed the experimental method due to its suitability for the nature of the problem. The research sample was intentionally selected from secondary school students and divided into two groups: a control group and an experimental group, with 27 students in each group. The control group followed the conventional teaching method commonly used in learning, while the experimental group adopted immediate feedback during the process of learning skill performance. Appropriate statistical methods were used to analyze the data and results. The findings revealed statistically significant differences between the pre-tests and post-tests in favor of the post-tests. Additionally, the results showed that the experimental group, which used immediate feedback, outperformed the control group. The researcher concluded that immediate feedback has a positive effect on improving the learning of hurdle performance among secondary school students. It is recommended to adopt and apply this method in teaching physical education and sports sciences due to its effective role in accelerating learning and enhancing skill performance."
skilled tutors impasse driven learning events,crossref,ok,3535758,10.1111/j.1365-2729.2008.00284.x,Cross‐age peer tutors in asynchronous discussion groups: studying the impact of tutors labelling their interventions,2008,"AbstractCross‐age tutors were randomly assigned to one of the three tutor training conditions distinguished for the current study: (1) the labelling experimental condition, characterized by requirements to label their tutor interventions, based on the e‐moderating model of Salmon; (2) the non‐labelling experimental condition, focusing on tutor's acting upon the role of an e‐moderator without preliminary requirements with regard to labelling the phase of e‐moderating in their messages; and (3) a control condition, typified by all‐round information on online facilitation. The results indicated that tutors are not really capable in labelling their interventions accurately. Nevertheless, labelling did foster enhanced e‐moderating activities. Compared to tutors in the control condition, tutors in the experimental conditions performed at a higher level, implying that they adopted more balanced tutor support. Labelling did not result in a differential impact on self‐efficacy and perceived collective efficacy."
skilled tutors impasse driven learning events,crossref,ok,3535758,10.31274/itaa.21482,Overcoming the AI Impasse: How Textiles and Apparel Educators Can Prepare For An AI Driven Classroom Future,2026,
skilled tutors impasse driven learning events,crossref,ok,3535758,10.26803/ijlter.23.1.19,Empowering e-Tutors for Effective Online Teaching and Learning: E-tutors’ Challenges and Perceptions,2024,"Online learning has been considered as a paradigm shift in education that offers a transformative approach to the acquisition of knowledge and skills. The objectives of the study included identifying the perceptions of e-tutors on the usage of e-tutoring by online students; investigating the challenges encountered by students in using e-tutoring; and recommending measures to enhance e tutoring in the Department of Financial Accounting at a South African university. A quantitative research approach and a descriptive research design were used, employing an online survey to collect data from e-tutors involved in financial accounting modules. A total of 188 questionnaires were distributed electronically to e-tutors in the Financial Accounting Department. Due to unforeseen challenges, only 95 e-tutors filled out the questionnaires completely. SPSS was used to analyze the data through the Kaiser-Meyer-Olkin (KMO) measure of sampling adequacy and the rotated component matrix was applied to assess the suitability of the sample for factor analysis and to discern the underlying structure and behavioral patterns within the data set. Findings reveal that e-tutors play a crucial role in assisting students with module-specific problems, addressing difficult topics, and making the course content more engaging. However, challenges such as the need for continuous training in online communication skills and the use of online technology tools were highlighted. Issues related to Internet connectivity and costs also impacted the effectiveness of e tutors. Reliable Internet infrastructure and adequate resources are vital for addressing these challenges. Based on the findings, the study recommends that e-tutors engage in continuous professional development and receive module-specific training to enhance their knowledge and skills. Collaboration between e tutors and lecturers should be encouraged to foster a supportive learning environment. The study concludes that the facilitation of e-tutoring in financial accounting modules has shown promising outcomes in supporting students’ teaching and learning."
skilled tutors impasse driven learning events,crossref,ok,3535758,10.3390/ai6080193,Making AI Tutors Empathetic and Conscious: A Needs-Driven Pathway to Synthetic Machine Consciousness,2025,"As large language model (LLM) tutors evolve from scripted helpers into adaptive educational partners, their capacity for self-regulation, ethical decision-making, and internal monitoring will become increasingly critical. This paper introduces the Needs-Driven Consciousness Framework (NDCF) as a novel, integrative architecture that combines Dennett’s multiple drafts model, Damasio’s somatic marker hypothesis, and Tulving’s tripartite memory system into a unified motivational design for synthetic consciousness. The NDCF defines three core regulators, specifically Survive (system stability and safety), Thrive (autonomy, competence, relatedness), and Excel (creativity, ethical reasoning, long-term purpose). In addition, there is a proposed supervisory Protect layer that detects value drift and overrides unsafe behaviours. The core regulators compute internal need satisfaction states and urgency gradients, feeding into a softmax-based control system for context-sensitive action selection. The framework proposes measurable internal signals (e.g., utility gradients, conflict intensity Ω), behavioural signatures (e.g., metacognitive prompts, pedagogical shifts), and three falsifiable predictions for educational AI testbeds. By embedding these layered needs directly into AI governance, the NDCF offers (i) a psychologically and biologically grounded model of emergent machine consciousness, (ii) a practical approach to building empathetic, self-regulating AI tutors, and (iii) a testable platform for comparing competing consciousness theories through implementation. Ultimately, the NDCF provides a path toward the development of AI tutors that are capable of transparent reasoning, dynamic adaptation, and meaningful human-like relationships, while maintaining safety, ethical coherence, and long-term alignment with human well-being."
skilled tutors impasse driven learning events,crossref,ok,3535758,10.5790/hongkong/9789622098671.003.0007,A Generic Framework for the Training of e-Learning Tutors,2007,
skilled tutors impasse driven learning events,crossref,ok,3535758,10.21437/interspeech.2005-704,Data driven subword unit modeling for speech recognition and its application to interactive reading tutors,2005,
skilled tutors impasse driven learning events,crossref,ok,3535758,10.4324/9781041057833-5,Assessment for learning,2025,
skilled tutors impasse driven learning events,crossref,ok,3535758,10.7771/1541-5015.1533,The Effect of Senior Medical Student Tutors Compared to Faculty Tutors on Examination Scores of First- and Second-Year Medical Students in Two Problem-Based Learning Courses,2015,
skilled tutors impasse driven learning events,crossref,ok,3535758,10.3233/978-1-60750-062-9-279,Disburdening Tutors in E-Learning Environments via Web 2.0 Techniques,2009,"Today, collaborative filtering techniques play a key role in many Web 2.0 applications. Currently, they are mainly used for business purposes such as product recommendation. Collaborative filtering also has potential for usage in &amp;ldquo;Social Semantic Web&amp;rdquo; e-learning applications in that the quality of a student provided solution can be heuristically determined by peers who review the solution, thus effectively disburdening the workload of teachers and tutors. This chapter presents a collaborative filtering algorithm which is specifically adapted for the requirements of e-learning applications. An empirical evaluation of the algorithm showed that the results of the collaborative filtering were more accurate than the self-assessment of the participants and that already four peer evaluations were generally enough to reach a satisfying accuracy. Based on these results, we developed a web based e-learning system (CITUC), which was successfully used in a university course in summer 2008. This chapter describes an evaluation of CITUC based on surveys, interviews and a detailed analysis of the system's usage by students. Our conclusion is that Social Semantic Web applications such as CITUC, which enable learners to review and comment on peer solutions, have high potential as a support for classic academic teaching in larger classes."
skilled tutors impasse driven learning events,crossref,ok,3535758,10.32628/ijsrset25122204,Beyond the Blackboard: AI-Driven Virtual Tutors and the Evolution of Digital Learning,2025,"Traditional learning paradigms have been profoundly altered by the incorporation of Artificial Intelligence (AI) into educational settings. The rise of AI-powered virtual tutors and their effects on the development of digital learning are examined in this paper. We look at the technical underpinnings of virtual tutors, evaluate current applications, and talk about how effective they are in comparison to conventional teaching techniques. We present findings on learner engagement, retention of knowledge, and general satisfaction from a mixed-method study that included surveys and experimental observations. Our results show that while AI-driven tutors improve learning efficiency, accessibility, and personalization, they also present ethical, equity, and data privacy issues. We wrap up by outlining potential avenues for future study to develop AI educational models that are more focused on people."
skilled tutors impasse driven learning events,crossref,ok,3535758,10.61686/heihx69046,,,
skilled tutors impasse driven learning events,crossref,ok,3535758,10.4324/9781041057833,Using Lesson Observation to Improve Learning,2025,
deliberate practice quality of practice not quantity,crossref,ok,3281311,10.4324/9780367198459-reprw262-1,Deliberate Practice,2025,
deliberate practice quality of practice not quantity,crossref,ok,3281311,10.4324/9780367198459-reprw262-0,Deliberate Practice,2025,
deliberate practice quality of practice not quantity,crossref,ok,3281311,10.4324/9781315472256-27,Challenges to Deliberate Practice,2016,
deliberate practice quality of practice not quantity,crossref,ok,3281311,10.4324/9781315472256-11,"The Experiment, Phase 1: Deliberate Practice",2016,
deliberate practice quality of practice not quantity,crossref,ok,3281311,10.4324/9781315472256-20,Deliberate Practice Exercises for Basic Skills,2016,
deliberate practice quality of practice not quantity,crossref,ok,3281311,10.4324/9781315472256-21,Deliberate Practice Exercises for Speciﬁc Models,2016,
deliberate practice quality of practice not quantity,crossref,ok,3281311,10.4324/9780203356630_chapter_7,Healthy societies,,
deliberate practice quality of practice not quantity,crossref,ok,3281311,10.4324/9781003400622-22,Challenges to Deliberate Practice,2024,
deliberate practice quality of practice not quantity,crossref,ok,3281311,10.4324/9781315472256-12,"The Experiment, Phase 2: Solitary Deliberate Practice",2016,
deliberate practice quality of practice not quantity,crossref,ok,3281311,10.4324/9781003400622-20,The Research on Deliberate Practice,2024,
deliberate practice quality of practice not quantity,crossref,ok,3281311,10.4324/9781003400622-13,Deliberate Practice Exercises for Basic Skills,2024,
deliberate practice quality of practice not quantity,crossref,ok,3281311,10.4135/9781526422392.n3,"Dimensions, Quantity and Quality",2018,
deliberate practice quality of practice not quantity,crossref,ok,3281311,10.4324/9781003400622-14,Deliberate Practice Exercises for Specific Models,2024,
deliberate practice quality of practice not quantity,crossref,ok,3281311,10.4324/9781003400622-21,Clarifying Deliberate Practice from Traditional Training,2024,
deliberate practice quality of practice not quantity,crossref,ok,3281311,10.4324/9780203356630-13,Healthy societies: quality and quantity of life,2006,
deliberate practice quality of practice not quantity,crossref,ok,3281311,10.4324/9781315472256-25,Advice for Supervisors: Integrating Deliberate Practice into Supervision,2016,
deliberate practice quality of practice not quantity,crossref,ok,3281311,10.1177/0305735614534910,"When quantity is not enough: Disentangling the roles of practice time, self-regulation and deliberate practice in musical achievement",2014,"Past research has referred to either the concepts of self-regulation or deliberate practice to explain the relationships between learning strategies and musical achievement and performance. In addition, even though most scholars agree that formal practice time plays an important role in musical achievement, empirical investigations have failed to show consistent associations between practice time and achievement. The aim of this article is to suggest an integrative framework in which self-regulation, deliberate practice strategies and practice time are simultaneously taken into account in the prediction of musical achievement. In this framework, we propose that formal practice should be defined as a goal-directed and focused period of practice that includes both self-regulation and deliberate practice strategies. We further posit that practice time will predict musical achievement only if associated with formal practice. This integrative framework was tested in a 4-month prospective study using structural equation modelling. Results revealed that this integrative model was a better predictor of musical achievement than traditional methods of measurement. The suggested integration of self-regulation and deliberate practice within a single framework provides a more complete picture of the associations between learning strategies, practice time and musical achievement."
deliberate practice quality of practice not quantity,crossref,ok,3281311,10.1023/a:1004240413738,"Handicapping ""judges"": some theory and practice",1997,
deliberate practice quality of practice not quantity,crossref,ok,3281311,10.1093/med/9780199366149.003.0005,Deliberate Practice and the Acquisition of Expertise,2016,"The American medical system has room for improvement in the area of quality. Many systems-level approaches have been tried, but most have not yielded significant improvements in healthcare quality. This chapter focuses on strategies that mediate individual-level expert performance in a variety of domains. A central strategy underlying expert performance is deliberate practice. Deliberate practice is supported by having a learning orientation and “grit,” which is defined as long-term perseverance and passion for a goal, even if the goal is arduous. A general approach to performance improvement for individuals is also discussed. A reinvestment model for performance improvement proposes that individuals invest their time, effort, and cognitive resources, such as working memory capacity, in the design and implementation of deliberate practice for performance improvement."
deliberate practice quality of practice not quantity,crossref,ok,3281311,10.4324/9781315562476-5,"Deliberate Play, Deliberate Practice and Deliberate Preparation",2017,
deliberate practice quality of practice not quantity,crossref,ok,3281311,10.1093/fampra/4.4.316,Family Practice Research: Quantity and Quality,1987,
deliberate practice quality of practice not quantity,crossref,ok,3281311,10.1007/978-1-349-17599-4_9,Quantity Surveying Organisation and Practice,1984,
deliberate practice quality of practice not quantity,crossref,ok,3281311,10.7748/cnp2012.03.11.2.3.p7788,The driver is quality not quantity,2012,
deliberate practice quality of practice not quantity,crossref,ok,3281311,10.1007/978-1-349-14402-0_15,Quantity Surveying Organisation and Practice,1997,
deliberate practice quality of practice not quantity,crossref,ok,3281311,10.1007/s11135-007-9103-5,Researching and developing practice traditions using reflective practice experiments,2007,
deliberate practice quality of practice not quantity,crossref,ok,3281311,10.1037/0000351-002,Instructions for the psychodynamic therapy deliberate practice exercises.,2023,
deliberate practice quality of practice not quantity,crossref,ok,3281311,10.4324/9781003088943-6,"Deliberate Play, Deliberate Practice and Deliberate Preparation",2022,
deliberate practice quality of practice not quantity,crossref,ok,3281311,10.32469/10355/48697,Expertise development in musicians : the roles of deliberate play and deliberate practice,,"For many years, researchers have been investigating how and why certain people develop into experts in a given field. A primary difference between experts and non-experts is how they practice. Experts spend considerable amounts of time in deliberate practice, i.e., an intense, targeted form of practice (Ericsson, 1996), rather than mindless repetition. While this explains expertise in musicians, chess players and medical students (Ericsson, 2008), it does not fully explain the differences among athletes (Starkes, Deakin, Allard, Hodges, and Hayes, 1996). At first, sport psychologists were not able to understand why some athletes were able to change sports and learn the skills for the new sport with less than predicted amounts of deliberate practice. While studying athletes, sport psychologists developed a more comprehensive model to explain athletic expertise by including activities in a new category, deliberate play. The Developmental Model of Sport Participation (DMSP) includes the intense activities of deliberate practice, and the more flexible, play-like activities of deliberate play. Like many other fields, music study requires a great deal of time and effort before a student can progress to expert levels of performance. DMSP has clarified how athletes develop, particularly by accounting for the skills gained before intense, deliberate practice becomes a priority. Research has shown that musicians also gain skills through deliberate practice; however, deliberate play activities have not been considered in a music setting. Given recent advances in research related to the development of expertise in athletes, the purpose of this dissertation was to apply these theories to the development of expertise in musicians, through three studies. The first study is a review of literature pertaining to expertise development and the activities of development. The second study was based on interviews to determine if DMPS and the concept of deliberate play could be applied to expert musicians. Findings from the two studies indicated that DMSP did explain music expertise development, and that a new aspect termed awareness should be added to the model for musicians. The third study was an experiment to investigate the use of deliberate play activities in band classes, carried out with two groups of middle school students. One group of students replaced traditional music scale practice as part of their group warm-up with deliberate play scale games. The second group of students continued to practice their scales using the traditional methods. Each week, the students audio recorded a scale for the researcher. The weekly scale performance scores were compared for accuracy and overall skill level, but there was no difference between groups. Results of a practice behavior and motivation questionnaire indicated that attitudes did not change during the short study. By considering the results of the three papers, I have determined that music deliberate play is an idea relevant to musicans' development, and that students can learn through music deliberate play activities. Although more research is needed to determine how deliberate play functions in a classroom setting, educators should consider using these types of activities because they may be more enjoyable than traditional practice techniques."
deliberate practice quality of practice not quantity,crossref,ok,3281311,10.1007/978-3-319-32958-1_7,"Parrhēsia, Artisans and the Possibilities for Deliberate Practice",2016,
deliberate practice quality of practice not quantity,crossref,ok,3281311,10.54499/2021.04891.bd,,2022,
deliberate practice quality of practice not quantity,crossref,ok,3281311,10.4324/9780203646564-18,Deliberate practice and expert performance,2004,
deliberate practice quality of practice not quantity,crossref,ok,3281311,10.1007/springerreference_226146,Deliberate Practice and Its Role in Expertise Development,,
deliberate practice quality of practice not quantity,crossref,ok,3281311,10.1201/9781032661391-2,Quantity Surveying Practice,2024,
deliberate practice quality of practice not quantity,crossref,ok,3281311,10.31579/2639-4162/25,"Polypharmacy: volume or value, quantity or quality? The high quantity originates low quality. There is no adequate and valuable polypharmacy",2020,"All patients, especially elderly patients, those with certain pathologies, those with multimorbidity, or those who live in institutions, are exposed to polypharmacy. The prevalence of polypharmacy is high (18-30%) and the prevalence of excessive polypharmacy (10+ drugs) is 12%. Polypharmacy affects between 40% and 50% of all older adults. The incidence rate of polypharmacy is 20% person-years, ranging from 17% in individuals aged 65–74 years to 33% in those aged ≥95 years. From this point of view, polypharmacy seems to be a concept of quantity or volume of prescriptions. It can lead to serious adverse events related to a wide variety of drug-drug interactions (DDIs) and adverse drug reactions (ADRs): the frequency of ADR is 6% when a patient takes two medications, 50% when he takes five and almost 100% when he takes eight or more medications. Of every 100 courses of drug treatment, there are 20 adverse drug ADRs, between 5 and 25 of clinically observable DDIs and between 15 and 50 potential DDIs, which arrive to 100 in geriatric patients. But on the other hand, low-quality pharmacological care reports are not uncommon. About 60% of patients may be exposed to at least one potentially inappropriate medication: benzodiazepines, psychotropics, proton pump inhibitors, analgesics (including opiates), laxatives, NSAIDs, antacids, etc. Adverse health outcomes related to inappropriate medications for the population, and especially the elderly, include falls, strokes, delirium and death. The quantity of drugs as a defining concept of polypharmacy implies poor quality. The more drugs that are prescribed to a patient, not only there are more possibilities of inappropriate prescriptions or of little value, but even suitable prescriptions tend to lose their indication, and from a certain level of quantity or volume of prescriptions, the increase IDDs and ADRs makes their value decrease in such prescriptions, and they begin to be inappropriate and give rise to poor quality. In other words, there is no adequate and valuable polypharmacy; the high quantity originates low quality."
deliberate practice quality of practice not quantity,crossref,ok,3281311,10.1037/0000442-002,Instructions for the career counseling deliberate practice exercises.,2025,
deliberate practice quality of practice not quantity,crossref,ok,3281311,10.1037/0000351-001,Introduction and overview of deliberate practice and psychodynamic therapy.,2023,
deliberate practice quality of practice not quantity,crossref,ok,3281311,10.1007/978-3-319-32958-1_11,Taking Professional Practice Seriously: Implications for Deliberate Course Design,2016,
deliberate practice quality of practice not quantity,crossref,ok,3281311,10.1037/0000442-001,Introduction and overview of deliberate practice and career counseling.,2025,
deliberate practice quality of practice not quantity,crossref,ok,3281311,10.1037/0000256-002,Instructions for the cognitive behavioral therapy deliberate practice exercises.,2022,
deliberate practice quality of practice not quantity,crossref,ok,3281311,10.1037/0000191-012,A study in deliberate practice.,2020,
deliberate practice quality of practice not quantity,crossref,ok,3281311,10.4324/9781315472256-19,The Principles of Practice,2016,
deliberate practice quality of practice not quantity,crossref,ok,3281311,10.1007/978-3-031-46019-7_1,TEAM-CBT and Deliberate Practice,2023,
deliberate practice quality of practice not quantity,crossref,ok,3281311,10.1037/0000297-002,Instructions for the motivational interviewing deliberate practice exercises.,2022,
deliberate practice quality of practice not quantity,crossref,ok,3281311,10.1111/1744-1633.12306,Deliberate practice with coaching,2018,
deliberate practice quality of practice not quantity,crossref,ok,3281311,10.1037/0000326-002,Instructions for the schema therapy deliberate practice exercises.,2023,
deliberate practice quality of practice not quantity,crossref,ok,3281311,10.1037/0000227-002,Instructions for the emotion-focused therapy deliberate practice exercises.,2021,
deliberate practice quality of practice not quantity,crossref,ok,3281311,10.1037/e344792004-001,Multicultural Competency: Using Deliberate Practice to Bridge Theory and Practice,2003,
deliberate practice quality of practice not quantity,crossref,ok,3281311,10.1037/0000322-002,Instructions for the dialectical behavior therapy deliberate practice exercises.,2023,
deliberate practice quality of practice not quantity,crossref,ok,3281311,10.1037/0000256-001,Introduction and overview of deliberate practice and cognitive behavioral therapy.,2022,
deliberate practice quality of practice not quantity,crossref,ok,3281311,10.1007/978-3-031-46019-7_2,Instructions for the Deliberate Practice Exercises,2023,
expert performance coaching feedback specificity,crossref,ok,2983576,10.4324/9781410608871-20,"Performance Management, Development, and Coaching",2003,
expert performance coaching feedback specificity,crossref,ok,2983576,10.4324/9780203806913-24,"PERFORMANCE ANALYSIS, FEEDBACK AND COMMUNICATION IN COACHING",2013,
expert performance coaching feedback specificity,crossref,ok,2983576,10.4324/9780203806913.ch13,"Performance Analysis, Feedback and Communication in Coaching",,
expert performance coaching feedback specificity,crossref,ok,2983576,10.4324/9781003332176-7,Coaching Dialogue as Feedback to Improve Performance,2024,
expert performance coaching feedback specificity,crossref,ok,2983576,10.1007/978-3-662-49483-7_15,Feedback for Performance Development,2018,
expert performance coaching feedback specificity,crossref,ok,2983576,10.1093/9780197830642.003.0011,Create a Feedback Culture and Coaching for Future Performance,2026,"Abstract
                  This chapter focuses on the fact that feedback is essential for maintaining motivation and improving performance; thus, creating a feedback culture is critical for organizational success. It clarifies what type of feedback is most effective, and the two main bodies of contemporary research that are impacting this practice: Growth Mindset and the NeuroLeadership Institute’s research on how to reduce stress and anxiety in receiving performance feedback. It shares research indicating the importance of creating a feedback culture on organizational performance, and details which practices help build this culture. The research supporting two special types of feedback, 360-Feedback and Crowdsourced feedback, is discussed. The chapter wraps up with a discussion on how feedforward and coaching for performance are keys to creating a more positive and supportive feedback culture."
expert performance coaching feedback specificity,crossref,ok,2983576,10.4324/9781003157526-9,Performance Analysis—Supporting Coach Feedback,2021,
expert performance coaching feedback specificity,crossref,ok,2983576,10.7759/cureus.65181,Pedagogical Implementation of Directive Feedback Manikins on Cardiopulmonary Resuscitation (CPR) Competencies: Expert Versus Peer Coaching,2024,
expert performance coaching feedback specificity,crossref,ok,2983576,10.1037/e430002004-001,Tracking performance as a function of feedback specificity.,1959,
expert performance coaching feedback specificity,crossref,ok,2983576,10.1260/174795409789623919,"The Expert-Performance Approach as a Framework for Understanding and Enhancing Coaching Performance, Expertise and Learning",2009,"The expert-performance approach is critically evaluated for its potential to be used as the guiding framework for understanding and enhancing coaching performance, expertise and learning. The three-stage approach involves: i) identifying representative tasks that capture the essence of expertise in the domain; ii) having expert (and possibly novice) performers participate in those tasks, recording the mechanisms that mediate the expert's superior performance; and iii) tracing the acquisition of those skills and mechanisms. The approach enables the assessment of coaches' performance to be measured, identification of their respective strengths and weaknesses, and refinement of training activities to promote effective learning and the development of future generations of expert coaches."
expert performance coaching feedback specificity,crossref,ok,2983576,10.1365/s40896-017-0016-6,Anwendung der Gesprächsanalyse als Feedback-Instrument im Chat-Coaching,2017,
expert performance coaching feedback specificity,crossref,ok,2983576,10.1037/e359782004-012,Feedback specificity and safety performance.,1999,
expert performance coaching feedback specificity,crossref,ok,2983576,10.32469/10355/57240,The effects of coaching and electronic performance feedback on teachers' use of behavior-specific praise and opportunities to respond,,
expert performance coaching feedback specificity,crossref,ok,2983576,10.1037/e510842018-001,A Performance Feedback and Coaching Intervention's Influence on Children's Physical Activity,2018,
expert performance coaching feedback specificity,crossref,ok,2983576,10.1037/e683152011-150,"Investigation of the effects of team coaching, performance feedback, and collective efficacy on small group performance",2011,
expert performance coaching feedback specificity,crossref,ok,2983576,10.1007/978-3-662-45119-9_15-1,Feedback for Performance Development,2017,
expert performance coaching feedback specificity,crossref,ok,2983576,10.1207/s15327043hup1804_7,The Interactive Effects of Goal Orientation and Feedback Specificity on Task Performance,2005,
expert performance coaching feedback specificity,crossref,ok,2983576,10.1007/978-3-319-64936-8_6,Coaching and Feedback,2017,
expert performance coaching feedback specificity,crossref,ok,2983576,10.1186/isrctn35998024,Assessing the improvement in performing cricothyroidotomy (a surgical difficult airway management method) following self video feedback (trainees review their performance by themselves) and expert-assisted video feedback (trainees review their performance while an emergency physician provides additional feedback),2022,
expert performance coaching feedback specificity,crossref,ok,2983576,10.1177/1747954118808081,The implementation of performance analysis and feedback within Olympic sport: The performance analyst's perspective,2018,"The study considered performance analysis and feedback from the perspective of the performance analyst through the investigation of the ‘what’, ‘how’ and ‘when’ of practice within a selection of Olympic sports. Twenty-three performance analysts (experience 6.4 ± 4.1 years) engaged in a structured interview (85 ± 15 min) regarding their processes within applied practice. Likert scales (All the time, Often, Sometimes, Rarely and Never) were used to facilitate cross-sport and environment comparison. The performance analysts highlighted the experience of their coaches as the most prominent feature influencing analysis direction, and time had the greatest impact upon feedback provision. The main analysis techniques used were video, profiling and performance reports. Feedback was delivered primarily either, (1) &lt; 1-h post-performance within sessions lasting &lt; 10-min or (2) the following day within sessions lasting 25 + min. Video feedback was usually coach led; however, data delivery was more evenly distributed between coach and analyst. Very similar processes across the participants were identified, despite a wide variety of sports and participant experience levels. The findings have begun to illustrate practice within elite sport whilst highlighting the importance and need for further practitioner-based investigation regarding the use of performance analysis and feedback within applied contexts."
expert performance coaching feedback specificity,crossref,ok,2983576,10.1260/1747-9541.10.6.1001,Expert Coaches' Perceptions of Athlete Performance Optimization,2015,"The purpose of the study was to engage expert coaches in a reflective process exploring their perceptions of distinguishing features of athletes they consider optimal performers. Fifteen national and/or Olympic level coaches were interviewed. Developed through a content analysis of the data, elite coach descriptions provided a preliminary profile of elite athlete performance optimization centred on five main themes: a rational approach to training and performance; exhibiting sustained passion and commitment to details; ownership of the elite athletic experience; embracing challenge and complexity of elite athletic contexts; and employing a big (moral) picture view of sport and life. Discussion focuses on highlighting the features of performance optimizing athletes using the proposed concept of ‘mature competitiveness’."
expert performance coaching feedback specificity,crossref,ok,2983576,10.4135/9781446278697.n6,Coaching and Feedback,2008,
expert performance coaching feedback specificity,crossref,ok,2983576,10.1007/978-3-030-30915-2_13,The Role of Feedback in Coaching and Technology-Enabled Coaching Processes,2019,
expert performance coaching feedback specificity,crossref,ok,2983576,10.1007/s11613-023-00849-9,Digitale Feedback-Trends im Coaching und zur Selbststeuerung richtig einsetzen,2023,
expert performance coaching feedback specificity,crossref,ok,2983576,10.5040/9781492596257.ch-011,Development of Expertise,2003,
expert performance coaching feedback specificity,crossref,ok,2983576,10.1142/9789811284175_0003,Performance Feedback and Coaching,2025,
expert performance coaching feedback specificity,crossref,ok,2983576,10.1365/s40896-020-00046-w,Danke für die Blumen. Kontinuierliches Feedback als Qualitätssicherung im Schreibcoaching,2020,"ZusammenfassungSchreibcoaching ist eine personenzentrierte, längerfristige Entwicklungs- und Prozessbegleitung mit dem Fokus auf Schreibprozess, schreibender Person und/oder die entstehenden Texte. Aus Sicht des*der Coaches*in ist Schreibcoaching kein einmaliger Vorgang, sondern eine stetige Folge individueller Coachingprozesse. Auf diese sich wiederholenden Prozesse können Ansätze des Qualitätsmanagements übertragen werden, was in der Qualitätsdiskussion im Coaching allgemein bereits geschieht. Das vorgestellte Modell des Qualitätsmanagementsystems für das Schreibcoaching zeigt auf, dass Qualitätsmonitoring in allen Phasen erfolgen und sich konstitutiv auf das Coaching bzw. den Coachingerfolg auswirken kann. Grundlage hierfür bildet ein von dem*der Schreibcoach*in gesteuertes Qualitätskonzept, das Werte, Grundhaltungen und einen operationalisierten Qualitätsbegriff beinhaltet, und in Form eines Leitbilds veröffentlicht werden sollte. Das Fallbeispiel belegt die Umsetzbarkeit des Modells: Qualitätsmessungen aus 22 Schreibcoachings aus dem Bezugsrahmen des beruflichen Schreibens wurden mit der FeedbacktechnikDanke für die Blumendurchgeführt. Diese basiert auf der Blitzlicht-Technik und wurde flächendeckend und kontinuierlich in den Schreibcoachings der Autorin eingesetzt. Die Ergebnisse wurden mittels der inhaltlich strukturierenden, qualitativen Inhaltsanalyse nach Kuckartz rekurrierend auf die Qualitätskriterien im BC-Modell und einer deskriptiv-explorativen statistischen Analyse ausgewertet. Die Ergebnisse zeigen, dass abhängig von den Coachingzielen unterschiedliche Wahrnehmungen zum Schreibcoaching und zur Schreibcoach dominieren, diese sich dennoch über alle Qualitätsdimensionen des Schreibcoachings verteilen. Ein Abgleich mit dem Qualitätskonzept ist daher möglich und kann in einem wiederkehrenden Reflexionsprozess als Entscheidungsgrundlage für das Herbeiführen von Veränderungen herangezogen werden."
expert performance coaching feedback specificity,crossref,ok,2983576,10.2139/ssrn.3825100,From Words to Actions: The Impact of Specificity and Causality in Narrative Feedback on Employee Performance Improvement,2021,"With the widespread use of narrative feedback in companies, understanding how such feedback can be valuable for employee performance improvement is important. Drawing on proprietary data from an e-commerce company, we investigate the role of specificity and causality—two key language characteristics for self-regulation and learning. Our findings suggest that neither specificity nor causality is always beneficial; instead, their effects depend on whether the feedback refers to strengths or weaknesses. Specifically, employees are more likely to improve when they receive more specific narrative feedback on their strengths, consistent with employees engaging in more systematic exploration when feedback provides concrete references to desirable behaviors. In contrast, we find that increases in the specificity of narrative feedback on weaknesses can have negative performance consequences, as employees who are confronted with many specific examples of undesirable behaviors may attempt too many behavioral changes at once, undermining learning and improvement. Furthermore, employees are more likely to improve when feedback on their weaknesses uses more causal language, suggesting that explanations of why certain behaviors were ineffective help employees understand and correct those behaviors. Our study informs HR leaders, supervisors, and experts responsible for designing management control systems by showing that narrative feedback should be specific when describing strengths, but more selective and richer in causal explanations when addressing weaknesses."
expert performance coaching feedback specificity,crossref,ok,2983576,10.4324/9780203020074-23,The development of expert coaching,2006,
expert performance coaching feedback specificity,crossref,ok,2983576,10.5040/9798216546368.ch07,The Feedback Caution,2018,
expert performance coaching feedback specificity,crossref,ok,2983576,10.1007/978-3-8349-9322-9_5,Einführen einer Feedback-Kultur,,
expert performance coaching feedback specificity,crossref,ok,2983576,10.24230/ksiop.21.1.200802.59,The Effects of Performance Coaching and Feedback Environment on the Fairness Perception to Performance Appraisal,2008,
expert performance coaching feedback specificity,crossref,ok,2983576,10.4324/9781003294139-17,Feedback dialogue as the core of effective PCP coaching,2022,
expert performance coaching feedback specificity,crossref,ok,2983576,10.1515/9783111002415-006,Chapter 6 Coaching Skill: Providing Feedback,2024,
expert performance coaching feedback specificity,crossref,ok,2983576,10.4324/9781003458975-6,Feedback,2024,
expert performance coaching feedback specificity,crossref,ok,2983576,10.4135/9781446251577.n9,"The Psy Expert Discourse: Coaching the Outward
                    Self",2012,
expert performance coaching feedback specificity,crossref,ok,2983576,10.1038/s41598-026-59780-5,AI-based performance feedback and coaching effectiveness: a moderated mediation model in football,2026,
expert performance coaching feedback specificity,crossref,ok,2983576,10.1177/0271121415592411,Coaching Via Electronic Performance Feedback to Support Home Visitors’ Use of Caregiver Coaching Strategies,2015,Recommended practices for Part C early childhood special education home visitors encourage use of caregiver coaching strategies to enhance learning opportunities within the natural routines of infants and toddlers. The purpose of this study was to evaluate the effects of a multicomponent professional development intervention on home visitors’ use of specific caregiver coaching strategies and range of routines utilized during home-based intervention. The professional development intervention systematically tested the effects of two brief workshops followed by 6 weeks of coaching via performance feedback that was based on videotaped home visits and delivered via email. A multiple-baseline design across three home visitors and caregiver/child dyads was used to evaluate home visitors’ use of caregiver coaching strategies and natural routines. Findings provide support for the use of individualized coaching via performance feedback delivered in electronic format as a means to enhance home visitors’ use of caregiver coaching strategies during home visits.
expert performance coaching feedback specificity,crossref,ok,2983576,10.1108/978-1-78973-907-720211014,Giving and Receiving Feedback: Coaching Style,2021,
expert performance coaching feedback specificity,crossref,ok,2983576,10.1257/rct.14383-2.0,Improving Teachers Equitable Mathematics Instruction Through Integrating Automated Feedback and Coaching: A Randomized Controlled Trial,2024,
expert performance coaching feedback specificity,crossref,ok,2983576,10.1257/rct.14383-1.0,Improving Teachers Equitable Mathematics Instruction Through Integrating Automated Feedback and Coaching: A Randomized Controlled Trial,2024,
expert performance coaching feedback specificity,crossref,ok,2983576,10.1007/978-3-030-81938-5_28,Feedback for Performance Development: A Review of Current Trends,2022,
expert performance coaching feedback specificity,crossref,ok,2983576,10.1177/1747954116637499,Talent development in sport: A critical review of pathways to expert performance,2016,"This review aims to examine the most significant research regarding the development of talent in sport, with a focus on the quantity and type of practice necessary for the attainment of expertise. A total of 54 peer-reviewed empirical articles were collected and analysed for their content. The literature reveals considerable evidence demonstrating that both early specialization and early diversification can lead to expertise development. However, the contrasting views of deliberate practice and deliberate play do not provide a sufficient spectrum of different learning activities for talent development. Furthermore, the content analysis highlights some inconsistencies in the criteria used to characterize different types of learning activities, pointing to the need for a more rigorous and detailed characterization of activities that affect talent development throughout the lifespan. Finally, this review underscores the need for different methodological approaches to complement athletes’ perceptions of their past practice experiences gathered from retrospective interviews. The potential value of using systematic observations to provide a detailed examination of the microstructure of different learning activities is discussed."
expert performance coaching feedback specificity,crossref,ok,2983576,10.4324/9780080544113-23,Giving feedback,2007,
expert performance coaching feedback specificity,crossref,ok,2983576,10.1257/rct.14383,Improving Teachers Equitable Mathematics Instruction Through Integrating Automated Feedback and Coaching: A Randomized Controlled Trial,2024,
expert performance coaching feedback specificity,crossref,ok,2983576,10.1108/02621719010135110,"Enhancing Staff Members′ Performance through Feedback and
Coaching",1990,"Providing help through feedback is a key task of any manager. In
the context of a performance management model, the ways in which
managers can effectively provide ongoing performance feedback are
explored. It is concluded that basic communication skills, such as
attending, reflecting, exploring, self‐disclosing, and acceptance by the
supervisor will enhance the effectiveness of feedback."
expert performance coaching feedback specificity,crossref,ok,2983576,10.1037/e592102010-001,The Interaction of Goal Difficulty/Specificity and Feedback on Task Performance,1981,
expert performance coaching feedback specificity,crossref,ok,2983576,10.1177/001872677903201001,"Effects of Goal Specificity and Performance Feedback to Work Groups on Peer                 Leadership, Performance, and Attitudes",1979,"This study reports findings from a field experiment in which specific goals and performance feedback were provided to nominal ""teams"" of female sewing machine operators. Specific goals and feedback from management were associated with significant improvements in group cohesion and goal commitment in addition to improvements in product quality. However, overallsatisfaction and intrinsic job satisfaction decreased. These findings, together with decreases in turnover, are examined within a longitudinal comparison group design. Results are discussed with reference to theoretical and practical issues in field research and work systems redesign."
expert performance coaching feedback specificity,crossref,ok,2983576,10.4135/9781446213582.n2,Coaching for Performance,2007,
expert performance coaching feedback specificity,crossref,ok,2983576,10.4135/9789351507956.n4,Performance Coaching: A Performance Enhancement Tool,2014,
teacher expertise perception classroom scenes eye tracking,crossref,ok,1404339,10.36315/2026inpact080,EXPERTISE RELATED DIFFERENCES IN ABSTRACT ART PERCEPTION: AN EYE-TRACKING STUDY OF PSYCHOLOGISTS AND ARTISTS,2026,
teacher expertise perception classroom scenes eye tracking,crossref,ok,1404339,10.5040/9781350031937.pt-002,Developing Expertise as a Primary Classroom Teacher,,
teacher expertise perception classroom scenes eye tracking,crossref,ok,1404339,10.15199/13.2018.10.1,Cognitive perception of complex scenes in the process of eye tracking studies,2018,
teacher expertise perception classroom scenes eye tracking,crossref,ok,1404339,10.17760/d20741532,Multi-object tracking in complex scenes: extending human perception,,
teacher expertise perception classroom scenes eye tracking,crossref,ok,1404339,10.1145/1394281.1394325,Eye-tracking dynamic scenes with humans and animals,2008,
teacher expertise perception classroom scenes eye tracking,crossref,ok,1404339,10.1007/978-1-4419-7707-6_12,Exploring Korean Teacher Classroom Expertise in Sociomathematical Norms,2010,
teacher expertise perception classroom scenes eye tracking,crossref,ok,1404339,10.1016/b978-008043361-5/50015-8,Prefixational Object Perception in Scenes,1998,
teacher expertise perception classroom scenes eye tracking,crossref,ok,1404339,10.4324/9781315776675-16,Eye Tracking Methods in Sport Expertise,2015,
teacher expertise perception classroom scenes eye tracking,crossref,ok,1404339,10.5040/9781350031937.pt-003,Developing Professional Identity as a Primary Classroom Teacher,,
teacher expertise perception classroom scenes eye tracking,crossref,ok,1404339,10.1007/s11618-017-0729-3,Reactivity effects in video-based classroom research: an investigation using teacher and student questionnaires as well as teacher eye-tracking,2017,
teacher expertise perception classroom scenes eye tracking,crossref,ok,1404339,10.1145/2168556.2168620,Entropy-based correction of eye tracking data for static scenes,2012,
teacher expertise perception classroom scenes eye tracking,crossref,ok,1404339,10.4135/9781412972000.n132,Eye and Limb Tracking,2010,
teacher expertise perception classroom scenes eye tracking,crossref,ok,1404339,10.1364/fio.2005.fthi3,On-Road Eye Movement Tracking-Glance Analysis of Dynamic Scenes,2005,
teacher expertise perception classroom scenes eye tracking,crossref,ok,1404339,10.1007/s11251-016-9367-z,Teacher vision: expert and novice teachers’ perception of problematic classroom management scenes,2016,
teacher expertise perception classroom scenes eye tracking,crossref,ok,1404339,10.5040/9781350031937.ch-004,An Overview of the Development of Teacher Expertise,,
teacher expertise perception classroom scenes eye tracking,crossref,ok,1404339,10.14786/flr.v12i2.1417,"Student self-regulated learning in teacher professional vision: Results from combining student self-reports, teacher ratings, and mobile eye tracking in the high school classroom",2024,"Teacher professional vision as a concept is gaining importance in research on teaching, and recently models for studying teacher professional vision and student self-regulated learning (SRL) have been proposed. There are interview and video intervention studies investigating teacher professional vision for SRL, but no real-life classroom research so far. This study investigated the role of student SRL behaviour, as it was reported by students themselves and teachers, in teacher attention distribution as part of teacher professional vision. Ten teachers and their 158 students at high school level in Lithuania took part in the research. The first step of the study resulted in identifying four student SRL-profiles, which differed based on student level of SRL and the extent to which teacher and student assessments coincided: mixed lower-regulated, mixed higher-regulated, systematic lower-regulated, systematic higher-regulated. The profiles demonstrated only a partial overlap in teacher and student judgement of student SRL. The second step of the study explored whether scores of students’ SRL from student and teacher reports were related to teachers’ distribution of visual attention in one lesson. The results showed that only one teacher rating scale of student information-seeking behaviour had a slight correlation with teacher attention. The results imply rather bottom-up trends in teacher attention to students in the classroom when it comes to SRL. Besides, the study results highlight the not directly observable nature of SRL processes and imply a difficulty for teachers to assess student SRL."
teacher expertise perception classroom scenes eye tracking,crossref,ok,1404339,10.5040/9781350031937.ch-008,Professional Identity as a Primary Classroom Teacher,,
teacher expertise perception classroom scenes eye tracking,crossref,ok,1404339,10.5040/9781472552846.ch-010,Is learning outside the classroom worth it?,,
teacher expertise perception classroom scenes eye tracking,crossref,ok,1404339,10.31274/rtd-180817-3968,Student-teacher perception and elementary school classroom verbal interaction,,
teacher expertise perception classroom scenes eye tracking,crossref,ok,1404339,10.1145/3517031.3532199,Characterizing the expertise of Aircraft Maintenance Technicians using eye-tracking.,2022,
teacher expertise perception classroom scenes eye tracking,crossref,ok,1404339,10.58955/jecer.176441,Possibilities of Eye-tracking on Reflecting Teachers' Expertise in Early Childhood Education and Care,2026,"Teachers' visual gaze plays an important role in practicing pedagogy and interaction in early childhood education and care (ECEC). Combining the exploration of visual gaze with a think-aloud method enables the study of teachers’ reflections on the cognitive processes behind their gaze. Video observation has been stated to be an effective way for teachers to reflect on and learn from their actions. The aim of our study was to explore ECEC teachers’ reflections as they watched eye-tracking recordings of themselves and through interviews that aimed to evaluate and develop their expertise. The participants were six ECEC teachers of groups of under three-year-old children, who had participated in the data collection implemented with eye-tracking glasses during pedagogical activities. The data consisted of 12 semi-structured interviews (two per teacher). Interviews were accompanied with the visual observation of teachers’ own eye-tracking videos and retrospective think-aloud methods. The study applied discourse analysis. As result, three discourses, following three domains of knowledge-based reasoning, were identified: validating, advancing, and expanding expertise. These discourses demonstrate how teachers interpret toddlers’ communicative behaviors and align their visual attention and reasoning with the children's developmental needs. The combination of eye-tracking technology and reflective methods highlights the value of visual gaze in enhancing teachers' expertise and collaborative practices in ECEC."
teacher expertise perception classroom scenes eye tracking,crossref,ok,1404339,10.14711/thesis-991012555269603412,Developmental models of motion perception and tracking eye movements,,
teacher expertise perception classroom scenes eye tracking,crossref,ok,1404339,10.31234/osf.io/a3rpt_v1,Eye-tracking reveals the perceptual basis of algebraic expertise,2026,"Algebra exemplifies the human capacity for abstract, structural reasoning. How do people reason algebraically? One possibility is that algebraic expertise is partly visual: Experts learn to move their eyes strategically in ways that reflect the hierarchical structure of written equations. Alternatively, the structure of written equations might scaffold novice reasoning but matter less for experts. We tested these accounts by tracking eye movements of U.S. undergraduates (N = 60) as they viewed algebraic equations. Greater expertise predicted better performance. When reasoning algebraically, participants’ eye movements mirrored the expressions’ hierarchical structure; critically, this pattern increased with algebraic expertise. Moreover, the link between expertise and performance was explained by whether participants’ eye movements tracked expressions’ hierarchical structure. Thus, despite its highly conceptual and abstract content, algebraic reasoning involves perceptual skill. These results highlight the perceptual and situated aspects of mathematical reasoning, with implications for mathematics education and theories of abstract reasoning."
teacher expertise perception classroom scenes eye tracking,crossref,ok,1404339,10.26226/morressier.5cf632c6af72dec2b0554df3,Autistic Traits modulate Social Attention in Dynamic Scenes: An Eye Tracking Study,2019,
teacher expertise perception classroom scenes eye tracking,crossref,ok,1404339,10.1787/888934223859,Figure 3.2. Schools differ in student perception of classroom climate and teacher enthusiasm,,
teacher expertise perception classroom scenes eye tracking,crossref,ok,1404339,10.1145/3715669.3726818,Eye-tracking analysis of expertise-based visual behavior in 8K video quality assessment,2025,
teacher expertise perception classroom scenes eye tracking,crossref,ok,1404339,10.5040/9781472552846.ch-014,Is drama a luxury in the primary classroom?,,
teacher expertise perception classroom scenes eye tracking,crossref,ok,1404339,10.5040/9798216456001.ch-003,The Why: Teacher-Student Kinship,2020,
teacher expertise perception classroom scenes eye tracking,crossref,ok,1404339,10.5040/9798216456001.ch-005,The Expert Teacher Thinking Processes,2020,
teacher expertise perception classroom scenes eye tracking,crossref,ok,1404339,10.4324/9780203983430-6,Teacher expertise in the primary modern foreign languages classroom,2005,
teacher expertise perception classroom scenes eye tracking,crossref,ok,1404339,10.1145/3379156.3391366,The Perception Engineer’s Toolkit for Eye-Tracking data analysis,2020,
teacher expertise perception classroom scenes eye tracking,crossref,ok,1404339,10.4324/9781315437415-15,Identification and Processing of Briefly Glimpsed Visual Scenes,2017,
teacher expertise perception classroom scenes eye tracking,crossref,ok,1404339,10.1007/s11251-021-09570-5,Noticing and weighing alternatives in the reflection of regular classroom teaching: Evidence of expertise using mobile eye-tracking,2021,"Abstract
Instructional videos are widely used to study teachers’ professional vision. A new technological development in video research is mobile eye-tracking (MET). It has the potential to provide fine-grained insights into teachers’ professional vision in action, but has yet been scarcely employed. We addressed this research gap by using MET video feedback to examine how expert and novice teachers differed in their noticing and weighing of alternative teaching strategies. Expert and novice teachers’ lessons were recorded with MET devices. Then, they commented on what they observe while watching their own teaching videos. Using a mixed methods approach, we found that expert and novice teachers did not differ in the number of classroom events they noticed and alternative teaching strategies they mentioned. However, novice teachers were more critical of their own teaching than expert teachers, particularly when they considered alternative teaching strategies. Practical implications for the field of teacher education are discussed."
teacher expertise perception classroom scenes eye tracking,crossref,ok,1404339,10.31234/osf.io/ev6da_v1,Tracking eye gaze during cued speech perception,2025,"For many deaf people, lip-reading plays a major role in verbal communication. However, lip reading is inherently ambiguous and does not allow for a complete understanding of speech. The consequences of these limitations are significant, potentially impeding language, cognitive, and social development. Cued speech (CS) was developed to eliminate this ambiguity by supplementing lip-reading with hand gestures, giving access to the entire phonological content of speech through the visual modality alone. Despite its documented efficacy in enhancing linguistic and communicative abilities, the mechanisms of CS perception remain largely unknown. The present study is the first to examine eye movements during CS perception, with a sample of deaf CS users, hearing CS users, and hearing naive controls. We presented silent videos of words, pseudowords, and sentences in their CS form, while recording the participants’ eye movements. All groups fixated almost exclusively on the face, and predominantly on the lips of the speaker, despite the effective processing of CS gestures by CS users. Deaf and hearing participants differed strikingly in the way fixation was distributed between the left and right halves of the face. While both hearing groups mostly fixated the left side of the speaker’s face, deaf participants showed a more symmetrical pattern. Finally, in CS users, stimuli that were phonologically, lexically or semantically more difficult tended to increase fixation in the inferior and left sector of the face. Apart from reading, CS stands as the sole system for visually conveying full phonological information of a spoken language. This study elucidates the fundamental behavioral tuning that facilitates the efficient recovery of phonology in this distinctive form."
teacher expertise perception classroom scenes eye tracking,crossref,ok,1404339,10.31979/etd.7ukx-f86x,UNVEILING GENDER BIAS,,
teacher expertise perception classroom scenes eye tracking,crossref,ok,1404339,10.5040/9781472552846.ch-011,What is the value of encouraging talk in your classroom?,,
teacher expertise perception classroom scenes eye tracking,crossref,ok,1404339,10.5040/9781472552846.ch-009,Do interactive whiteboards support or reduce creativity in the classroom?,,
teacher expertise perception classroom scenes eye tracking,crossref,ok,1404339,10.5040/9781472552846.ch-007,What do we understand from using images in the classroom?,,
teacher expertise perception classroom scenes eye tracking,crossref,ok,1404339,10.1068/p5262,Expertise in Pictorial Perception: Eye-Movement Patterns and Visual Memory in Artists and Laymen,2007,"In two sessions with free scanning and memory instructions, eye-movement patterns from nine artists were compared with those of nine artistically untrained participants viewing 16 pictures representing a selection of categories from ordinary scenes to abstraction: 12 pictures were made to accommodate an object-oriented viewing mode (selection of recognisable objects), and a pictorial viewing mode (selection of more structural features), and 4 were abstract. The artistically untrained participants showed preference for viewing human features and objects, while the artists spent more scanning time on structural/abstract features. A group by session interaction showed a change of viewing strategy in the artists, who viewed more objects and human features in the memory task session. A verbal test of recall memory showed no overall difference in the number of pictures remembered, but the number of correctly remembered pictorial features was significantly higher for artists than for the artistically untrained viewers, irrespective of picture type. No differences in fixation frequencies/durations were found between groups across sessions, but a significant task-dependent-group by session interaction of fixation frequency/duration showed that the artistically untrained participants demonstrated repetition effects in fewer, longer fixations with repeated viewing, while the opposite pattern obtained for the artists."
teacher expertise perception classroom scenes eye tracking,crossref,ok,1404339,10.16910/jemr.15.2.5,Investigating visual expertise in sculpture: A methodological approach using eye tracking,2022,"Research on visual expertise has progressed significantly due to the availability of eye tracking tools. However, attempts to bring together research on expertise and eye tracking methodology provoke several challenges, because visual information processes should be studied in authentic and domain-specific environments. Among the barriers to designing appropriate research are the proper definition of levels of expertise, the tension between internal (experimental control) and external (authentic environments) validity, and the appropriate methodology to study eye movements in a three-dimensional environment. This exploratory study aims to address these challenges and to provide an adequate research setting by investigating visual expertise in sculpting. Eye movements and gaze patterns of 20 participants were investigated while looking at two sculptures in a museum. The participants were assigned to four different groups based on their level of expertise (laypersons, novices, semi-experts, experts). Using mobile eye tracking, the following parameters were measured: number of fixations, duration of fixation, dwell time in relevant areas, and revisits in relevant areas. Moreover, scan paths were analysed using the eyenalysis approach. Conclusions are drawn on both the nature of visual expertise in sculpting and the potential (and limitations) of empirical designs that aim to investigate expertise in authentic environments."
teacher expertise perception classroom scenes eye tracking,crossref,ok,1404339,10.1117/12.811098,Radiology image perception and observer performance: How does expertise and clinical information alter interpretation? Stroke detection explored through eye-tracking,2009,
teacher expertise perception classroom scenes eye tracking,crossref,ok,1404339,10.1167/jov.24.10.1034,Eye tracking in expertise assessment case studies,2024,
teacher expertise perception classroom scenes eye tracking,crossref,ok,1404339,10.1145/3588015.3588424,Visual Perception and Performance: An Eye Tracking Study,2023,
teacher expertise perception classroom scenes eye tracking,crossref,ok,1404339,10.1016/b978-008043361-5/50018-3,Visual Search of Dynamic Scenes,1998,
teacher expertise perception classroom scenes eye tracking,crossref,ok,1404339,10.1145/2578153.2583036,The use of eye-tracking in landscape perception research,2014,
teacher expertise perception classroom scenes eye tracking,crossref,ok,1404339,10.2139/ssrn.5287873,Expertise and context impact reactions to investment performance: An eye-tracking study,2025,
teacher expertise perception classroom scenes eye tracking,crossref,ok,1404339,10.2139/ssrn.5736031,Expertise and context impact reactions to investment performance: An eye-tracking study,2025,
teacher expertise perception classroom scenes eye tracking,crossref,ok,1404339,10.3102/ip.22.1926438,Teacher Noticing: A Meta-Analytic Review of Eye-Tracking Studies,2022,
teacher expertise perception classroom scenes eye tracking,crossref,ok,1404339,10.5040/9781472552846.ch-017,Is it possible to make mathematics real and meaningful in the classroom?,,
teacher expertise perception classroom scenes eye tracking,crossref,ok,1404339,10.15408/es.v10i1.8092,CLASSROOM INTERACTION: TEACHER AND STUDENTS PERCEPTION ON DIALOGUE IN PRIMARY SCIENCE CLASSROOM,2018,
pedagogical content knowledge expert teachers,crossref,ok,2160529,10.1007/978-981-13-5898-2_7,Illustrating and Developing Science Teachers’ Pedagogical Content Knowledge Through Learning Study,2019,
pedagogical content knowledge expert teachers,crossref,ok,2160529,10.1007/978-981-13-5898-2_15,Correction to: Repositioning Pedagogical Content Knowledge in Teachers’ Knowledge for Teaching Science,2020,
pedagogical content knowledge expert teachers,crossref,ok,2160529,10.1163/9789087903657_004,Pedagogical Content Knowledge,2006,
pedagogical content knowledge expert teachers,crossref,ok,2160529,10.1007/978-94-6091-821-6_2,Pedagogical Content Knowledge,2012,
pedagogical content knowledge expert teachers,crossref,ok,2160529,10.57030/23364890.cemj.31.1.86,"The Relations Between Technological Knowledge, Technological Content Knowledge, Technological Pedagogical Knowledge, Technological Pedagogical Content Knowledge and Inventive Skills Among Malay Language Teachers",2023,
pedagogical content knowledge expert teachers,crossref,ok,2160529,10.14742/ajet.299.s130,Surveying In-service Preschool Teachers’ Technological Pedagogical Content Knowledge,,
pedagogical content knowledge expert teachers,crossref,ok,2160529,10.1007/978-981-13-5898-2_11,A Grand Rubric for Measuring Science Teachers’ Pedagogical Content Knowledge,2019,
pedagogical content knowledge expert teachers,crossref,ok,2160529,10.1787/888933149214,Figure 8.3 Impact of IMPROVE on teachers pedagogical content knowledge,,
pedagogical content knowledge expert teachers,crossref,ok,2160529,10.1787/888933149192,Figure 8.1 Impact of IMPROVE on teachers' pedagogical content knowledge,,
pedagogical content knowledge expert teachers,crossref,ok,2160529,10.1163/9789004505452_001,Developing Science Teachers’ Pedagogical Content Knowledge,2021,
pedagogical content knowledge expert teachers,crossref,ok,2160529,10.33902/jpr.2022.165,Interaction between pre-service chemistry teachers  pedagogical content knowledge and content knowledge in electrochemistry,2022,
pedagogical content knowledge expert teachers,crossref,ok,2160529,10.1007/978-94-6300-313-1_6,Studying the Activity of Two French Chemistry Teachers to Infer their Pedagogical Content Knowledge and their Pedagogical Knowledge,2015,
pedagogical content knowledge expert teachers,crossref,ok,2160529,10.1007/978-981-13-5898-2_1,Towards a Consensus Model: Literature Review of How Science Teachers’ Pedagogical Content Knowledge Is Investigated in Empirical Studies,2019,
pedagogical content knowledge expert teachers,crossref,ok,2160529,10.1163/9789004505452_006,The Development of Preservice Chemistry Teachers’ Pedagogical Content Knowledge,2021,
pedagogical content knowledge expert teachers,crossref,ok,2160529,10.1007/978-981-13-5898-2_5,Exposing Pathways for Developing Teacher Pedagogical Content Knowledge at the Topic Level in Science,2019,
pedagogical content knowledge expert teachers,crossref,ok,2160529,10.17077/etd.hgi8dv0k,Preservice secondary school mathematics teachers' knowledge of trigonometry,,
pedagogical content knowledge expert teachers,crossref,ok,2160529,10.15858/engtea.78.4.202312.83,"Primary Teachers’ Knowledge Base of Pronunciation Instruction: Their Content Knowledge, Pedagogical Content Knowledge, and Technical Pedagogical Content Knowledge",2023,
pedagogical content knowledge expert teachers,crossref,ok,2160529,10.4324/9780429053573-6,Regarding content knowledge,2019,
pedagogical content knowledge expert teachers,crossref,ok,2160529,10.47155/mamusbbd.1308251,"Kitap İncelemesi ""Repositioning Pedagogical Content Knowledge in Teachers’ Knowledge for Teaching Science""",2023,"İçinde yaşadığımız yüzyıl itibariyle toplumun ihtiyaçları ve teknolojideki gelişmeler eğitime de yansımış ve eğitimin uygulayıcısı olan öğretmenlerin sorumlulukları bir kat daha artmıştır. Öğretmenlerin edinmesi gereken bilgi ve beceriler değiştikçe, bu bilgi ve becerilerin incelenmesi ve tartışılması önem kazanmaktadır. 2012 yılında gerçekleştirilen 1. Pedagojik Alan Bilgisi Zirvesi'nden dört yıl sonra düzenlenen 2. Pedagojik Alan Bilgisi Zirvesi'nde de bu inceleme ve tartışmalarla öğretmen eğitimine katkı sağlanmaya çalışıldı. 2. Pedagojik Alan Bilgisi Zirvesi'nin odağında daha çok veri ve analiz vardı. Ancak Consensus Modeli (CM) tekrar tartışıldı ve Rafine Consensus Modeli (RCM) ortaya çıktı. ""Repositioning Pedagogical Content Knowledge in Teachers' Knowledge for Teaching Science"" başlıklı kitap, 2. Zirve sırasında kaydedilen ilerlemeyi ortaya koymayı, Rafine Consensus Modeli (RCM) modelini tüm PAB araştırmacılarına tanıtmayı ve uygulamalara açıklık getirmeyi amaçlıyor. Öğretmen eğitimi ile ilgilenen araştırmacı ve öğretmenlere katkı sağlamak amacıyla incelenen bu kitabın, ilgili literatürü yansıtarak okuyucularda son gelişmeler hakkında bir kanaat oluşturacağı düşünülmektedir."
pedagogical content knowledge expert teachers,crossref,ok,2160529,10.32469/10355/66375,"Analysis of content and pedagogical content knowledge in secondary mathematics teachers' preparation programs : perceptions of novice teachers, cooperating teachers, and university professors",,"Previous research focused on characteristics of effective teachers, teacher recruitment or new pathways to teaching (Ball and Forzani, 2009; Ronfeldt et. al., 2014). However, there is a gap in the research regarding the best path to prepare secondary math teachers. Universities create a customized path of preparation based on their beliefs within the scope of a set of standards given by organizations such as the National Council for Teachers of Mathematics or National Council for Accreditation of Teacher Education. Further research supports the necessity for both content and pedagogical knowledge (Ball, 2000; Graham and Fennell, 2001; NCATE, 2010; Thames and Ball, 2010). Therefore, the purpose of this qualitative case study pursues to increase the research by uncovering perceptions of secondary math teacher preparation with the standards, content knowledge, and content pedagogical knowledge. The study included two universities? programs to gain awareness as to the interpretations of novice teachers, cooperating teachers, and University professors of the pre-service training program used to prepare future secondary mathematics educators. The findings suggest: while only the Mathematics Education Professor at both Universities were the only study participants to have a vast knowledge of the standards it did not seem to impede on the overall preparation of the novice teacher. Novice and Cooperating teachers lacked the vision for the purpose and value of upper level math classes required for the degree. Both Novice and Cooperating Teachers wanted an increase in opportunities for real-world content pedagogical situations along with differentiation, co-teaching, and Special Education. Novice teachers acknowledged the need for relationships with University professors and peers in their path toward preparation. Lastly, Mathematics Education Professors stated value in making connections between courses and research to high school math. Furthermore, the finding suggest for teacher preparation program: to prepare secondary math teachers for the current culture of mathematics education, content and pedagogical courses should not be separated and a push to increase program enrollment should be a priority."
pedagogical content knowledge expert teachers,crossref,ok,2160529,10.5353/th_b3196348,Primary mathematics teachers' pedagogical content knowledge of the teaching of quadrilaterals,,
pedagogical content knowledge expert teachers,crossref,ok,2160529,10.46827/ejel.v9i5.5663,"PERSPECTIVES OF EFL TEACHERS ON CONTENT KNOWLEDGE, TECHNOLOGICAL CONTENT KNOWLEDGE, AND PEDAGOGICAL CONTENT KNOWLEDGE",2024,"A qualitative study was conducted in a Vietnamese city to investigate the EFL teachers’ perspectives on CK, TCK, and PCK. Qualitative data revealed that integrating Technological Pedagogical Content Knowledge (TPACK) into English teaching practices is considered time-consuming, impeded by factors such as time constraints and students' cognitive abilities. This study also investigated the level of content integration among educators, specifically those using traditional teaching methods emphasising textbook information. The investigation revealed a deficiency in the effective integration of technological tools during teaching practicum despite using various technologies. This is due to the lengthy duration of the process and the difficulties faced by individuals with limited proficiency in keeping pace with technological advancements. Most teachers exhibited confidence in utilizing pedagogical skills to deliver content in English classrooms, employing various effective approaches, techniques, and methods. Recommendations for future research are put forward.&lt;p&gt; &lt;/p&gt;&lt;p&gt;&lt;strong&gt; Article visualizations:&lt;/strong&gt;&lt;/p&gt;&lt;p&gt;&lt;img src=""/-counters-/soc/0705/a.php"" alt=""Hit counter"" /&gt;&lt;/p&gt;"
pedagogical content knowledge expert teachers,crossref,ok,2160529,10.1007/0-306-47217-1_2,The Complex Nature and Sources of Teachers’ Pedagogical Knowledge,,
pedagogical content knowledge expert teachers,crossref,ok,2160529,10.23860/diss-hersey-nicole-2018,INVESTIGATING BEGINNING SECONDARY MATHEMATICS TEACHERS’ PERCEPTIONS AND DEVELOPMENT OF THEIR PEDAGOGICAL CONTENT KNOWLEDGE,,
pedagogical content knowledge expert teachers,crossref,ok,2160529,10.24235/eltecho.v5i2.6743.s1584,INSTRUMENTS OF ENGLISH TEACHERS’ PEDAGOGICAL CONTENT KNOWLEDGE: THE DEGREE OF CONSISTENCY BETWEEN PERCEPTION AND IMPLEMENTATION,,
pedagogical content knowledge expert teachers,crossref,ok,2160529,10.5353/th_b5328025,Experienced teachers' development of pedagogical content knowledge for teaching a new topic,,
pedagogical content knowledge expert teachers,crossref,ok,2160529,10.7176/ikm/11-3-01,Unpacking Technological Pedagogical Content Knowledge Level of Religious and Moral Education Teachers,2021,
pedagogical content knowledge expert teachers,crossref,ok,2160529,10.1016/j.tate.2023.104149,Novice and expert teachers’ use of content-related knowledge during pedagogical reasoning,2023,
pedagogical content knowledge expert teachers,crossref,ok,2160529,10.9734/bpi/mono/978-81-966449-1-8/ch3,Physics Teachers’ Pedagogical Content Knowledge,2023,
pedagogical content knowledge expert teachers,crossref,ok,2160529,10.21449/ijate.593636,Development of a Preschool Teachers’ Pedagogical Content Knowledge Scale regarding Mathematics,2020,"This study aimed to
develop a measurement tool in order to assess preschool teachers’ pedagogical
content knowledge regarding mathematics. The study was based on 300 preschool
teachers working in formal independent kindergartens and nursery classes of
primary/secondary schools in the Kahramanmaraş Province of Turkey. Among the
participants, 150 were chosen for pre-application and 150 for the main
application. The scale consists of five different case studies and a total of 35
items, including dialogues that focus on mathematical content and processes reflected
in children’s talk during their play. In calculating the reliability of the
scale, Cronbach Alpha was found to be .95 for the pre-application and .96 for
the main application. For the validity of the scale, exploratory and
confirmatory factor analyses were performed. The exploratory factor analysis
results revealed the scale to be a single-factor structure. When the factor
loads of each relevant item were examined, no item was found to exist with a
factor load value of less than .30. After confirmatory factor analysis was
performed, the model fit indices of CFI, TLI, RMSEA, and SRMR values were found
to be .91, .91, .06 and .06, respectively. These results show the model to be
reliable to an acceptable level. Based on the findings, it could be concluded
that the scale is an instrument that produces valid and reliable measures, and
that it can be used in order to determine the preschool teachers’ pedagogical content
knowledge regarding mathematics."
pedagogical content knowledge expert teachers,crossref,ok,2160529,10.26512/rpf.v1i1.46024,Strengthening Pedagogical Content Knowledge Of Preservice Physics Teachers: 3 Cases On Electric Circuits,2022,"Este trabalho é parte de uma tese de doutorado cujo objetivo é permitir que futuros professores possam construir ou fortalecer (pelo menos parte de) um Conhecimento de Conteúdo Didático (CCD) em espaços curriculares de física. Para tanto, um curso de eletromagnetismo foi reconstruído com base em resultados de pesquisas em educação científica que promovem o envolvimento disciplinar produtivo dos alunos. Este trabalho de pesquisa caracteriza o CCD sobre circuitos elétricos de dois estudantes de treinamento de professores que tomaram o curso Fenômenos Eletromagnéticos didaticamente reconstruídos. Ao mesmo tempo, também caracterizamos o CCD de outro estudante que tomou o mesmo assunto, mas antes de ser reconstruído didaticamente. Para a caracterização dos CCD, foi solicitado a cada um dos alunos dos três alunos envolvidos neste estudo que elaborasse uma sequência de atividades de duas aulas sobre circuitos elétricos e cada componente do CCD foi analisado com base em uma rubrica projetada para este fim. A análise mostra que os CCD correspondem aos professores estagiários, embora haja diferenças entre eles. Os alunos que cursaram o curso Fenômenos Eletromagnéticos reconstruídos didaticamente, têm um CCD mais desenvolvido nos circuitos elétricos em comparação com aqueles que cursaram a mesma disciplina mas com uma abordagem didática tradicional."
pedagogical content knowledge expert teachers,crossref,ok,2160529,10.1007/978-981-13-5898-2,Repositioning Pedagogical Content Knowledge in Teachers’ Knowledge for Teaching Science,2019,
pedagogical content knowledge expert teachers,crossref,ok,2160529,10.29086/10413/22907,Grade 7 technology teachers' topic-specific pedagogical content knowledge in teaching graphic communication.,,
pedagogical content knowledge expert teachers,crossref,ok,2160529,10.5353/th_b3124406,Conceptions of the pedagogical content knowledge : changing experiences of geography student teachers,,
pedagogical content knowledge expert teachers,crossref,ok,2160529,10.5204/thesis.eprints.240795,Pre-service teachers' mathematical pedagogical content knowledge of the order of operations,,"This study examined pre-service secondary mathematics teachers’ mathematical pedagogical content knowledge pertaining to the order of operations. The conceptual framework developed in this study has both theoretical and methodological significance and holds potential for further research on mathematical pedagogical content knowledge beyond the order of operations. The findings shed light on the participants' reasons for utilising the order of operations and identify misinterpretations they encountered. Furthermore, the study highlights the challenges faced by pre-service secondary mathematics teachers who lack mathematical pedagogical content knowledge when planning to teach the order of operations."
pedagogical content knowledge expert teachers,crossref,ok,2160529,10.4324/9781032635194-5,Developing Teachers' Contextual Knowledge and TPACK in a Pedagogical Change Laboratory,2025,
pedagogical content knowledge expert teachers,crossref,ok,2160529,10.30775/kmes.54.3.167,The Relationship Between Backgrounds in Gugak Knowledge Formation and Pedagogical Content Knowledge among Secondary Music Teachers,2025,"본 연구는 중등 음악 교사의 국악 지식 형성 배경이 교수내용지식(PCK)에 미치는 영향을 분석하였다. 이를 위해 국악 지식 형성 배경을 독립변수로, PCK를 종속변수로 설정하고, 성별, 학력, 연수 경험 등의 인구통계학적변인을 통제변수로 설정하였다. 전국의 중등 음악 교사 138명을 대상으로 설문조사를 실시하였으며, 기술통계, 상관분석, 다중회귀분석을 통해 자료를 분석하였다. 분석 결과, 국악 과목 이수 수와 생활화 수업 여부에 따라 PCK수준에서 유의미한 차이가 나타났으며, 국악 지식 형성 배경은 전체 PCK에 긍정적인 영향을 미쳤다. 특히 국악 지식 형성 배경의 하위 요인 중 경험적 배경은 모든 하위 요소에, 개인 내적 배경은 교수지식과 교육과정지식에 유의한 영향을 미친 것으로 나타났다."
pedagogical content knowledge expert teachers,crossref,ok,2160529,10.1108/978-1-68123-106-820251017,Exploring Undergraduate Student-Teachers’ Transformation of Technological Pedagogical Content Knowledge in Mathematics Regarding Pupils’ Assessment,2015,"The purpose of the present study was to explore the transformation of Technological Pedagogical Content Knowledge (TPACK) in Mathematics with regard to the integration of digital tools in teaching in the case of student-teachers in their senior year of studies. Twenty-five student-teachers participated in the programme. Observations and interviews were conducted regarding students’ TPACK transformation in five major areas: curriculum implementation, pupils’ assessment, learning, teaching and access to digital tools. This article presents part of the study, namely the part that is related to pupils’ assessment. Results showed that the context of TPACK can serve as an alternative approach to student-teachers’ training, so that they will be able to integrate technology when teaching Mathematics. Moreover, it was shown that student-teachers modified their initial TPACK with regard to their knowledge of pupils’ assessment. This was made possible because of the experience they gained in the context of this educational intervention. In addition, it became apparent that there is a need for the school curriculum to be enriched with a variety of assessment activities that require the use of digital tools and are meaningful for teachers, as well as for similar training programs to become part of the academic syllabus designed for all teachers.
                  Keywords: TPACK, Mathematics, pupils’ assessment, digital tools"
pedagogical content knowledge expert teachers,crossref,ok,2160529,10.26686/wgtn.29063822,Development of Student Teachers’ Pedagogical Content Knowledge for Teaching Primary Proportions during Practicum in China,,"&lt;p&gt;&lt;strong&gt;This research focuses on the development of student teachers’ (STs) pedagogical content knowledge (PCK) for teaching primary proportions during their practicum experience and associated factors, a topic of growing interest in China and internationally. PCK is essential professional knowledge for teachers as it is associated with effective teaching and children’s learning. PCK represents teacher knowledge for integrating subject content into comprehensible forms for all learners to fulfill specific teaching purposes. Teacher knowledge of curriculum, knowledge of learners, and knowledge of instructional strategies are widely accepted as three important PCK components. Mathematics is an important subject in the 9-year compulsory education system in China, and learning primary mathematics is fundamental for children to access higher education. In China, some researchers assert that many novice primary teachers’ effectiveness is constrained by weak PCK. Therefore, it is important to seek ways to cultivate effective mathematics teachers with robust PCK, especially before they start their careers. Practicum in China is the last phase of initial teacher education. During practicum, STs are assigned to one school for two to six months where they complete classroom tasks including teaching observations, curriculum design, and teaching. Within their initial teacher education, the practicum is their final opportunity to expand PCK before becoming a qualified teacher. To address the research questions, “Is practicum effective for developing PCK? How is STs’ PCK for proportion teaching in terms of knowledge of curriculum, knowledge of learners, and knowledge of instructional strategies developed during practicum?”, this qualitative case study explored the effectiveness of practicum for developing three PCK components and 12 subcomponents, and factors associated with STs’ PCK development. Participants were six student teachers and four mentor teachers who were working together during a 2-month practicum. Data was collected through questionnaires, interviews, documents, and observation, and analysed with a scoring rubric, qualitative deductive, and inductive processes. The findings showed that practicum was more effective in cultivating knowledge of instructional strategies and two subcomponents of knowledge of students; less effective for developing two subdomains of knowledge of curriculum and two subcomponents of knowledge of students; and not effective for developing two subdomains of knowledge of curriculum. Findings also showed that different tasks in practicum may contribute to development of different PCK aspects, and that the three practicum tasks, mentor teachers and STs’ confidence to teach may be strongly associated with PCK development. The findings can enable teacher education programmes to be more strategic about the use of practicum for specific STs’ PCK needs. Contributions of this research include: (a) support other than practicum is needed to develop some aspects of PCK, and (b) further development of the scoring rubric can be applied. Findings of this research may be generalisable to other mathematics topics and the combination of questionnaire and the scoring rubric may have potential for investigating PCK across other subject areas.&lt;/strong&gt;&lt;/p&gt;"
pedagogical content knowledge expert teachers,crossref,ok,2160529,10.18130/v3t727f6j,"Evaluating Two Course Sections for Enhancing Novice Elementary Preservice Teachers' Technological, Pedagogical, and Content Knowledge",,
pedagogical content knowledge expert teachers,crossref,ok,2160529,10.5204/thesis.eprints.112507,The Teaching of Children's Literature: A Case Study of Primary Teachers' Pedagogical Content Knowledge,,
pedagogical content knowledge expert teachers,crossref,ok,2160529,10.1007/978-94-6091-821-6,Understanding and Developing Science Teachers’ Pedagogical Content Knowledge,2012,
pedagogical content knowledge expert teachers,crossref,ok,2160529,10.29333/pr/15647,Pre-service teachers manifested mathematics pedagogical content knowledge: The role of the teaching practicum,2025,"Pedagogical content knowledge (PCK) begins to develop during teacher education and the teaching practicum reinforces its development. This study is an interpretive inquiry into pre-service mathematics teachers’ practicum classrooms. The study explored four pre-service mathematics teachers’ PCK through observations and interviews. The pre-service teachers were found teaching various mathematics topics to students at different levels of secondary education. Findings indicate that pre-service teachers demonstrated some important elements of mathematics PCK. However, they tended to focus more on procedural rather than conceptual learning, lacked knowledge of some topic-specific teaching and learning resources, and made some flaws, possibly emanating from a lack of classroom experience. The study recommends teacher education to focus more on analysis of the mathematics curriculum and opportunities for practical teaching sessions including practicum and microteaching that are supported by experienced mentors in mathematics."
pedagogical content knowledge expert teachers,crossref,ok,2160529,10.1007/978-94-6300-313-1_5,Analysing Teachers’ Pedagogical Content Knowledge from the Perspective of the Joint Action Theory in Didactics,2015,
pedagogical content knowledge expert teachers,crossref,ok,2160529,10.30707/etd2021.20220215070319007319.999974,Beyond the Mathematics Major: Identifying the Pedagogical Content Knowledge Exhibited by Preservice Secondary Mathematics Teachers,,
pedagogical content knowledge expert teachers,crossref,ok,2160529,10.1080/13450600500105502,Teacher pedagogical constructions: a reconfiguration of pedagogical content knowledge,2005,
pedagogical content knowledge expert teachers,crossref,ok,2160529,10.21125/iceri.2019.1507,CAPTURING STUDENT TEACHERS’ TECHNOLOGICAL PEDAGOGICAL AND CONTENT KNOWLEDGE: USING A PEDAGOGICAL TOOL CALLED TECHNOLOGY CONTENT REPRESENTATION AND VIDEO REFLECTION,2019,
pedagogical content knowledge expert teachers,crossref,ok,2160529,10.1108/978-1-68123-106-820251011,How Teachers Develop Technological Pedagogical Content Knowledge (Tpack) For Contemporary Learning Environments,2015,"ABSTRACT
                  In recent years, Technological Pedagogical Content Knowledge (TPACK) framework has gained considerable attention from educators and researchers worldwide. The main reason for this popularity is because of the fact TPACK provides educators with a holistic framework to understand and address issues that have emerged over the years in technology integration efforts at schools and educational institutions. In spite of the fact TPACK provides a theoretically sound framework that involves major components (Pedagogy, Content and Technology) of teaching and learning, development of TPACK skills by educators requires in-depth understanding of the components and relations among them as discussed in previous chapters of this book. This chapter aims to discuss (1) measurement strategies of the TPACK development process, based on recent studies of TPACK and (2) the development process of a specific TPACK instrument."
pedagogical content knowledge expert teachers,crossref,ok,2160529,10.47750/jett.2023.14.05.015,Pedagogical Content Knowledge of Pre-Service Mathematics Teachers Leading to Continual Improvement,2023,
pedagogical content knowledge expert teachers,crossref,ok,2160529,10.1007/978-94-6300-313-1_8,Collaborative Pedagogical Content Knowledge Creation in Heterogeneous Learning Communities,2015,
expert novice differences in teaching diagnosis,crossref,ok,2290615,10.58809/klex7726,Intuition : Differences Between Novice and Expert Nurses,,"The purpose of this investigation was to explore the perceived intuition and willingness to act on intuition among novice nurses, who had worked one year or less as a registered nurse, and expert nurses, who had worked six years or more as a registered nurse.  This investigation evaluated differences between novice and expert nurses on perceived intuition and willingness to act on intuition, relationship between perceived intuition/selected demographic variables, and relationship between willingness to act on intuition/selected demographic variables.  The selected demographics were age of nurse, years of experience, number of hospitalizations, and length of time at current position and social support.  Benner’s (1984) theory of “Novice to Expert” was utilized as the theoretical foundation for this investigation.  The participants (N=100) were registered nurses who work at least 32 hours a week in rural hospitals in a Midwestern state.  Data were collected by utilizing these three tools: Gobin Demographic Tool to obtain information about the participants, Duke-UNC Functional Social Support Questionnaire (Broadhead, Gehlbach, DeGruy, &amp; Kaplan, 1988) to obtain self-report information about the amount of social support in the participants’ lives, Miller Intuitiveness Instrument (Miller, 1993) which measured perceived intuition and willingness to act on intuition.   Findings indicated a difference between perceived intuition and the two groups of nurses, a difference between willingness to act on intuition and the two groups of nurses.  A correlation existed between perceived intuition/years of nursing experience and willingness to act on intuition/years of nursing experience.  However, there were no significant correlations between age, years at current position, and number of times hospitalized and perceived intuition or willingness to act on intuition.  Willingness to act on intuition and social support also had no significant correlation.  When looking at social support associated with the two groups, the novice group had a significant correlation with intuition and willingness to act on intuition, whereas the expert group had no significant correlation."
expert novice differences in teaching diagnosis,crossref,ok,2290615,10.4324/9780203052969-15,Cognitive Structure Testing: A Computer System for Diagnosis of Expert-Novice Differences: Bruce K. Britton and Pamela Tidwell,2012,
expert novice differences in teaching diagnosis,crossref,ok,2290615,10.1016/j.tate.2017.04.015,See and tell: Differences between expert and novice teachers’ interpretations of problematic classroom management events,2017,
expert novice differences in teaching diagnosis,crossref,ok,2290615,10.1080/10632913.1993.9936928,Novice and Expert Differences in Art Teaching: The Effects of Knowledge and Experience,1993,
expert novice differences in teaching diagnosis,crossref,ok,2290615,10.4018/978-1-59140-860-4.ch010,Expert-Novice Differences and Adaptive Multimedia,2006,"This chapter provides an overview of theoretical frameworks and empirical evidence for the design of adaptive multimedia that is tailored to individual levels of user expertise to optimize cognitive resources available for learning. Recent studies indicate that multimedia design principles that benefit low-knowledge users may disadvantage more experienced ones due to increase in cognitive load required for integration of presented information with available knowledge base. The major implication for multimedia design is the need to tailor instructional formats to individual levels of expertise. The suggested adaptive procedure is based on empirically-established interactions between levels of user proficiency and formats of multimedia presentations (the expertise reversal effect), and on real-time monitoring of users’ expertise using rapid cognitive diagnostic methods."
expert novice differences in teaching diagnosis,crossref,ok,2290615,10.1177/002248718904000407,Expert-Novice Differences in Teaching: A Cognitive Analysis and Implications for Teacher Education,1989,Livingston and Borko examine the implications of theory and research on pedagogical expertise for teacher education. They describe an investigation of the thoughts and actions of a small number of expert and novice teachers. Differences among the teachers are analyzed from two perspectives: teach ing as a complex cognitive skill and improvisational perfor mance. They then offer recommendations for teacher educa tion practice.
expert novice differences in teaching diagnosis,crossref,ok,2290615,10.1097/00006223-199611000-00005,Novice-Expert Differences in Decision Making,1996,
expert novice differences in teaching diagnosis,crossref,ok,2290615,10.1207/s15328015tlm1404_10,Expert-Novice Differences in Memory: A Reformulation,2002,
expert novice differences in teaching diagnosis,crossref,ok,2290615,10.31234/osf.io/fc3da_v1,Similarity Ratings Reveal Expert-Novice Differences in Knowledge Organization,2026,"In this study, we examine expert-novice differences in knowledge organization using similarity ratings.  This approach revealed not only expected expert-novice differences in knowledge organization, but also aspects of expert knowledge organization that are unavailable in methods that depend on self-report or awareness."
expert novice differences in teaching diagnosis,crossref,ok,2290615,10.31234/osf.io/fc3da_v2,Similarity Ratings Reveal Expert-Novice Differences in Knowledge Organization,2026,"In this study, we examine expert-novice differences in knowledge organization using similarity ratings.  This approach revealed not only expected expert-novice differences in knowledge organization, but also aspects of expert knowledge organization that are unavailable in methods that depend on self-report or awareness."
expert novice differences in teaching diagnosis,crossref,ok,2290615,10.1007/978-1-4613-9733-5_14,Expert-Novice Differences and Knowledge Elicitation,1992,
expert novice differences in teaching diagnosis,crossref,ok,2290615,10.31234/osf.io/fc3da_v3,Similarity Ratings Reveal Expert-Novice Differences in Knowledge Organization,2026,"In this study, we examine expert-novice differences in knowledge organization using similarity ratings.  Geology novices and experts provided pairwise similarity ratings for images of typical and atypical geological specimens drawn from the Rocks-30 and Rocks-360 stimulus sets provided by Nosofsky and colleagues (2018a). The pairwise similarity ratings for each group were used to construct multidimensional space representations as well as network models.  Both network and MDS analyses revealed clear taxonomic differentiation by the experts.  The novice MDS dimensions were easily matched to perceptual feature ratings provided in the Rocks-30 dataset.  However, some of the expert dimensions did not match either the perceptual feature ratings or expert self-reported features. These results reveal expert-novice differences in knowledge organization using a quantitative methodology, and also suggest that aspects of expert knowledge organization may be missed when using methods that depend on self-report."
expert novice differences in teaching diagnosis,crossref,ok,2290615,10.1109/mex.1987.4307101,Intention-Based Diagnosis of Novice Programming Errors,1987,
expert novice differences in teaching diagnosis,crossref,ok,2290615,10.1063/1.1807271,Expert-Novice Comparisons to Illuminate Differences in Perceptions of Problem Solutions,2004,
expert novice differences in teaching diagnosis,crossref,ok,2290615,10.1891/9780826125996.0003,Power of Faculty: The Tact of Teaching,2015,
expert novice differences in teaching diagnosis,crossref,ok,2290615,10.1142/9789811226557_0003,How Learning Looks for a Novice: Implications of Expert–Novice Research for Physics Teaching and Learning,2020,
expert novice differences in teaching diagnosis,crossref,ok,2290615,10.1017/cbo9781139524698.004,Characteristics of Expert and Novice Teachers,2003,
expert novice differences in teaching diagnosis,crossref,ok,2290615,10.1007/978-3-662-07811-2_5,Strategic knowledge differences between an expert and a novice designer,2003,
expert novice differences in teaching diagnosis,crossref,ok,2290615,10.1063/1.2820905,Expert-Novice Differences on a Recognition Memory Test of Physics Diagrams,2007,
expert novice differences in teaching diagnosis,crossref,ok,2290615,10.1097/01253086-199620010-00021,Skill Differences in Novice and Expert Clinicians in Neurologic Physical Therapy,1996,
expert novice differences in teaching diagnosis,crossref,ok,2290615,10.1123/jsp.9.4.326,Expert-Novice Differences in an Applied Selective Attention Task,1987,"Two experiments are described comparing the temporal and spatial characteristics of the anticipatory cues used by expert (n=20) and novice (n=35) racquet sport players. In both experiments the perceptual display available in badminton was simulated using film, and display characteristics were selectively manipulated either by varying the duration of the stroke sequence that was visible (Experiment 1) or by selectively masking specific display features (Experiment 2). The subjects* task in all cases was to predict the landing position of the stroke they were viewing. It was found in Experiment 1 that experts were able to pick up more relevant information from earlier display cues than could novices, and this appeared in Experiment 2 to be due to their ability to extract advance information from the playing side arm, in addition to the racquet itself. These differences, it was concluded, were congruent with predictions that could be derived from traditional information-processing notions related to recognition of display redundancy. The roles of different anticipatory cue sources in the independent predictions of stroke speed and direction were also examined, and it was concluded that directional judgments were more dependent on cue specificity than were depth judgments."
expert novice differences in teaching diagnosis,crossref,ok,2290615,10.1177/0255761413508065,The differences between novice and expert group-piano teaching strategies: A case study and comparison of beginning group piano classes,2013,"This case study compares the teaching strategies employed by a novice and an expert instructor of two beginning children’s group-piano classes. In the United States, there is a century-long tradition of teaching piano to children in groups, and group teaching is championed in pedagogy texts and at professional educator conferences throughout the world. However, there are few meaningful formal opportunities for professional development of group-teaching skills or for observation of successful group-piano instruction available to teachers who wish to develop group-teaching skills. This exploratory study seeks to provide some initial data about group-teaching practices of novice and expert teachers. Curricular considerations, teaching techniques, and student engagement and learning emerged as common themes. Analysis highlights how the components of these themes manifested themselves in these novice and expert teachers’ classes and describes how these teaching techniques affected students. It is hoped that future research will include testing new paradigms for training teachers to work effectively with groups of beginning piano students."
expert novice differences in teaching diagnosis,crossref,ok,2290615,10.15858/engtea.66.4.201112.73,Construction of Expert-Novice Identities in Language-Exchange Interactions,2011,
expert novice differences in teaching diagnosis,crossref,ok,2290615,10.1016/j.teln.2012.10.004,From bedside to classroom: From expert back to novice,2013,
expert novice differences in teaching diagnosis,crossref,ok,2290615,10.21125/iceri.2018.2582,DESIGN THINKING EXPERTISE: A NOVICE-TO-EXPERT LEVEL FRAMEWORK FOR TEACHING DESIGN THINKING,2018,
expert novice differences in teaching diagnosis,crossref,ok,2290615,10.1016/j.neuroscience.2015.11.064,Expert–novice differences in brain function of field hockey players,2016,
expert novice differences in teaching diagnosis,crossref,ok,2290615,10.4324/9780203646946-10,A Cognitive Analysis of Patterns in Science Instruction by Expert and Novice Teachers,2004,
expert novice differences in teaching diagnosis,crossref,ok,2290615,10.1023/a:1008152928725,Taking a Second Look: Expert and Novice Differences when Observing the Same Classroom Teaching Segment a Second Time,2000,
expert novice differences in teaching diagnosis,crossref,ok,2290615,10.1016/j.teln.2012.01.004,Successful transition from expert nurse to novice educator?,2012,
expert novice differences in teaching diagnosis,crossref,ok,2290615,10.1515/9783110879032.364,Medical Speech Events as Resources for Inferring Differences in Expert- Novice Diagnostic Reasoning,1995,
expert novice differences in teaching diagnosis,crossref,ok,2290615,10.1123/iscj.2017-0051,Differences Between Expert and Novice Tennis Coaches’ Perceptual Capacities,2018,"The purpose of this study was to examine analytic perceptions of expert and novice tennis coaches. Four expert and four novice tennis coaches volunteered as study participants. Both a video analysis and a recall test provided data for this investigation. In the video analysis protocol, participants were asked to describe what they observed while viewing a 10-minute video of a tennis practice session. In the recall test, a series of 10 tennis related slides were viewed by each of the coaches. After viewing each slide for five seconds, the coaches were asked what they recalled from the slide. The completed written accounts from the video analysis and the recall test audiotapes were transcribed and served as the primary data. The researchers looked for recurring themes and categories using the generic qualitative study technique. Data analysis revealed six themes: (a) the quantity of cues perceived, (b) attention to critical features, (c) analytic depth, (d) recognizing meaningful patterns, (e) anticipating the future, and (f) from description to prescription. These findings, while new to the coaching literature, supported previous research in other fields regarding the importance and domain specificity of experts’ superior perceptual capacities."
expert novice differences in teaching diagnosis,crossref,ok,2290615,10.1891/9780826125996.0001,Moving From an “Expert” to a “Novice” Role,2015,
expert novice differences in teaching diagnosis,crossref,ok,2290615,10.1007/1-4020-2094-5_9,Teaching Expertise,,
expert novice differences in teaching diagnosis,crossref,ok,2290615,10.1016/j.tate.2026.105447,"A systematic review and meta-analysis of performance-based differences between expert and novice teachers across knowledge, skill, and judgment",2026,
expert novice differences in teaching diagnosis,crossref,ok,2290615,10.1891/9780826125996.0006,Socratic Pedagogy: Teaching Students to Think Like Nurses,2015,
expert novice differences in teaching diagnosis,crossref,ok,2290615,10.21278/idc.2018.0159,SHAPING PRODUCTS: DIFFERENCES BETWEEN EXPERT AND NOVICE INDUSTRIAL DESIGNERS,2018,
expert novice differences in teaching diagnosis,crossref,ok,2290615,10.5296/ijl.v3i1.795,Effective Teaching: Exploring Expert and Novice EFL Teachers’ Attitudes in Iran,2011,
expert novice differences in teaching diagnosis,crossref,ok,2290615,10.1016/s0191-8869(98)00058-0,"Personality, psychological states and heart rate in novice and expert parachutists",1998,
expert novice differences in teaching diagnosis,crossref,ok,2290615,10.1145/63266.63267,The quality of expertise: implications of expert-novice differences for knowledge acquisition,1989,"Recognizing that the knowledge of experts is qualitatively and not just quantitatively different from the knowledge of novices is an important pre-requisite to conducting effective knowledge acquisition. This article reviews the current cognitive research on expertise and proposes seven ways in which the knowledge of experts is different from the knowledge of novices, including such aspects as underlying schema, goal-orientation, practical focus, categorical chunking, cognitive complexity, automaticity of expert problem solving, and finally, the episodic nature of expert memory. The paper concludes with an outline of several implications that follow from this research including showing why knowledge acquisition will remain problematic without knowledge of experts' knowledge, as well as making a number of specific suggestions for those who need to elicit expert knowledge for knowledge-based systems."
expert novice differences in teaching diagnosis,crossref,ok,2290615,10.1017/cbo9781139174077.008,Expert and novice differences in cognition and activity: A practical work activity,1996,
expert novice differences in teaching diagnosis,crossref,ok,2290615,10.1037/e705482007-001,Prototype of Countertransference: A validation and Individual Differences Study Among Expert and Novice Counselors,2007,
expert novice differences in teaching diagnosis,crossref,ok,2290615,10.1016/j.tate.2023.104149,Novice and expert teachers’ use of content-related knowledge during pedagogical reasoning,2023,
expert novice differences in teaching diagnosis,crossref,ok,2290615,10.1109/iros.2013.6696571,An adjustable autonomy paradigm for adapting to expert-novice differences,2013,
expert novice differences in teaching diagnosis,crossref,ok,2290615,10.1016/0742-051x(91)90039-r,The stories of expert and novice student teachers' supervisors: Perspectives on professional development,1991,
expert novice differences in teaching diagnosis,crossref,ok,2290615,10.1016/0742-051x(93)90055-l,Novice and expert teachers' time epistemology: A wave function from didactics to pedagogy,1993,
expert novice differences in teaching diagnosis,crossref,ok,2290615,10.7759/cureus.59801,Analyzing the Differences in the Degree of Force Application Between Novice and Expert Physiotherapists Using a Muscle Deformation Sensor,2024,
expert novice differences in teaching diagnosis,crossref,ok,2290615,10.1016/j.ambp.2008.03.022,21. Teaching Clinical Expertise to Pediatric Residents: Transforming Novice Residents to Expert Learners,2008,
expert novice differences in teaching diagnosis,crossref,ok,2290615,10.1016/s0031-9406(05)61321-1,Differences in the Clinical Reasoning Process of Expert and Novice Cardiorespiratory Physiotherapists,2000,
expert novice differences in teaching diagnosis,crossref,ok,2290615,10.1123/jsep.22.1.39,Expert-Novice Differences in Planning Strategies during Collegiate Singles Tennis Competition,2000,"Research examining planning strategies used by high-strategy open-skill performers is limited. This study examined planning responses of collegiate varsity (experts, n = 6) and beginner (novices, n = 6) women tennis players between points during competition. Other articles focused on expert-novice differences in problem representations (quantitative analyses of verbal data via audiotaping) accessed during simulated situations and during actual competition (immediate recall point interviews) and performance skills during competition (via videotaping). Mann-Whitney U tests on verbal report measures indicated experts generated more total, varied, and sophisticated goal, condition, action, and do concepts than novices. Experts planned for actions based on elaborate and sophisticated action plan and current event profiles; novices rarely planned and they lacked these memory structures. Differences in internal self-talk were also noted."
expert novice differences in teaching diagnosis,crossref,ok,2290615,10.14426/cristal.v10i1.1825,Theoretical physicist identity development: A critical account of factors influencing progression from novice to expert,2021,
expert teachers formative feedback specificity elaboration,crossref,ok,979535,10.4135/9781529738742.n5,In-lesson feedback - how can we give feedback during lessons?,2021,
expert teachers formative feedback specificity elaboration,crossref,ok,979535,10.32658/10497/30030,Exploring primary science teachers' conceptions and practices of formative assessment and feedback,,"This study sought to understand primary science teachers’ assessment and feedback practices in Singapore following the landmark Primary Education Review and Implementation Report (PERI) in 2011. Current knowledge concerning assessment and feedback in Singapore schools is based on large-scale quantitative studies or discipline specific case studies. The study instead is situated within other changes in teacher knowledge dimensions and professional development through the introduction of the Singapore Teaching Practice in 2017 and the express delineation of teacher assessment literacy competencies through the SkillsFuture for Educators (SFEd) initiative. The study used a conceptual framework built upon two models of assessment literacy from Abell and Siegel (2011) and Xu and Brown (2016) to examine teachers’ assessment and feedback practices at two levels: their conceptions of formative assessment and feedback in the context of science teaching, and their enactment of feedback in the context of their classrooms. Additionally, the study sought to identify the macro, meso and micro level contextual factors influencing teachers’ assessment and feedback practices.
        The findings offer critical insights into how local science teachers teach and assess students’ learning as they respond to assessment reform. Qualitative content analysis identified four main themes of conceptions of formative assessment and feedback: Teacher and student accountability, improvements to performance and learning, discipline-specific processes, and customisation for different learners. It was found that teachers held themselves accountable for planning and using formative assessment and feedback to assess students’ understanding and provide feedback. However, they also held students accountable as active participants in the assessment process; students needed to know where they were going, where they were, and how to move to the next stage.
        Despite this, teachers placed less emphasis on practices that involved students in the assessment processes such as peer and self-assessment. While teachers viewed assessment and feedback as essential for learning, they also held convergent views of assessment that fulfilled examination requirements. Teachers expressed the need for formative assessment to provide information for the differentiation of instruction. This was based on students’ abilities and the customisation of feedback approaches for different profiles of students.
        At the second level, the study presents an in-depth analysis of teachers’ classroom assessment and feedback practices through dual lenses: the researchers’ observations and the teachers’ reflections on lessons. The researchers’ observations identified teachers’ pedagogical approaches, lesson organisation and classroom feedback episodes. Using a video-based recall and reflection, their classroom feedback episodes were characterised based on the focus, content, and function of feedback. The findings showed that while the three case study teachers had common conceptions about formative assessment and feedback, they associated these conceptions with different practices in their classroom enactment resulting in different extents of coherence between conceptions and practice. Additionally, the analysis identified factors at the macro, meso and micro levels that contextualised their practice. At the macro level, a key factor was the backwash effects of summative and performance-focused assessment practices, particularly, the Primary School Leaving Examinations (PSLE) in Singapore. The findings showed that while teachers’ conceptions showed that they valued formative assessment, their classroom feedback practices were focused on helping students achieve during summative assessments even though they were not teaching graduating cohorts.
        At the meso level, the factors included the organisation of the school-based science curriculum comprising the teaching and assessment guidelines, the supplementary resources and the assessment schedule set by the school and subject departments. The findings showed differences in the way the three teachers sequenced their teaching to embed formative assessment and opportunities for feedback in their teaching despite using a common scheme of work with department-designed supplementary materials.
        At the micro level, two factors influenced teachers’ practice: teachers’ knowledge of science teaching pedagogies, formative assessment strategies and feedback literacy and learner profiles. While the inquiry-based approach to teaching science has been advocated by the Ministry of Education (MOE) and the primary science syllabus, the enactment of inquiry-based pedagogies by teachers was inconsistent. Additionally, there was a lack of common understanding of how to embed formative assessment and feedback practices in the teaching of science across the three teachers. While the use of classroom questioning was a common elicitation strategy used by the teachers, the interpretation and use of information gathered through these elicitations to provide feedback for students and to improve subsequent instruction was varied. At the micro level, it was found that teachers’ choices of elicitation strategies, feedback focus, content and function were further strongly influenced by the profile of learners in the classroom.
        The study presents insights into the complexities of enactment of assessment change in science classrooms. Among other implications, it underscores the need to strengthen science teachers’ knowledge of classroom assessment centred on disciplinary substance – the epistemic underpinnings, conceptual organisation and social processes that define what assessing learning means in the context of a discipline. School-based science curriculum organisation need to include a system of formative assessment and feedback practices that are coherent with the goals of science education supported by discipline specific pedagogy and tools. Professional development for assessment literacy must move beyond domain-general, one-size-fits all models to include assessment knowledge dimensions specific to the subject discipline. Additionally, professional development programmes need include sustained, collaborative and practice-embedded opportunities for teachers to apply and reflect on their assessment knowledge the context of their classrooms. Future research in this area can leverage such programmes by adopting a design-based approach to study the impact of assessment literacy professional development for science teachers."
expert teachers formative feedback specificity elaboration,crossref,ok,979535,10.26686/wgtn.17006677,Formative assessment and feedback in the primary classroom: An interplay between teachers' beliefs and practices,,"&lt;p&gt;This study explores the interplay between teachers’ beliefs and practices in understanding and implementing formative assessment and feedback to enhance student learning. Particularly, it explores teachers’ conceptions of effective formative feedback strategies, and the role they should play in their classroom practice. The context for this investigation was writing lessons in three primary classrooms, and included examination of three cases of primary teachers in the greater Wellington Region, New Zealand. Sadler’s (1989) theory of effective formative assessment and feedback provided the theoretical framework informing both data collection method and the analysis of data. Analysis of classroom observations, teaching documents and field notes revealed that teachers have adopted many strategies associated with good feedback practice. It was revealed, however, that the influence of teachers’ beliefs in the implementation and enactment of formative feedback and the interplay of their beliefs and practices affected their practices. These teachers’ conception and beliefs on how formative feedback should be practiced varied, as did their assumptions about their students’ abilities. These inconsistencies were further influenced by a range of contextual factors, including the diversity of students’ needs, differing collegial support, the structure of school writing programmes, teachers’ limited professional development and/or learning about formative assessment and feedback, and teachers’ learning having been undertaken in an era that favoured behaviourist practices. This research revealed the need for the provision of ongoing professional learning and development in writing instructions and formative assessment and feedback strategies. This would address the apparent inconsistencies between teachers’ conceptions and beliefs regarding effective formative assessment and feedback and their practices. As a result, this would help to promote Sadler’s (1989) formative assessment and feedback strategies to achieve more effective classroom teaching and learning practice. Implications for teachers, schools and professional learning and development are outlined and suggestions for further research included.&lt;/p&gt;"
expert teachers formative feedback specificity elaboration,crossref,ok,979535,10.4135/9781529738742.n6,Post-lesson feedback and marking - how to make them manageable?,2021,
expert teachers formative feedback specificity elaboration,crossref,ok,979535,10.4324/9780203934333-10,Principles of formative assessment and formative feedback,2007,
expert teachers formative feedback specificity elaboration,crossref,ok,979535,10.4324/9780203934333-14,Making use of ICTs in formative assessment and formative feedback,2007,
expert teachers formative feedback specificity elaboration,crossref,ok,979535,10.4324/9780203934333-12,Using formative assessment and formative feedback in learning and teaching,2007,
expert teachers formative feedback specificity elaboration,crossref,ok,979535,10.4324/9780203934333-13,Formative assessment and feedback techniques,2007,
expert teachers formative feedback specificity elaboration,crossref,ok,979535,10.1080/13540602.2013.741839,Collaborative action research as a tool for generating formative feedback on teachers’ classroom assessment practice: the KREST project,2013,
expert teachers formative feedback specificity elaboration,crossref,ok,979535,10.47119/ijrp100851920212309,Secondary School Teachers Rationale for giving Formative Feedback,2021,
expert teachers formative feedback specificity elaboration,crossref,ok,979535,10.4324/9781138610514-6,Making use of technology in formative assessment and formative feedback,2021,
expert teachers formative feedback specificity elaboration,crossref,ok,979535,10.3102/ip.22.1884350,Developing Automated Feedback to Improve Teachers&amp;#39; Formative Assessment of Student Work in Technology-Enhanced Science Curricula (Poster 6),2022,
expert teachers formative feedback specificity elaboration,crossref,ok,979535,10.3102/2011231,Differentiated Formative Feedback for All: Learning From Secondary Math and Science Teachers During a Pandemic,2023,
expert teachers formative feedback specificity elaboration,crossref,ok,979535,10.4324/9780203934333-15,Benefits of formative feedback for academic staff,2007,
expert teachers formative feedback specificity elaboration,crossref,ok,979535,10.17918/etd-6630,A review of the impact from providing formative feedback through the implementation of writer's notebook,,"The purpose of this dissertation was to examine ways in which middle level teachers who implement writer's notebook at a full, partial, or limited level identify the impact of the way they use writer's notebook, provide formative feedback to students about their writing, and associate these practices with more effective teaching of writing. Three main research questions drove this study: How do teachers perceive writer's notebook as impacting the culture of how writing is instructed? Do practices related to providing feedback change over the course of implementing writer's notebook? Do district writing assessment results in January 2015 demonstrate a significant change from student scores in September 2014? Within this last question, the researcher also considered changes across each teacher's classes. The researcher used quantitative and qualitative methods to investigate these questions. A pre and post survey and an analysis of student results on a district writing assessment at two points in the school year comprised the two quantitative research methods. The qualitative methods included interviews at three points during the data collection, observations of teachers' classes, and the collection of samples of teacher feedback on student writing. Conclusive findings related to each of the research questions varied regarding the impact of writer's notebook and formative feedback. During interviews, participants often expressed ideas related to perceiving a shift in teaching writing, especially in terms of modeling, using mentor text, and having students revise their writing. While there were statistically significant differences in certain writing domains on the assessments, a relationship between those differences and the use of writer's notebook and formative feedback was not conclusive. Essentially, findings about changes in practices for providing feedback could not be established. Overall, using writer's notebook may most notably shift perceptions about how writing should be instructed, while additional studies should be conducted to further investigate its impact on student achievement. More studies are also needed to make determinations about changes in teachers' feedback on student writing. Studies conducted throughout a full year or two could yield more conclusive results."
expert teachers formative feedback specificity elaboration,crossref,ok,979535,10.4324/9781003466079-4,Making learning effective – quantity and quality of pre-service teachers' feedback,2024,
expert teachers formative feedback specificity elaboration,crossref,ok,979535,10.4135/9781473944862,Formative Assessment,2005,
expert teachers formative feedback specificity elaboration,crossref,ok,979535,10.4324/9781138610514-4,Formative assessment and feedback techniques,2021,
expert teachers formative feedback specificity elaboration,crossref,ok,979535,10.4324/9781003288978-14,Empowering student teachers' autonomy through an innovative formative feedback schedule at the time of a global pandemic,2023,
expert teachers formative feedback specificity elaboration,crossref,ok,979535,10.4324/9781138610514-2,Principles of formative assessment and feedback,2021,
expert teachers formative feedback specificity elaboration,crossref,ok,979535,10.4324/9781138610514-5,Contemporary perspectives in formative assessment and feedback,2021,
expert teachers formative feedback specificity elaboration,crossref,ok,979535,10.4324/9781138610514-7,Benefits of formative feedback for academic staff,2021,
expert teachers formative feedback specificity elaboration,crossref,ok,979535,10.3102/1681015,Novice Teachers' Appraisal of Expert Feedback in an Induction Program,2021,
expert teachers formative feedback specificity elaboration,crossref,ok,979535,10.1080/2331186x.2025.2541994,‘Give–and–take in the practice of feedback’: formative written feedback as perceived by the secondary science students and teachers,2025,
expert teachers formative feedback specificity elaboration,crossref,ok,979535,10.2307/jj.22246998.389,PERCEPTIONS OF FORMATIVE FEEDBACK AMONG PRE-SERVICE TEACHERS:,2024,
expert teachers formative feedback specificity elaboration,crossref,ok,979535,10.1016/j.tate.2023.104099,Digital video-based peer feedback training: The effect of expert feedback on pre-service teachers’ peer feedback beliefs and peer feedback quality,2023,
expert teachers formative feedback specificity elaboration,crossref,ok,979535,10.5296/jpag.v15i3.23475,Formative Assessment Practices in Malay Language Speaking Skills: Teachers' Feedback and Implications for Secondary Education in Malaysia,2025,"In the Malaysian secondary education system, the teaching of Malay language is currently undergoing the transformation from examination-oriented to formative assessment which is a process of change towards improving student assessment. While the importance of this transformation is important to fulfil students’ needs and the country’s educational goals, there are still some concerns on how teachers perceive and practice this formative assessment, especially in teaching of Malay language. Therefore, this study attempts to explore teachers’ feedback for Malay language speaking skills on students in secondary school in Malaysia. This qualitative research employs a case study design on six secondary school teachers teaching form one and form two who were selected through purposive sampling. The six teacher-informants were selected from secondary school in one of the districts in the southern zone in Peninsular Malaysia. The study data were collected through semi-structured interviews, classroom observation, and document analysis until the data reached the point of saturation. The findings of the study showed that all informants implemented expression of praise and immediate feedback to their students during the Malay language speaking skills assessment activities in the classroom. The findings of this study also indicated that the feedback given by teachers increase the motivation and student achievement in speaking skills. The authors recommend for future studies related to language assessment to identify other effective assessment to enhance student learning and improvement of teacher teaching method so that the national education system can run smoothly in line with Malaysian Standard Curriculum and Assessment Document (DSKP) especially in the Malay language curriculum."
expert teachers formative feedback specificity elaboration,crossref,ok,979535,10.35484/pssr.2022(6-ii)91,Influence of Teachers' Formative Assessment Feedback and Students' Learning Activities on English Subject at Secondary School Level,2022,
expert teachers formative feedback specificity elaboration,crossref,ok,979535,10.21125/edulearn.2024.2161,FIRST-YEAR PRE-SERVICE TEACHERS' E-FORMATIVE FEEDBACK EXPERIENCES AT A UNIVERSITY DURING EMERGENCY REMOTE LEARNING IN SOUTH AFRICA,2024,
expert teachers formative feedback specificity elaboration,crossref,ok,979535,10.4324/9781003360254-27,Reimagining formative assessment and feedback,2025,
expert teachers formative feedback specificity elaboration,crossref,ok,979535,10.4135/9781452219493.n5,Formative Feedback for Teaching,2010,
expert teachers formative feedback specificity elaboration,crossref,ok,979535,10.4135/9781452219493.n6,Formative Feedback for Learning,2010,
expert teachers formative feedback specificity elaboration,crossref,ok,979535,10.4324/9781003288978-15,Enhancing communication through formative assessment and feedback in an online “academic conference”,2023,
expert teachers formative feedback specificity elaboration,crossref,ok,979535,10.17323/jle.2025.19854,How Secondary English Teachers Employ Formative Assessment and Feedback to Scaffold Students' Odyssey in English Learning,2025,"Introduction: The practice of formative assessment and feedback to scaffold student learning in secondary school English classrooms is either neglected or underestimated in the literature.
Purpose: This study reports how secondary English teachers reflect on their practice of formative assessment and feedback in English language teaching. It examines the nexus that teachers make between formative assessments and continuous feedback to promote students' learning.
Method: A semi-structured interview was employed to investigate the teachers' implementation of formative assessment and strategies for giving feedback to students' English learning activities. Classroom observation explored how teachers provided immediate feedback to students' classroom activities. This article examines the data through Lajoie's scaffolding framework.
Results: Findings indicate that teachers' continuous feedback to students' English learning activities and frequent language assessments have become effective in promoting students' English language learning. Despite the limited training they receive, teachers' motivation to learn innovative teaching techniques is crucial for connecting formative assessments with students' English language learning.
Conclusion: The article aims to contribute to the practical understanding of the potentially significant roles of continuous feedback and formative assessment in foreign or second language teaching and learning. It further contributes to the ways the English language is taught in similar contexts."
expert teachers formative feedback specificity elaboration,crossref,ok,979535,10.38140/ijer-2024.vol6.38,E-formative feedback in emergency remote learning: First-year student teachers' experiences and challenges,2024,"This study examined the role of e-formative feedback in emergency remote teaching and learning for first-year student teachers. Numerous scholars have acknowledged the pedagogical value of formative feedback in teacher education. However, there is a pressing need for significant improvement in the quality and accessibility of e-formative feedback provided to student teachers in online learning environments. This study explored the nature of e-formative feedback, technological challenges, and pedagogical practices employed by teacher educators when implementing formative assessment in emergency remote learning contexts. The study is underpinned by Interactive Tutoring Feedback model as the theoretical framework. We utilised the interpretive paradigm and a qualitative approach, specifically employing a case study methodology as a means of inquiry. The empirical investigation involved 20 first-year student teachers selected purposively from a large public university in South Africa. Data were collected through semi-structured interviews and analysis of learning management system logs, with thematic analysis employed to analyse the data. The findings revealed that meaningful e-formative feedback could have been enhanced by addressing contextual factors such as limited internet connectivity and a lack of familiarity with online learning platforms. While student teachers valued the quality of e-formative feedback, they expressed concern regarding their ability to consistently access and engage with feedback to improve their learning in the isolated online environment. This paper recommends providing both student teachers and teacher educators with the necessary technological support and training to effectively utilise e-formative feedback and enhance student teachers' academic achievement and professional development during emergency remote learning."
expert teachers formative feedback specificity elaboration,crossref,ok,979535,10.3102/ip.22.1895651,The First-Stage Validation Analysis of a Newly Developed Scale Instrument for Teachers&amp;#39; Use of Feedback Practice in Formative Assessment: An Exploratory Instrument Design (Poster 25),2022,
expert teachers formative feedback specificity elaboration,crossref,ok,979535,10.5901/jesr.2016.v6n2p141,Secondary School Teachers’ and Students’ Attitudes Towards Formative Assessment and Corrective Feedback in English Language in Ibadan Metropolis,2016,
expert teachers formative feedback specificity elaboration,crossref,ok,979535,10.32642/ncpdje.v5i0.1250,National standardised achievement tests,2019,"Namibia has been implementing the national Standardized Achievement Tests (SATs) since 2009. These tests (SATs) as a national assessment are aimed at overcoming constraints in the assessment system, especially at the primary school level as well as to improve the quality of education through learner assessment. The Namibian SATs are low-stakes in nature; hence they are not used for promotional purposes but rather to provide diagnostic feedback to schools, decision makers and other education stakeholders. Six years down the line, the SATs results have been showing improvement in learner performance at primary school level. A perception survey conducted amongst primary school teachers in Namibia (N =130) revealed a largely positive perception about SATs with majority of respondents agreeing with the relevance of this assessment and its continuation in the education system. The purpose of this paper is to present an overview of Namibian SATs as well as to highlight teachers’ perceptions about this national assessment."
expert teachers formative feedback specificity elaboration,crossref,ok,979535,10.5070/l422049267,Linguistic Features of Formative Feedback on ESL Argumentative Writing: Comparing Pre-service and Experienced Teachers,2021,"This experimental study investigated pre-service and experienced teachers’ formative feedback responding to upper-secondary English as a Second Language (ESL) argumentative essays. It examined differences in feedback quality and linguistic features regarding teaching experience and text quality (high/low). We developed holistic criteria of effective formative feedback based on empirical findings in order to rate comments by 26 experienced and 41 pre-service teachers. Natural language processing tools were then applied to evaluate linguistic features of these comments. Results indicate that teachers provided more high-quality feedback to stronger essays than to weaker texts. No significant difference was found between pre-service and experienced teachers in terms of feedback quality. Further, comment length and absence of negative adjectives seem to predict feedback quality. Implications for research and practice are discussed."
expert teachers formative feedback specificity elaboration,crossref,ok,979535,10.4135/9781036213695,Formative Assessments,2025,
expert teachers formative feedback specificity elaboration,crossref,ok,979535,10.17509/ije.v13i1.24715,Development and Validation of Teachers’ Practices on Formative Assessment Scale (TPFAS): A Measure Using Feedback Loop Model,2020,"This study aimed to develop and validate an instrument regarding teachers’ practices on formative assessment using the elements of the Feedback Loop Model. A pilot study was surveyed to 157 science teachers on how frequently they practice formative assessments in their Science classes. Teachers’ responses were analyzed using Cronbach’s alpha statistics on the Feedback Loop constructs and Confirmatory factor analysis for the entire instrument. Findings suggest that with the deletion of 10 survey items from the initial 44 items, the scale provides a valid and highly reliable measure in determining teachers’ practices on formative assessment."
expert teachers formative feedback specificity elaboration,crossref,ok,979535,10.1007/978-3-319-66327-2_3,"Competences of Mathematics Teachers in Diagnosing Teaching Situations and Offering Feedback to Students: Specificity, Consistency and Reification of Pedagogical and Mathematical Discourses",2017,
expert teachers formative feedback specificity elaboration,crossref,ok,979535,10.37819/revhuman.v11i5.961,Criterios de evaluación y retroalimentación formativa: perspectivas docentes,2022,"This work examines the different teachers’ perspectives when externalising assessment criteria. A number of findings from a doctoral research are exposed. These address, on the one hand, an analytical methodology that seeks clarity and transparency while communicating criteria, and also by decomposing the learning goal into small sequences, conveying an atomized idea of what knowledge is. On the other hand, it explores a more holistic standpoint that foregrounds in the interrelationship amongst assessment criteria by allowing the understanding of the task as a whole. Moreover, the influence of both approaches with regards to feedback and formative assessment is analysed."
expert teachers formative feedback specificity elaboration,crossref,ok,979535,10.37819/humanrev.v11i5.961,Criterios de evaluación y retroalimentación formativa: perspectivas docentes,2022,"This work examines the different teachers’ perspectives when externalising assessment criteria. A number of findings from a doctoral research are exposed. These address, on the one hand, an analytical methodology that seeks clarity and transparency while communicating criteria, and also by decomposing the learning goal into small sequences, conveying an atomized idea of what knowledge is. On the other hand, it explores a more holistic standpoint that foregrounds in the interrelationship amongst assessment criteria by allowing the understanding of the task as a whole. Moreover, the influence of both approaches with regards to feedback and formative assessment is analysed."
expert teachers formative feedback specificity elaboration,crossref,ok,979535,10.12785/ijbmte/030204,Assessment Preferences of Saudi Undergraduate EFL Students: Formative Feedback through Summative Lecture-Based Assessment,2015,
expert teachers formative feedback specificity elaboration,crossref,ok,979535,10.4324/9781003360254-21,Embedding formative feedback through differentiated instruction using Microsoft OneNote Class Notebooks,2025,
expert teachers formative feedback specificity elaboration,crossref,ok,979535,10.4324/9781003360254-2,Formative assessment and feedback in post-digital higher education,2025,
expert teachers formative feedback specificity elaboration,crossref,ok,979535,10.62319/simonrodriguez.v.5i10.56,Retroalimentación formativa de los docentes,2025,"En el contexto educativo contemporáneo, la retroalimentación formativa surge como un elemento fundamental para el desarrollo de competencias, que trasciende la mera corrección del desempeño. El propósito de este estudio fue identificar los niveles de retroalimentación formativa implementados por docentes en instituciones de educación básica. La metodología es cuantitativa, con diseño no experimental transeccional descriptivo. La población estuvo constituida por 142 docentes, de los cuales 115 participaron mediante muestreo no probabilístico intencional. El instrumento fue un cuestionario validado basado en el modelo de Mollo y Deroncele (2022), con alta confiabilidad (α = 0.902). Los resultados revelaron que el 18.3% presenta niveles inadecuados, el 47% niveles regulares, y el 34.8% niveles adecuados de retroalimentación formativa. El análisis dimensional evidenció mayores debilidades en retroalimentación heteroevaluativa (21.7% inadecuado) y metaevaluativa (22.6% inadecuado), mientras que la autoevaluativa mostró mejor desempeño (13.9% inadecuado). Las conclusiones confirman la necesidad de implementar programas de desarrollo profesional docente en competencias de retroalimentación formativa, particularmente en dimensiones evaluativas externas y metaevaluación."
expert teachers formative feedback specificity elaboration,crossref,ok,979535,10.4324/9780203934333,Enhancing Learning through Formative Assessment and Feedback,2007,
expert teachers formative feedback specificity elaboration,crossref,ok,979535,10.7196/ajhpe.2016.v8i1.769,Third-year medical students’ and clinical teachers’ perceptions of formative assessment feedback in the simulated clinical setting,2016,
teacher vision expertise perceptual differences,crossref,ok,1353255,10.1167/9.8.873,Comparing perceptual learning and perceptual expertise with matched stimuli,2010,
teacher vision expertise perceptual differences,crossref,ok,1353255,10.1167/9.6.7,The temporal advantage for individuating objects of expertise: Perceptual expertise is an early riser,2009,
teacher vision expertise perceptual differences,crossref,ok,1353255,10.1167/7.9.1032,Perceptual expertise with cars leads to greater perceptual interference with faces but not objects,2010,
teacher vision expertise perceptual differences,crossref,ok,1353255,10.1167/13.9.667,The Color of Perceptual Expertise,2013,
teacher vision expertise perceptual differences,crossref,ok,1353255,10.1167/11.14.3,Task-irrelevant perceptual expertise,2011,
teacher vision expertise perceptual differences,crossref,ok,1353255,10.1167/19.10.31b,Impact of Developing Perceptual Expertise on Eye Fixations,2019,
teacher vision expertise perceptual differences,crossref,ok,1353255,10.1093/acprof:oso/9780195309607.003.0008,Modeling Perceptual Expertise,2009,
teacher vision expertise perceptual differences,crossref,ok,1353255,10.1167/11.11.679,The effect of perceptual expertise on visual short-term memory,2011,
teacher vision expertise perceptual differences,crossref,ok,1353255,10.1080/0142159x.2018.1484897,Accelerating expertise: Perceptual and adaptive learning technology in medical learning,2018,
teacher vision expertise perceptual differences,crossref,ok,1353255,10.1167/17.10.344,Neural evidence for unitization following perceptual expertise,2017,
teacher vision expertise perceptual differences,crossref,ok,1353255,10.1167/10.7.1193,Classification of seismic images depends on perceptual skill more than geological expertise,2010,
teacher vision expertise perceptual differences,crossref,ok,1353255,10.4324/9781003370901-8,Cognitive theory of visual expertise,2024,
teacher vision expertise perceptual differences,crossref,ok,1353255,10.1017/9781316026847.003,Perceptual Expertise,2017,
teacher vision expertise perceptual differences,crossref,ok,1353255,10.1167/14.10.820,Beyond perceptual expertise: Revisiting the neural substrates of expert object recognition,2014,
teacher vision expertise perceptual differences,crossref,ok,1353255,10.1167/10.4.15,Perceptual expertise with objects predicts another hallmark of face perception,2010,
teacher vision expertise perceptual differences,crossref,ok,1353255,10.1093/oso/9780198863021.003.0003,Perceptual Expertise and Perceptual Modularity,2020,"Abstract
               According to the Experience Thesis, perceptual expertise is a capacity that manifests itself in perceptual experiences with expertise-specific representational contents. The first part of the chapter locates the Experience Thesis with respect to current debates about the admissible contents of perceptual experience and gives various reasons for believing that it is true. The balance of the chapter explores its compatibility with two other theses about perception and perceptual expertise. One is the Cognition Thesis that perceptual expertise is a capacity that draws on cognition. The other is the Modularity Thesis that perceptual experiences wholly result from modular processing of sensory input."
teacher vision expertise perceptual differences,crossref,ok,1353255,10.1167/14.10.104,Effects of perceptual expertise in detecting letter transpositions on QWERTY keyboards,2014,
teacher vision expertise perceptual differences,crossref,ok,1353255,10.1167/5.8.537,Neural bases of perceptual expertise in radiologists,2010,
teacher vision expertise perceptual differences,crossref,ok,1353255,10.1167/16.12.1101,Training melanoma detection in photographs using the perceptual expertise training approach,2016,
teacher vision expertise perceptual differences,crossref,ok,1353255,10.1167/8.6.475,Reinforcement learning and the acquisition of perceptual expertise in ERPs,2010,
teacher vision expertise perceptual differences,crossref,ok,1353255,10.1093/acprof:oso/9780195309607.003.0012,Perceptual and Conceptual Interactions in Object Recognition and Expertise,2009,
teacher vision expertise perceptual differences,crossref,ok,1353255,10.1167/15.12.234,The Role of Color and Spatial Frequency in Perceptual Expertise Training,2015,
teacher vision expertise perceptual differences,crossref,ok,1353255,10.1111/j.1467-9280.1994.tb00293.x,Personality and Perceptual Expertise: Individual Differences in Perceptual Identification,1994,"We hypothesized that people become expert at perceiving information that is related to concepts they think about a great deal, because of their extensive perceptual experience with this material To test this idea, we manipulated the capitalization of a series of briefly exposed words If expertise emerges because of perceptual experience, then people should show facilitation identifying words that they think about a great deal, but only when capitalization of these words is consistent with prior perceptual experience with these words Support for this hypothesis was found in two experiments—one in which trait words were presented to depressed and nondepressed subjects, and one in which food words were presented to anorexic and nonanorexic subjects Thus, these experiments demonstrated that personality, as well as personality disorder, has the potential to change the nature of the input people receive from the perceptual system"
teacher vision expertise perceptual differences,crossref,ok,1353255,10.1167/2.7.70,How does object processing change with perceptual expertise?,2010,
teacher vision expertise perceptual differences,crossref,ok,1353255,10.1167/9.8.458,Dissociating between the role of exposure and individuation in perceptual expertise for faces,2010,
teacher vision expertise perceptual differences,crossref,ok,1353255,10.1167/12.9.987,A test of the perceptual expertise hypothesis with novel race faces,2012,
teacher vision expertise perceptual differences,crossref,ok,1353255,10.1167/jov.20.11.140,"Individual Differences in Perceptual Organization: Reanalyzing Thurstone’s classic (1944) data and rediscovering factors for geometrical illusions, perceptual switching, and holistic ‘Gestalt’ closure",2020,
teacher vision expertise perceptual differences,crossref,ok,1353255,10.1167/10.7.713,What are the differences between comparing visual working memory representations with perceptual inputs and comparing two perceptual representations?,2010,
teacher vision expertise perceptual differences,crossref,ok,1353255,10.1167/jov.20.11.1089,Classifying perceptual grouping cues using interindividual differences,2020,
teacher vision expertise perceptual differences,crossref,ok,1353255,10.1167/jov.23.9.5191,Perceptual span can explain stimulus-specific cultural differences in visual search,2023,
teacher vision expertise perceptual differences,crossref,ok,1353255,10.1167/5.8.533,Spatially restricted perceptual expertise for faces in a case of prosopagnosia,2010,
teacher vision expertise perceptual differences,crossref,ok,1353255,10.1167/8.6.185,Predicting perceptual expertise from semantic knowledge: An indexed car test for prosopagnosic patients,2010,
teacher vision expertise perceptual differences,crossref,ok,1353255,10.1167/9.8.510,Perceptual expertise has an emotional side: Holistic face processing is modulated by observers' emotional state,2010,
teacher vision expertise perceptual differences,crossref,ok,1353255,10.1167/jov.24.10.1501,The influence of expertise and individual differences on psychological embeddings,2024,
teacher vision expertise perceptual differences,crossref,ok,1353255,10.1167/18.10.324,Controling for Perceptual Differences in the Faces Flanker Task,2018,
teacher vision expertise perceptual differences,crossref,ok,1353255,10.1167/jov.20.11.497,Acquisition of colour categories through perceptual learning: differences between hue and lightness,2020,
teacher vision expertise perceptual differences,crossref,ok,1353255,10.1167/11.1.15,Interference in character processing reflects common perceptual expertise across writing systems,2011,
teacher vision expertise perceptual differences,crossref,ok,1353255,10.1167/10.7.962,Eye movement patterns during object recognition are modulated by perceptual expertise and level of stimulus classification.,2010,
teacher vision expertise perceptual differences,crossref,ok,1353255,10.1167/4.8.715,Perceptual differences of two- and three-dimensional texture information,2004,
teacher vision expertise perceptual differences,crossref,ok,1353255,10.1167/12.9.977,Behavioral and Neural Markers of Perceptual Expertise with Faces and Chess,2012,
teacher vision expertise perceptual differences,crossref,ok,1353255,10.1167/14.12.16,Interindividual differences in preferred directions of perceptual and motor decisions,2014,
teacher vision expertise perceptual differences,crossref,ok,1353255,10.1167/6.6.616,The contributions of category experience and learning to perceptual expertise: A behavioral and neurophysiological study,2010,
teacher vision expertise perceptual differences,crossref,ok,1353255,10.5040/9781350238268.ch-4,Governance and Teacher Expertise,2023,
teacher vision expertise perceptual differences,crossref,ok,1353255,10.1093/acprof:oso/9780195309607.003.0006,Face Processing in Autism: Insights from the Perceptual Expertise Framework,2009,
teacher vision expertise perceptual differences,crossref,ok,1353255,10.1167/18.10.390,Changes in Visual Scanning Strategies Accompany the Acquisition of Perceptual Expertise,2018,
teacher vision expertise perceptual differences,crossref,ok,1353255,10.1093/acprof:oso/9780195309607.003.0003,Objects of Expertise,2009,
teacher vision expertise perceptual differences,crossref,ok,1353255,10.1167/jov.22.14.4142,Assessing individual differences in perceptual grouping strategy in working memory,2022,
teacher vision expertise perceptual differences,crossref,ok,1353255,10.1167/15.12.1041,Contextual processing modulates hemispheric differences in visual perceptual selection,2015,
teacher vision expertise perceptual differences,crossref,ok,1353255,10.1167/12.9.505,Sex and sexual orientation differences in perceptual processing.,2012,
teacher vision expertise perceptual differences,crossref,ok,1353255,10.1167/jov.24.10.495,Individual differences in eye movements and perceptual averaging,2024,
expert computer science teachers instructional strategies,crossref,ok,17845184,10.14257/astl.2015.115.04,Teachers’ Perceptions on Instructional Strategies,2015,
expert computer science teachers instructional strategies,crossref,ok,17845184,10.33828/sei.v29.i2.3,Pre-service Science Teachers’ Perceptions toward Additional Instructional Strategies in Biology Laboratory Applications: Blended Learning,2018,"The purpose of this study was to examine pre-service science teachers’ perceptions toward additional instructional strategies in biology laboratory applications in the scope of blended learning. This study used a mixed-methods sequential explanatory design model and was conducted with 69 students who study in their 2nd year in the department of science education at a state university in Turkey. Academic achievement test, personal information form, student feedback form, semi-structured interview, and additional instructional strategies were used to collect the data. To determine students’ academic achievements, the scores obtained from the academic achievement test were used from a pre-test and post-test and additional instructional strategies (discussion question, reflection paper, task assignment, and quiz) were used. In addition, students’ views and satisfaction levels toward the course were examined. For data analysis, descriptive statistics, One-way ANOVA, and content analysis were used. The results of the study showed that students’ academic achievement scores showed a significant difference in terms of the additional instructional strategies. In addition, students’ evaluation scores and satisfaction levels about the learning process were high, but there was no significant difference in terms of additional instructional strategies. In the future, conducting similar studies with wider samples could be effective in terms of contributing to the relevant literature at different education levels and different disciplines."
expert computer science teachers instructional strategies,crossref,ok,17845184,10.51420/conf.2023.1,Investigating How Computer Science Teachers and Instructional Coaches Navigated Remote Professional Development During COVID-19,2023,
expert computer science teachers instructional strategies,crossref,ok,17845184,10.71097/ijsat.v16.i3.8237,"Teachers’ Instructional Strategies, Learners Interest, and Performance",2025,"This study explored the relationship between teachers’ instructional strategies, learners’ interest, and academic performance in the Schools Division of Antique for the school year 2024–2025. A total of 365 teacher respondents from various public schools participated in the research, which utilized a descriptive-correlational design. Data were gathered through a structured and validated questionnaire measuring the frequency of instructional strategy use, perceived learner interest, and academic performance. Findings indicated that the most common strategies involved the use of collaborative learning, differentiated instruction, and technology-integrated teaching. Teachers documented a high overall level of learner interest, especially in the classes that utilized interactive and varied teaching methods. In addition, findings provided a high positive correlation between learners' interest and performance, and moderate between instructional strategies and interest and performance. These findings highlight the major influence of instructional practices to increase student learning and motivation. It suggests strengthening teacher preparation courses that cover learner-centered approaches, promoting creative teaching methods, and constant monitoring of teacher effectiveness. Additional research with direct student input and objective performance data is invited to cross-validate and extrapolate these results. Overall, the research underscores the need to connect teaching methods with learners' interests and needs to ensure effective and meaningful learning experiences in public schools."
expert computer science teachers instructional strategies,crossref,ok,17845184,10.3844/jcssp.2015.915.927,Instructional Methods to Computer Science Education as Investigated by Computer Science Teachers,2015,
expert computer science teachers instructional strategies,crossref,ok,17845184,10.71097/ijsat.v17.i1.10065,"Organizational Support, Teachers’ Instructional Strategies and Efficiency",2026,"This study examined the levels of organizational support, teachers’ instructional strategies, and teaching efficiency in the Schools Division of Antique during the year 2025. Employing a descriptive-correlational research design, the study involved 346 teachers actively engaged in classroom instruction who were selected through total enumeration. Data were gathered using a validated, researcher-developed questionnaire composed of three sections focusing on organizational support, instructional strategies, and teacher efficiency. Findings revealed that teachers perceived a high level of organizational support, with administrative assistance and availability of resources emerging as the most prominent forms of support. Teachers’ instructional strategies were likewise rated high, particularly in lesson planning, classroom management, and the use of active learning approaches. Similarly, teacher efficiency was rated high, with strengths observed in achieving learning outcomes and optimizing instructional resources. Correlation analysis indicated significant positive relationships between organizational support and instructional strategies, organizational support and teacher efficiency, and instructional strategies and efficiency. These findings suggest that strong institutional support enables teachers to implement effective instructional strategies, which in turn enhances teaching efficiency. The study recommends strengthening support systems, professional development initiatives, and policy interventions to sustain teacher performance and improve learner outcomes."
expert computer science teachers instructional strategies,crossref,ok,17845184,10.46423/izujed.752446,THE RELATIONSHIP BETWEEN IN-SERVICE TEACHERS’ MINDSET TYPES AND THEIR EFFICACY BELIEFS IN INSTRUCTIONAL STRATEGIES,2020,"Mindset is the belief of whether people's abilities can be improved or not. It has been an essential phenomenon in education, and the value of this concept cannot be ignored in teachers' educational career. Teachers' mindset plays a pivotal role in learner achievement and building up self-esteem. On the other hand, there has not been much research that examines teachers' mindset and teacher efficacy in instructional strategies. Thus, this study aims to investigate the relationship between in-service teachers' mindset types and their efficacy in instructional strategies. 130 EFL instructors teaching at the English Preparatory Programs from both state and foundation universities in Turkey participated in this research. Teachers' Self-Efficacy Scale (TSES) and Teachers' Mindset Instrument (TMI) were used as data collection tools. TSES and TMS were found to be the most trustable and valid tools to measure teachers' instructional strategies and their mindset. The reliability of the Teacher Mindset Instrument was measured as = .79. The reliability of Teachers' Self-Efficacy Scale was measured as = .86 for efficacy in instructional strategies. Pearson Correlation Analysis and Regression Analysis was conducted to reveal the relationship between teachers' mindset and teacher efficacy in instructional strategies. The results of the study indicate that there is a significant difference between teachers who have a growth mindset and a fixed mindset in terms of using instructional strategies. The teacher efficacy in the instructional strategies is more powerful when the teachers adopt growth mindsets. Researching these two concepts might contribute to teachers’ success in the future. Also, this study can shed light on the teacher development programs that universities will offer to their teachers."
expert computer science teachers instructional strategies,crossref,ok,17845184,10.1002/(sici)1098-237x(199706)81:3<277::aid-sce2>3.0.co;2-a,Teachers' beliefs and instructional strategies in science: Pushing analysis further,1997,
expert computer science teachers instructional strategies,crossref,ok,17845184,10.51420/conf.2023.10,"Investigating How Computer Science Teachers and Instructional Coaches Navigated Remote Professional Development During COVID-19: Implications for Instructional Coaching, Teacher Learning, and Qualitative Inquiry in (Post?)-Pandemic Times",2023,
expert computer science teachers instructional strategies,crossref,ok,17845184,10.1002/(sici)1098-237x(199706)81:3<277::aid-sce2>3.3.co;2-4,Teachers' beliefs and instructional strategies in science: Pushing analysis further,1997,
expert computer science teachers instructional strategies,crossref,ok,17845184,10.1080/08924562.1988.10591631,Instructional Skills for Student Teachers,1988,
expert computer science teachers instructional strategies,crossref,ok,17845184,10.5703/1288284317595,Teachers' Instructional Strategies in Integrated STEM Education,2023,
expert computer science teachers instructional strategies,crossref,ok,17845184,10.47191/ijsshr/v4-i4-31,TEACHERS’ PERCEPTION OF THE IMPACT OF INSTRUCTIONAL STRATEGIES ON CHILDREN WITH READING DIFFICULTY IN GHANA,2021,"The study investigated teachers’ perception of the impact of instructional strategies on pupils with reading difficulties in selected districts in the Central Region of Ghana. A concurrent embedded mixed method design was used for this study. Proportionate stratified sampling procedure was used to select ninety-five (95) upper primary teachers for the study. The response rate was 100% representing 95 teachers. Data were collected using a questionnaire and interview schedules. Statistical tools used in data analysis were mainly frequency distribution and percentages, means and standard deviations and independent samples t-test, however, Braun and Clarke (2006) thematic analytic approach was used to analyse the qualitative data. The study revealed that Teachers had negative perceptions about pupils with reading difficulties. Also, role play, read aloud, direct instruction and group activities were the frequently used strategies teachers used in teaching pupils with reading difficulties. The study recommends that Ghana Education Service in collaboration with all the head teachers should organise a workshop on reading difficulty for teachers in the three districts. Further, the Ministry of Education through the Ghana Education Service should find means of providing resources to support teaching of reading in the schools in all the districts."
expert computer science teachers instructional strategies,crossref,ok,17845184,10.15242/dirpub.hdir1217205,Innovative Instructional Strategies Utilized by Professional Education Teachers,2018,
expert computer science teachers instructional strategies,crossref,ok,17845184,10.71097/ijsat.v17.i1.9935,"School Heads’ Instructional Supervisory Practices, Teachers’ Teaching Strategies, and Learners’ Academic Performance",2026,"This study examined the relationships among school heads’ instructional supervisory practices, teachers’ teaching strategies, and learners’ academic performance in elementary schools within the Schools Division of Antique during School Year 2024–2025. It aimed to determine how instructional supervision and classroom teaching practices influence learners’ academic outcomes. The respondents consisted of 365 elementary teachers selected through stratified random sampling to ensure adequate representation across districts and grade levels. Data were gathered using a researcher-developed questionnaire that assessed school heads’ instructional supervisory practices and teachers’ teaching strategies, while learners’ academic performance was obtained from official school records. Findings revealed that school heads consistently demonstrated strong instructional supervisory practices, particularly in classroom observation, feedback, and instructional monitoring. Teachers likewise exhibited effective teaching strategies, especially in lesson planning and instructional delivery. However, the use of learner-centered strategies was less evident, suggesting the need for further enhancement in this area. Learners’ academic performance generally met the standards set by the Department of Education, indicating satisfactory learning outcomes across the participating schools. The results further indicated that effective instructional supervision was associated with improved teaching practices, which in turn contributed to better academic performance among learners. Teachers’ teaching strategies were found to have a more direct and influential role in learners’ academic success compared to supervisory practices alone. The study concludes that while instructional supervision provides essential support and guidance for teachers, the quality and effectiveness of classroom instruction remain the most critical factors in promoting learner achievement. It is therefore recommended that continuous professional development programs be strengthened for both school heads and teachers, with emphasis on instructional supervision and the integration of learner-centered teaching approaches to further enhance educational outcomes."
expert computer science teachers instructional strategies,crossref,ok,17845184,10.4018/978-1-6684-7366-5_315812,R2D2/C3PO Video Conferencing Instructional Strategies and Learning Activities,2025,"The rapid emergence of COVID-19 in the spring of 2020 forced a majority of academic institutions, teachers, administrators, and students to precipitously move to online learning. In that sudden move, cloud-based video conferencing technology, allowing teachers and students to interact live with one another, became the technology of choice for many. The key factor that precipitated the move to video conferencing technology in schools was the ability to humanize online learning and provide a live visual link between teacher and students. This chapter describes each element of  R2D2/C3PO, a research-based, validated, instructional design model, in-depth, providing generic examples of instructional strategies and learning activities for each element. The overarching objective of this chapter is to list and describe each model component, which are Read, Reflect, Display, Do, Coaching, Conviviality, Critical Incident Questionnaire, Planning, and Organization, and then to provide detailed descriptions of constructivist instructional strategies and learning activities that can be used."
expert computer science teachers instructional strategies,crossref,ok,17845184,10.4324/9781003656616-5,What instructional practices distinguish expert teachers and make them highly effective?,2026,
expert computer science teachers instructional strategies,crossref,ok,17845184,10.1007/bf02905451,Transitioning learning strategies research into practice,1981,
expert computer science teachers instructional strategies,crossref,ok,17845184,10.1023/a:1003961222303,"Portraits of PBL: Course objectives and students' study strategies in computer engineering, psychology and physiotherapy",2000,
expert computer science teachers instructional strategies,crossref,ok,17845184,10.32597/dissertations/1641,Instructional Strategies Used By Effective Mathematics Teachers In Adventist Elementary Schools In Florida: An MQI Analysis,,
expert computer science teachers instructional strategies,crossref,ok,17845184,10.33902/jpr.202426770,Physical sciences teachers  perspectives on implementing learning style-based instructional strategies in science classrooms: Challenges and opportunities,2024,
expert computer science teachers instructional strategies,crossref,ok,17845184,10.24297/jssr.v7i3.6623,Re-orientation of Science and Mathematics Teachers Instructional Strategies for Information Communication Technology Integration,2015,"This article reports on a study which explored teachers re-conceptualization and re-orientation process during their in-service training for ICT-pedagogy integration in teaching and learning. The qualitative research design was used for the study. It was found that there was a limited ICT infrastructure as well as inadequate technological access and reliability, the participating teachers were engaged in authentic hands-on learning experience and that the teachers engagement in the learning activities demonstrated they had not developed expertise in ICT usage for teaching and learning. It was therefore recommended that opportunities to acquire professional ICT integration skills for both teachers and trainers be expanded."
expert computer science teachers instructional strategies,crossref,ok,17845184,10.17077/etd.59urixih,A survey of college math professors' reported instructional strategies in courses in which prospective teachers enroll,,
expert computer science teachers instructional strategies,crossref,ok,17845184,10.4324/9781003566663,Teaching Fractions and Ratios for Understanding,2025,
expert computer science teachers instructional strategies,crossref,ok,17845184,10.4324/9781003008057,Teaching Fractions and Ratios for Understanding,2020,
expert computer science teachers instructional strategies,crossref,ok,17845184,10.4324/9780203803165,Teaching Fractions and Ratios for Understanding,2012,
expert computer science teachers instructional strategies,crossref,ok,17845184,10.2139/ssrn.4209822,"Mathematics Competency Level and Instructional Strategies Employed by Filipino Migrant Teachers in Bangkok, Thailand",2022,"The study determined the mathematics competency level and instructional strategies employed by Filipino Migrant Teachers in Bangkok, Thailand.  Majority of the migrant Filipino teachers in Thailand who participated in the study are female.  Majority of the migrant Filipino teachers have 1-5 years of teaching experience in the Philippines consisting of 69 or 81.  Most of the migrant Filipino teachers have 6-10 years of teaching experience in Thailand consisting of 40 or 47.  For the seminars attended, majority of the migrant Filipino teachers have 21-25 seminars attended related to Mathematics consisting of 48 or 56.  In eligibility, majority of the migrant Filipino teachers have teaching eligibility in Thailand consisting of 48 or 56.  Overall, the level of competency of migrant Filipino teachers in Bangkok, Thailand as perceived by teachers and immediate supervisors is high as shown in the grand mean is 4.  Specifically, among the major competency indicators, classroom management knowledge is the highest with an overall mean of 4.  It is followed by general teaching knowledge with an overall mean of 4.  And lastly, with the least competency level but still high, Mathematical teaching knowledge with an overall mean of 3.  Results revealed that the Level of Competency and Profile of Filipino Migrant Teachers in Bangkok Thailand was found to be significantly correlated with the eligibility and specialization of the teachers."
expert computer science teachers instructional strategies,crossref,ok,17845184,10.4324/9781410617132,Teaching Fractions and Ratios for Understanding,2006,
expert computer science teachers instructional strategies,crossref,ok,17845184,10.1123/ijsc.2.2.205,Expert Teachers’ Instructional Communication in Golf,2009,"Expert golf instructors self-monitor their instruction and communication more than any other aspects of their teaching (Schempp, McCullick, Busch, Webster, &amp; Sannen-Mason, 2006). Despite its apparent importance, however, the communication of expert golf instructors has received little investigative attention. The purpose of this study was to examine the instructional communication behaviors of 4 of the most highly accomplished golf instructors in the United States. Ladies Professional Golf Association instructors who met criteria for expert teaching (Berliner, 1994) and 4 students participated in the study. Videotaping, stimulated recall, and semistructured interviews were used to collect data on the teachers’ immediacy, communication style, and content relevance behaviors. Data were analyzed using modified analytic induction (Bogdan &amp; Biklen, 1992). Findings indicated that the experts adapted their communication behaviors in ways that fit students’ learning preferences, personal experiences, and lesson goals. The findings resonate with previous research on expert teaching in terms of experts’ instructional flexibility."
expert computer science teachers instructional strategies,crossref,ok,17845184,10.3102/ip.23.2015845,Examining Instructional Planning and Implementation in the Context of an Integrated Computer Science Professional Development Program for Elementary Teachers,2023,
expert computer science teachers instructional strategies,crossref,ok,17845184,10.71097/ijsat.v16.i4.9190,Teachers Practices on Differentiated Instructional Strategies and Learners’Academic Performance in Mathematics,2025,"Education shapes an individual’s future, especially during elementary years, which play a critical role  in developing academic skills. A major challenge in math assessment is meeting the diverse learning needs of students, which often causes differences in academic performance. This study was conducted to determine the teachers practices on  differentiated instructional strategies and learners’ academic performance in Mathematics. Specifically, it described the respondent’s profile, it assessed the level of practices on differentiated instructional strategies, examined the relationship between the differentiated instructional strategies to learners’ academic performance, and determined significant difference in respondents’ practices when grouped according to their profile. 
This study focused on 152 Key Stage 2 math teachers employing universal sampling from the three educational districts of Balingasag. Using a correlational research design, data were collected through a modified survey questionnaire. Descriptive statistics  analyzed the respondents' profile and learners’ performance, while weighted mean and standard deviation assessed instructional strategies. Pearson’s correlation measured the relationship between instructional strategies and academic performance, and ANOVA tested differences based on respondent’s profile. The findings showed that most respondents held Teacher I positions with limited experience and training. Their education mostly consisted of with master’s degree units, with training received only at the division level. Despite challenges, “Varied Instructional Materials” being the most practiced strategy, helping many learners achieve a ""Very Satisfactory"" performance in Mathematics. On the other hand, “Flexible Grouping” was less effectively used and showed the lowest correlation due to implementation challenges. Teachers with higher educational attainment practiced more diverse strategies. The study concluded that using varied instructional materials significantly improves math assessment outcomes. It recommends on continuing professional development,  emphasizing division-level training, and enhancing flexible grouping strategies to better meet the needs of diverse learners."
expert computer science teachers instructional strategies,crossref,ok,17845184,10.4135/9781483350417.n3,"Organizing Curricular Goals, Lesson Plans, and					Instructional Delivery",2009,
expert computer science teachers instructional strategies,crossref,ok,17845184,10.17275/per.16.10.3.2,Internet-specific epistemological beliefs and online information searching strategies of pre-service teachers: gender and department differences,2016,
expert computer science teachers instructional strategies,crossref,ok,17845184,10.1007/s11251-023-09623-x,Comparing instructional strategies to support student teachers’ learning to prepare an open-minded citizenship education lesson,2023,
expert computer science teachers instructional strategies,crossref,ok,17845184,10.4324/9781315626468-14,How Teachers Relate to Teaching Thinking: Lesson Design and Instructional Strategies,2016,
expert computer science teachers instructional strategies,crossref,ok,17845184,10.36948/ijfmr.2026.v08i01.68302,Teachers’ Instructional Strategies and Learners’ Comprehension Skill,2026,"This study examined the instructional strategies employed by teachers and the comprehension skills of learners among English teachers in the District of San Jose de Buenavista, Schools Division of Antique, Philippines, during School Year 2025. Specifically, the study sought to determine the extent to which English teachers employ various instructional strategies, assess the level of learners’ comprehension skills, identify significant differences when respondents are classified according to selected teacher profile variables, and examine the relationship between teachers’ instructional strategies and learners’ comprehension skills. A descriptive-correlational research design was utilized, involving 108 English teachers selected through random sampling. Data were gathered using a researcher-developed, expert-validated, and pilot-tested questionnaire, while learners’ comprehension skills were assessed based on teachers’ evaluations of learners’ reading performance. Statistical tools used in the analysis included frequency, percentage, mean, t-test, analysis of variance (ANOVA), and Pearson r correlation at a 0.05 level of significance. The findings revealed that teachers’ instructional strategies were implemented at a high level, with differentiated instruction, scaffolding, and peer-assisted learning identified as the most frequently used strategies. Learners’ comprehension skills were rated as Very Good, with stronger performance in literal and inferential comprehension compared to critical and analytical comprehension. Significant differences in instructional strategies were observed when teachers were grouped according to years of experience and educational attainment, while learners’ comprehension skills differed significantly by grade level. Moreover, a moderate positive and significant relationship was found between teachers’ instructional strategies and learners’ comprehension skills, indicating that effective instructional practices contribute to improved comprehension outcomes. The study highlights the importance of sustained professional development and instructional support to further enhance learners’ comprehension skills in English."
expert computer science teachers instructional strategies,crossref,ok,17845184,10.3102/1431086,Preservice Teachers as Instructional Designers: Cueing Strategies for 360° Environments,2019,
expert computer science teachers instructional strategies,crossref,ok,17845184,10.5040/9781718212749.ch-012,Instructional Strategies,2015,
expert computer science teachers instructional strategies,crossref,ok,17845184,10.4018/978-1-6684-7366-5.ch002,R2D2/C3PO Video Conferencing Instructional Strategies and Learning Activities,2024,"The rapid emergence of COVID-19 in the Spring of 2020 forced a majority of academic institutions, teachers, administrators, and students to precipitously move to online learning. In that sudden move, cloud-based video conferencing technology, allowing teachers and students to interact live with one another, became the technology of choice for many. The key factor that precipitated the move to video conferencing technology in schools was the ability to humanize online learning and provide a live visual link between teacher and students. This chapter describes each element of R2D2/C3PO, a research-based, validated, instructional design model, in-depth, providing generic examples of instructional strategies and learning activities for each element. The overarching objective of this article is to list and describe each model component, which are read, reflect, display, do, coaching, conviviality, critical incident questionnaire, planning, and organization, and then to provide detailed descriptions of constructivist instructional strategies and learning activities that can be used."
expert computer science teachers instructional strategies,crossref,ok,17845184,10.4135/9781483350417.n4,Using Student Assessment and Feedback to Maximize					Instructional Effectiveness,2009,
expert computer science teachers instructional strategies,crossref,ok,17845184,10.1080/08993408.2024.2313913,Balancing teachers’ needs in times of crisis: investigating how computer science instructional coaches and teachers navigated remote professional development during COVID-19,2024,
expert computer science teachers instructional strategies,crossref,ok,17845184,10.1007/s11251-016-9376-y,What makes an expert teacher? Investigating teachers’ professional vision and discourse abilities,2016,
expert computer science teachers instructional strategies,crossref,ok,17845184,10.5897/err2017.3370,Unpacking instructional strategies of early childhood teachers: Insights from teachers perspectives,2017,
expert computer science teachers instructional strategies,crossref,ok,17845184,10.1023/a:1003011431677,ID Expert™: A second generation Instructional Development System,1998,
expert computer science teachers instructional strategies,crossref,ok,17845184,10.3102/1685588,From Professional Development to Pedagogy: An Examination of Computer Science Teachers' Culturally Responsive Instructional Practices,2021,
expert computer science teachers instructional strategies,crossref,ok,17845184,10.5353/th_b3195875,Instructional strategies for children with learning difficulties in the regular secondary classrooms : views of secondary school teachers,,
expert computer science teachers instructional strategies,crossref,ok,17845184,10.36948/ijfmr.2026.v08i01.66719,"Teachers’ Digital Literacy, Innovative Practices, and Instructional Strategies",2026,"his study explored the levels of teachers’ digital literacy, innovative practices, and instructional strategies among elementary school teachers in the Schools Division of Antique during the year 2025. Using a descriptive-correlational research design, the study sought to determine the extent of teachers’ digital literacy in terms of basic ICT skills, information management, and online communication; assess the level of innovative teaching practices; and identify the instructional strategies commonly applied in classroom instruction. It also aimed to establish the relationship between teachers’ digital literacy and their innovative and instructional practices. The respondents were 365 elementary school teachers selected through total enumeration. Data were collected using a researcher-developed questionnaire that underwent expert validation and reliability testing. Descriptive statistical tools such as frequency, percentage, mean, and standard deviation were used to determine the levels of the variables, while Pearson Product-Moment Correlation was applied to identify significant relationships at the 0.05 level of significance. The findings revealed that teachers exhibited a high level of digital literacy, a high extent of innovative practices, and effective instructional strategies. Moreover, significant positive relationships were found between teachers’ digital literacy and innovative practices, as well as between digital literacy and instructional strategies. These results suggest that teachers with stronger digital competencies are more inclined to adopt innovative approaches and implement effective instructional strategies in the teaching–learning process. The study concludes that strengthening teachers’ digital literacy is vital in fostering innovation and improving instructional delivery. It is therefore recommended that school administrators and policymakers enhance continuous professional development programs that focus on digital competence and innovative pedagogy to sustain quality education in the digital age."
expert computer science teachers instructional strategies,crossref,ok,17845184,10.20533/wcsne.2014.0041,Session 11: Pedagogy | Investigating Teachers Knowledge of Kindergarten Instructional Strategies,2014,
expert computer science teachers instructional strategies,crossref,ok,17845184,10.36948/ijfmr.2026.v08i01.67433,"Teachers’ Instructional Strategies, Learners’ Research Skills, and Performance",2026,"This study examined the relationship between teachers’ instructional strategies, learners’ research skills, and academic performance among 263 teachers in the Schools Division of Iloilo Province for School Year 2024–2025. It aimed to determine the extent of teachers’ instructional strategies in teaching research, assess learners’ research skills, evaluate learners’ academic performance, identify significant differences based on teacher profile variables, and examine the relationships among the variables. A descriptive-correlational research design was employed, utilizing a researcher-developed, expert-validated, and pilot-tested questionnaire. Data were analyzed using frequency, percentage, mean, t-test, ANOVA, and Pearson r correlation at a 0.05 level of significance. Results revealed that teachers’ instructional strategies were highly evident, learners’ research skills were rated high, and learners’ academic performance was also high. Significant differences were observed in instructional strategies and research skills when grouped according to educational attainment and teaching experience, while no significant differences were found when grouped by sex and specialization. Correlation analysis indicated positive and significant relationships among instructional strategies, learners’ research skills, and academic performance. The findings underscore the vital role of effective instructional strategies in enhancing learners’ research competencies and academic outcomes, highlighting the need to strengthen teacher professional development in research-based instruction."
expert computer science teachers instructional strategies,crossref,ok,17845184,10.38151/akef.2022.16,Evaluation of Preservice Teachers  Computer-based Instructional Materials by Special Education Teachers,2022,"This study aims to investigate the successes and challenges of implementing instructional materials that preservice special education teachers developed for students with disabilities in a rehabilitation center using Web 2.0 tools through an instructional design project as part of a technology integration course. For this project, preservice teachers collaboratively developed instructional materials to meet the needs of the student assigned to their group and implemented them with the student. After the implementation, the success and challenges of the materials were evaluated by 12 special education teachers of the students through structured interviews. The interviews were analyzed using inductive analysis. Analysis results indicated that the vast majority of the materials were found to be successful in terms of the teaching strategies applied within the materials, the appropriateness of the instructional materials, and the opportunities that the materials provided in practice. Most of the teachers claimed that the instructional materials contributed to the students’ learning and skill development even after the one-shot implementation. According to the special education teachers, eight groups experienced no difficulties during the implementation, whilst eight groups faced several challenges due to student-related issues and the infrastructure. They also proposed suggestions to improve the instructional materials and their implementations. The results of this study is valuable as the current literature lacks studies reporting materials’ success from the teachers’ perspective."
expert programmer mentoring novice developers,crossref,ok,329970,10.4324/9781315808321,Studying the Novice Programmer,2013,
expert programmer mentoring novice developers,crossref,ok,329970,10.1016/j.mnl.2016.05.012,Mentoring Through the Leadership Journey: From Novice to Expert,2016,
expert programmer mentoring novice developers,crossref,ok,329970,10.1080/13611260601037405,Negotiating power and pedagogy in student teaching: expanding and shifting roles in expert–novice discourse,2007,
expert programmer mentoring novice developers,crossref,ok,329970,10.1016/j.system.2016.12.015,Scaffolding teacher cognition: Changes in novice L2 teachers' pedagogical knowledge base through expert mentoring initiatives,2017,
expert programmer mentoring novice developers,crossref,ok,329970,10.14418/5cxz1owj,AI-driven scaffolding for novice app developers using RAG-finetuned chatbot,,
expert programmer mentoring novice developers,crossref,ok,329970,10.31274/rtd-180813-10438,Elements of mentoring the novice principal,,
expert programmer mentoring novice developers,crossref,ok,329970,10.1177/174183051601410s02,From expert to novice: Supporting mentor development through professionalisation of practice in formal schemes,2016,"Mentoring schemes continue to increase within organisations and rely on attracting and retaining motivated volunteers. At the same time, mentoring is also becoming embedded within professional frameworks and discipline experts are being enlisted in formal schemes to widen their involvement in supporting novices in their professional development. This phenomenological study follows the experience of four mentors from two professions, who were actively mentoring in their first formal scheme. Findings show that even experts in a professional field can return to the experience and anxieties of early practice and that formal schemes and training may not sustain commitment to mentoring in the future, unless they provide opportunity for reflective development. A conceptual model for mentor development is proposed which offers an approach to support the experiential transition from ‘professional-as-mentor’ to ‘professional mentor.’"
expert programmer mentoring novice developers,crossref,ok,329970,10.2139/ssrn.4626326,Improving the Debugging Skills of a Novice Programmer Through Enhanced Knowledge of Interactive Debugging,2023,
expert programmer mentoring novice developers,crossref,ok,329970,10.1097/nsg.0000000000000328,Transitioning expert clinicians to novice prelicensure part-time clinical faculty,2025,"Abstract
                  With increasing attrition, retention rates for prelicensure part-time clinical nursing faculty are declining, leading to vacancies and dissatisfaction among faculty. This article discusses a comprehensive, evidence-based orientation program that provides the necessary tools and support at a moment when employees are at their most receptive, thereby setting the foundation for long-term employment."
expert programmer mentoring novice developers,crossref,ok,329970,10.1109/rtcdc.2005.201638,Visual programming for novice programmer teachers,2005,
expert programmer mentoring novice developers,crossref,ok,329970,10.4135/9781483328898.n3,Designing Mentoring Programs,2005,
expert programmer mentoring novice developers,crossref,ok,329970,10.4324/9780429433092-9,Revisiting the novice ESL teachers’ mentoring programme,2019,
expert programmer mentoring novice developers,crossref,ok,329970,10.1145/1095242.1095254,Visual programming for novice programmer teachers,2005,
expert programmer mentoring novice developers,crossref,ok,329970,10.1109/fie.2014.7044420,Meaningful categorisation of novice programmer errors,2014,
expert programmer mentoring novice developers,crossref,ok,329970,10.1145/1272848.1272896,Revisiting novice programmer errors,2007,"Although programmer errors have been investigated, only a limited range of error types typically made by novices have been scrutinized. In this paper we present an expanded classification of the types of errors considered in previous research. In particular, problems which require the use of more difficult program constructs such as nested loops, arrays, recursion and functions have been somewhat neglected. We hope this paper will encourage other researchers to further analyze the types of errors advanced novices will make and the types of misunderstandings which underlie such errors."
expert programmer mentoring novice developers,crossref,ok,329970,10.1145/3385548,Session details: Paper Session: Novice Programmer Behaviors,2020,
expert programmer mentoring novice developers,crossref,ok,329970,10.1108/978-1-62396-078-020251019,The Journey From Novice to Expert,2012,
expert programmer mentoring novice developers,crossref,ok,329970,10.62811/th.0159,"Mentoring Practices: The Perspectives of Principals, Mentors and Novice Teachers",,"The purpose of this research study was to explore the perspectives of principals, mentors and novice teachers at nine private schools in Beirut on how they conceived mentoring, the forms of mentoring support available at their schools, the mentoring practices implemented at their schools and their recommendations on improvement of current practices. A theoretical framework was developed based on well-established mentoring practices evident in the literature. A qualitative research design, with grounded theory as its methodology, was adopted in this study. Data was analyzed using the constant comparative approach. The conceptual categories emerging formed the basis to develop a proposed model of mentoring practices that is grounded in the context of private schools in Beirut. The proposed model was compared to the theoretical framework. In addition to the proposed model, the findings of the study revealed that the schools lacked institutionalized and documented mentoring programs. Novice teachers were under-prepared, lacked adequate pre- and in-service teacher training and received support (if found) by their superiors and peers. The study also revealed that the participants used the terms supervising, coordinating and mentoring interchangeably. They did not realize the difference between mentoring as a function and the formalized supervisory roles held by the school superiors and accordingly regarded their superiors as their mentors. In addition, the mentors (mainly head of departments) followed the directive approach to supervision, which hindered opportunities for novice teachers‘ professional development and encouraged dependency. Finally, principals and mentors (head of departments and head of divisions) seemed to underestimate the collegial support novice teachers received from their peers. Although mentors relied highly on peer mentoring support they did not admit of its importance and of its being one form of mentoring support. Recommendations for practice and research were then suggested."
expert programmer mentoring novice developers,crossref,ok,329970,10.1891/9780826125996.0001,Moving From an “Expert” to a “Novice” Role,2015,
expert programmer mentoring novice developers,crossref,ok,329970,10.5771/9781461732662,Quality Mentoring for Novice Teachers,2004,This survey of best practices is extremely useful to those charged with setting up state and local mentoring programs and provides a logical framework to convince policy makers to support teacher-induction programs. Case studies and discussion questions make this a valuable textbook for teacher education courses and tool for faculty in the school setting.
expert programmer mentoring novice developers,crossref,ok,329970,10.1145/142040.142052,Protocol analysis of a novice programmer,1992,"This study examined the problem solving of a novice programmer writing a first draft of an elementary computer program. The latter stages of entering and debugging the program were not part of the analysis. A detailed analysis of the tape-recorded protocol confirmed the major themes of the research on novice problem solving. Some characteristics specific to programming were also identified. In particular, the subject emphasized the syntax of the language, showed little advanced planning, and organized her programming information in the order it had been presented in class. There were distinct phases of (a) understanding the problem, (b) devising a plan, and (c) carrying out the plan. There was also evidence of both positive and negative transfer from what the student had previously learned in class. A number of practical guidelines for teaching novices to program emerged from the analysis and the literature."
expert programmer mentoring novice developers,crossref,ok,329970,10.5771/9781461732662-35,Section II: The Mentoring Framework-a Closer Look,2004,
expert programmer mentoring novice developers,crossref,ok,329970,10.1109/fie43999.2019.9028699,Debugging: The key to unlocking the mind of a novice programmer?,2019,
expert programmer mentoring novice developers,crossref,ok,329970,10.5771/9781461732662-95,Section III: The Mentoring Framework-a National Perspective,2004,
expert programmer mentoring novice developers,crossref,ok,329970,10.5771/9781461732662-1,Section I: The Mentoring Framework-a Broad View,2004,
expert programmer mentoring novice developers,crossref,ok,329970,10.22215/etd/2025-17028,The impact of GitHub Copilot on the Security of Code by Novice and Experienced Developers,,
expert programmer mentoring novice developers,crossref,ok,329970,10.1109/vlhcc.2018.8506481,The novice programmer needs a plan,2018,
expert programmer mentoring novice developers,crossref,ok,329970,10.1080/13611267.2021.1899585,Mentoring novice teachers,2021,
expert programmer mentoring novice developers,crossref,ok,329970,10.5013/ijssst.a.17.32.38,B-Learning on Novice Programmer Learning with Roles of Variables,2016,
expert programmer mentoring novice developers,crossref,ok,329970,10.1097/00001786-200601000-00006,Guided Growth Intervention,2006,
expert programmer mentoring novice developers,crossref,ok,329970,10.1007/s11701-025-02470-7,Systematic review and meta-analysis of the learning curve and mentoring in robotic pancreatectomy: transitioning from novice to expert robotic surgeon,2025,
expert programmer mentoring novice developers,crossref,ok,329970,10.1109/vlhcc.2015.7357199,Exploring novice programmer example use,2015,
expert programmer mentoring novice developers,crossref,ok,329970,10.1145/3249876,Session details: Paper - tools to support novice programmer,2013,
expert programmer mentoring novice developers,crossref,ok,329970,10.4324/9780429433092-2,Understanding novice teachers,2019,
expert programmer mentoring novice developers,crossref,ok,329970,10.58809/pkiw9054,"Mentoring, Job Satisfaction, and Intent to Stay of Novice Midwestern Hospital Staff Nurses",,"This investigation examined the relationship of mentoring, job satisfaction, and intent to stay of novice nurses, using the adapted framework or Hunt and Michael (1983). The sample consisted or novice Midwestern hospital staff nurses selected randomly from a listing provided by the Kansas State Board of Nursing of initial licenses granted by examination for the year 2003. Data were collected using Caine's (1989) Quality of Mentoring Tool, Caine's (1989) Job Satisfaction Survey, Price and Mueller’s (1982) Intent to Stay Tool, and the Schmidt Konen Demographic Tool. The questionnaire packet was sent to 327 novice staff nurses with a response rate of 41.9%, or the 137 responses. 69 met the inclusion criteria and were used for the analysis. Findings indicated that approximately half (N = 39) of the participants identified having a mentor. Pearson's Product Moment Correlation was used to examine the relationship among mentoring, Job satisfaction and intCI1l 10 stay. Findings indicated that mentoring had a positive correlation with job satisfaction and a negative correlation with intent to stay. However, neither was statistically significant. This research substantiates the prevailing nursing literature regarding mentoring, job satisfaction and intent to stay of new graduate nurses (Hamilton. Murray. Lindholm, &amp; Myers. 1989), novice nurse educators (Sullivan, 2001), and fails to support the findings of military researchers (Prevosto, 200 1; Yoder. 1992). In general, novice nurses were satisfied with their jobs but reported a low intent to stay in their current positions. This low intent to stay is an area of concern for nursing administration. Continued research into mentoring, job satisfaction and intent to stay is recommended."
expert programmer mentoring novice developers,crossref,ok,329970,10.1075/lllt.14.24mes,17. Expert-novice teacher mentoring in language learning technology,2006,
expert programmer mentoring novice developers,crossref,ok,329970,10.1002/9781118255780.ch1,Techniques Every Expert Programmer Needs to Know,2010,
expert programmer mentoring novice developers,crossref,ok,329970,10.3102/ip.25.2190913,Being and Belonging: Reciprocal Mentoring Between Novice and Experienced Educators,2025,
expert programmer mentoring novice developers,crossref,ok,329970,10.5771/9781461732662-i,Preface,2004,
expert programmer mentoring novice developers,crossref,ok,329970,10.4324/9781003444817-5,Tips for Guidance of Departmental Mentoring,2023,
expert programmer mentoring novice developers,crossref,ok,329970,10.1108/20466851211231620,Mentoring novice teachers in Japanese schools,2012,"PurposeThe purpose of this paper is to communicate how Japanese culture impacts upon mentoring in schools in Japan and to report on a study of mentor and novice teacher dialogue. The study is located within the context of explanations of dialogue, practical knowledge and mentoring as collaborative enquiry. It concludes that the time spent by novice teachers in Japanese schools is too short for mentoring to move beyond an apprenticeship model.Design/methodology/approachIn this small study conducted between June 2006 and February 2007, the dialogues between a female novice teacher and a male mentor, who had 27 years’ teaching experience, were analyzed on three occasions. According to the mentoring analysis system developed by the author and his colleagues, all discussion was recorded between the mentor and the mentee about the mentee's teaching using a digital recorder and a video camera. A transcript was made from both recordings, then morphological analysis used (a kind of text analysis) for the transcript, and nouns, adjectives, verbs and adverbs were identified in transcripts.FindingsIn total, 46 teaching scenarios were analyzed, where the mentor was offering his comments about a total of three recorded lessons by the mentee. Patterns of linguistic interaction between the mentor and mentee during dialogues were noted down and attempts made to identify a dialectical process (of thesis, antithesis and synthesis).Research limitations/implicationsThe study undertaken took place over one year in one elementary school in Japan. The practice of mentoring is not widespread in schools and can usefully be extended.Practical implicationsFor teachers to become collaborative enquirers, undertaking collaborative research focused on developing teachers’ practical knowledge, the period of initial teacher development for novice teachers could usefully be extended in schools in Japan.Social implicationsThe impact of culture and, in particular, in‐group (uchi) and out‐group (soto) culture in schools in Japan needs to be understood so that novice teachers can be accepted as part of the school's in‐group.Originality/valueThe paper describes a unique study into the impact of culture in Japanese schools and, in particular, into the impact ofuchi(in‐group) andsoto(out‐group) traditions that reinforce the apprenticeship model of teachers’ induction into the profession."
expert programmer mentoring novice developers,crossref,ok,329970,10.4135/9781506341026.n8,"Become an Expert
						Novice",2016,
expert programmer mentoring novice developers,crossref,ok,329970,10.15476/elte.2020.164,The Role of Adult Learning Processes in the Practice of Mentoring Novice Teachers,,
expert programmer mentoring novice developers,crossref,ok,329970,10.1037/e574162010-001,Pathwise Mentoring for Novice Teachers Includes Special Education Foundation,2005,
expert programmer mentoring novice developers,crossref,ok,329970,10.5040/9798400659768.ch-012,Mentoring as a Co-Learning Experience,2012,
expert programmer mentoring novice developers,crossref,ok,329970,10.4324/9781003444817-8,Review of Mentoring in the Higher Education Literature,2023,
expert programmer mentoring novice developers,crossref,ok,329970,10.1109/icoco53166.2021.9673537,Unplugged Computational Thinking Activities Framework Development for Novice Programmer,2021,
expert programmer mentoring novice developers,crossref,ok,329970,10.4324/9781003493235-10,Exploring the Impact of Mentoring on Novice Language Teachers' Agency,2025,
expert programmer mentoring novice developers,crossref,ok,329970,10.3102/ip.23.2011225,Supporting Novice Teachers Through University-Based Mentoring: Reframing Approaches to Teacher Induction,2023,
expert programmer mentoring novice developers,crossref,ok,329970,10.1080/13611260220133153,Framework for Designing a Mentoring Program for Novice Teachers,2002,
what distinguishes great programming teachers,crossref,ok,1603252,10.5040/9798216977643.0010,Chapter 7 What Distinguishes NCTM-Oriented Curricula?,2004,
what distinguishes great programming teachers,crossref,ok,1603252,10.5040/9798216455790.ch-014,What Makes Great Teachers Great?,2020,
what distinguishes great programming teachers,crossref,ok,1603252,10.5040/9798216977643.0011,Chapter 8 What Distinguishes NCTM-Oriented Problems from Traditional Problems?,2004,
what distinguishes great programming teachers,crossref,ok,1603252,10.4324/9781315854847,What Great Teachers Do Differently,2013,
what distinguishes great programming teachers,crossref,ok,1603252,10.4324/9781003400134-11,What Do Great Teachers Say When a Student Conflict Occurs?,2024,
what distinguishes great programming teachers,crossref,ok,1603252,10.5771/9781475817638-31,CHAPTER 2. WHAT WE CAN DO TO SELECT AND RETAIN GREAT TEACHERS,2015,
what distinguishes great programming teachers,crossref,ok,1603252,10.4324/9781003400141-10,What Do Great Teachers Say When a Student Conflict Occurs?,2023,
what distinguishes great programming teachers,crossref,ok,1603252,10.4324/9781003400141-7,What Do Great Teachers Say When a Student Outburst Happens?,2023,
what distinguishes great programming teachers,crossref,ok,1603252,10.4324/9781003400141-5,What Do Great Teachers Say When a Student Is Passively Disengaged?,2023,
what distinguishes great programming teachers,crossref,ok,1603252,10.4324/9781003400134-8,What Do Great Teachers Say When a Student Outburst Happens?,2024,
what distinguishes great programming teachers,crossref,ok,1603252,10.4324/9781315832845,What Great Teachers Do Differently Facilitator's Guide,2016,
what distinguishes great programming teachers,crossref,ok,1603252,10.4324/9781315854830,Study Guide: What Great Teachers Do Differently,2014,
what distinguishes great programming teachers,crossref,ok,1603252,10.4324/9781003400141-6,What Do Great Teachers Say When a Student is an Attention Seeker?,2023,
what distinguishes great programming teachers,crossref,ok,1603252,10.4324/9781003400134-7,What Do Great Teachers Say When a Student is an Attention Seeker?,2024,
what distinguishes great programming teachers,crossref,ok,1603252,10.4324/9781003400134-10,What Do Great Teachers Say When a Student Refuses to Cooperate or Challenges Them?,2024,
what distinguishes great programming teachers,crossref,ok,1603252,10.4324/9781003400141-9,What Do Great Teachers Say When a Student Refuses to Cooperate or Challenges Them?,2023,
what distinguishes great programming teachers,crossref,ok,1603252,10.4324/9780429325991-8,Hire Great Teachers,2020,
what distinguishes great programming teachers,crossref,ok,1603252,10.4324/9781003400141-4,What Do Great Teachers Say on the First Day of School and the Days that Follow?,2023,
what distinguishes great programming teachers,crossref,ok,1603252,10.4324/9781003400134-9,What Do Great Teachers Say When a Student Does Not Show Respect for Themselves or Others?,2024,
what distinguishes great programming teachers,crossref,ok,1603252,10.4324/9781003400134-4,What Do Great Teachers Say on the First Day of School and the Days that Follow?,2024,
what distinguishes great programming teachers,crossref,ok,1603252,10.4324/9781003400134-6,What Do Great Teachers Say to Encourage Proper Use of Technology and Devices in the Classroom?,2024,
what distinguishes great programming teachers,crossref,ok,1603252,10.4324/9781003400134-5,"What Do Great Teachers Say When a Student Seems Apathetic, Passively Disengaged, or Disconnected from School?",2024,
what distinguishes great programming teachers,crossref,ok,1603252,10.4324/9781003400141-8,What Do Great Teachers Say When a Student Does Not Show Respect for Themselves or Others?,2023,
what distinguishes great programming teachers,crossref,ok,1603252,10.4324/9780429325977-1,Why Look at Great?,2020,
what distinguishes great programming teachers,crossref,ok,1603252,10.4324/9781315853864-13,"If you enjoyed this book, we recommend: What Great Teachers Do DiHerently",2013,
what distinguishes great programming teachers,crossref,ok,1603252,10.4324/9780429325977,What Great Teachers Do Differently,2020,
what distinguishes great programming teachers,crossref,ok,1603252,10.64628/aaj.t9st6ncjy,Teachers change lives – but what makes a great teacher?,2023,
what distinguishes great programming teachers,crossref,ok,1603252,10.4324/9781315854540-11,Part Seven: Chapter 8: Hire Great Teachers,2014,
what distinguishes great programming teachers,crossref,ok,1603252,10.4324/9781315854830-18,What About These Darn Standardized Tests?,2014,
what distinguishes great programming teachers,crossref,ok,1603252,10.4324/9780429325977-19,What About These Darn Standardized Tests?,2020,
what distinguishes great programming teachers,crossref,ok,1603252,10.4324/9781003400141-2,Great Teacher Language,2023,
what distinguishes great programming teachers,crossref,ok,1603252,10.4324/9781003400134-2,Great Teacher Language,2024,
what distinguishes great programming teachers,crossref,ok,1603252,10.4324/9781003091608-15,Hire Great Teachers,2020,
what distinguishes great programming teachers,crossref,ok,1603252,10.4324/9780429325977-15,Intentionalness,2020,
what distinguishes great programming teachers,crossref,ok,1603252,10.4324/9781003091615,Study Guide: What Great Teachers Do Differently,2020,
what distinguishes great programming teachers,crossref,ok,1603252,10.5771/9781610480918-119,6 What Might Keep You from Becoming a Great Teacher?,2012,
what distinguishes great programming teachers,crossref,ok,1603252,10.2139/ssrn.937929,What Distinguishes Morality from Ethics?,2006,"Many philosophers and political theorists now agree that morality and ethics are not the same. But in virtue of what do morality and ethics  understood as what philosophical and empirical ethics together study  differ? This question is important because unless we answer it, we shall not be able to give an adequate philosophical account of morality. In answer to the question, this paper argues that what distinguishes morality from ethics is that ethics is a set of normative requirements aimed at promoting people's well-being, while morality is the proper subset of ethical normative requirements consisting in the set of all ethical obligations and duties, the aim of which is to reduce the amount of harm persons suffer. The paper defends this thesis by arguing directly for it and by arguing for definitions of ethics and morality which support the thesis."
what distinguishes great programming teachers,crossref,ok,1603252,10.4324/9781003091615-33,What About These Darn Standardized Tests?,2020,
what distinguishes great programming teachers,crossref,ok,1603252,10.4324/9780429325977-12,Be the Filter,2020,
what distinguishes great programming teachers,crossref,ok,1603252,10.4324/9780429325977-5,Prevention versus Revenge,2020,
what distinguishes great programming teachers,crossref,ok,1603252,10.4324/9780429325977-21,Clarify Your Core,2020,
what distinguishes great programming teachers,crossref,ok,1603252,10.4324/9781315854830-19,Clarify Your Core,2014,
what distinguishes great programming teachers,crossref,ok,1603252,10.4135/9781071887097.n7,Epilogue,2023,
what distinguishes great programming teachers,crossref,ok,1603252,10.1515/9786155053993-020,What Distinguishes Europe?,2006,
what distinguishes great programming teachers,crossref,ok,1603252,10.4324/9781003091615-3,"Why Look at Great?; It’s People, Not Programs",2020,
what distinguishes great programming teachers,crossref,ok,1603252,10.4324/9780429325977-7,Choose the Right Mode,2020,
what distinguishes great programming teachers,crossref,ok,1603252,10.4324/9781315854830-5,"It’s People, Not Programs",2014,
what distinguishes great programming teachers,crossref,ok,1603252,10.2139/ssrn.926047,What Distinguishes a Serial Entrepreneur?,2006,"We analyze serial entrepreneurship using a unique crosssectional survey of employees that is for this study linked with longitudinal, register-based employer-employee data. Serial entrepreneurship accounts for nearly 30% of the transitions from paid employment into entrepreneurship. What make an entrepreneur serial are her aspirations and her ability to go ahead and live by them. Specifically, we document that having worked in the past as an entrepreneur increases both the probability that a person presently in paid employment aspires to again become an entrepreneur and, holding the aspirations constant, the probability of her again becoming an  entrepreneur. We also find that an employee with entrepreneurial aspirations is more likely to become an entrepreneur subsequently, than an employee without such aspirations. Finally, holding aspirations constant, working in the public sector and being a union member are inversely related to the likelihood of transiting into entrepreneurship."
what distinguishes great programming teachers,crossref,ok,1603252,10.4324/9781003400141-11,Transforming Your Classroom Culture into a Great Classroom Culture,2023,
what distinguishes great programming teachers,crossref,ok,1603252,10.4324/9781003400141,What Do Great Teachers Say?,2023,
text based tutoring dialogue expert strategies,crossref,ok,8064473,10.1007/978-3-540-70939-8_40,"Expert vs. Non-expert Tutoring: Dialogue Moves, Interaction Patterns and Multi-utterance Turns",2007,
text based tutoring dialogue expert strategies,crossref,ok,8064473,10.1007/978-3-642-30950-2_72,How Do They Do It? Investigating Dialogue Moves within Dialogue Modes in Expert Human Tutoring,2012,
text based tutoring dialogue expert strategies,crossref,ok,8064473,10.1007/978-3-642-57827-4_13,Relying on a Sophisticated Student Model to Derive Dialogue Strategies in an Intelligent Tutoring System,1995,
text based tutoring dialogue expert strategies,crossref,ok,8064473,10.1037/e602642012-009,Expert tutoring of strategies for reading intelligently,1983,
text based tutoring dialogue expert strategies,crossref,ok,8064473,10.25791/pribor.6.2023.1413,Automated Formation of Personalized Tutoring Strategies Based on Tutoring Integrated Expert Systems,2023,
text based tutoring dialogue expert strategies,crossref,ok,8064473,10.1007/978-3-030-10576-1_300180,Dialogue-Based Tutoring Systems,2020,
text based tutoring dialogue expert strategies,crossref,ok,8064473,10.1007/978-3-642-54906-9_25,A Machine Learning Approach to Pronominal Anaphora Resolution in Dialogue Based Intelligent Tutoring Systems,2014,
text based tutoring dialogue expert strategies,crossref,ok,8064473,10.1007/978-3-540-87391-4_82,Dialogue Based Text Editing,,
text based tutoring dialogue expert strategies,crossref,ok,8064473,10.1007/978-3-540-69132-7_50,Dialogue Modes in Expert Tutoring,2008,
text based tutoring dialogue expert strategies,crossref,ok,8064473,10.1007/1-4020-3075-4_14,Evaluating Dialogue Strategies in Multimodal Dialogue Systems,2005,
text based tutoring dialogue expert strategies,crossref,ok,8064473,10.1007/3-540-45323-7_72,Active and Passive Strategies in Dialogue Program Generation,2000,
text based tutoring dialogue expert strategies,crossref,ok,8064473,10.1016/0957-4174(90)90080-e,Development of a personal-computer-based intelligent tutoring system,1990,
text based tutoring dialogue expert strategies,crossref,ok,8064473,10.1007/978-3-319-07221-0_25,When Is Tutorial Dialogue More Effective Than Step-Based Tutoring?,2014,
text based tutoring dialogue expert strategies,crossref,ok,8064473,10.1109/afrcon.2017.8095531,A comparison of three architectures supporting mobile text-based mathematics tutoring,2017,
text based tutoring dialogue expert strategies,crossref,ok,8064473,10.1016/j.eswa.2007.03.010,Personalized web-based tutoring system based on fuzzy item response theory,2008,
text based tutoring dialogue expert strategies,crossref,ok,8064473,10.32657/10356/182528,Controllable neural text generation in persona-based dialogue systems,,
text based tutoring dialogue expert strategies,crossref,ok,8064473,10.1007/3-540-45323-7_68,Pragmatic and Grammatical Aspects of the Development of Dialogue Strategies,2000,
text based tutoring dialogue expert strategies,crossref,ok,8064473,10.21236/ada470806,Natural Language Dialogue for Intelligent Tutoring Systems,2007,
text based tutoring dialogue expert strategies,crossref,ok,8064473,10.58459/icce.2024.4954,Designing an LLM-Based Dialogue Tutoring System for Novice Programming,2024,"In this paper, we present the design of a dialogue-based tutoring system called DT4-Coding to help novice programmers understand their misconceptions about programming concepts and work towards correcting them. The error or misconception detection and correction are based on Ohlsson's Theory of Learning from Performance Error, which suggests that a mentor (in this case, a software tutor) is necessary to help learners detect these errors and provide feedback to repair faulty knowledge. We utilized the constraint-based model (CBM) for domain and knowledge modeling, which allows human experts to represent knowledge as a constraint. These constraints were used to assess student answers and to generate LLM-based feedback via a question- answer form of dialogue. By incorporating human-written domain knowledge, the system could potentially reduce the problem of LLMs in generating solutions that may be factually incorrect."
text based tutoring dialogue expert strategies,crossref,ok,8064473,10.2991/icaicte.2013.96,An I-POMDP Based Multi-Agent Architecture for Dialogue Tutoring,2013,
text based tutoring dialogue expert strategies,crossref,ok,8064473,10.1007/978-3-540-87391-4_57,Forced-Alignment and Edit-Distance Scoring for Vocabulary Tutoring Applications,,
text based tutoring dialogue expert strategies,crossref,ok,8064473,10.31979/etd.ym48-e7gx,The Prosody of Uncertainty for Spoken Dialogue Intelligent Tutoring Systems,,
text based tutoring dialogue expert strategies,crossref,ok,8064473,10.1007/978-3-319-10816-2_69,Ontology Based Strategies for Supporting Communication within Social Networks,2014,
text based tutoring dialogue expert strategies,crossref,ok,8064473,10.1111/bjet.12125,Design and usability assessment of a dialogue‐based cognitive tutoring system to model expert problem solving in research design,2013,"Abstract
                  Technology provides the means to create useful learning and practice environments for learners. Well‐designed cognitive tutor systems, for example, can provide appropriate learning environments that feature cognitive supports (ie, scaffolding) for students to increase their procedural knowledge. The purpose of this study was to conduct a series of usability tests of a dialogue‐based design framework for the presentation of domain knowledge and assess how it can be used to actively engage learners in learning about research methods. Three formal usability assessments and an instructor adoption assessment were conducted during the development of the tutoring system. Each usability assessment employed diverse data collection methods to ensure broad and in‐depth coverage of findings. The findings revealed that the dialogue metaphor enabled natural and participatory interactions between the system and users. The feedback prompts or hints and support resources provided opportunities for learning during the process of problem solving. Future research to extend the support of usability assessments is also discussed."
text based tutoring dialogue expert strategies,crossref,ok,8064473,10.1016/j.eswa.2024.124283,Saliency infused dialogue response generation: Improving task oriented text generation using feature attribution,2024,
text based tutoring dialogue expert strategies,crossref,ok,8064473,10.1201/9780429332197-39,An Intelligent Tutoring System and its Pedagogical Strategies,2020,
text based tutoring dialogue expert strategies,crossref,ok,8064473,10.1007/978-3-540-30139-4_37,Advantages of Spoken Language Interaction in Dialogue-Based Intelligent Tutoring Systems,2004,
text based tutoring dialogue expert strategies,crossref,ok,8064473,10.1007/978-3-540-87391-4_72,The Generation of Emotional Expressions for a Text-Based Dialogue Agent,,
text based tutoring dialogue expert strategies,crossref,ok,8064473,10.1007/978-3-642-79149-9_23,Tutoring Mathematical Text Problems: From Cognitive Task Analysis to Didactic Tools,1994,
text based tutoring dialogue expert strategies,crossref,ok,8064473,10.4324/9781315768595-10,The Three Conference Stages and Tutoring Strategies: The Overall Results,2014,
text based tutoring dialogue expert strategies,crossref,ok,8064473,10.28919/jmcs/4567,Proposed frame-based expert system to construct student's knowledge model in intelligent tutoring systems,2020,
text based tutoring dialogue expert strategies,crossref,ok,8064473,10.1080/14626269409408339,Expert Systems for Teaching,1994,
text based tutoring dialogue expert strategies,crossref,ok,8064473,10.1016/j.eswa.2024.124153,"A systematic literature review of deep learning-based text summarization: Techniques, input representation, training strategies, mechanisms, datasets, evaluation, and challenges",2024,
text based tutoring dialogue expert strategies,crossref,ok,8064473,10.1007/3-540-46154-x_59,Strategies to Overcome Problematic Input in a Spanish Dialogue System,2002,
text based tutoring dialogue expert strategies,crossref,ok,8064473,10.1007/3-540-55578-1_73,DCE: A knowledge-based tutoring and advisory system - Tutoring strategies and architecture,1992,
text based tutoring dialogue expert strategies,crossref,ok,8064473,10.4324/9781410617071-23,Generating Tutorial Dialogue,2006,
text based tutoring dialogue expert strategies,crossref,ok,8064473,10.25148/etd.fi13121207,"The Relationship between Scaffolding Metacognitive Strategies identified through Dialogue Journals and Second Graders’ Reading Comprehension, Science Achievement, and Metacognition using Expository Text",,
text based tutoring dialogue expert strategies,crossref,ok,8064473,10.1016/j.eswa.2005.04.026,Case-based tutoring systems for procedural problem solving on the www,2005,
text based tutoring dialogue expert strategies,crossref,ok,8064473,10.2139/ssrn.7518999,Beyond Answer Accuracy: Designing Adaptive Conversational Repair Strategies for Large Language Model–Based Intelligent Tutoring Systems,2026,"Most studies on large language model (LLM) tutoring focus heavily on how fluent and accurate the system&amp;apos;s answers are, which leaves largely untouched the far more critical moment when a student speaks ambiguously, makes an error, leaves out information, or gets confused. At these specific failure points, what the tutor chooses to do next—step in with a direct correction, probe with a clarifying question, offer a Socratic prompt, or let the student manage the fix—decides whether the exchange builds lasting comprehension or just leaves the student deferring to an authority. This article presents a theoretical model of conversational repair in LLM tutoring where fixing misconceptions, protecting learner agency, and keeping interaction efficient are treated as three distinct, co-optimized, and occasionally conflicting goals instead of a single quality metric. We lay out a between-subjects trial (120–180 university students across direct correction, clarification questioning, Socratic repair, and learner-selected repair conditions) built around matched conceptual units containing planted misconceptions, along with a pre-registered analysis pipeline that pairs ANCOVA and mixed-effects models for learning gains and retention with dialogue-sequence and transition-probability tracking of repair paths, mediation tests for perceived dialogue quality, and moderation tests for prior knowledge. Ahead of primary data collection, we locate a publicly available tutoring-dialogue corpus suitable for an initial secondary review of repair patterns, and we include mock-ups of the target reporting figures and tables populated with simulated values that match our predicted effects while remaining clearly labeled as unobserved data. What we provide is a testable theory detailing when each repair approach should be deployed, paired with an evaluated methodology to investigate it, yielding actionable design rules for LLM tutors that must balance overt corrections, targeted questions, and student independence. K"
text based tutoring dialogue expert strategies,crossref,ok,8064473,10.1007/978-3-031-63031-6_26,Semi-automatic Construction of Bidirectional Dialogue Dataset for Dialogue-Based Reading Comprehension Tutoring System Using Generative AI,2024,
text based tutoring dialogue expert strategies,crossref,ok,8064473,10.1007/978-3-642-30950-2_127,Cluster Based Feedback Provision Strategies in Intelligent Tutoring Systems,2012,
text based tutoring dialogue expert strategies,crossref,ok,8064473,10.1016/j.eswa.2007.11.064,ZOSMAT: Web-based intelligent tutoring system for teaching–learning process,2009,
text based tutoring dialogue expert strategies,crossref,ok,8064473,10.4324/9781351272643-4,The Three Conference Stages and Tutoring Strategies,2018,
text based tutoring dialogue expert strategies,crossref,ok,8064473,10.1016/j.eswa.2012.12.023,A fuzzy linguistic algorithm for adaptive test in Intelligent Tutoring System based on competences,2013,
text based tutoring dialogue expert strategies,crossref,ok,8064473,10.1108/oxan-es263301,China's tutoring crackdown aims to reduce inequality,2021,"Headline
               CHINA: Tutoring crackdown aims to reduce inequality"
text based tutoring dialogue expert strategies,crossref,ok,8064473,10.1109/gcce56475.2022.10014172,Detecting Dialogue Breakdowns using Nonverbal Information in Text-based Dialogue System,2022,
text based tutoring dialogue expert strategies,crossref,ok,8064473,10.1109/64.207424,Knowledge-based and statistical approaches to text retrieval,1993,
text based tutoring dialogue expert strategies,crossref,ok,8064473,10.1109/cbms.1992.245015,Surface generation in a tutorial dialogue based on analysis of human tutoring sessions,,
text based tutoring dialogue expert strategies,crossref,ok,8064473,10.1111/j.1468-0394.1988.tb00346.x,Expert Tutoring Systems,1988,
text based tutoring dialogue expert strategies,crossref,ok,8064473,10.1016/j.eswa.2012.04.052,Protus 2.0: Ontology-based semantic recommendation in programming tutoring system,2012,
natural language tutoring system expert human tutor comparison,crossref,ok,14185470,10.7763/ijet.2009.v1.69,A Suggested E-Tutor Model as Dynamic Intelligent Tutoring System For Mathematics in Egyptian Language Schools,2009,
natural language tutoring system expert human tutor comparison,crossref,ok,14185470,10.1007/3-540-55606-0_72,Using expert tutor knowledge to design a Self-Improving intelligent tutoring system,1992,
natural language tutoring system expert human tutor comparison,crossref,ok,14185470,10.1007/978-3-642-13388-6_44,How Adaptive Is an Expert Human Tutor?,2010,
natural language tutoring system expert human tutor comparison,crossref,ok,14185470,10.3115/974281.974289,CIRCSIM-Tutor,1997,
natural language tutoring system expert human tutor comparison,crossref,ok,14185470,10.1609/aaai.v28i1.8784,Analogy Tutor: A Tutoring System for Promoting Conceptual Learning via Comparison,2014,"A major challenge in artificial intelligence is building intelligent, interactive learning environments that can support students in human-like ways.  Analogical reasoning can be a catalyst for conceptual learning, yet very few systems support analogical reasoning as an instructional activity.  In my thesis, I plan to demonstrate that an analogy tutor can assist conceptual learning by guiding students through instructional comparisons."
natural language tutoring system expert human tutor comparison,crossref,ok,14185470,10.1076/call.15.4.373.8266,The Tutor Assistant: An Authoring Tool for an Intelligent Language Tutoring System,2002,
natural language tutoring system expert human tutor comparison,crossref,ok,14185470,10.1080/09558543.1993.12031222,Pedro - The Spanish Tutor: A Hypertext-Based Intelligent Tutoring System for Foreign Language Learning,1993,
natural language tutoring system expert human tutor comparison,crossref,ok,14185470,10.3115/1118894.1118899,A comparison of tutor and student behavior in speech versus text based tutoring,2003,
natural language tutoring system expert human tutor comparison,crossref,ok,14185470,10.4018/978-1-61350-447-5.ch011,Guru,,"The authors discuss Guru, a conversational expert ITS. Guru is designed to mimic expert human tutors using advanced applied natural language processing techniques including natural language understanding, knowledge representation, and natural language generation."
natural language tutoring system expert human tutor comparison,crossref,ok,14185470,10.1080/13611260902860125,Being an expert mathematics online tutor: what does expertise entail?,2009,
natural language tutoring system expert human tutor comparison,crossref,ok,14185470,10.5220/0007712203070314,An Intelligent Tutoring System for Procedural Training with Natural Language Interaction,2019,
natural language tutoring system expert human tutor comparison,crossref,ok,14185470,10.1037/e578882012-013,Tutoring ship handling skills: Intelligent tutor and expert model in a simulation,2010,
natural language tutoring system expert human tutor comparison,crossref,ok,14185470,10.1016/j.ijhcs.2012.01.004,Gaze tutor: A gaze-reactive intelligent tutoring system,2012,
natural language tutoring system expert human tutor comparison,crossref,ok,14185470,10.70163/0036-0252.1159,Student and Tutor Perspectives of Tutoring in a Russian Flagship Program,2012,"This paper presents findings from a small-scale qualitative study based on interviews with Russian Flagship students and tutors at the University of Wisconsin-Madison to explore students’ and tutors’ perceptions of tutoring in the UW-Madison Russian Flagship Program. The UW-Madison Russian Flagship is a rigorous undergraduate program funded by a grant from the National Security Education Program (NSEP) to provide opportunities for highly motivated students of any major to reach a Superior level of proficiency in Russian by graduation. Students in the program are provided with two to four hours per week of individual tutoring in Russian. The present study follows up on a formal program evaluation conducted in fall 2010, which revealed that students considered tutoring to be the single most beneficial aspect of the Russian Flagship program for their learning. This study aims to provide further insights into student and tutor perceptions of tutoring, including their beliefs about those aspects of tutoring that are most helpful for their learning of Russian. The paper compares student and tutor perceptions with the vision for tutoring in the UW-Madison Russian Flagship articulated by the program’s directors, and discusses implications relevant not only for Flagship programs, but for any Russian program which includes structured tutoring or is interested in exploring tutoring to complement in-class instruction."
natural language tutoring system expert human tutor comparison,crossref,ok,14185470,10.1109/access.2022.3166261,A Parametrized Comparative Analysis of Performance Between Proposed Adaptive and Personalized Tutoring System “Seis Tutor” With Existing Online Tutoring System,2022,
natural language tutoring system expert human tutor comparison,crossref,ok,14185470,10.3233/978-1-60750-028-5-795,The MATHESIS Algebra Tutor: Web-based Expert Tutoring via Deep Model Tracing,2009,
natural language tutoring system expert human tutor comparison,crossref,ok,14185470,10.1016/s0921-2647(06)80142-5,User modelling and system adaptation in the interactive anatomy tutoring system anatom-tutor,1995,
natural language tutoring system expert human tutor comparison,crossref,ok,14185470,10.12794/metadc1833540,"The Digital Tutor, an Educational Technology Marvel: A Futuristic Analysis of a Modern Intelligent Tutoring System Using Soft System Methodology",,"The COVID-19 pandemic wiped off decades of educational gains in the developing world and added 24 million more children to 775 million illiterates in the world. To counteract such a huge predicament, human learning agility comes into action. This human characteristic of knowing what to do when one does not know what to do, invokes the Soft System Methodology (SSM) approach to analyze illiteracy as the worst of all pandemics since it infiltrates into generations. After evaluating different effective teaching methods and utilizing the SSM approach, this paper proposes suitable pedagogies to educate deprived students. It examines Massive Online Open Courseware (MOOC) as a viable solution for K-12 students and compares it with a more robust educational technology model of Intelligent Tutoring System (ITS). Using artificial intelligence, the ITS tailors the instructional content framework and teaching strategies after evaluating students' pre-existing knowledge, learning habits, &amp; styles. The ITS engages the student with the lesson with a two-way dialog while providing customized instruction and immediate feedback. An ITS requires no human intervention and could be a suitable replacement for an inadequately qualified teacher or no teacher. Hence it could be a practical tool in tackling the global literacy catastrophe. A comprehensive literature review followed by a meta-analysis reveals the effectiveness of ITS as a feasible intervention. The major purpose of this study is to define the application of educational pedagogy behind AI-based tutoring and cognitive science in this learner-centered approach."
natural language tutoring system expert human tutor comparison,crossref,ok,14185470,10.21236/ada400648,Automated Tutoring Environment for Command (ATEC): Using an Intelligent Tutor to Model Expert Mentor Interactions,2002,
natural language tutoring system expert human tutor comparison,crossref,ok,14185470,10.1145/41735.41745,A natural language based legal expert system for consultation and tutoring---the LEX project,1987,
natural language tutoring system expert human tutor comparison,crossref,ok,14185470,10.1007/978-94-017-0617-9_4,User Modelling in the Interactive Anatomy Tutoring System ANATOM-TUTOR,1998,
natural language tutoring system expert human tutor comparison,crossref,ok,14185470,10.1037/e449252006-001,Automated Tutoring Environment for Command (ATEC): Using an Intelligent Tutor to Model Expert Mentor Interactions,2002,
natural language tutoring system expert human tutor comparison,crossref,ok,14185470,10.1111/exsy.12182,Automatic estimation of exercises<b>'</b>difficulty levels in a tutoring system for teaching the conversion of natural language into first‐order logic,2016,"AbstractThe estimation of the difficulty level of exercises is a fundamental aspect of intelligent tutoring systems, and it is necessary in order to achieve better adaptation to the students' needs and maximize learning efficiency. In this article, we present an approach to automatically estimates the difficulty level of exercises in natural language (NL) to first‐order of logic (FOL). The estimation of an exercise's difficulty level is based on the complexity of the corresponding answer, that is the FOL formula, as well as the structure and the semantics of the exercise, that is a natural language sentence and it is carried out in two main steps. Initially, a preliminary estimation is performed based on the complexity of the FOL formula. The system takes as input parameters the number, the type and the order of quantifiers, the number of implications, and the number of different connectives. Afterwards, the final estimation is made based on both semantic aspects of the NL sentence and the structure of the FOL formula. An evaluation study was conducted to assess the system's performance, and the results are very encouraging."
natural language tutoring system expert human tutor comparison,crossref,ok,14185470,10.5220/0013277900003932,AI Tutor: Adaptive e-Learning System Using Expert Fuzzy Controllers,2025,
natural language tutoring system expert human tutor comparison,crossref,ok,14185470,10.1109/icmi.2002.1167044,Experimentally augmenting an intelligent tutoring system with human-supplied capabilities: adding human-provided emotional scaffolding to an automated reading tutor that listens,,
natural language tutoring system expert human tutor comparison,crossref,ok,14185470,10.1007/978-3-540-69132-7_65,To Tutor the Tutor: Adaptive Domain Support for Peer Tutoring,,
natural language tutoring system expert human tutor comparison,crossref,ok,14185470,10.1007/3-540-47987-2_61,An Intelligent Tutoring System Incorporating a Model of an Experienced Human Tutor,2002,
natural language tutoring system expert human tutor comparison,crossref,ok,14185470,10.5772/7070,NALUPES – Natural Language Understanding and Processing Expert System,2010,
natural language tutoring system expert human tutor comparison,crossref,ok,14185470,10.1177/154193121005402713,Tutoring Ship Handling Skills: Intelligent Tutor and Expert Model in a Simulation,2010,"The goal of this project is to develop an intelligent tutoring system (ITS) for ship handling. The system employs a cognitive model of expert surface ship navigation integrated with a spoken intelligent tutor (developed by Stanford University) and a ship handling simulation system, the Conning Officer Virtual Environment (COVE). This paper describes how the expert model was developed and how it is integrated with the ITS and COVE."
natural language tutoring system expert human tutor comparison,crossref,ok,14185470,10.4324/9780429322389-1,E-tutoring,2020,
natural language tutoring system expert human tutor comparison,crossref,ok,14185470,10.21236/ada461495,An Expert System and Tutor for Maritime Navigation Rules,2002,
natural language tutoring system expert human tutor comparison,crossref,ok,14185470,10.4324/9780429322389-10,Emotionally intelligent tutoring,2020,
natural language tutoring system expert human tutor comparison,crossref,ok,14185470,10.25236/ijnde.2023.050718,Research on the Role of Tutor Education in the Apprenticeship Tutoring System,2023,
natural language tutoring system expert human tutor comparison,crossref,ok,14185470,10.1007/978-3-642-77202-3_5,Naive vs. Formal Grammars: A Case for Integration in the Design of a Foreign Language Tutor,1992,
natural language tutoring system expert human tutor comparison,crossref,ok,14185470,10.1109/aiccsa.2001.933949,DB-TUTOR: an intelligent tutoring system using a troublemaker companion,,
natural language tutoring system expert human tutor comparison,crossref,ok,14185470,10.18260/1-2--30762,Lessons Learned from an Intelligent Tutoring System for  Computer Numerical Control Programming (CNC Tutor),,
natural language tutoring system expert human tutor comparison,crossref,ok,14185470,10.4324/9780429322389-11,Emotionally intelligent tutors and tutoring,2020,
natural language tutoring system expert human tutor comparison,crossref,ok,14185470,10.5120/ijca2016912000,Metacognitive Mathematics Tutor: Mathematics Tutoring System with Metacognitive Strategies,2016,
natural language tutoring system expert human tutor comparison,crossref,ok,14185470,10.1007/978-3-642-13437-1_69,Developing an Intelligent Tutoring System Using Natural Language for Knowledge Representation,2010,
natural language tutoring system expert human tutor comparison,crossref,ok,14185470,10.5353/th_b3123450,"Tutor supervision, tutoring behaviours and outcomes in peer tutored paired reading",,
natural language tutoring system expert human tutor comparison,crossref,ok,14185470,10.18653/v1/2022.emnlp-main.498,Tutoring Helps Students Learn Better: Improving Knowledge Distillation for BERT with Tutor Network,2022,
natural language tutoring system expert human tutor comparison,crossref,ok,14185470,10.1145/286498.286524,Intelligent tutoring systems have forgotten the tutor,1998,
natural language tutoring system expert human tutor comparison,crossref,ok,14185470,10.1007/978-3-642-77202-3_19,WIZDOM A Multiple-Purpose Language Tutoring System Based on AI Techniques,1992,
natural language tutoring system expert human tutor comparison,crossref,ok,14185470,10.4324/9780429322389-8,"E-tutor competences, skills and beliefs",2020,
natural language tutoring system expert human tutor comparison,crossref,ok,14185470,10.3923/itj.2008.528.532,JEE-Tutor: An Intelligent Tutoring System For Java Expressions Evaluation,2008,
natural language tutoring system expert human tutor comparison,crossref,ok,14185470,10.4324/9781041054351-2,What is a personal tutor?,2025,
natural language tutoring system expert human tutor comparison,crossref,ok,14185470,10.31274/etd-180810-425,Extensible Problem Specific Tutor (xPST) : Easy authoring of intelligent tutoring systems,,
natural language tutoring system expert human tutor comparison,crossref,ok,14185470,10.1080/0305569960220202,"Effects of Tutor‐Tutee Intimacy, Tutoring Conditions and Tutor Background on College Student Tutor Satisfaction",1996,
natural language tutoring system expert human tutor comparison,crossref,ok,14185470,10.31274/etd-180810-5379,Designing intelligent language tutoring system for learning Chinese characters,,
natural language tutoring system expert human tutor comparison,crossref,ok,14185470,10.1515/9783112528266-024,A tutoring system which explains in natural language,1990,
chatbot tutor versus human expert tutor effectiveness,crossref,ok,4542433,10.32664/icobits.v1.130,Chatbot Tutor vs. Human Tutor: Assessing Learning Effectivenes in AI- and Human-Led EFL Learning,2026,"This study investigates the comparative effectiveness of chatbot-led and human-led instruction in teaching English grammar to undergraduate EFL learners in Indonesia. Using a quasi-experimental design, the study involved 30 students from the English Department of Universitas Serambi Mekkah who were divided equally into a chatbot group (CG) (n=15) and a human tutor group (HTG) (n=15). Both groups received instruction on the simple past tense with a focus on irregular verbs during a single structured learning session. Grammar development was measured through pre-tests and post-tests, supported by semi-structured interviews to explore their perceptions. The findings show that both instructional modes resulted in measurable improvement in grammatical accuracy. The human tutor group achieved slightly higher gains in sentence construction, indicating deeper conceptual understanding, while the chatbot group reported higher engagement, reduced anxiety, and greater learner autonomy. These results suggest that chatbot tutors are effective for form-focused practice and affective support, whereas human tutors remain essential for nuanced explanation and adaptive teaching. Regarding the limitations, the chatbot group noted chatbot’s ineffectiveness in providing contextual explanations while the human tutor group considered time as the major constraint in accessing continuous and individualized support. The study concludes that a blended approach integrating chatbot tools with human instruction offers the most pedagogically effective model for EFL grammar learning."
chatbot tutor versus human expert tutor effectiveness,crossref,ok,4542433,10.52358/mm.vi18.410,Perceptions et usages d’un chatbot comme tuteur de cours en sciences de l’éducation,2024,"Cet article examine l’utilisation et la perception d’un chatbot par des étudiants de première année dans l’enseignement supérieur en Belgique. Avec la massification de l’éducation, des adaptations pédagogiques deviennent nécessaires dans l’université moderne. Les chatbots, en tant qu’outils numériques, offrent une opportunité pour diversifier l’accès aux contenus éducatifs, face au défi de fournir un enseignement de qualité à tous. L’étude aborde deux questions de recherche : Quelle est la perception des étudiants (N = 89) quant à l’usage du chatbot en tant que tuteur de cours?; Quel est son rôle selon la typologie de Bernatchez (2003)? Les résultats, en concordance avec d’autres études, indiquent une évaluation positive en termes d’efficacité, d’utilisabilité, d’acceptabilité et d’expérience utilisateur, bien que des scores inférieurs soient observés en motivation et en comportement. L’analyse démontre une préférence des étudiants pour un soutien pédagogico-cognitif par le chatbot, plutôt que technique. Ces résultats sont en accord avec d’autres recherches, soulignant l’utilisation efficace des chatbots dans l’éducation, avec peu d’interactions non pertinentes. En conclusion, l’étude souligne l’efficacité et l’acceptabilité des chatbots en tant que tuteurs et propose des perspectives pour leur intégration comme parcours d’apprentissage personnalisé."
chatbot tutor versus human expert tutor effectiveness,crossref,ok,4542433,10.51896/rilcods.v6i62.728,Revisión de la literatura para el desarrollo de un tutor inteligente chatbot del área de matemáticas en el nivel medio superior,2025,"In the field of upper secondary education, the use of chatbots as tutoring tools has gained prominence in recent years. These artificial intelligence systems, known as intelligent tutors, offer a unique opportunity to provide personalized and accessible support to students in their learning process. In this literature review, we focus on research exploring the role of chatbots as intelligent tutors in the upper secondary education context, specifically for individuals interested in studying mathematics at this level. The objective of this review is to conduct a comprehensive analysis and synthesis of relevant studies that examine the effectiveness, benefits, and challenges associated with the implementation of intelligent tutors in mathematics. To evaluate various studies, we seek to understand how these technological tools are used to improve academic performance and students' conceptual understanding of mathematics. Additionally, this review aims to identify the key characteristics of intelligent tutors that make them effective in mathematics tutoring. This includes aspects such as personalized learning, interactivity, and the ability to provide instant feedback. The technical and pedagogical challenges that may arise when integrating these tutors into the educational environment will also be examined, such as the need for high-quality educational content, resistance to change by teachers and students, and technological limitations. By addressing this topic, we aim to provide a deep understanding of how this technology is transforming teaching and learning in upper secondary education. We also intend to identify key areas for future research and development in this emerging field, to maximize the potential of intelligent tutors as effective and accessible educational tools for all students."
chatbot tutor versus human expert tutor effectiveness,crossref,ok,4542433,10.7765/9781526164759.00008,Authorship versus influence,2022,
chatbot tutor versus human expert tutor effectiveness,crossref,ok,4542433,10.5220/0013277900003932,AI Tutor: Adaptive e-Learning System Using Expert Fuzzy Controllers,2025,
chatbot tutor versus human expert tutor effectiveness,crossref,ok,4542433,10.5220/0013430700003932,The Effectiveness of Tutor Strategies in Enhancing Students' Learning and Attitudes in Scientific and Humanistic Subjects: An Analysis of Tutor Strategies Within the Compiti@Casa Project,2025,
chatbot tutor versus human expert tutor effectiveness,crossref,ok,4542433,10.5353/th_b3122706,An intelligent tutor : Smart Tutor,,
chatbot tutor versus human expert tutor effectiveness,crossref,ok,4542433,10.22215/etd/2023-15821,Evaluating the Effectiveness of Comparison Activities in a Programming Tutor,,
chatbot tutor versus human expert tutor effectiveness,crossref,ok,4542433,10.1257/rct.8933-1.1,Feasibility and effectiveness of an artificial intelligence enhanced application for student wellbeing: pilot trial of the Mind Tutor.,2022,
chatbot tutor versus human expert tutor effectiveness,crossref,ok,4542433,10.1257/rct.8933-1.0,Feasibility and effectiveness of an artificial intelligence enhanced application for student wellbeing: pilot trial of the Mind Tutor.,2022,
chatbot tutor versus human expert tutor effectiveness,crossref,ok,4542433,10.21236/ada461495,An Expert System and Tutor for Maritime Navigation Rules,2002,
chatbot tutor versus human expert tutor effectiveness,crossref,ok,4542433,10.1257/rct.8933,Feasibility and effectiveness of an artificial intelligence enhanced application for student wellbeing: pilot trial of the Mind Tutor.,2022,
chatbot tutor versus human expert tutor effectiveness,crossref,ok,4542433,10.4016/9362.01,Edukit Video Tutor,2008,
chatbot tutor versus human expert tutor effectiveness,crossref,ok,4542433,10.1201/9781003469315-9,Tutor Ward Mentoring Chatbot,2024,
chatbot tutor versus human expert tutor effectiveness,crossref,ok,4542433,10.1016/j.nedt.2025.106819,Peer tutor preparations' impact on tutor-tutee-congruence: Insights from expert interviews,2025,
chatbot tutor versus human expert tutor effectiveness,crossref,ok,4542433,10.55102/intajuna.v8i2.115,Desain Chatbot Berbasis Artificial Intelligence sebagai Tutor Virtual untuk Pembelajaran Istima' (Mendengarkan) Mandiri.,2024,Desain Chatbot Berbasis Artificial Intelligence sebagai Tutor Virtual untuk Pembelajaran Istima' (Mendengarkan) Mandiri.
chatbot tutor versus human expert tutor effectiveness,crossref,ok,4542433,10.38159/npub.eb2021501,African Piano Tutor – Pianoforte Tutor Beginners Level 1,2021,"Music is an integral part of African society and the life of an African revolves around music. Musical instrument play is part and parcel of African music. Thus, learning a musical instrument is part of the African culture. The piano although not African in origin, has been adopted in Africa through globalization and glocalization. This book introduces the learner to piano playing using African rhythm as its theme. It introduces the learner to basic rhythms and basic finger positions to play the simple pieces that are in the book. This book is a result of the author’s many years of teaching piano to beginners. The author hopes that this book forms a foundation for students to learn African rhythms and to love African music for further progression."
chatbot tutor versus human expert tutor effectiveness,crossref,ok,4542433,10.21125/inted.2019.2175,TUTOR-BOTS: A CONVERSATIONAL CHATBOT FOR EDUCATION,2019,
chatbot tutor versus human expert tutor effectiveness,crossref,ok,4542433,10.7717/peerj-cs.315/fig-3,"Figure 3: Mean satisfaction and engagement scores with error bars representing SE, for the predictor of learning condition within immersive virtual environments (no tutor, humanoid tutor, abstract tutor).",,
chatbot tutor versus human expert tutor effectiveness,crossref,ok,4542433,10.3389/feduc.2026.1896839,"Retrieval-augmented generation for pedagogically aware educational AI: an expert-rated comparison of a prompt-only LLM tutor and an integrated, learner-state-aware RAG tutor",2026,"Introduction
                    Large language models can produce fluent tutoring dialogue, but their educational use remains limited by weak grounding, uneven pedagogical control, and the risk of unsupported content. This study compared two controlled algebra tutoring workflows built on the same foundation model, Gemini 2.5 Flash.
                  
                  
                    Methods
                    The first condition was a prompt-only tutor that used the immediate task and scripted follow-up only. The second was an integrated pedagogical RAG tutor that combined a curated algebra corpus, learner-state variables, and a pedagogical response policy. In total, 24 two-turn algebra episodes were evaluated. No students were recruited, no classroom intervention was conducted, and no learning outcomes were measured. Eight expert reviewers scored anonymized response pairs for solution accuracy, conceptual support, instructional quality, instructional helpfulness, and unsupported content.
                  
                  
                    Results
                    
                      The pedagogical RAG condition received higher task-level expert ratings for conceptual support (M = 4.69 vs. 4.31), instructional quality (M = 4.61 vs. 4.29), and instructional helpfulness (M = 4.65 vs. 4.39). It also achieved a higher pedagogical-quality composite score (M = 4.65 vs. 4.33; Wilcoxon
                      p
                       = .00024; rank-biserial r = .86). Solution accuracy was high in both conditions and showed only a small descriptive difference (M = 4.84 vs. 4.74;
                      p
                       = .0769). However, unsupported content flags were more frequent in the RAG condition, occurring in 13 of 192 rating cells compared with one of 192 rating cells in the baseline condition. Fisher's exact test yielded
                      p
                       = .0015.
                    
                  
                  
                    Discussion
                    These findings do not establish learning gains, classroom efficacy, or the separate causal value of retrieval alone. They indicate that an integrated learner-state-aware RAG architecture can receive stronger expert ratings for pedagogical text quality on a fixed task set while also introducing trace leakage and evidence-boundary risks that must be controlled before deployment"
chatbot tutor versus human expert tutor effectiveness,crossref,ok,4542433,10.7554/elife.29087.026,Audio file 4. A song file of tutor Black 45 (the tutor for Yellow 30).,,
chatbot tutor versus human expert tutor effectiveness,crossref,ok,4542433,10.1007/978-3-642-13388-6_44,How Adaptive Is an Expert Human Tutor?,2010,
chatbot tutor versus human expert tutor effectiveness,crossref,ok,4542433,10.1145/3613905.3647957,Student Interaction with NewtBot: An LLM-as-tutor Chatbot for Secondary Physics Education,2024,
chatbot tutor versus human expert tutor effectiveness,crossref,ok,4542433,10.1093/oso/9780198829690.003.0002,Noble Tutor,2018,"This chapter investigates Hobbes’s teaching of William Cavendish, second Earl of Devonshire, at Hardwick Hall, Derbyshire in the 1610s. It sets Hobbes’s tutoring in the general context of aristocratic education in early-modern England, and, through evidence of library purchases and surviving manuscripts, explores the particular context of tutoring at Hardwick. In so doing it confirms the distinctively aristocratic and Tacitean complexion of humanism at Hardwick. The chapter examines the composition of the Discourse against Flatterie and the other essays and discourses appearing in Horae subsecivae, evaluating the influence on them of Bacon, and demonstrating their dependence on Joseph Lange’s anthology, Polyanthea nova. These works are shown to constitute something of an apology for young Cavendish’s various indiscretions."
chatbot tutor versus human expert tutor effectiveness,crossref,ok,4542433,10.21125/inted.2023.0543,CHATBOT AS A NEW LECTURING TUTOR: CHALLENGES IN LECTURING AND IN CYBERSECURITY,2023,
chatbot tutor versus human expert tutor effectiveness,crossref,ok,4542433,10.2139/ssrn.7036766,"Deploying a Course-Specific Artificial Intelligence Tutor Chatbot in Chemical Engineering Computation: A Mixed-Methods Evaluation of Student Learning Outcomes, Engagement, and Self-Efficacy",2026,"The integration of artificial intelligence (AI) in engineering education has accelerated with the availability of large language model (LLM) platforms that can be customised to domain-specific instructional content. This study reports the design, deployment, and evaluation of a course-specific AI tutor chatbot in the Chemical Engineering Computation course (KC33503) at Universiti Malaysia Sabah, Malaysia. The chatbot was built on the Poe platform and configured using the RST (Role–Structure–Task) prompt engineering framework, incorporating lecture notes, tutorial questions, and worked solutions as its knowledge base. Deployed over ten weeks (Weeks 4–14) of a single semester for 55 third-year undergraduate students in a blended learning environment, the tool was evaluated using a mixed-methods approach comprising a structured student perception survey (n = 10), self-reported confidence ratings, and qualitative thematic analysis of open-ended responses. Quantitative results revealed high mean scores across all dimensions: learning effectiveness (M = 4.93/5.00), usability (M = 4.85/5.00), content accuracy (M = 4.90/5.00), and engagement and motivation (M = 4.80/5.00). Notably, students reported a statistically meaningful improvement in self-efficacy, with mean confidence scores rising from 3.60 to 4.50 (a gain of 0.90 points, representing a 25% increase) on a five-point scale. Qualitative themes highlighted the chatbot&amp;apos;s value in providing immediate, course-aligned feedback; supporting MATLAB and Excel problem-solving; and promoting self-directed learning. The study contributes a reproducible implementation model for AI-enhanced teaching in discipline-specific engineering education and identifies directions for future work, including formal pre-post assessment, extended cohort studies, and integration of adaptive learning pathways."
chatbot tutor versus human expert tutor effectiveness,crossref,ok,4542433,10.1093/gmo/9781561592630.article.28557,"Tuder [Tudor, Tutor], John",2001,
chatbot tutor versus human expert tutor effectiveness,crossref,ok,4542433,10.3030/739813,,2017,
chatbot tutor versus human expert tutor effectiveness,crossref,ok,4542433,10.1145/1520340.1520707,The accidental tutor,2009,
chatbot tutor versus human expert tutor effectiveness,crossref,ok,4542433,10.4324/9781315174242-3,Building the Tutor Team,2018,
chatbot tutor versus human expert tutor effectiveness,crossref,ok,4542433,10.1080/0305569960220202,"Effects of Tutor‐Tutee Intimacy, Tutoring Conditions and Tutor Background on College Student Tutor Satisfaction",1996,
chatbot tutor versus human expert tutor effectiveness,crossref,ok,4542433,10.1109/humanoids.2014.7041511,Comparing a humanoid tutor to a human tutor delivering an instructional task to children,2014,
chatbot tutor versus human expert tutor effectiveness,crossref,ok,4542433,10.7554/elife.29087.023,Audio file 1. A song file of tutor Blue 63 (the tutor for Gray 180 and Gray 139).,,
chatbot tutor versus human expert tutor effectiveness,crossref,ok,4542433,10.1109/icesd.1994.302262,Conducting tutorials with a urological clinical tutor (UCT),,
chatbot tutor versus human expert tutor effectiveness,crossref,ok,4542433,10.1093/ww/9780199540884.013.281679,"Cocker, (Peter) Mark, author, naturalist and tutor",2014,
chatbot tutor versus human expert tutor effectiveness,crossref,ok,4542433,10.21680/2178-6054.2024v18n2id38138,VISITA TÉCNICA EXTENSIONISTA À USINA DE ITAIPU:  O PROJETO TUTOR E APRENDIZAGENS SOCIAIS,2025,O estudo trata das relações de aprendizagem social através do projeto TUTOR/UTFPR realizado em uma Visita Técnica Extensionista (UTFPR) na Usina de Itaipu. A metodologia dialógica fundamentada nas diretrizes nacionais da extensão universitária buscou demonstrar a importância dos potenciais da natureza e o desenvolvimento tecnológico para que os sujeitos possam reconhecer e confrontar saberes diferentes na produção de conhecimentos pela via extensionista. Os resultados obtidos a partir da disciplina extensionista de Planejamento de Carreira evidenciam desde o planejamento da visita até a sua execução ao realizar práticas acadêmicas articuladas à prática se possibilita estabelecer vínculos entre as necessidades de aprendizagens e soluções para problemas reais da comunidade e o conhecimento acadêmico.
chatbot tutor versus human expert tutor effectiveness,crossref,ok,4542433,10.61686/llmqb66319,,,
chatbot tutor versus human expert tutor effectiveness,crossref,ok,4542433,10.21236/ada395618,Commander's Adaptive Thinking Skills Tutor (CATS Tutor) - Phase 1,2001,
chatbot tutor versus human expert tutor effectiveness,crossref,ok,4542433,10.4324/9781315174242-4,The Self-Managing Tutor Group,2018,
chatbot tutor versus human expert tutor effectiveness,crossref,ok,4542433,10.1109/cie.2002.1186038,A machine learning framework for an expert tutor construction,,
chatbot tutor versus human expert tutor effectiveness,crossref,ok,4542433,10.1037/e446762006-001,Commander's adaptive thinking skills tutor (CATS Tutor) - Phase 1,2001,
chatbot tutor versus human expert tutor effectiveness,crossref,ok,4542433,10.1093/ww/9780199540884.013.u165026,"Hargreaves, Eric Lyde, (13 Oct. 1898–20 Feb. 1984), Emeritus Fellow since 1963 (Fellow, 1925, Tutor, 1930, Senior Tutor, 1937–56), Oriel College, Oxford",2007,
chatbot tutor versus human expert tutor effectiveness,crossref,ok,4542433,10.1007/978-1-349-09179-9_5,Tutor Review Exercises,1887,
chatbot tutor versus human expert tutor effectiveness,crossref,ok,4542433,10.1093/ww/9780199540884.013.u17385,"Golding, (Harold) John, (10 Sept. 1929–9 April 2012), painter; Senior Tutor in the School of Painting, Royal College of Art, 1981–86 (Tutor, 1973)",2007,
chatbot tutor versus human expert tutor effectiveness,crossref,ok,4542433,10.1093/ww/9780199540884.013.u41278,"Yarnold, Rev. Edward John, (14 Jan. 1926–23 July 2002), DD; Tutor in Theology, Campion Hall, Oxford, since 1964 (Master, 1965–72; Senior Tutor, 1972–74)",2007,
chatbot tutor versus human expert tutor effectiveness,crossref,ok,4542433,10.1057/9780230306790_13,Home Tutor Cognitions and the Nature of Tutor—Learner Relationships,2011,
chatbot tutor versus human expert tutor effectiveness,crossref,ok,4542433,10.55277/researchhub.xbmxb08p,PLANT MAINTENANCE,2023,
chatbot tutor versus human expert tutor effectiveness,crossref,ok,4542433,10.53645/revpropulsion.v3i1.56,Tutor comparte a Tutor,2021,"El aprendizaje entre pares, a través de compartir experiencias docentes, posibilita la apertura al diálogo reflexivo, al conocimiento de propuestas prácticas realizables frente a grupo y a la evaluación de formas ya establecidas en los procesos de enseñanza – aprendizaje - evaluación.&#x0D;
Se propone un espacio de conversación donde el docente comparte, propuestas de actividades realizadas, permitiendo la recuperación de conocimiento empírico que dejan vislumbrar fragmentos de los sucesos acontecidos dentro del currículum oculto. Se pretende así, recuperar los saberes, las experiencias y los resultados de quien está al frente de una clase en específico, validando el arduo y complejo trabajo de planeación y ejecución de la propuesta didáctica."
chatbot tutor versus human expert tutor effectiveness,crossref,ok,4542433,10.1109/hri.2013.6483539,Eliciting ideal tutor trait perception in robots Pinpointing effective robot design space elements for smooth tutor interactions,2013,
chatbot tutor versus human expert tutor effectiveness,crossref,ok,4542433,10.36315/2026v2end025,EXPLORING TEACHERS’ SELF-EFFICACY FOR INCLUSION THROUGH A TUTOR-AI ASSISTANT: A PRELIMINARY EXPERT VALIDATION STUDY,2026,
asynchronous written feedback tutoring effectiveness,crossref,ok,788976,10.1111/modl.12317,The Effectiveness of Synchronous and Asynchronous Written Corrective Feedback on Grammatical Accuracy in a Computer‐Mediated Environment,2016,"This study extends research on written corrective feedback (CF) by investigating how timing of CF affects grammar acquisition. Specifically, it examined the relative effects of synchronous and asynchronous CF on the accurate use of the hypothetical conditional structure. Participants were 68 intermediate‐level students of English at a university in Japan. Learners from a synchronous CF group (SCF), an asynchronous CF group (ACF), and a comparison group completed 2 writing tasks using Google Docs. The 2 experimental groups received focused direct CF with the following differences: The SCF group received synchronous feedback on grammatical errors during writing tasks, while the ACF learners received feedback after the tasks. Participants revised their texts upon receiving the feedback. The comparison group completed the writing tasks without feedback. Accurate use of the target feature was measured by a set of 3 text reconstruction tasks conducted as pre‐, immediate post‐, and delayed posttests. The results showed that both experimental groups significantly improved from the pretest to the 2 posttests while the comparison group did not. Overall, however, effect sizes for the posttests indicated that SCF was more effective in improving learners’ accuracy with only the SCF group outperforming the comparison group on the delayed posttest."
asynchronous written feedback tutoring effectiveness,crossref,ok,788976,10.2139/ssrn.5386816,"The Inconclusive Effectiveness of Indirect, Coded and Direct Written Corrective Feedback on EFL Student Writing",2025,"This article examines the effectiveness of written corrective feedback (WCF) on the writing of EFL students at a Japanese university. WCF as a research topic has matured over the past several decades, drawing scrutiny in the process. The emergence of communicative language instruction, which sought to destigmatize grammatical errors while de-emphasizing error correction, prompted some critics to argue for an abandonment of WCF while others enumerated its shortcomings. The experiment in this paper investigates the effectiveness of three types of WCF-Indirect, Coded, and Direct-on sentence-initial conjunctions (SICs) in 110 first-year students in a semester-long English course. Results showed that while the error rates of all three groups steadily dropped over the length of the experiment, the rate of the comparison group, which received no WCF on the targeted error, dropped the most. The discussion section proposes several explanations for the results while concluding that although WCF can be beneficial, it is not necessary. The paper contributes to the ongoing debate about the effectiveness of WCF and bears practical implications for those instructors who question whether providing WCF represents the best use of their time."
asynchronous written feedback tutoring effectiveness,crossref,ok,788976,10.31332/atdbwv14i2.3729,Written Corrective Feedback in Online Asynchronous Platform: Fostering EFL Students’ Writing Skill,2021,"This study is intended to investigate the students’ engagement on teacher’s focused written corrective feedback (FWCF) on their writing in online asynchronous platform. Data gathered from students’ written drafts and reflective journal were analyzed using Ferris’ (2012) FWCF framework as well as sociocultural and activity framework in the online instructional setting. The findings of the study indicate that the students’ cognitive, behavioral, and affective engagement in online asynchronous platform with FWCF portray their learning beliefs as they are exposed to written feedback. Students engagement with online FWCF reveal that such online platform feedback helps students check their progress without time and place boundary. Such feedback also facilitates them to do self-revision because the feedback raises their awareness of their mistakes leading them into more autonomous learners. Moreover, the online platform is considered to be effective due to its mobility. Students’ only complaint is when they are encountered with limited data usage and network around campus.Keywords:Asynchronous; online platform; EFL writing; online corrective feedback"
asynchronous written feedback tutoring effectiveness,crossref,ok,788976,10.19109/8qrwqq35,Teacher’s Asynchronous Written Corrective Feedback in Online Esp Classroom: Students' Perceptions,2025,"The current study investigates the types and focus of an EFL teacher’s corrective feedback and the students’ perceptions about their teacher’s feedback. This study adopts a mixed-method approach by combining quantitative and qualitative data to examine the teacher’s electronic asynchronous feedback. The data for this study were collected by conducting online observations of the teacher’s classes which were mediated by a Learning Management System (LMS), an online survey distributed to the course’s students and a semi-structured interview with selected participants. The respondents who filled out the survey were 17 undergraduate students from the communication department at a private university in Jakarta, Indonesia. The students took a mandatory English for Specific Purposes (ESP) course and participated in this study voluntarily. The findings revealed that the ESP teacher preferred providing direct and focused feedback in her online classes. The focus of her feedback was oriented toward the processes of learning and the levels of self-regulation. In terms of perception, the part-time students perceive the teacher’s direct and focused feedback as helpful in indicating their weak areas in L2 competency and appropriate for online courses."
asynchronous written feedback tutoring effectiveness,crossref,ok,788976,10.5353/th_b4544202,The effectiveness of teacher written feedback on S.3 students' ability to produce elaborations in expository writing,,
asynchronous written feedback tutoring effectiveness,crossref,ok,788976,10.31237/osf.io/4yfrv,A Study on the Effectiveness of Written Feedback in Writing Tasks among Upper Secondary School Pupils,2020,"This research is a study on the feedback received among upper secondary school pupils on their writing tasks in school. As it is known, English is the second language taught in schools in Malaysia. Among the four skills taught in the English classroom, the writing skill is said to be one of the most difficult skills to be acquired. There are many methods and strategies that have been carried out by teachers and pupils to make acquiring this skill easy. Giving feedback to pupils’ writing task has been one of the methods used to teach writing effectively. However, this skill continues to be the most difficult and the most time consuming skill to be taught and learned. Therefore, a study was carried out among 30 pupils of SMK Abdul Rahman Talib to examine the types of feedback received by secondary school pupils and the perception of pupils towards the feedback they received. Questionnaires were distributed to pupils which consist of four sections. Respondents were required to answer all sections. The data was analysed using SPSS. Based on the data collected, the results clearly showed that the feedback received by pupils helped them improve their writing skills. Thus, this study has proven that giving feedback in writing tasks is essential for pupils and it can make the teaching and learning of the writing skill easier to be carried out. Therefore, teachers have to practice giving written feedback in pupils’ writing tasks."
asynchronous written feedback tutoring effectiveness,crossref,ok,788976,10.1145/3657604.3664681,Enhancing Tutoring Effectiveness Through Automated Feedback: Preliminary Findings from a Pilot Randomized Controlled Trial on SAT Tutoring,2024,
asynchronous written feedback tutoring effectiveness,crossref,ok,788976,10.1177/0741088320986554,The Role of Error Type and Working Memory in Written Corrective Feedback Effectiveness on First-Language Self Error-Correction,2021,"This study examined the role of error-type and working memory (WM) in the effectiveness of direct-metalinguistic and indirect written corrective feedback (WCF) on self error-correction in first-language writing. Fifty-one French first-year psychology students volunteered to participate in the experiment. They carried out a first-language error-correction task after receiving WCF on typographical, orthographic, grammatical, and semantic errors. Results indicated that error-type affected the efficacy of WCF. In both groups, typographical error-correction was performed better than the others; orthographic and grammatical error-correction were not different, but both were corrected more frequently than semantic errors. Between-group comparisons showed no difference between the two groups in correcting typographical, orthographic, and grammatical errors, while semantic error-correction was performed significantly better for the direct group. Results revealed that WM was not involved in correcting typographical, orthographic, and grammatical errors in both groups. It did, however, predict semantic error-correction only in response to direct-metalinguistic WCF. In addition, the processing component of WM was predictive of semantic error-correction in the direct WCF group. These findings suggest that error-type mediates the effectiveness of WCF on written error-correction at the monitoring stage of writing, while WM does not associate with all WCF types efficacy at this stage."
asynchronous written feedback tutoring effectiveness,crossref,ok,788976,10.31235/osf.io/6zewk,The Effectiveness of Teacher Electronic Feedback in Asynchronous Teaching: A Case Study of Foundation Students at Sultan Qaboos University,2021,"Due to the Covid-19 pandemic, educational systems worldwide, including Oman, were affected as this led to temporary closures of schools, colleges, and universities. In response to such closures, many countries decided to continue offering education through distance learning. Similarly, Sultan Qaboos University (SQU), the only government university in Oman, opted for asynchronous teaching through Emergency Remote Teaching (ERT).  Through ERT, there is a temporary shift in instructional delivery. Its primary aim is to provide temporary access to instruction and support materials quickly and reliably during the crisis.  Asynchronous teaching provides students with flexibility to access the materials posted by teachers whenever they can, leaving teachers with many challenges. One of these challenges is the ability to offer proper feedback to students. Therefore, this study aimed to examine the perceptions of both teachers and students on the electronic feedback provided in ERT. A total of 8 teachers 80 students enrolled in the foundation program at SQU participated in the study. The responses of both teachers and students were collected through online questionnaires and semi-structured interviews. The findings of the study indicate that some feedback methods seemed to be more effective. The study also identified the challenges faced by both students and teachers in terms of electronic feedback. Furthermore, the study gives suggestions to improve electronic feedback methods."
asynchronous written feedback tutoring effectiveness,crossref,ok,788976,10.1016/j.learninstruc.2006.07.003,Fostering achievement and motivation with bug-related tutoring feedback in a computer-based training for written subtraction,2006,
asynchronous written feedback tutoring effectiveness,crossref,ok,788976,10.3726/978-3-653-01977-3/15,Appendix C: Example of picture-based tests used in written production,,
asynchronous written feedback tutoring effectiveness,crossref,ok,788976,10.1177/21582440261492809,"Interaction Effects of Feedback Explicitness, Target Structure Complexity, and Learner Proficiency on Written Corrective Feedback Effectiveness",2026,"Despite extensive research on written corrective feedback (WCF), prior studies have largely examined feedback, learner, and linguistic variables in isolation, with limited attention to how these factors are modeled over time. Addressing this gap, this study examined feedback explicitness, learner proficiency, target-structure type/complexity, and measurement time in relation to controlled L2 grammatical accuracy. Using a fully crossed factorial design, 180 Mandarin L1 EFL learners of differing proficiency levels were assigned to four feedback conditions or a control group and completed text-reconstruction tasks targeting three grammatical structures across five measurement points: pretest, immediate posttest, 8-week delayed posttest, 18-week delayed posttest, and an additional posttest three weeks later. Data were analyzed in R using mixed-effects modelling. Model comparison indicated that an AR(1) repeated covariance model provided the best fit. Results showed a significant main effect of time, but feedback condition, learner proficiency, target structure, and feedback-related interactions were not statistically significant. Descriptive means showed that the control group had the highest baseline accuracy, and gain-score summaries indicated broadly similar improvement across conditions. The findings therefore support a cautious interpretation: controlled grammatical accuracy changed over time, but the data did not show statistically distinguishable developmental trajectories across feedback conditions. Pedagogically, the results suggest caution in assuming that greater feedback explicitness necessarily produces superior accuracy gains, particularly when baseline differences and longitudinal dependency are taken into account."
asynchronous written feedback tutoring effectiveness,crossref,ok,788976,10.5220/0012017500003470,Feedback in Online Mathematics Tutoring,2023,
asynchronous written feedback tutoring effectiveness,crossref,ok,788976,10.1016/j.system.2008.12.006,The relative effectiveness of different types of direct written corrective feedback,2009,
asynchronous written feedback tutoring effectiveness,crossref,ok,788976,10.59784/jpl.v1i2.8,Effectiveness of Written vs. Oral Corrective Feedback in Syntactic Structure Mastery,2025,"This study explores the effectiveness of written and oral corrective feedback in improving mastery of syntactic structures. The background of the study emphasizes the need for correction strategies capable of helping students understand and apply grammar accurately. Qualitative methods were used through observations, interviews, and document analysis to analyze students' responses to both types of feedback. Results show that written feedback provides a permanent reference that can be reviewed repeatedly, while oral feedback encourages instant correction and interactive discussion. The implication is that teachers should combine the two methods so that students get a combination of detailed explanations and immediate corrections, while considering students' motivation and comfort factors in receiving corrections."
asynchronous written feedback tutoring effectiveness,crossref,ok,788976,10.4135/9781036220105,Your Written Response to Reviewer Feedback,2024,
asynchronous written feedback tutoring effectiveness,crossref,ok,788976,10.5040/9781474212199.ch-015,The Effectiveness of Anonymous Written Feedback from Peers and the Teacher on Revisions in China,,
asynchronous written feedback tutoring effectiveness,crossref,ok,788976,10.55606/jurimea.v5i1.878,AN EXPERIMENTAL STUDY ON THE EFFECTIVENESS OF PEER FEEDBACK COMPARED TO TEACHER-WRITTEN CORRECTIVE FEEDBACK IN TEACHING WRITING,2025,"This study focuses on examining the effectiveness of peer feedback (PF) and teacher-written corrective feedback (TWCF) in improving the writing accuracy of eighth grade students at MTs Negeri 1 Jembrana, Bali. The main objective of this study was to determine which feedback method has a greater impact on students' ability to write accurately. A total of 40 students were divided into two groups: an experimental group that used peer feedback and a control group that received written feedback from the teacher. A quasi-experimental approach was used to measure students' writing ability before and after the intervention through a pre-test and post-test. The test was designed to assess vocabulary and grammar accuracy. The results obtained were analyzed using statistical methods, including independent sample t-test and paired test. The results showed a significant improvement in the experimental group, with the average score increasing from 66.25 in the pre-test to 82.75 in the post-test. In contrast, the control group showed a smaller increase, from a mean score of 67.25 in the pre-test to 74.50 in the post-test. Statistical analysis showed a p-value of 0.003, indicating a statistically significant difference between the two groups at the 5% level of significance. Based on these results, the study concluded that peer feedback was more effective than written corrective feedback from teachers in helping to improve students' writing accuracy."
asynchronous written feedback tutoring effectiveness,crossref,ok,788976,10.4324/9781315523293-7,The Effectiveness of Feedback in Asynchronous Online Courses for Nonnative Speakers of English,2017,
asynchronous written feedback tutoring effectiveness,crossref,ok,788976,10.3390/educsci9030178,How Digital and Oral Peer Feedback Improves High School Students’ Written Argumentation—A Case Study Exploring the Effectiveness of Peer Feedback in Geography,2019,"This article approaches written argumentation as a concept of promoting geographical literacy. It is argued that student-centered peer feedback is an effective method with which to improve individual students’ argumentative texts. This research uses a case-study design, which analyzed how high school students in different pairs improve their argumentation text under subject-specific criteria. For the feedback process, a subject-specific feedback sheet for students has been designed for them to review their partner’s argumentative text. The findings mainly suggest two outcomes: Different kinds of feedback in terms of interaction, content and argumentative integration of text material lead to text improvement, and that there are varying complexities of feedback acceptance in terms of subject-specific criteria. The results provide a deeper insight into how students can be prepared and rewarded for producing qualitatively high and effective feedback on argumentative texts in socio-scientific contexts with a strong focus on the (linguistic) skills they need for these procedures."
asynchronous written feedback tutoring effectiveness,crossref,ok,788976,10.31893/multiscience.2026808,The effect of integrated asynchronous written corrective feedback and dialogic feedback on EFL students' argumentative essays: A quasi-experimental study,2026,"Writing argumentative essays remains a persistent challenge for EFL students, as it requires not only linguistic accuracy but also the ability to structure ideas, evaluate evidence, and construct persuasive arguments. Although numerous instructional strategies and feedback approaches have been proposed to address these challenges, empirical evidence on how different forms of feedback can be optimally integrated, particularly in hybrid learning contexts, remains limited. Previous studies have predominantly examined asynchronous written corrective feedback (AWCF) or dialogic feedback (DF) in isolation, leaving a gap in understanding their combined pedagogical impact. Responding to this gap, the present study investigates the effectiveness of integrating AWCF with DF in teaching argumentative essay writing within a hybrid classroom setting. Employing a quasi-experimental research design, this study involved fourth-semester students enrolled in an argumentative writing course, who were assigned to experimental and control groups. Both groups completed pre- and posttests, and the data were analyzed using a t test. The results reveal a statistically significant difference between the two groups, with the p value falling below the significance level (α = .05; p = .000). Students who received the integrated AWCF and DF demonstrated significantly greater improvement in their argumentative writing performance than those who received AWCF alone. The findings indicate that the integration of AWCF and DF enhances not only linguistic accuracy but also higher-order writing skills, such as idea development, argumentation, and critical engagement. These results underscore the synergistic value of combining written and dialogic feedback, as the approach promotes deeper engagement with feedback and more meaningful revision processes. The study contributes to the growing body of research on EFL writing by providing empirical evidence for a complementary feedback model that integrates product- and process-oriented approaches. Pedagogically, the findings highlight the potential of integrated feedback to foster students’ critical thinking, autonomy, and feedback literacy within interactive learning environments."
asynchronous written feedback tutoring effectiveness,crossref,ok,788976,10.4018/978-1-4666-8519-2.ch012,Asynchronous Online Peer Written Corrective Feedback,,"The purpose of the present study was to investigate whether there is any statistically significant difference between the effects of asynchronous online peer WCF through blogging and face-to-face peer WCF on the writing achievement of Iranian EFL learners. The study also investigated the extent to which students revise their writings based on peer comments provided. This study also measured the attitude of students towards peer WCF through blogging as compared with that of the participants receiving face-to-face peer WCF. The findings indicated that there is no statistically significant difference between the effects of face-to-face and asynchronous online peer WCF on the writing achievement of the Iranian EFL learners. In terms of the extent of incorporating the peer comments in their final drafts, the participants in the FF group incorporated more of the comments they received into their second drafts in comparison with the OL group. Finally, it was revealed that the participants of each group generally expressed their satisfaction with both methods of peer review."
asynchronous written feedback tutoring effectiveness,crossref,ok,788976,10.5539/elt.v18n9p12,"The Inconclusive Effectiveness of Indirect, Coded and Direct Written Corrective Feedback on EFL Student Writing",2025,"This article examines the effectiveness of written corrective feedback (WCF) on the writing of EFL students at a Japanese university. WCF as a research topic has matured over the past several decades, drawing scrutiny in the process. The emergence of communicative language instruction, which sought to destigmatize grammatical errors while de-emphasizing error correction, prompted some critics to argue for an abandonment of WCF while others enumerated its shortcomings. The experiment in this paper investigates the effectiveness of three types of WCF &amp;ndash; Indirect, Coded, and Direct &amp;ndash; on sentence-initial conjunctions (SICs) in 110 first-year students in a semester-long English course. Results showed that while the error rates of all three groups steadily dropped over the length of the experiment, the rate of the comparison group, which received no WCF on the targeted error, dropped the most. The discussion section proposes several explanations for the results while concluding that although WCF can be beneficial, it is not necessary. The paper contributes to the ongoing debate about the effectiveness of WCF and bears practical implications for those instructors who question whether providing WCF represents the best use of their time."
asynchronous written feedback tutoring effectiveness,crossref,ok,788976,10.1504/ijlt.2015.072358,Exploring the effectiveness of a novel feedback mechanism within an intelligent tutoring system,2015,
asynchronous written feedback tutoring effectiveness,crossref,ok,788976,10.1590/1984-6398202559538,The Impact Students’ Preferences Have on Written Corrective Feedback Effectiveness,2025,
asynchronous written feedback tutoring effectiveness,crossref,ok,788976,10.4324/9781003373315-2,AWE: Effectiveness and student engagement,2023,
asynchronous written feedback tutoring effectiveness,crossref,ok,788976,10.24124/2000/bpgub114,An adolescent student with fetal alcohol effect and learning disabilities:  Tutoring in written language.,,
asynchronous written feedback tutoring effectiveness,crossref,ok,788976,10.25236/ijnde.2023.052511,The Effectiveness of Automated Written Corrective Feedback on L2 Learners’ Revision Outcomes: A Case for ChatGPT,2023,
asynchronous written feedback tutoring effectiveness,crossref,ok,788976,10.15755/jfs.2012..21.9,The Long-Term Effectiveness of Written Corrective Feedback in an EFL Writing Class,2012,
asynchronous written feedback tutoring effectiveness,crossref,ok,788976,10.29140/tltl.v5n2.911,Online teacher written corrective feedback outside of class time: (In)effectiveness and task engagement,2023,"This study examines a common pedagogical approach whereby students view teacher feedback outside of class time. Facilitated through Moodle, it aimed to investigate not only the effect of written corrective feedback (WCF) on learning outcomes, but importantly, how frequently students review the feedback they receive. The study was conducted at a Japanese Women’s University in Tokyo (age: M = 19.6, SD = 0.6). Over a 15-week semester, students were required to write weekly homework assignments. These were then marked by the researcher and returned via Moodle, with students encouraged to read their feedback before attempting the next assignment. In line with existing research in the field, a no-WCF control group was compared against treatment groups that received indirect WCF with meta-linguistic explanations. Further to this, using an online system such as Moodle allowed the provision of linked grammar resource pages through basic HTML code embedded within the WCF itself. At the end of the semester student texts were analysed to measure improvement. When pre-test and post-tests were compared there were no significant differences within groups or between groups on measures of fluency and accuracy. However, what sets this study apart from others that have investigated student engagement, is the use of online activity logs which in combination with survey data allowed the investigation of actual study habits rather than merely those that are self-reported. The results of which give better insight and valid explanations for the outcomes of the study and call into question the efficacy of take-home feedback."
asynchronous written feedback tutoring effectiveness,crossref,ok,788976,10.1080/0163853x.2013.797241,Communicative Effectiveness of Written Versus Spoken Feedback,2013,
asynchronous written feedback tutoring effectiveness,crossref,ok,788976,10.5220/0007717600700077,Automated Feedback Generation for Argument-Based Intelligent Tutoring Systems,2019,
asynchronous written feedback tutoring effectiveness,crossref,ok,788976,10.24071/llt.v21i2.937,THE EFFECTIVENESS OF GRAMMAR TUTORING PROGRAM  BASED ON STUDENTS� FEEDBACK BATCH 2016 ELESP,2018,"There were two major aspects of English Language Education Study Program students of Sanata Dharma University that needed to be improved when they spoke and wrote in English. First was their grammar and the second was their pronunciation. For solving these problems, there were two tutoring programs. As one of those two programs, grammar tutoring program needs to be evaluated. Knowing its effectiveness in helping students improvement is crucial. Based on that reason, the analysis of the result of observation and questionnaire including students feedback is one of the media to measure the effectiveness of this tutoring program. Not only does this paper deal with the qualitative result of observation, questionnaire and students feedback, it also contributes the good practices that can be applied and some aspects that are needed to improve for future tutoring programs. The result shows that 84% of the students agreed that this program helped them to improve their skill and to understand more about the grammar materials.DOI: doi.org/10.24071/llt.2018.210206"
asynchronous written feedback tutoring effectiveness,crossref,ok,788976,10.16986/huje.2021068382,EFL Students  Perceptions of the Effectiveness of Corrective Feedback on Their Written Tasks,2021,
asynchronous written feedback tutoring effectiveness,crossref,ok,788976,10.5353/th_b4324109,Understanding written feedback practices as well as teachers' and students' perceptions and attitudes towards written feedback in an ESP context in Hong Kong,,
asynchronous written feedback tutoring effectiveness,crossref,ok,788976,10.3102/1686087,Improving Written Feedback: How Directions and Rubrics Impact the Quality of Written Feedback of Preservice Teachers,2021,
asynchronous written feedback tutoring effectiveness,crossref,ok,788976,10.24093/awej/mec2.5,The Effectiveness of Teacher Electronic Feedback in Asynchronous Teaching: A Case Study of Foundation Students at Sultan Qaboos University,2021,"Due to the Covid-19 pandemic, educational systems worldwide, including Oman, were affected as this led to temporary closures of schools, colleges, and universities. In response to such closures, many countries decided to continue offering education through distance learning. Similarly, Sultan Qaboos University (SQU), the only government university in Oman, opted for asynchronous teaching through Emergency Remote Teaching (ERT).  Through ERT, there is a temporary shift in instructional delivery. Its primary aim is to provide temporary access to instruction and support materials quickly and reliably during the crisis.  Asynchronous teaching provides students with flexibility to access the materials posted by teachers whenever they can, leaving teachers with many challenges. One of these challenges is the ability to offer proper feedback to students. Therefore, this study aimed to examine the perceptions of both teachers and students on the electronic feedback provided in ERT. A total of 8 teachers 80 students enrolled in the foundation program at SQU participated in the study. The responses of both teachers and students were collected through online questionnaires and semi-structured interviews. The findings of the study indicate that some feedback methods seemed to be more effective. The study also identified the challenges faced by both students and teachers in terms of electronic feedback. Furthermore, the study gives suggestions to improve electronic feedback methods."
asynchronous written feedback tutoring effectiveness,crossref,ok,788976,10.1007/978-3-319-93197-5_2,Feedback and Affectivity in Intelligent Tutoring Systems,2018,
asynchronous written feedback tutoring effectiveness,crossref,ok,788976,10.5296/jsel.v8i1.16434,The Effectiveness of Direct and Indirect Written Corrective Feedback on English Collocation Competency: A Quasi – Experiment,2020,"The primary aim of this study is to investigate the effectiveness of direct and indirect written corrective feedback (WCF) on English collocational competency of high-performing ESL learners. The study also sought to compare possible differences in the effect of two WCF strategies that help the researcher in identifying the appropriate WCF strategy in improving learners’ collocational competency in the context of the study. Additionally, retention effect of WCF is also investigated in delayed post-tests. Eighty-eight high-performing ESL learners of a public university participated in the quasi-experimental study of two experimental groups and one control group. A series of test namely pre-test, immediate post-test and delayed post-test was administered to collect the data. The groups are labelled ‘Direct group’ that received direct WCF treatment (n=33), ‘Indirect group’ that received indirect WCF (n=25), and ‘Control group’ that received no treatment (n=25). A set of collocation test that was developed by Gyllstad (2009) was adopted and a pilot test was conducted prior to the actual study. The participants were tested in three point of time (pre-test, immediate post-test, and delayed post-test). The findings indicate that there is a positive effect of direct and indirect WCF strategies on collocational competence. Furthermore, direct WCF has the most effect in improving collocational competency of the participants. Finally, both WCF strategies are proven statistically in retaining their effects as demonstrated in the results of delayed post-test. Suggestion for future studies are also discussed."
asynchronous written feedback tutoring effectiveness,crossref,ok,788976,10.17239/jowr-2021.12.03.02,The affect and effect of asynchronous written feedback comments on the peer feedback process: An ethnographic case-study approach within one L2 English doctorate writing group,2021,
asynchronous written feedback tutoring effectiveness,crossref,ok,788976,10.1080/00461520.2011.611369,"The Relative Effectiveness of Human Tutoring, Intelligent Tutoring Systems, and Other Tutoring Systems",2011,
asynchronous written feedback tutoring effectiveness,crossref,ok,788976,10.1007/978-3-031-13540-8_5,Pedagogically Sound: Audio Feedback as an Alternative to Written Feedback in Distance Education: EFL/ESL Students’ and Teachers’ Perceptions and Its Effectiveness,2022,
asynchronous written feedback tutoring effectiveness,crossref,ok,788976,10.1007/978-3-642-30950-2_105,The Effectiveness of a Pedagogical Agent’s Immediate Feedback on Learners’ Metacognitive Judgments during Learning with MetaTutor,2012,
asynchronous written feedback tutoring effectiveness,crossref,ok,788976,10.1093/applin/amaf033,“It’s very well written!”: Revisiting praise in teacher written feedback from the perspective of feedback literacy,2025,"Abstract
               Informed by the conceptual framework of teacher feedback literacy and drawing upon multiple sources of data, including teacher feedback samples, semi-structured interviews, and stimulated recalls, this case study examined how L2 writing teachers praise students in written feedback and their feedback literacy in giving praise in a Chinese English-as-a-foreign-language (EFL) university context. The findings revealed that although praise was commonly used, suggestion and criticism still accounted for a larger percentage of all feedback given. The teachers favored independent praise and performance-oriented praise (i.e. text quality) over concomitant praise, effort-oriented, and ability-oriented praise, and praise was found to facilitate teacher-student dialogic feedback and encourage student autonomy and reciprocity in engaging with teacher feedback. The study identified two profiles of praise-giving practice: “active praise givers,” who communicated with student writers by providing feedback, and “sparse praise givers,” who focused more on working on student texts. Based on the findings, an L2 writing teacher feedback literacy framework in written praise was proposed to delineate the required knowledge, goals, values, and skills for giving written praise to improve student writing."
asynchronous written feedback tutoring effectiveness,crossref,ok,788976,10.1075/rmal.5.15shi,"Methodological considerations in the analysis of synchronous and
						asynchronous written corrective feedback",2023,"Providing written corrective feedback in
						computer-mediated communication (CMC) environments has increasingly
						attracted the interest of both researchers and practitioners. In this
						chapter we reflect on our study,
                    Shintani
							&amp; Aubrey (2016)
                    , which examined the comparative effects of
						synchronous and asynchronous written corrective feedback on the accurate
						production of target grammatical features in a guided writing task. The
						methodological challenges we experienced related to (a) operationalizing
						synchronous and asynchronous written corrective feedback; (b) designing
						treatment materials and procedures; (c) testing; and (d) analyzing the data.
						In each decision, we tried to find a balance between experimental control
						and ecological validity. This chapter not only provides a window into how we
						overcame these challenges but also gives suggestions for research
						methodologies that can be used in future studies to explore the provision of
						written corrective feedback through online technologies."
asynchronous written feedback tutoring effectiveness,crossref,ok,788976,10.22202/tus.2020.v6i2.4388,THE EFFECTIVENESS OF PEER TUTORING IN TEACHING SPEAKING,2020,
asynchronous written feedback tutoring effectiveness,crossref,ok,788976,10.5353/th_b3196342,Classwide peer tutoring : student perception and effectiveness,,
asynchronous written feedback tutoring effectiveness,crossref,ok,788976,10.2307/jj.26931936.9,Language learning and teaching in written asynchronous environments,2015,
asynchronous written feedback tutoring effectiveness,crossref,ok,788976,10.1111/j.1944-9720.2010.01108.x,The Effectiveness of Written Corrective Feedback in Teaching Beginning German,2010,"Abstract:  This study explores the effectiveness of instructor‐written corrective feedback for the improvement of writing accuracy by beginning college‐level learners of German. The researcher investigated changes in error rates in six error categories in essay writing in correlation with three different corrective feedback types administered consistently throughout one semester: direct, coded, and uncoded feedback. The author analyzed both short‐term revision effects and semester‐long changes. The study found that all groups improved their accuracy in redrafting; participants did not shorten the essay length in the final drafts to eliminate errors; direct correction led to slightly higher correction rates for selected errors; and there was no significant difference in overall error rate changes between the groups. The study concludes with suggestions for further research and pedagogical applications."
asynchronous written feedback tutoring effectiveness,crossref,ok,788976,10.1186/s40561-025-00389-y,Adaptive intelligent tutoring systems for STEM education: analysis of the learning impact and effectiveness of personalized feedback,2025,"Abstract
                  Teaching Science, Technology, Engineering, and Mathematics (STEM) disciplines faces significant challenges due to the increasing complexity of content and the diversity in students’ knowledge levels. Traditional teaching methods, characterized by their standardized approach, fail to adapt to individual needs, limiting learning potential. This problem is particularly evident in mathematics, physics, and programming, where mastering critical concepts requires a logical and sequential progression. This study proposes an artificial intelligence-based intelligent tutoring system to provide a real-time personalized and adaptive learning experience. The system integrates advanced deep learning and natural language processing models, allowing for targeted feedback and dynamic adjustment of learning trajectories. The results show significant improvements in several key metrics. The experimental group achieved an average precision of 85% in programming and 78% in mathematics, significantly outperforming the control group. Furthermore, a linear regression model identified a positive correlation between the time of interaction with the system and the rate of progress in fundamental concepts. Student perceptions were also highly positive, with 80% appreciating the usefulness of adaptive feedback. These findings identify the system’s potential to transform STEM teaching, address the lack of personalization, and improve learning in various educational settings."
elite athlete training methods versus recreational athlete coaching,crossref,ok,3327462,10.4324/9781315102450-19,athlete-centred coaching,2017,
elite athlete training methods versus recreational athlete coaching,crossref,ok,3327462,10.4324/9781315102450-15,Athlete-centred coaching in swimming,2017,
elite athlete training methods versus recreational athlete coaching,crossref,ok,3327462,10.4324/9781315102450-13,Athlete-centred coaching for individual sports,2017,
elite athlete training methods versus recreational athlete coaching,crossref,ok,3327462,10.4324/9781315102450-6,Team culture and athlete-centred coaching,2017,
elite athlete training methods versus recreational athlete coaching,crossref,ok,3327462,10.4324/9781315102450-5,Athlete-centred coaching in disability sport,2017,
elite athlete training methods versus recreational athlete coaching,crossref,ok,3327462,10.4324/9781315102450-8,Developing athlete-centred coaching in high performance field hockey,2017,
elite athlete training methods versus recreational athlete coaching,crossref,ok,3327462,10.1302/3114-210684,Blood Flow Restriction in the Elite Athlete,2021,
elite athlete training methods versus recreational athlete coaching,crossref,ok,3327462,10.4324/9781315102450-2,Athlete-centred coaching,2017,
elite athlete training methods versus recreational athlete coaching,crossref,ok,3327462,10.4324/9781315102450-12,Athlete-centred coaching and teaching games for understanding,2017,
elite athlete training methods versus recreational athlete coaching,crossref,ok,3327462,10.21203/rs.3.rs-10462363/v1,"Coaching Style and Athlete Performance: The Mediating Roles of Coach–Athlete Relationship, Motivation, and Training Load–Recovery Management",2026,"Abstract
                Coaches play a key role in shaping athlete performance, yet the mechanisms linking coaching style to performance remain underexplored. It is unclear whether this relationship is direct or operates indirectly through psychological and relational processes such as the coach–athlete relationship, athlete motivation, and training load management. Grounded in the coach–athlete relationship framework and self-determination theory. Data were collected from 483 participants, including athletes, coaches, and trainers, across five sports universities in China between February 2024 and January 2025. Partial least squares structural equation modelling (SmartPLS 4), supported by SPSS for reliability and descriptive analysis, was employed. Results show that coaching style significantly predicts athlete performance (β = 0.448, p &lt; .001). However, this effect is largely indirect. The coach–athlete relationship (β = 0.097), athlete motivation (β = 0.076), and training load and recovery management (β = 0.070) significantly mediate this relationship (p &lt; .001). Together, these mediators account for approximately 54% of the total effect, indicating that coaching influence is primarily transmitted through psychological and relational mechanisms. Overall, coaching style functions more as a contextual driver of relational quality, motivation, and recovery processes than as a direct predictor of performance outcomes."
elite athlete training methods versus recreational athlete coaching,crossref,ok,3327462,10.4324/9781315102450-7,The importance of context in athlete-centred coaching,2017,
elite athlete training methods versus recreational athlete coaching,crossref,ok,3327462,10.7551/mitpress/9780262035477.003.0005,The Serious Gamer as Elite Athlete,2017,"This chapter focuses on how the amateur athletic experience is being modified by digital technology and how should inform a re-evaluation of computer culture. It shows how digital gaming is becoming an integral part of the amateur sporting experience and discusses why the embodied intelligence of virtual gaming can provide a further mechanism through which to teach sports and to promote new forms of socialization. The chapter also considers the importance of ‘serious games,’ which have emerged as alternative forms of sports activity. These examples support the claim that gaming technology is becoming more sport-like, thus challenging the assumption that computer game playing necessarily leads to a more sedentary lifestyle. The rise of the e-sports gaming industry is indicative of this change, but so to is the growth of more informal digitally enabled communities of physical activity, as takes place in a range of mobile fitness experiences. This chapter also sets up the argument for framing the book through the idea of “Sport 2.0”, denoting an emerging sports community that is beginning to occupy the place of traditional sports and which has the potential to overtake it in numerous ways."
elite athlete training methods versus recreational athlete coaching,crossref,ok,3327462,10.31234/osf.io/e6hxv_v1,Samatvam (Equanimity) in Athlete Mental Training: Case Study of An Elite Swimmer,2025,"This study introduces a contemplative and guided meditation practice-based training model— grounded in the principles of Samatvam (equanimity), as articulated in the Bhagavad Gita. The model was developed to support a national-level swimmer in enhancing both competitive performance and psychological well-being. Adapting the core virtues and practices associated with the philosophy of Samatvam to sporting context, the framework addresses the specific psychological challenges encountered by elite athletes. Its effectiveness was evaluated based on the athlete’s self-reported improvements in psychological well-being and perceived performance. The study further explores the broader applications of the model in optimizing athletic performance, guiding future training interventions, and promoting psychological well-being, with potential for cultural adaptations in diverse competitive sports contexts."
elite athlete training methods versus recreational athlete coaching,crossref,ok,3327462,10.4324/9781315102450-17,Coach educators as athlete-centred practitioners,2017,
elite athlete training methods versus recreational athlete coaching,crossref,ok,3327462,10.4324/9781315102450-16,Athlete-centred approach – beginning the process in junior teams,2017,
elite athlete training methods versus recreational athlete coaching,crossref,ok,3327462,10.4324/9781003140290-11,Elite athlete activism for gender equality in sport,2021,
elite athlete training methods versus recreational athlete coaching,crossref,ok,3327462,10.4324/9781315102450,Perspectives on Athlete-Centred Coaching,2017,
elite athlete training methods versus recreational athlete coaching,crossref,ok,3327462,10.1002/9781119045144.fmatter,Front Matter,2016,
elite athlete training methods versus recreational athlete coaching,crossref,ok,3327462,10.4324/9781315102450-14,"The autoethnographic journey of athlete-centred experiences, research and learning",2017,
elite athlete training methods versus recreational athlete coaching,crossref,ok,3327462,10.1260/1747-9541.9.3.457,"The Transition from Elite Junior Track-and-Field Athlete to Successful Senior Athlete: Why Some Do, Why others Don't",2014,"Guiding athletes to become senior international athletes is consistent with the brief of talent development programmes. The transition from junior to senior athlete might be viewed as a normative transition. Nevertheless, this transition is likely to be a complex process and some understanding of that complexity is necessary to inform those responsible for developing talent. This study aimed to determine why some elite junior athletes make the transition to become successful senior athletes, while others of similar ability did not. Five male and six female New Zealand athletes who made a final for their event at a World Junior Athletics Championships (WJC) between 1992 and 2006 were interviewed. Five athletes subsequently went on to win a medal or make the final of their event at an Olympic Games or World Athletics Championships or win a medal at a Commonwealth Games, while the other six continued in the sport for six to ten years as a senior athlete but did not go on to represent New Zealand internationally at the senior track-and-field international level. The data were examined using hierarchical content analysis. Athletes who progressed to become successful senior athletes displayed: i) a significant commitment to a clearly defined and realistic goal; ii) achieved early international success at the senior grade; and iii) had a single dominant identity and key strength. The athletes who did not go on to be a senior international athlete were characterised as having: i) competing demands and tensions in their social, academic/career lives, and ii) a lack of progression."
elite athlete training methods versus recreational athlete coaching,crossref,ok,3327462,10.4324/9781315742953-2,"Athlete Development, Athlete Rights and Athlete Welfare: A European Union Perspective",2016,
elite athlete training methods versus recreational athlete coaching,crossref,ok,3327462,10.1002/9781119045144.ch6,Sociology of sport and coaching,2016,
elite athlete training methods versus recreational athlete coaching,crossref,ok,3327462,10.4324/9780429287923-15,"Athlete Welfare, Stakeholder Responsibility, and Ethics of Care in Elite Sport",2021,
elite athlete training methods versus recreational athlete coaching,crossref,ok,3327462,10.1002/9781119045144.index,Index,2016,
elite athlete training methods versus recreational athlete coaching,crossref,ok,3327462,10.1123/ijatt.18.6.27,Pneumothorax in a Recreational Athlete,2013,
elite athlete training methods versus recreational athlete coaching,crossref,ok,3327462,10.47191/ijmra/v9-i6-41,Coach‒Athlete Communication in Elite Badminton: Exploring Interpersonal Dynamics in an Indonesian High-Performance Training Environment at Djarum Badminton Club,2026,"Coach–athlete communication plays a crucial role in shaping training effectiveness and athlete performance, particularly in elite sport environments. This study aims to explore the interpersonal dynamics of coach–athlete communication in elite badminton within an Indonesian high-performance training context at Djarum Badminton Club. A qualitative approach was employed using semi-structured interviews and non-participant observations involving coaches and athletes. Data were analyzed through thematic analysis to identify key patterns in communication practice. The findings reveal that coach–athlete communication is multidimensional, encompassing instructional, interpersonal, and psychological functions. Communication serves not only as a medium for delivering technical instructions but also as a mechanism for building relationships, regulating motivation, and supporting athletes’ psychological readiness. Effective communication is characterized by adaptability, combining verbal and non-verbal strategies, and responsiveness to individual athlete needs. However, communication barriers were identified, including differences in language, communication styles, and hierarchical relationships influenced by cultural context. This study contributes to the literature by integrating multiple dimensions of communication within a single analytical framework and by providing empirical evidence from an underrepresented context in sport communication research. Practically, the findings highlight the importance of adaptive and culturally sensitive communication competencies for coaches in elite training environments. Future research is recommended to examine diverse sports and cultural settings and to incorporate quantitative approaches for broader generalization."
elite athlete training methods versus recreational athlete coaching,crossref,ok,3327462,10.4324/9781315443720,Positive Pedagogy for Sport Coaching,2016,
elite athlete training methods versus recreational athlete coaching,crossref,ok,3327462,10.1016/j.idnow.2024.104893,"Sports and Immunity, from the recreational to the elite athlete",2024,
elite athlete training methods versus recreational athlete coaching,crossref,ok,3327462,10.1108/978-1-68123-793-020251008,On Athlete Centered Coaching,2017,
elite athlete training methods versus recreational athlete coaching,crossref,ok,3327462,10.18826/useeabd.579590,Development of Coaches’ Use of Teaching Methods Scale – Athlete Version (CUTEMS – ATHLETE),2019,
elite athlete training methods versus recreational athlete coaching,crossref,ok,3327462,10.4324/9781315443720-20,Running,2016,
elite athlete training methods versus recreational athlete coaching,crossref,ok,3327462,10.4324/9781315443720-18,Swimming,2016,
elite athlete training methods versus recreational athlete coaching,crossref,ok,3327462,10.1159/000320635,High-intensity and Resistance Training and Elite Young Athletes,2010,
elite athlete training methods versus recreational athlete coaching,crossref,ok,3327462,10.4324/9781315443720-21,Javelin,2016,
elite athlete training methods versus recreational athlete coaching,crossref,ok,3327462,10.4324/9781315443720-19,Croquet,2016,
elite athlete training methods versus recreational athlete coaching,crossref,ok,3327462,10.1159/000320633,Endurance Training and Elite Young Athletes,2010,
elite athlete training methods versus recreational athlete coaching,crossref,ok,3327462,10.1002/9781119045144,Training and Coaching the Paralympic Athlete,2016,
elite athlete training methods versus recreational athlete coaching,crossref,ok,3327462,10.4324/9781315443720-7,Introduction,2016,
elite athlete training methods versus recreational athlete coaching,crossref,ok,3327462,10.4324/9781315443720-25,Karate,2016,
elite athlete training methods versus recreational athlete coaching,crossref,ok,3327462,10.20850/9781534201361,The Journal of Athlete Centered Coaching,2017,
elite athlete training methods versus recreational athlete coaching,crossref,ok,3327462,10.4324/9781315102450-1,Introduction,2017,
elite athlete training methods versus recreational athlete coaching,crossref,ok,3327462,10.1519/ssc.0000000000000044,Advanced Strength and Power Training for the Elite Athlete,2014,
elite athlete training methods versus recreational athlete coaching,crossref,ok,3327462,10.4324/9781315443720-23,Rock climbing,2016,
elite athlete training methods versus recreational athlete coaching,crossref,ok,3327462,10.4324/9781315443720-15,Promoting inquiry,2016,
elite athlete training methods versus recreational athlete coaching,crossref,ok,3327462,10.4324/9781315102450-4,Coaching tactical creativity in team sports,2017,
elite athlete training methods versus recreational athlete coaching,crossref,ok,3327462,10.4324/9781315102450-3,An athlete-centred approach to enhance thriving within athletes and coaches,2017,
elite athlete training methods versus recreational athlete coaching,crossref,ok,3327462,10.1080/21640629.2021.1995238,The athlete-as-network and the athlete multiple: potential contributions of actor-network theory to sports coaching research,2021,
elite athlete training methods versus recreational athlete coaching,crossref,ok,3327462,10.4135/9781526437105,Athlete-to-Athlete Verbal Aggression: A Case Study of Interpersonal Communication Among Elite Australian Footballers,2009,
elite athlete training methods versus recreational athlete coaching,crossref,ok,3327462,10.4324/9780203797952-17,Athlete learning,2015,
elite athlete training methods versus recreational athlete coaching,crossref,ok,3327462,10.4324/9781003020189-8,Athlete Identity and Career Transition,2021,
surgical coaching expert peer coach behavior,crossref,ok,2878284,10.1080/21640629.2017.1361168,The coaching process of the expert coach: a coach led approach,2017,
surgical coaching expert peer coach behavior,crossref,ok,2878284,10.4324/9780203020074-23,The development of expert coaching,2006,
surgical coaching expert peer coach behavior,crossref,ok,2878284,10.5040/9798881833435.ch-002,Who can Coach?,2020,
surgical coaching expert peer coach behavior,crossref,ok,2878284,10.1007/s11613-009-0121-0,Promotionserfolgsteams. Mit Peer-Coaching-Kompetenz zur individuellen Leistungssteigerung,2009,
surgical coaching expert peer coach behavior,crossref,ok,2878284,10.22316/poc/04.1.05,Reciprocal peer coaching supported by a professional coach: The future of sustained leader development?,2019,
surgical coaching expert peer coach behavior,crossref,ok,2878284,10.1007/s11613-010-0185-x,Ist Coaching reine Prozessberatung oder sind hier auch andere Beratungsmodelle relevant?,2010,
surgical coaching expert peer coach behavior,crossref,ok,2878284,10.4135/9781036219604,"Anne Coaching - 1. Comparing Mentoring and Coaching, &amp; When to Coach",2020,
surgical coaching expert peer coach behavior,crossref,ok,2878284,10.1007/s11613-015-0427-z,Karrierecoaching Peer to Peer,2015,
surgical coaching expert peer coach behavior,crossref,ok,2878284,10.4324/9780203020074-16,The coach as ‘orchestrator’: more realistically managing the complex coaching context,2006,
surgical coaching expert peer coach behavior,crossref,ok,2878284,10.1177/17479541261430599,"Optimizing coach–athlete relationships: How team identification, emotional intelligence, and age influence the effects of perceived coach behavior",2026,"Objective
                    Although coach–athlete relationships (CAR) have been widely studied, less is known about how perceived coach behavior (PCB) operates through group-based identity processes and how individual emotion regulation and developmental factors shape this mechanism. Drawing on Social Identity Theory and Emotion Regulation Theory, this study examined a dual-moderated mediation model in which team identification (TI) mediates the association between PCB and CAR, with emotional intelligence (EI) and age defining key boundary conditions.
                  
                  
                    Methods
                    A cross-sectional questionnaire survey was conducted among 581 athletes from provincial-level competitive sports teams in China.
                  
                  
                    Results
                    Positive coaching behaviors strengthened CAR indirectly by enhancing athletes’ team identification, whereas autocratic behavior undermined this relationship by weakening TI. Moreover, EI moderated the TI–CAR pathway, such that TI was a stronger predictor of CAR among athletes with lower EI. This moderating effect was further conditioned by age, remaining significant among younger athletes but diminishing and becoming non-significant among older athletes.
                  
                  
                    Conclusion
                    These findings advance research on coach–athlete relationships by integrating group-based identity processes with individual emotion regulation and developmental perspectives. From a practical perspective, the results suggest that fostering team identity may be particularly effective for younger or lower-EI athletes, whereas more individualized leadership and communication strategies may be more appropriate for older or emotionally intelligent athletes."
surgical coaching expert peer coach behavior,crossref,ok,2878284,10.15358/9783800677498-56,4. Adaptives Coaching als Grundlage des LEAD COACH-Ansatzes,2026,
surgical coaching expert peer coach behavior,crossref,ok,2878284,10.4324/9780203965269-19,Coach yourself,2006,
surgical coaching expert peer coach behavior,crossref,ok,2878284,10.4324/9780203126424-22,Coach education and coaching practice,2016,
surgical coaching expert peer coach behavior,crossref,ok,2878284,10.1080/17521882.2016.1186706,"Evidence of competency: exploring coach, coachee and expert evaluations of coaching",2016,
surgical coaching expert peer coach behavior,crossref,ok,2878284,10.1260/1747-9541.6.1.149,Insights into Experiences: Reflections of an Expert and Novice Coach,2011,"Coaches in sport are given many opportunities to embrace new practice with the ultimate aim of developing team or individual performance. Problems arise as the coach attempts to make sense of all the available information. Two coaches, one expert and one novice, were interviewed and provide a strong contrast on the ways in which coaches construct their knowledge. Our study evidences that the expert coach adapts her practice to the emerging situation by synchronising a number of pertinent variables, while the novice coach mimics perceived good practice during her sessions. The developmental process from novice to expert status within coaching adheres to certain principles formulated within other domains, but is perceived in this case to be due to the interest and application of the coach rather than the formal coach education input."
surgical coaching expert peer coach behavior,crossref,ok,2878284,10.59350/5ry62-hv582,"Calculating the relative effectiveness of expert coaching, peer learning, and cascade training",2024,"A formula for calculating learning efficacy, (E), considering the importance of each criterion and the specific ratings for peer learning, is: This abstract formula provides a way to quantify learning efficacy, considering various educational criteria and their relative importance (weights) for effective learning. Weights for each variables are derived from empirical data and expert consensus."
surgical coaching expert peer coach behavior,crossref,ok,2878284,10.59350/je40e-9vq41,"Calculating the relative effectiveness of expert coaching, peer learning, and cascade training",2024,"A formula for calculating learning efficacy, (E), considering the importance of each criterion and the specific ratings for peer learning, is: This abstract formula provides a way to quantify learning efficacy, considering various educational criteria and their relative importance (weights) for effective learning. Weights for each variables are derived from empirical data and expert consensus."
surgical coaching expert peer coach behavior,crossref,ok,2878284,10.1123/iscj.2023-0123,Erratum: Developing Coaches’ Knowledge of the Athlete–Coach Relationship Through Formal Coach Education: The Perceptions of Football Association Coach Developers,2024,
surgical coaching expert peer coach behavior,crossref,ok,2878284,10.1260/1747-9541.4.1.17,Unfolding the Practical Knowledge of an Expert Strength and Conditioning Coach,2009,"To define the professional knowledge base used in practice, the purpose of this study was to reveal the content of practical knowledge of an expert strength and conditioning coach. A qualitative case study design was used. The participating coach met a list of criteria typically associated with expert coaches. Data collection included observations, interviews, and document analyses. Following the data analysis, ten major knowledge categories emerged, which were separated into the Foundational Practical Knowledge and Applied Practical Knowledge clusters. It appeared that the participant's set of practical knowledge was structured in several layers and was only partially built on the Foundational Disciplinary Knowledge originating from formal education. Analysis suggested that most aspects of the participant's practical knowledge were developed through field experience, real-life practices, and other professionals. The present study suggests that coaching educational programs should be expanded and modified to reflect all aspects of knowledge used in practice."
surgical coaching expert peer coach behavior,crossref,ok,2878284,10.1260/1747-9541.6.1.163,Insights into Experiences: Reflections of an Expert and Novice Coach,2011,
surgical coaching expert peer coach behavior,crossref,ok,2878284,10.1007/s11613-018-0533-9,Interkulturelles Coaching als interkulturelle Situation,2018,
surgical coaching expert peer coach behavior,crossref,ok,2878284,10.5040/9781805016182.ch-003,How to Emotion Coach,2021,
surgical coaching expert peer coach behavior,crossref,ok,2878284,10.4324/9780080554310-11,The working coach,2012,
surgical coaching expert peer coach behavior,crossref,ok,2878284,10.1365/s40896-015-0008-3,Was macht einen Coach zum Coach? Weiterbildung und Qualifizierung,2015,"ZusammenfassungIn diesem Artikel wird der Frage nachgegangen, was denn eine gute Qualifizierung zum Coach ausmacht. Zuerst werden dazu Anforderungen an Coach und Coaching-Weiterbilder/innen beschrieben und mit den wichtigsten Wirkfaktoren im Coaching in Zusammenhang gestellt. Darauf aufbauend geht es um Anforderungen an die Coaching-Weiterbildungen, um am Schluss der Frage nachzugehen, was denn professionelle Coachs für ihre Weiterqualifizierung brauchen."
surgical coaching expert peer coach behavior,crossref,ok,2878284,10.4324/9780203126424-12,Coaching domains and the role of the coach,2016,
surgical coaching expert peer coach behavior,crossref,ok,2878284,10.1057/9780230362963.0033,THE SUPERVISED COACH,,
surgical coaching expert peer coach behavior,crossref,ok,2878284,10.1097/xcs.0000000000001506,What About the Coach? Mixed-Methods Study Assessing the Experience of Coaches in a Peer Surgical Coaching Program,2025,"BACKGROUND:
                    Peer coaching programs for surgeons are becoming a popular means of enhancing performance. Although coaching is directed at the coachee, little is understood about the impact and potential benefits accrued by the surgeons participating as coaches in such programs. This study aimed to understand the impact of peer surgical coaching from the perspective of surgeons participating as coaches.
                  
                  
                    STUDY DESIGN:
                    A concurrent mixed-methods study design was used. Participants were recruited from a cohort of 24 surgeons who acted as coaches in the peer-led Surgical Coaching for Operative Performance Enhancement program, across 9 hospitals from 2020 to 2022. After completion of the program, participants completed an anonymous structured e-survey and semistructured interviews.
                  
                  
                    RESULTS:
                    Fifteen of the 19 survey respondents (78.9%) agreed or strongly agreed that participation resulted in significant change to their practice. Fifteen respondents (78.9%) thought the program benefited both coaches and coachees equally. Coaches reported perceived benefit from participation, describing 5 conceptual categories of the coach’s experience: (1) affective attitude toward participation, (2) benefits accrued to the coach as an individual, (3) coaching compared with existing Continuing Medical Education activities, (4) effects on overall surgical culture, and (5) navigating the logistics of coaching. Time constraints were the most frequently reported barrier to participation.
                  
                  
                    CONCLUSIONS:
                    This study suggests that coaches find peer coaching to be both professionally fulfilling and clinically impactful to their own practice. Existing and future programs should promote both coach and coachee professional development and adapt programs to facilitate this to maximize surgeon engagement."
surgical coaching expert peer coach behavior,crossref,ok,2878284,10.59350/snw2h-c5f75,How does the scalability of peer learning compare to expert-led coaching 'fellowships'?,2024,"By connecting practitioners to learn from each other, peer learning facilitates collaborative development. ow does it compare to expert-led coaching and mentoring ""fellowships"" that are seen as the 'gold standard' for professional development in global health? Scalability in global health matters."
surgical coaching expert peer coach behavior,crossref,ok,2878284,10.59350/b67f9-mpg60,How does the scalability of peer learning compare to expert-led coaching 'fellowships'?,2024,"By connecting practitioners to learn from each other, peer learning facilitates collaborative development. ow does it compare to expert-led coaching and mentoring ""fellowships"" that are seen as the 'gold standard' for professional development in global health? Scalability in global health matters."
surgical coaching expert peer coach behavior,crossref,ok,2878284,10.1080/09593985.2021.1987601,From expert to coach: health coaching to support behavior change within physical therapist practice,2021,
surgical coaching expert peer coach behavior,crossref,ok,2878284,10.4324/9780203850688-10,What is a coach and what is coaching?,2011,
surgical coaching expert peer coach behavior,crossref,ok,2878284,10.1007/3-540-28451-6_18,Coach the Coach: Weiter- und Fortbildung von Profis,2006,
surgical coaching expert peer coach behavior,crossref,ok,2878284,10.4135/9781526459985.n20,Afterword: Generating the Future For Coaching and Coach Training,2021,
surgical coaching expert peer coach behavior,crossref,ok,2878284,10.4324/9780429351518-30,Psychopomp – a coach for the coach,2021,
surgical coaching expert peer coach behavior,crossref,ok,2878284,10.1007/s40670-019-00818-x,A Synergy Between Peer Evaluation and Student Coaching in Team-Based Learning: Coach Review of Peer Evaluations Improves Student Acceptance,2019,
surgical coaching expert peer coach behavior,crossref,ok,2878284,10.1057/9781137353269.0012,Starting to Coach for Innovation,,
surgical coaching expert peer coach behavior,crossref,ok,2878284,10.1057/9781137359209.0024,The organisation coach,,
surgical coaching expert peer coach behavior,crossref,ok,2878284,10.1007/s11613-015-0428-y,Coach the brand!? Eine Bestandsaufnahme zum themenspezifischen Coaching in der Markenberatung,2015,
surgical coaching expert peer coach behavior,crossref,ok,2878284,10.4324/9780203994986-26,COACH EDUCATION AND COACHING PRACTICE,2005,
surgical coaching expert peer coach behavior,crossref,ok,2878284,10.1177/1747954118755442,"Master coach, technical expert and evidence-based practitioner in weightlifting: An interview with Harvey Newton",2018,"Harvey Newton, who was team coach for USA Weightlifting in the 1984 Olympic Games, provides insights on how he learned about weightlifting technique. In particular, how he learned about the ‘double knee bend’ in pulling technique from his earliest mentor, Carl Miller, who shared his understanding about a scientific approach from coaches on a global basis. Harvey's development as an evidence-based practitioner was enhanced in a number of ways, including his continuing collaboration over many years with biomechanist John Garhammer who also shares insights in this article. Extracts from interviews with some of the coaches influenced by Harvey are also included."
surgical coaching expert peer coach behavior,crossref,ok,2878284,10.1007/s11613-013-0344-y,Übertragung und Gegenübertragung im Coaching,2013,
surgical coaching expert peer coach behavior,crossref,ok,2878284,10.1260/1747-9541.10.2-3.577,How Would You Recognise an Expert Coach if You Saw One?,2015,"Literature that frames coaching practice and specifically the formation and determination of expert coaching practice reveals a body of research that generally lacks continuity. Importantly, arguments relating to the instability of professional interpretations of coaching practice appear to stem from a penchant for subjective investigation. This analysis draws on an extensive review of peer-reviewed articles, chapters and books – all published within the last 35 years that address the notion of coaching practice. The key themes to emerge point to the idea that much of the research used to establish conceptual clarity fails to distinguish between highly organised or efficient coaching practice and expert coaching practice. This paper concludes with some suggestions from alternate paradigms and disciplines that suggest that expertise in interceptive sports coaching may be better theorised and suitably identified through a lens of the growing ideas surrounding the concept of ‘emergence’."
surgical coaching expert peer coach behavior,crossref,ok,2878284,10.4324/9780203020074-21,The coach as a reﬂective practitioner,2006,
surgical coaching expert peer coach behavior,crossref,ok,2878284,10.15358/9783800677498-63,5. Der LEAD COACH-Ansatz: Die Führungskraft als Coach,2026,
surgical coaching expert peer coach behavior,crossref,ok,2878284,10.4324/9781315796253-7,The coach,2014,
surgical coaching expert peer coach behavior,crossref,ok,2878284,10.4324/9780203857427-10,SUCCESSFUL COACHING,2010,
surgical coaching expert peer coach behavior,crossref,ok,2878284,10.4135/9781446251577.n15,"Coaching Formation: Coach Education and
                    Pedagogies",2012,
surgical coaching expert peer coach behavior,crossref,ok,2878284,10.4324/9780203020074-12,Coaching as an educational relationship,2006,
surgical coaching expert peer coach behavior,crossref,ok,2878284,10.1057/9780230362963.0030,"COACH, CONTAIN THYSELF",,
surgical coaching expert peer coach behavior,crossref,ok,2878284,10.15358/9783800675722-131,SCHRITT SIEBEN: Coaching-Community gründen und beitreten,2025,
music studio teaching expert versus novice instructor,crossref,ok,2207697,10.1007/978-3-031-66363-5_4,From Novice to Expert: Creative Processes in the Music Studio and Classroom,2025,"Abstract
          Historically, the subject of music in Swedish schools has moved from reproducing musical objects to an increasing focus on creativity. There are various qualities that children or students develop through creative work with artistic tools and materials. In the classroom the teacher can design a creative approach, which means, to help to formulate problems and find solutions, use role models and reflect with others. In this chapter, we apply Martin Lackéus’ concept of creating value in teaching and learning. The implementation of his concept is described through the feedback of a teacher and his students who have worked with digital music creation in school."
music studio teaching expert versus novice instructor,crossref,ok,2207697,10.1093/oso/9780190945305.003.0011,Teaching Applied Music,2020,"Abstract
               Chapter 11 provides suggestions for recruiting students into a college or university applied studio. A portion of the chapter is devoted to planning and delivering master classes and planning visits to middle and high schools in the effort to recruit. Stories from applied faculty and students provide materials for discussion of the culture of a studio, dealing with competition in the studio. Studio activities such as studio class, technique class, repertoire class, and excerpt class are described. Policies and ideas for recital attendance, studies and professor visibility, and travel are discussed. Questions for discussion encourage the reader to consider various teaching contexts for the implementation of these ideas."
music studio teaching expert versus novice instructor,crossref,ok,2207697,10.4324/9781003041689-2,Live performance versus studio recording,2025,
music studio teaching expert versus novice instructor,crossref,ok,2207697,10.1093/oso/9780190945305.003.0010,Teaching Applied Music,2020,"Abstract
               Chapter 10 is based on responses from applied music faculty around the country as well as responses from undergraduate students regarding applied lesson study. Quotes from both applied faculty and undergraduate students are included throughout the chapter. I have tried to represent the voice of the applied teacher in this chapter as a way of honoring the very specific culture that is created in each unique applied studio. Issues presented include scheduling logistics, pianists, choosing repertoire and materials, juries and auditions, practicing and motivation. Stories written by applied faculty as well as students from around the country are used to illustrate the characteristics of successful applied teachers."
music studio teaching expert versus novice instructor,crossref,ok,2207697,10.1080/00193089.1970.10532978,Video Tape for Preparing the Novice Instructor,1970,
music studio teaching expert versus novice instructor,crossref,ok,2207697,10.1177/0255761408099061,Teaching evaluations and comments of pre-service music teachers regarding expert and novice choral conductors,2009,"The purpose of the present study was to determine if pre-service music educators could discriminate between novice and expert choral directors irrespective of the proficiency of the choral ensemble. A secondary purpose was to compare study results elicited in the USA with those from participants in Europe, South America and Asia. Previous research has indicated that teaching proficiency can be evaluated by people who are not speakers of the language of the lesson, but these evaluations have always occurred with participants in a natural environment, i.e., good teachers teaching students who perform well and deficient teachers in front of students who are struggling. This study was conducted to see if good teaching could still be identified, irrespective of student proficiency. Participants viewed videotapes of four different choral conductors from the USA. Two conductors were proficient and experienced, and two were novices. Participants viewed these conductors in the following counterbalanced settings: (1) an accomplished conductor conducting a fine choral ensemble; (2) an accomplished conductor conducting a poor choral ensemble; (3) a novice conductor conducting a fine choral ensemble; and (4) a novice conductor conducting a poor choral ensemble. Participants wrote observational comments and gave each teacher an evaluative numeric rating. Results of the quantitative data analysis indicated that participants evaluated the skills of the teacher and not the proficiency of the ensembles. Furthermore, results of the qualitative data analysis indicated that there were not only differences between participants from different continents, but also vast differences regarding the topics on which the participants commented, dependent upon the level of the conductor being observed."
music studio teaching expert versus novice instructor,crossref,ok,2207697,10.4324/9781003041689-3,In the studio,2025,
music studio teaching expert versus novice instructor,crossref,ok,2207697,10.4324/9781003041689-1,From stage to studio,2025,
music studio teaching expert versus novice instructor,crossref,ok,2207697,10.7202/1121998ar,Entrepreneurs (novice contre expert) et investisseurs : interactions et dynamique des rationalités (effectuale contre causale),2025,"La littérature sur la prise de décision stratégique a montré que les entrepreneurs peuvent combiner les logiques effectuale et causale lors du processus de développement de l’entreprise, mais les interactions entre l’entrepreneur et les investisseurs et la manière dont ces logiques et leur combinaison peuvent impacter le processus d’investissement ont été peu abordées. Une étude exploratoire longitudinale auprès de deux jeunes entreprises a été menée pour étudier la complexité des interactions et comprendre les rationalités mises en oeuvre et leur évolution lors du processus d’investissement dans les jeunes entreprises. Les résultats montrent que l’entrepreneur expert utilise une rationalité causale pour lever des fonds auprès des capital-risqueurs et des anges. À l’inverse, l’entrepreneur novice recourt à une rationalité effectuale dans la création de la jeune entreprise et dans ses relations avec les anges. Les anges peuvent – de manière proactive – basculer d’une rationalité effectuale vers une rationalité causale soit pour coinvestir avec les capital-risqueurs au démarrage de la jeune entreprise, soit pour accompagner son développement. Ces résultats contribuent à la littérature sur la théorie de l’effectuation en interrogeant l’évolution des rationalités et des comportements entrepreneuriaux lors de la création de l’entreprise et de la recherche de financement."
music studio teaching expert versus novice instructor,crossref,ok,2207697,10.1007/bf03217254,Connectedness in teaching equivalent algebraic expressions: Novice versus expert teachers,1993,
music studio teaching expert versus novice instructor,crossref,ok,2207697,10.1177/0255761413508065,The differences between novice and expert group-piano teaching strategies: A case study and comparison of beginning group piano classes,2013,"This case study compares the teaching strategies employed by a novice and an expert instructor of two beginning children’s group-piano classes. In the United States, there is a century-long tradition of teaching piano to children in groups, and group teaching is championed in pedagogy texts and at professional educator conferences throughout the world. However, there are few meaningful formal opportunities for professional development of group-teaching skills or for observation of successful group-piano instruction available to teachers who wish to develop group-teaching skills. This exploratory study seeks to provide some initial data about group-teaching practices of novice and expert teachers. Curricular considerations, teaching techniques, and student engagement and learning emerged as common themes. Analysis highlights how the components of these themes manifested themselves in these novice and expert teachers’ classes and describes how these teaching techniques affected students. It is hoped that future research will include testing new paradigms for training teachers to work effectively with groups of beginning piano students."
music studio teaching expert versus novice instructor,crossref,ok,2207697,10.5040/9798216429159.ch_0012,Curing Versus Healing,2021,
music studio teaching expert versus novice instructor,crossref,ok,2207697,10.4324/9781003041689,From Stage to Studio,2025,
music studio teaching expert versus novice instructor,crossref,ok,2207697,10.1037/e537052012-203,Expert Versus Novice Category-Based Judgments About Food Items,2004,
music studio teaching expert versus novice instructor,crossref,ok,2207697,10.46569/20.500.12680/nk322m926,"Novice College Mathematics Instructor Communication About 
Scaffolding Student Learning",,
music studio teaching expert versus novice instructor,crossref,ok,2207697,10.4324/9781003648734-19,Recording Studio Lab,2026,
music studio teaching expert versus novice instructor,crossref,ok,2207697,10.1093/gmo/9781561592630.article.j545400,Creative Music Studio,2003,
music studio teaching expert versus novice instructor,crossref,ok,2207697,10.1177/030573569302100103,Perceptual Differences between Expert and Novice Music Listeners: A Multidimensional Scaling Analysis,1993,"This two-part study examined perceptual differences between expert and novice music listeners using multidimensional scaling techniques (ALSCAL and INDSCAL). In part one, novice subjects (N = 174), elementary education majors enrolled in a music methods course, rated for similarity all possible pairings of 15 musical excerpts drawn from European art music composed between 1762 and 1896. Proximities generated a three-dimensional scaling solution (r = .73, Kruskal's stress = *20). The three dimensions were interpreted as secondary musical parameters related to musical activity and character and evaluations of pleasingness by the listener. INDSCAL techniques were used in part two to compare the weights for the salient dimensions in a three-dimensional solution for novices (= *70, stress = .22) and experts (r2 = -83, stress = -16). Weighted most salient for experts was Dimension 1 (.72), related to historical period. Weighted most important for l novices were Dimensions 2 (-51) and 3 (-57), related to secondary musical parameters of activity, character and evaluations of pleasingness."
music studio teaching expert versus novice instructor,crossref,ok,2207697,10.1891/9780826125996.0003,Power of Faculty: The Tact of Teaching,2015,
music studio teaching expert versus novice instructor,crossref,ok,2207697,10.37590/able.v45.abs45,A Card-sorting Tool to Measure Expert Versus Novice Thinking in Scientific Research,2025,
music studio teaching expert versus novice instructor,crossref,ok,2207697,10.4324/9781003041689-6,Educational applications,2025,
music studio teaching expert versus novice instructor,crossref,ok,2207697,10.4324/9781003041689-7,Final edit,2025,
music studio teaching expert versus novice instructor,crossref,ok,2207697,10.1891/9780826140081.0012,Graded Clinical Versus Pass/Fail Evaluations,2017,
music studio teaching expert versus novice instructor,crossref,ok,2207697,10.1017/cbo9781139524698.004,Characteristics of Expert and Novice Teachers,2003,
music studio teaching expert versus novice instructor,crossref,ok,2207697,10.1017/s0265051723000220,Power relations in the music teaching studio,2023,"Abstract
                  Power relations operate in any educational setting, and there may be particular vulnerabilities in a tradition conducted in the relative isolation of the music teaching studio. These vulnerabilities have been highlighted dramatically in recent years through high-profile cases of power abuse, but power is implicated in a wide range of contexts related to the studio, including cultural, gendered, pedagogical, artistic, institutional and interpersonal issues. It may be impossible to divest power of its negative connotations, but there is a good deal of theory focused on power, even if its terms are broadly political or philosophical, and subject to debate. This theoretical paper explores power relations with regard to the music studio, investigating popular conceptions and everyday usage before turning to scholarship focused on interpersonal and broader social perspectives. Some reflections are offered on the uses and abuses of power in the studio. A better understanding of its dimensions and usage can support the ongoing development of studio practices and contribute to the conversation that we need to have about power."
music studio teaching expert versus novice instructor,crossref,ok,2207697,10.1177/1321103x18794514,Structure and agency in novice music teaching,2018,"Using multiple interviews and observations, I chronicled the experiences of three novice music teachers in the United States over a 2-year period, including their student teaching internships and first years of in-service teaching. I analyzed these experiences through the lens of strong structuration theory, Stones’s (2005) extension and elaboration of Giddens’s (1984) original structuration theory. My guiding research questions were: a) How do the structures of music teaching within public schools in the U.S. enable and inhibit the agency of novice music teachers? and, b) How do the practices of novice music teachers reproduce, sustain, and change the structures of music education? I discuss how teacher educators, preservice teachers, and in-service teachers can work together in dialogue to assist novice music teachers in cultivating agential resistance by developing perceptions of power/capability, adequate knowledge, and requisite reflective distance."
music studio teaching expert versus novice instructor,crossref,ok,2207697,10.1142/9789811226557_0003,How Learning Looks for a Novice: Implications of Expert–Novice Research for Physics Teaching and Learning,2020,
music studio teaching expert versus novice instructor,crossref,ok,2207697,10.1093/gmo/9781561592630.article.j755800,Art Studio,2003,
music studio teaching expert versus novice instructor,crossref,ok,2207697,10.1016/j.jsurg.2011.04.006,Teaching Subcuticular Suturing to Medical Students: Video versus Expert Instructor Feedback,2011,
music studio teaching expert versus novice instructor,crossref,ok,2207697,10.31390/gradschool_dissertations.209,A Science Education Study Using Visual Cognition and Eye Tracking to Explore Medication Selection in the Novice Versus Expert Nurse Anesthetist,,
music studio teaching expert versus novice instructor,crossref,ok,2207697,10.1093/oso/9780190868796.003.0002,"Parent, Teacher, Mentor, or Psychologist?",2021,"Abstract
                  This chapter explores the multifaceted role of the applied instructor in the music lesson setting, particularly as it applies to the mentorship relationship. Three established mentorship frameworks are discussed within the context of the music teacher–student relationship. The readers are encouraged to examine their own current practices in terms of the level of support and inclusivity they promote in their studios and to recognize their own qualities as mentors. A large portion of this chapter is dedicated to introducing motivational interviewing—a conversation tool that can be used to handle student concerns in a supportive and productive manner through the elicitation of behavioral change based on the student’s internal motivation, values, and beliefs."
music studio teaching expert versus novice instructor,crossref,ok,2207697,10.1093/gmo/9781561592630.article.j433000,Studio musician,2003,
music studio teaching expert versus novice instructor,crossref,ok,2207697,10.15858/engtea.66.4.201112.73,Construction of Expert-Novice Identities in Language-Exchange Interactions,2011,
music studio teaching expert versus novice instructor,crossref,ok,2207697,10.1177/0305735692202003,An Expert-Novice Comparison in Musical Composition,1992,"The study reported here investigated expert and novice performance on a simple composition task. One Expert and three Novices were given a four phrase Bach Chorale with half of the first phrase and the soprano line provided. They were required to complete as much of the Chorale as possible within one hour. Think-aloud protocols were recorded and retrospective interviews were conducted. The protocols, scores and interview responses were compared. Only the Expert completed the task. The Expert was able to attend to the basic technical aspects of the task and to simultaneously consider part movement, balance and typical features of the genre. The Novices concentrated on chord-by-chord solution, applying the basic rules of harmony and largely neglected the shape and balance of the emerging score. The comparison of the protocols from the Expert and Novice provided evidence of characteristics of expertise found in problem-solving tasks in other domains."
music studio teaching expert versus novice instructor,crossref,ok,2207697,10.4324/9781003041689-4,On the stage,2025,
music studio teaching expert versus novice instructor,crossref,ok,2207697,10.4324/9781315576855-22,Exploring and Encouraging Metacognitive Awareness in Novice Music Students,2016,
music studio teaching expert versus novice instructor,crossref,ok,2207697,10.4324/9781003041689-5,Variable performance traits,2025,
music studio teaching expert versus novice instructor,crossref,ok,2207697,10.1177/0305735698261005,Eye Movements in a Simple Music Reading Task: A Study of Expert and Novice Musicians,1998,"This paper reports the eye movements of expert and novice musicians as they performed a simple music-reading task. In this task, subjects were required to report whether two successively presented melodic fragments were the same or different. The tonal and contour structure of the stimuli were systematically manipulated. As expected, the experts performed the task more accurately and rapidly than the novices, especially for tonally simple material. The eye movement data showed that the experts used more fixations than the novices when reading the music for the first time, and the duration of the experts' first fixation on the stimulus was shorter. Although there were clear effects of the tonal structure of the stimuli on the accuracy and reaction time performance of the experts, there were little obvious effects of the tonal structure on the eye movements of the experts the first time the stimuli were read. These results are discussed, and the usefulness of the task to the study of eye movements in music reading is considered."
music studio teaching expert versus novice instructor,crossref,ok,2207697,10.1016/j.teln.2012.10.004,From bedside to classroom: From expert back to novice,2013,
music studio teaching expert versus novice instructor,crossref,ok,2207697,10.1093/oso/9780195138849.003.0017,Systematic Research in Studio Instruction in Music,2004,"Abstract
                  In his 1985 study Developing Talent in Young People, Benjamin Bloom identified one-on-one instruction as a particularly effective instructional context that is found across several disciplines. Results from his study suggested that the private music studio might be a fascinating laboratory for the study of teaching and learning. The importance of this study was that educational researchers began to take notice of this special context, which previously had been considered a deviant educational tradition (Schon, 1983) and outside the bounds of traditional educational research. There is a growing professional interest in applying the tools of systematic research to the context of studio instruction in music education research. Madsen (1985) and Yarbrough (1996) identified the potential of this research area. A special issue of the Quarterly Journal of Music Teaching and Learning, edited by Manny Brand (1992), was dedicated to studio instruction. The report of research that follows represents the work of a growing number of individuals who have found studio instruction a compelling area of investigation even though it presents a special research challenge: Within this simple expert-novice dyad is a complex world of human cultural evolution, including the use of language, symbol systems, tools, and many aspects of human psychology."
music studio teaching expert versus novice instructor,crossref,ok,2207697,10.21125/iceri.2018.2582,DESIGN THINKING EXPERTISE: A NOVICE-TO-EXPERT LEVEL FRAMEWORK FOR TEACHING DESIGN THINKING,2018,
music studio teaching expert versus novice instructor,crossref,ok,2207697,10.1093/gmo/9781561592630.article.a2092725,Studio 54,2011,
music studio teaching expert versus novice instructor,crossref,ok,2207697,10.31274/rtd-20200716-54,The culture of architectural design studio: a qualitative pilot study on the interaction of the instructor and the student in their culture and the identification of the instructor's teaching styles,,
music studio teaching expert versus novice instructor,crossref,ok,2207697,10.1207/s15327108ijap0704_8,A Computer-Based Analysis of Expert and Novice Flight Instructor Preflight Decision Making,1997,
music studio teaching expert versus novice instructor,crossref,ok,2207697,10.1016/j.teln.2012.01.004,Successful transition from expert nurse to novice educator?,2012,
music studio teaching expert versus novice instructor,crossref,ok,2207697,10.4324/9781315776675-9,Breadth and Depth of Knowledge in Expert Versus Novice Athletes,2015,
music studio teaching expert versus novice instructor,crossref,ok,2207697,10.1093/gmo/9781561592630.article.19611,National Opera Studio,2001,
music studio teaching expert versus novice instructor,crossref,ok,2207697,10.4324/9780203646946-10,A Cognitive Analysis of Patterns in Science Instruction by Expert and Novice Teachers,2004,
music studio teaching expert versus novice instructor,crossref,ok,2207697,10.5040/9798216429159.ch_002,Music Therapy Studio,2021,
music studio teaching expert versus novice instructor,crossref,ok,2207697,10.1177/0255761409102319,Improving studio music teaching through understanding learning styles,2009,"The role of a studio music teacher is a delicate balance of creativity and organization. In a one-on-one setting a teacher must guide a student through the physical challenges of playing an instrument as well as conveying the abstract notions of music and aesthetics. The goal of guiding a student into becoming a fine musician is universal, but teaching approaches differ. In this article I propose using learning style models as a teaching framework. The use of learning style models in the classroom is not a new idea, but the music lesson provides a unique setting for the assessment and implementation of these models. By identifying a student's dominant learning style, a teacher can more effectively develop an individualized pedagogical approach for each student. The models can be used to organize a teacher's curriculum as well as provide a framework for new and creative teaching ideas."
chess grandmaster teaching method study,crossref,ok,9347830,10.2307/jj.33610769.17,CHESS AND CHANCE,2026,
chess grandmaster teaching method study,crossref,ok,9347830,10.2307/jj.18253777.9,MULTIPLE SYNCHRONICITIES OF A CHESS GRANDMASTER,2007,
chess grandmaster teaching method study,crossref,ok,9347830,10.1093/nq/cc.jul.314d,"Chess: ""Grandmaster""",1955,
chess grandmaster teaching method study,crossref,ok,9347830,10.1515/9781531513122-014,11. Chess and Chance,2026,
chess grandmaster teaching method study,crossref,ok,9347830,10.5040/9798216005100.ch-004,Write Like a Grandmaster,2009,
chess grandmaster teaching method study,crossref,ok,9347830,10.3233/icg-2001-24410,GRANDMASTER CHESS WITH ONE-SIDED COMPUTER HELP,2001,
chess grandmaster teaching method study,crossref,ok,9347830,10.2307/j.ctv22pzxz1.12,The Race for First Machine Grandmaster,2022,
chess grandmaster teaching method study,crossref,ok,9347830,10.1515/9780791480434-007,Multiple Synchronicities of a Chess Grandmaster,2007,
chess grandmaster teaching method study,crossref,ok,9347830,10.1109/40.755469,IBM's Deep Blue Chess grandmaster chips,1999,
chess grandmaster teaching method study,crossref,ok,9347830,10.1007/3-540-38424-3_12,Identification Tokens — or: Solving The Chess Grandmaster Problem,,
chess grandmaster teaching method study,crossref,ok,9347830,10.1038/scientificamerican1090-44,A Grandmaster Chess Machine,1990,
chess grandmaster teaching method study,crossref,ok,9347830,10.3233/icg-2007-30110,"CHESS GRANDMASTER L’AMI AGAINST ZAPPA March 6 - 7, 2007",2007,
chess grandmaster teaching method study,crossref,ok,9347830,10.1515/9780691235141-010,CHAPTER 5 The Race for First Machine Grandmaster,2022,
chess grandmaster teaching method study,crossref,ok,9347830,10.1016/j.physbeh.2022.113918,Are there neurophysiological differences behind the play of different chess modalities?: An international grandmaster case study.,2022,
chess grandmaster teaching method study,crossref,ok,9347830,10.1145/986655.986668,Secure object identification,2003,
chess grandmaster teaching method study,crossref,ok,9347830,10.9790/0661-2705040109,The Algorithmic Grandmaster: Charting The Ascent And Pervasive Influence Of Artificial Intelligence In Chess,2025,"The old chess game that used to be viewed as one of the citadels of the human thought turned out to be a problem
of the artificial intelligence (AI) growth and use. The present paper is a detailed account of AI history
development, its technological history, and its most significant effect on celebrity chess. It traces back to the
history of development of the first theoretical models and primitive software, the strength of the brute computing
of the Deep Blue of IBM that has turned into a notorious winner in the challenge against World Champion Garry
Kasparov in 1997. This was a landmark and this fundamentally changed the human machine element in
intellectual games. The next change of paradigm discussed in the paper is that of DeepMind, the AlphaZero
system which is a system that used both reinforcement learning and neural networks as it plays the game of
superhuman level in a state of tabula rasa or blank slate without any knowledge imposed by humans on it. We
are going to look at the primitive algorithms that have been used to drive chess engines, the original example of
the minimax search and the most significant alpha-beta pruning optimization, in the contemporary advanced
models of neural networks. It is also looked at in the present day environment where hybrid engines such as
Stockfish are replacing the market which are more likely to merge both typical styles of searching and machinelike functionality of learning and evaluation of things. Critical evaluation of the ubiquitous character of AI on
human participants is also included in the paper, unconsciously divided into the desire to update the opening
theory, redefine the game analysis and preparation, and create a new and symbiotic balance between human
imagination and machine accuracy. We discuss the cultural/educational implications on the whole like the
democratization of knowledge about chess and it enables more spectators to be involved. Finally, the paper deals
with the thesis, the fact that the fight against chess was won not only by AI, but also it became an inseparable companion in its further development and pushed the limits of strategic knowledge to the farthest limits of the game, transforming its essence."
chess grandmaster teaching method study,crossref,ok,9347830,10.15391/snsv.2025-2.06,Brilliant moves in chess and early grandmaster success: a study of the world's youngest grandmasters,2025,"Background and Study Aim. Young chess prodigies often demonstrate exceptional tactical creativity through “brilliant” moves. This study examines the formation and impact of the skill to execute brilliant moves in the careers of the 20 youngest grandmasters in chess history. This study raises an intriguing question: could the propensity to find brilliant moves be linked to a player’s success, especially for young prodigies achieving the grandmaster title at an early age?

Material and Methods. We analyzed 8032 games played by the 20 youngest players in history to attain the title of Grandmaster (GM) title, identifying 1217 games containing at least one brilliant move (as marked by chess engine analysis).  

Results. The proportion of games with brilliant moves ranged from about 9.8% to 22.7% (mean ≈15.4%) for individual players. These results suggest an optimal zone of roughly 10–23% of games featuring brilliant moves during a young player’s pre-GM development. We found that a higher frequency of brilliant moves correlates with faster achievement of the GM title – players who became GM in fewer years tended to have a greater share of brilliant-move games. A multiple regression analysis further showed that this skill, along with the strength of opposition faced, significantly predicts a player’s world ranking after attaining GM (p &lt; .05).

Conclusion. The ability to consistently execute brilliant moves is strongly associated with early success in chess and may be a useful predictor of a young player’s prospects of becoming a grandmaster. These findings underscore the importance of cultivating creativity and deep tactical foresight (hallmarks of brilliant moves) in chess training for rising talents."
chess grandmaster teaching method study,crossref,ok,9347830,10.1097/corr.0000000000003930,"A Conversation With … Maurice Ashley, Chess Grandmaster, on the Topics of Risk and Sacrifice",2026,
chess grandmaster teaching method study,crossref,ok,9347830,10.5040/9798400695995.ch-005,Chess Basics,2010,
chess grandmaster teaching method study,crossref,ok,9347830,10.5040/9798400695995.ch-004,Chess and Citizenship,2010,
chess grandmaster teaching method study,crossref,ok,9347830,10.5040/9798400695995.ch-003,Chess and Society,2010,
chess grandmaster teaching method study,crossref,ok,9347830,10.5040/9798400695995.ch-002,The World of Chess,2010,
chess grandmaster teaching method study,crossref,ok,9347830,10.1093/gmo/9781561592630.article.46873,Grandmaster Flash,2001,
chess grandmaster teaching method study,crossref,ok,9347830,10.1207/s15516709cog2704_3,"Visualization, pattern recognition, and forward search: effects of playing speed and sight of the position on grandmaster chess errors",2003,"AbstractA new approach examined two aspects of chess skill, long a popular topic in cognitive science. A powerful computer‐chess program calculated the number and magnitude of blunders made by the same 23 grandmasters in hundreds of serious games of slow (“classical”) chess, regular “rapid” chess, and rapid “blindfold” chess, in which opponents transmit moves without ever seeing the actual position. Rapid chess led to substantially more and larger blunders than classical chess. Perhaps more surprisingly, the frequency and magnitude of blunders did not differ in rapid versus blindfold play, despite the additional memory and visualization load imposed by the latter. We discuss the involvement of various cognitive processes in human problem‐solving and expertise, especially with respect to chess. Prior opposing views about the basis of general chess skill have emphasized the dominance of either (a) swift pattern recognition or (b) analyzing ahead, but both seem important and the controversy appears currently unresolvable and perhaps fruitless."
chess grandmaster teaching method study,crossref,ok,9347830,10.3998/mpub.11373292.cmp.83,"Grandmaster (Yidai Zongshi, 2013)",,
chess grandmaster teaching method study,crossref,ok,9347830,10.1093/gmo/9781561592630.article.a2224535,Grandmaster Flash,2012,
chess grandmaster teaching method study,crossref,ok,9347830,10.1093/acref/9780195301731.013.36942,Grandmaster Melle Mel,2013,
chess grandmaster teaching method study,crossref,ok,9347830,10.1093/acref/9780195301731.013.45613,Grandmaster Flash,2009,
chess grandmaster teaching method study,crossref,ok,9347830,10.1093/acref/9780195301731.013.73144,Grandmaster Flash,2006,
chess grandmaster teaching method study,crossref,ok,9347830,10.24234/miopap.v11i2.32,INTEGRATION OF THE SCIENTIFIC METHOD IN CHESS TEACHING,2024,"The article evaluated the incorporation of the scientific method in educational chess videos on Lichess, identifying the application of fundamental principles such as observation, hypothesis formulation, experimentation, and analysis. The study highlighted the diversity of educational content, addressing various interests and skill levels within the chess community and balancing theory and practice to promote cognitive and strategic development. It analyzed how integrating the scientific method could revolutionize chess learning, improving specific game skills and analytical competencies transferable to other areas. The analysis of educational videos focused on active experimentation and meticulous analysis of games, especially from elite players. The software was used for transcription and data analysis tools to identify effective pedagogical patterns. Applying the scientific method in chess videos promoted significant cognitive development, emphasizing experimentation and critical analysis. The diversity of content reflected a comprehensive and effective educational ecosystem. Future research should explore the deeper integration of the scientific method in chess teaching, evaluate the effectiveness of these approaches, and adapt them to other disciplines. The importance of rigorous and accessible educational methods was emphasized to enhance techniques and strategies in chess, establishing a standard applicable to various fields."
chess grandmaster teaching method study,crossref,ok,9347830,10.1093/acref/9780195301731.013.36941,Grandmaster Flash,2013,
chess grandmaster teaching method study,crossref,ok,9347830,10.1007/978-3-030-60128-7_48,"A Novel Investigation of Attack Strategies via the Involvement of Virtual Humans: A User Study of Josh Waitzkin, a Virtual Chess Grandmaster",2020,
chess grandmaster teaching method study,crossref,ok,9347830,10.46529/socioint.202154,COMPARATIVE STUDY BETWEEN THE TRADITIONAL TEACHING METHOD AND THE ONLINE TEACHING METHOD,2021,
chess grandmaster teaching method study,crossref,ok,9347830,10.1093/acref/9780195301731.013.74074,Grandmaster Flash,2016,
chess grandmaster teaching method study,crossref,ok,9347830,10.17265/2159-5526/2017.01.006,Analysis of the Efficiency of Teaching Chess in Schools,2017,
chess grandmaster teaching method study,crossref,ok,9347830,10.5040/9798400695995.ch-001,Introduction,2010,
chess grandmaster teaching method study,crossref,ok,9347830,10.1080/13573322.2025.2522285,"The sports career of a Brazilian Chess Grandmaster: an heir who achieved success through his fragmented
                    <i>habitus</i>",2025,
chess grandmaster teaching method study,crossref,ok,9347830,10.5040/9798400695995,"People, Places, Checkmates",2010,"Fifteen chess-enhanced lesson plans address National Council for the Social Studies standards for grades 4–8 and help prepare students to succeed in University Interscholastic League (UIL) Chess Puzzle.
          Implement the National Council for the Social Studies (NCSS) curriculum standards in your classroom with People, Places, Checkmates: Teaching Social Studies with Chess. In this unique volume, 15 lesson plans teach culture, history, geography, and citizenship through the history of chess and its relationship to art, civics, culture, economics, geography, government, and technology. This book will also help educators and librarians prepare students to succeed in University Interscholastic League (UIL) Chess Puzzle.
          Each 40-minute lesson plan includes an NCSS theme, materials and sources, procedure, and evaluation. Each lesson is followed by an optional 10-25 minute chess exercise, composed of teacher background, procedure and materials, expected time, and evaluation. A separate chapter teaches the chess basics necessary for your students to actually play chess and successfully complete the optional exercises. Lesson plans complement upper elementary and middle school curricula in world history, U.S. history, geography, and social studies."
chess grandmaster teaching method study,crossref,ok,9347830,10.23880/oajda-16000138,An Optimization Method for Quiescence in Chess-Playing Automata,2024,"The purpose of this paper is to report the results of a study of a method for improving the performance of the quiescence phase of Alpha-Beta (α-β) search. The α-β enhancement to the Minimax algorithm optimizes the performance of depth-first search when the solutions being searched are arranged in near best-first order reducing the computational effort from O(bd ) to O(√bd ), where b is the branching factor of the game-tree and d is the depth of the search, Knuth and Moore. To postpone the asymptotic behaviour of the combinatorial explosion, a full breath search is only carried out to 5 levels of depth in this research. A narrow width search expanding only solutions involving the exchange of material, a pawn promotion or kingin-check situation is then expanded until the position reaches quiescence where no material exchanges or promotions are present. When quiescence is reached, the evaluation function is called to score the leaf node of the game-tree. For chessplaying programs, it has long been held that material exchanges should be explored first before other solutions are expanded to ensure optimum performance of α-β pruning, Gillogly. The research reported in this paper has established statistically that α-β pruning is improved if a solution not involving an exchange of material or promotion is tried first rather than a material exchange solution during the quiescence phase of α-β search."
chess grandmaster teaching method study,crossref,ok,9347830,10.5040/9798400695995.0009,About the Author,2010,
chess grandmaster teaching method study,crossref,ok,9347830,10.1093/acref/9780195301731.013.41502,"Grandmaster Flash, Melle Mel, and the Furious Five",2005,
chess grandmaster teaching method study,crossref,ok,9347830,10.47344/sdu20bulletin.v56i3.598,TEACHING ENGLISH TO NON-NATIVE STUDENTS BY LESSON STUDY METHOD,2021,"This article examines the effectiveness and effects of the lesson study method on University non-native students and Lecturers. The participants of the study were 10 University students and three lecturers from a nearby University. The research questions formulated were the effects of the lesson study method on students, the effects of the method on lecturers, and the advantages and disadvantages. The information gathered mainly involves the qualitative research method: surveys, observations, Student works, and questionnaires. Close analysis of the data obtained reflected that the lesson study method improved the teachers' instructional strategies as far as self-reflection, corporative learning, and problem-solving is concerned. However, on the part of students, lesson study recorded positive remarks on some subjects but did not bear many fruits on the students' understanding and achievement."
chess grandmaster teaching method study,crossref,ok,9347830,10.1111/j.1467-9639.1989.tb00066.x,Chess‐board Combinatorics,1989,SummaryThis article shows the connection between three combinatorial identities by relating them to the numbers of paths on a chess board.
chess grandmaster teaching method study,crossref,ok,9347830,10.1186/isrctn33648117,Does teaching children how to play chess improve maths test performance?,2013,
chess grandmaster teaching method study,crossref,ok,9347830,10.1007/978-981-97-2034-7_21,Analyses of the Audience for Grandmaster of Demonic Cultivation,2024,
chess grandmaster teaching method study,crossref,ok,9347830,10.64628/aam.m7nrr7mwn,Why Canada should invest more in teaching kids how to play chess,2022,
chess grandmaster teaching method study,crossref,ok,9347830,10.1163/1570068054922786,Teaching inside-out: On teaching Islam,2005,
chess grandmaster teaching method study,crossref,ok,9347830,10.1353/ccr.2025.a966460,"After the Death of the Grandmaster (II), and: After the Death of the Grandmaster (VIII)",2025,
chess grandmaster teaching method study,crossref,ok,9347830,10.2307/jj.33610769.15,[Illustrations],2026,
chess grandmaster teaching method study,crossref,ok,9347830,10.31274/cc-20240624-14,A case study method for teaching bioethics,2008,
apprenticeship model expert skill transmission adults,crossref,ok,4424509,10.1007/978-1-4471-1632-5_4,Automation — Skill — Apprenticeship,1988,
apprenticeship model expert skill transmission adults,crossref,ok,4424509,10.2307/jj.19307125.10,Apprenticeship as Learning,2025,
apprenticeship model expert skill transmission adults,crossref,ok,4424509,10.2307/jj.19307125.12,Enforcing Apprenticeship,2025,
apprenticeship model expert skill transmission adults,crossref,ok,4424509,10.2307/jj.19307125.11,The Flexibility of Apprenticeship,2025,
apprenticeship model expert skill transmission adults,crossref,ok,4424509,10.2307/jj.19307125.19,APPENDIX 1:,2025,
apprenticeship model expert skill transmission adults,crossref,ok,4424509,10.1515/9780691265896-009,7 Enforcing Apprenticeship,2025,
apprenticeship model expert skill transmission adults,crossref,ok,4424509,10.2307/jj.19307125.7,The Rise and (Partial) Fall of Apprenticeship,2025,
apprenticeship model expert skill transmission adults,crossref,ok,4424509,10.1515/9780691265896-007,5 Apprenticeship as Learning,2025,
apprenticeship model expert skill transmission adults,crossref,ok,4424509,10.1515/9780691265896-016,APPENDIX 1 Apprenticeship Registration Records,2025,
apprenticeship model expert skill transmission adults,crossref,ok,4424509,10.2307/jj.19307125.8,Diffusing Skill and Innovation,2025,
apprenticeship model expert skill transmission adults,crossref,ok,4424509,10.1515/9780691265896-008,6 The Flexibility of Apprenticeship,2025,
apprenticeship model expert skill transmission adults,crossref,ok,4424509,10.2307/jj.19307125.21,APPENDIX 3:,2025,
apprenticeship model expert skill transmission adults,crossref,ok,4424509,10.24321/3117.4809.202508,Autonomous  AI-Driven  Skill  Assessment  for  Apprenticeship Training,2026,
apprenticeship model expert skill transmission adults,crossref,ok,4424509,10.2139/ssrn.6167869,Moral Apprenticeship Without Adults: A Model-Fit Case Study of Media-as-Generation and Clockwork Conditioning,2026,"&lt;p&gt;This paper presents a short case study evaluating the empirical fit of two previously articulated theoretical frameworks: The Media-as-Generation Phenomeno&lt;i&gt;n&lt;/i&gt; and The Clockwork Generation. Using a single, contemporaneous news feature on adolescent “ICE watching” as a bounded empirical instance, the paper tests whether observable narrative and behavioral patterns conform to pre-stated model predictions.&lt;/p&gt;
&lt;p&gt;&lt;span&gt;The analysis does not adjudicate immigration policy, protest legitimacy, or enforcement conduct. Instead, it examines whether the media narrative and subject behavior exhibit traits predicted by the models, including emotional primacy over verification, low epistemic friction, identity-congruent filtering, institutional mirroring, and conditioning without adulthood. The case is treated as a stress test of internal coherence rather than as a representative sample.&lt;/span&gt;&lt;/p&gt;&lt;span&gt;The findings indicate unusually close model fit. Both the institutional framing of the feature and the self-described identities of its adolescent subjects align with the predicted convergence between media epistemics and digitally conditioned youth moral postures. The paper concludes that the case demonstrates diagnostic validity of the frameworks while explicitly limiting its claim to model fit rather than general proof.&lt;/span&gt;"
apprenticeship model expert skill transmission adults,crossref,ok,4424509,10.2307/jj.19307125.14,"Laws, Rules, and Barriers to Skill",2025,
apprenticeship model expert skill transmission adults,crossref,ok,4424509,10.4324/9781003511199-6,Skill and the survival of apprenticeship,2024,
apprenticeship model expert skill transmission adults,crossref,ok,4424509,10.2307/jj.19307125.15,Exclusion in Practice?,2025,
apprenticeship model expert skill transmission adults,crossref,ok,4424509,10.1515/9780691265896-004,2 The Rise and (Partial) Fall of Apprenticeship,2025,
apprenticeship model expert skill transmission adults,crossref,ok,4424509,10.1515/9780691265896-018,APPENDIX 3 Estimating the Incidence of Apprenticeship in England,2025,
apprenticeship model expert skill transmission adults,crossref,ok,4424509,10.33231/j.ihe.2025.03.10,The market for skill: apprenticeship and economic growth in early modern England,2025,
apprenticeship model expert skill transmission adults,crossref,ok,4424509,10.2139/ssrn.4510558,Apprenticeship is a Developmental Mechanism in Argumentation Skill Development,2023,
apprenticeship model expert skill transmission adults,crossref,ok,4424509,10.1515/9780691265896-005,3 Diffusing Skill and Innovation,2025,
apprenticeship model expert skill transmission adults,crossref,ok,4424509,10.1063/1.5003550,Developing learning community model with soft skill integration for the building engineering apprenticeship programme in vocational high school,2017,
apprenticeship model expert skill transmission adults,crossref,ok,4424509,10.1109/64.53179,A skill refinement learning model for rule-based expert systems,1990,
apprenticeship model expert skill transmission adults,crossref,ok,4424509,10.1515/9780691265896-012,10 Exclusion in Practice? THE EFFECTS OF RULES ON APPRENTICESHIP,2025,
apprenticeship model expert skill transmission adults,crossref,ok,4424509,10.2307/jj.19307125,The Market for Skill,2025,
apprenticeship model expert skill transmission adults,crossref,ok,4424509,10.2307/jj.19307125.18,Conclusion,2025,
apprenticeship model expert skill transmission adults,crossref,ok,4424509,10.2307/jj.19307125.27,NOTES,2025,
apprenticeship model expert skill transmission adults,crossref,ok,4424509,10.2307/jj.19307125.28,REFERENCES,2025,
apprenticeship model expert skill transmission adults,crossref,ok,4424509,10.2307/jj.19307125.13,Outcomes,2025,
apprenticeship model expert skill transmission adults,crossref,ok,4424509,10.2307/jj.19307125.5,ABBREVIATIONS,2025,
apprenticeship model expert skill transmission adults,crossref,ok,4424509,10.2307/jj.19307125.6,Introduction,2025,
apprenticeship model expert skill transmission adults,crossref,ok,4424509,10.2307/jj.19307125.29,INDEX,2025,
apprenticeship model expert skill transmission adults,crossref,ok,4424509,10.1515/9780691265896-011,"9 Laws, Rules, and Barriers to Skill",2025,
apprenticeship model expert skill transmission adults,crossref,ok,4424509,10.2307/jj.19307125.4,ACKNOWLEDGEMENTS,2025,
apprenticeship model expert skill transmission adults,crossref,ok,4424509,10.2307/jj.19307125.9,Mobilising Labour,2025,
apprenticeship model expert skill transmission adults,crossref,ok,4424509,10.2307/jj.19307125.1,Front Matter,2025,
apprenticeship model expert skill transmission adults,crossref,ok,4424509,10.2307/jj.19307125.30,Back Matter,2025,
apprenticeship model expert skill transmission adults,crossref,ok,4424509,10.4324/9781003710882-5,Apprenticeship: An Historical Introduction,2025,
apprenticeship model expert skill transmission adults,crossref,ok,4424509,10.2307/jj.19307125.16,Cultural Barriers,2025,
apprenticeship model expert skill transmission adults,crossref,ok,4424509,10.1515/9780691265896,The Market for Skill,2024,
apprenticeship model expert skill transmission adults,crossref,ok,4424509,10.2307/jj.19307125.2,Table of Contents,2025,
apprenticeship model expert skill transmission adults,crossref,ok,4424509,10.1109/t4e.2015.2,From Novice to Expert Instructional Designer: A Training Based on Cognitive Apprenticeship Model,2015,
apprenticeship model expert skill transmission adults,crossref,ok,4424509,10.2307/jj.19307125.22,APPENDIX 4:,2025,
apprenticeship model expert skill transmission adults,crossref,ok,4424509,10.1515/9780691265896-002,ACKNOWLEDGEMENTS,2025,
apprenticeship model expert skill transmission adults,crossref,ok,4424509,10.1515/9780691265896-026,INDEX,2025,
apprenticeship model expert skill transmission adults,crossref,ok,4424509,10.1109/64.143234,Corporate perspectives on technology transfer: the expert-systems apprenticeship program,1992,
apprenticeship model expert skill transmission adults,crossref,ok,4424509,10.1515/9780691265896-024,NOTES,2025,
apprenticeship model expert skill transmission adults,crossref,ok,4424509,10.1515/9780691265896-010,8 Outcomes,2025,
apprenticeship model expert skill transmission adults,crossref,ok,4424509,10.1515/9780691265896-003,ABBREVIATIONS,2025,
one to one tutoring effectiveness meta-analysis,crossref,ok,8121570,10.4324/9781410617071-9,The Collection and Analysis of Tutoring Transcripts,2006,
one to one tutoring effectiveness meta-analysis,crossref,ok,8121570,10.1371/journal.pone.0118688,Correction: The Effectiveness of Teleglaucoma versus In-Patient Examination for Glaucoma Screening: A Systematic Review and Meta-Analysis,2015,
one to one tutoring effectiveness meta-analysis,crossref,ok,8121570,10.1371/journal.pone.0042003,Effectiveness and Cost-Effectiveness of Antidepressants in Primary Care: A Multiple Treatment Comparison Meta-Analysis and Cost-Effectiveness Model,2012,
one to one tutoring effectiveness meta-analysis,crossref,ok,8121570,10.4324/9781410617071-15,A Tutoring Episode Analyzed,2006,
one to one tutoring effectiveness meta-analysis,crossref,ok,8121570,10.1371/journal.pone.0105843,Correction: Effectiveness of Treatment Approaches for Children and Adolescents with Reading Disabilities: A Meta-Analysis of Randomized Controlled Trials,2014,
one to one tutoring effectiveness meta-analysis,crossref,ok,8121570,10.4324/9780203016497-6,"Introduction: Supervising, mentoring, coaching and personal tutoring: working one-to-one with students",2013,
one to one tutoring effectiveness meta-analysis,crossref,ok,8121570,10.4324/9781410617071-13,Carrying Out the Tutoring Task,2006,
one to one tutoring effectiveness meta-analysis,crossref,ok,8121570,10.4324/9780203016497-9,Personal tutoring,2013,
one to one tutoring effectiveness meta-analysis,crossref,ok,8121570,10.4324/9781410617071-18,The Architecture of an Intelligent Tutoring System,2006,
one to one tutoring effectiveness meta-analysis,crossref,ok,8121570,10.1371/journal.pone.0327327,Retraction: The comparative effectiveness of 55 interventions in obese patients with polycystic ovary syndrome: A network meta-analysis of 101 randomized trials,2025,
one to one tutoring effectiveness meta-analysis,crossref,ok,8121570,10.1371/journal.pone.0344339,Retraction: Effectiveness of psychosocial interventions for infertile women: A systematic review and meta-analysis with a focus on a method-critical evaluation,2026,
one to one tutoring effectiveness meta-analysis,crossref,ok,8121570,10.4324/9781410617071-11,Domain Knowledge for Problem Solving and for Tutoring,2006,
one to one tutoring effectiveness meta-analysis,crossref,ok,8121570,10.1371/journal.pone.0207962,Correction: Effectiveness of robot therapy on body function and structure in people with limited upper limb function: A systematic review and meta-analysis,2018,
one to one tutoring effectiveness meta-analysis,crossref,ok,8121570,10.1371/journal.pone.0298772,Effectiveness and safety of azvudine in COVID-19: A systematic review and meta-analysis,2024,"Objective
The aim of this study was to assess the effectiveness and safety of azvudine in treating coronavirus disease 2019 (COVID-19) caused by severe acute respiratory syndrome coronavirus 2 (SARS-COV-2).


Methods
A search was carried out in PubMed, Cochrane Library, Web of Science, medRxiv, and Google Scholar until October 20, 2023. The Cochrane risk of bias tools were used to assess the quality of included studies. Comprehensive Meta-Analysis software was used to analyze data.


Results
Twenty-one studies including 10,011 patients were examined. The meta-analysis results showed that azvudine and standard of care/placebo (SOC/PBO) were significantly different concerning mortality rate (risk ratio [RR] = 0.48, 95% confidence interval [CI]: 0.40 to 0.57) and negative polymerase chain reaction (PCR) conversion time (standard mean difference = - 0.75, 95% CI: -1.29 to—0.21). However, the two groups did not show significant differences concerning hospital stay, intensive care unit (ICU) admission, and need for mechanical ventilation (P &gt; 0.05). On the other hand, azvudine and nirmatrelvir-ritonavir were significantly different in mortality rate (RR = 0.73, 95% CI: 0.58 to 0.92), ICU admission (RR = 0.41, 95% CI: 0.21 to 0.78), and need for mechanical ventilation (RR = 0.67, 95% CI: 0.51 to 0.89), but the two treatments were not significantly different in negative PCR conversion time, and hospital stay (P &gt; 0.05). The incidence of adverse events between groups was not significant (P &gt; 0.05). The certainty of evidence was rated as low or moderate.


Conclusions
The antiviral effectiveness of azvudine against SARS-COV-2 is questionable with regard to the certainty of evidence. Further research should be conducted to establish the effectiveness and safety of azvudine in COVID-19."
one to one tutoring effectiveness meta-analysis,crossref,ok,8121570,10.1371/journal.pone.0202855,Meta-meta-analysis on the effectiveness of parent-based interventions for the treatment of child externalizing behavior problems,2018,
one to one tutoring effectiveness meta-analysis,crossref,ok,8121570,10.5353/th_b3195636,One to one cross-age peer tutoring and same-age peer tutoring in English dictation : a comparative study,,
one to one tutoring effectiveness meta-analysis,crossref,ok,8121570,10.4324/9781410617071-12,Planning for Tutoring: What Is the Task to Be Accomplished?,2006,
one to one tutoring effectiveness meta-analysis,crossref,ok,8121570,10.1057/9781137413338.0008,Learning and Tutoring Options,,
one to one tutoring effectiveness meta-analysis,crossref,ok,8121570,10.1371/journal.pone.0228100,"Effectiveness of a tailored, integrative Internet intervention (deprexis) for depression: Updated meta-analysis",2020,
one to one tutoring effectiveness meta-analysis,crossref,ok,8121570,10.1371/journal.pone.0287650,Effectiveness of aerobic exercise in the prevention and treatment of postpartum depression: Meta-analysis and network meta-analysis,2023,"Background
Aerobic exercise is widely recognized for improving mental health and reducing negative emotions, including anxiety. However, research on its role in preventing and treating postpartum depression (PPD) has yielded inconsistent results. Some studies show positive effects on PPD symptoms, while others find limited impact, suggesting various factors at play, such as exercise type, intensity, and individual differences. To address this gap, our study aims to comprehensively gather evidence on the preventive and therapeutic effects of aerobic exercise for PPD. We’ll focus on differences in exercise program design and implementation, exploring how these factors impact intervention outcomes. By identifying effective exercise approaches, we aim to provide more comprehensive exercise prescription recommendations for this vulnerable population.


Methods
We conducted a quantitative systematic review of the study in 5 representative databases for the effect of aerobic exercise on PPD. Meta-analysis and network meta-analysis were performed with Review-Manager.5.4 and Stata.16.0 software, respectively. This study has been registered on the official Prospero website, and the registration code is CRD42023398221.


Results
Twenty-six studies with 2,867 participants were eventually included and the efficacy of aerobic exercise in preventing and treating postpartum depression is significant compared to standard care. (MD = -1.90; 95%CL: -2.58 to -1.21; I2 = 86%). Subgroup analysis suggests that the intervention objective (prevention vs. treatment) of exercise could potentially be a source of heterogeneity in this study, as the “Test for subgroup difference” revealed the presence of significant distinctions (p = 0.02&lt;0.05). The “Test for subgroup difference” yielded non-significant results for both the supervised vs. unsupervised subgroup comparison (p = 0.55 &gt; 0.05) and the individual vs. team subgroup comparison (p = 0.78 &gt; 0.05). Nonetheless, when assessing their effect sizes [Subtotal (95%CL)], the supervised exercise group [-1.66 (-2.48, -0.85)] exhibited a slightly better performance than the unsupervised exercise group [-1.37 (-1.86, -0.88)], while the team exercise group [-1.43 (-1.94, -0.93)] slightly outperformed the individual exercise group [-1.28 (-2.23, -0.33)]. Network meta-analysis indicated that moderate intensity (35~45 min) group demonstrated a more pronounced intervention effect compared to low intensity (50~60 min) group [-2.63 (-4.05, -1.21)] and high intensity (20~30 min) group [-2.96 (-4.51, -1.41)], while the 3~4 times/week group had a more significant intervention effect compared to 1~2 times/week groups [-2.91 (-3.99, -1.83)] and 5~6 times/week groups [-3.28 (-4.75, -1.81)]. No significant differences were observed in pairwise comparisons of intervention effects among the five common types of aerobic exercises. (95%CL including 0). The Surface Under the Cumulative Ranking curve (SUCRA) results align with the findings mentioned above and will not be reiterated here.


Conclusion
The efficacy of aerobic exercise in preventing and treating postpartum depression is significant compared to standard care, with a greater emphasis on prevention. The optimal prescribed exercise volume for intervention comprises a frequency of 3~4 exercise sessions per week, moderate intensity (35~45 minutes). Currently, several uncharted internal factors influence the optimal intervention effect of aerobic exercise, such as the potential enhancement brought by team-based and supervised exercise. Given the absence of significant differences in certain results and the limitations of the study, it is essential to exercise caution when interpreting the outcomes. Further research is needed in the future to provide a more comprehensive understanding."
one to one tutoring effectiveness meta-analysis,crossref,ok,8121570,10.53846/goediss-4413,Tutors' Assessments of a Tutee's Understanding in One-on-One Tutoring,,
one to one tutoring effectiveness meta-analysis,crossref,ok,8121570,10.4324/9781410617071-21,Student Modeling,2006,
one to one tutoring effectiveness meta-analysis,crossref,ok,8121570,10.4324/9781410617071,One-on-One Tutoring by Humans and Computers,2006,
one to one tutoring effectiveness meta-analysis,crossref,ok,8121570,10.1371/journal.pone.0290949,Effectiveness of artificial urinary sphincter to treat stress incontinence after prostatectomy: A meta-analysis and systematic review,2023,"Background
Artificial Urinary Sphincter (AUS) has always been considered the gold standard for surgical treatment of male non-neurogenic Stress Urinary Incontinence (SUI). The purpose of this meta-analysis was to evaluate AUS’s effectiveness in treating male SUI, as described in the literature.


Methods
Two independent reviewers used PubMed, EMBASE, Web of Science, CNKI, WanFang Data, and VIP databases, to find the efficacy of artificial urethral sphincter in treating SUI after male prostate surgery. We excluded studies on female urinary incontinence. The main purpose of this study was to evaluate the clinical efficacy based on the degree of dry rate after AUS AMS 800™: postoperative complete dry was defined as no pad use per day. Postoperative social dry was defined as 0–1 pad per day. The secondary goal was to analyze the use of AUS AMS 800™ to improve SUI and to calculate the degree of influence by analyzing the number of pads and postoperative quality of life. And methodologic quality of the overall body of evidence was evaluated using the GRADE (Grading of Recommendations Assessment, Development, and Evaluation) guidelines.


Results
The data in this paper are mostly based on prospective or retrospective cohort studies without control groups. Fortunately, most studies have the same criteria to assess effectiveness. The pooled data of 1271 patients from 19 studies (6 prospective cohort studies, 12 retrospective cohort studies, and 1 randomized controlled trial) showed that: the number of pads used (pads/ day) after AUS was significantly reduced by about 4 (P &lt; 0.001) and the quality of life was improved (P &lt; 0.001).In addition, data analysis showed a high degree of heterogeneity between studies. According to the severity of baseline SUI, subgroup analysis was performed on the postoperative dry rate and social dry rate. Although heterogeneity was reduced, I2 is still above 50%, considering that heterogeneity may not be related to the severity of SUI. The random effect model was used for data analysis: the dry rate was about 52% (P &lt; 0.001), and the social dry rate was about 82% (P &lt; 0.001). The evidence level of GRADE of dry rate is very low, the evidence level of social dry rate and Pads use (pads/day) is Moderate, and the evidence level of Quality of life is low.


Conclusion
Although the evidence in this paper is based on descriptive studies and limited follow-up, the results show that AUS is effective in treating urinary incontinence and can improve patients’ quality of life."
one to one tutoring effectiveness meta-analysis,crossref,ok,8121570,10.1371/journal.pone.0215724,Effectiveness of home fire safety interventions. A systematic review and meta-analysis,2019,
one to one tutoring effectiveness meta-analysis,crossref,ok,8121570,10.1371/journal.pone.0138100,Effectiveness and Safety of Oral Propranolol versus Other Treatments for Infantile Hemangiomas: A Meta-Analysis,2015,
one to one tutoring effectiveness meta-analysis,crossref,ok,8121570,10.1371/journal.pone.0162226,The Effectiveness of Cognitive Bias Modification Interventions for Substance Addictions: A Meta-Analysis,2016,
one to one tutoring effectiveness meta-analysis,crossref,ok,8121570,10.1109/fg.2011.5771430,Automated facial affect analysis for one-on-one tutoring applications,2011,
one to one tutoring effectiveness meta-analysis,crossref,ok,8121570,10.1371/journal.pone.0100100,Behavioural Activation for Depression; An Update of Meta-Analysis of Effectiveness and Sub Group Analysis,2014,
one to one tutoring effectiveness meta-analysis,crossref,ok,8121570,10.4324/9781410617071-24,The Screen Manager,2006,
one to one tutoring effectiveness meta-analysis,crossref,ok,8121570,10.4324/9781410617071-23,Generating Tutorial Dialogue,2006,
one to one tutoring effectiveness meta-analysis,crossref,ok,8121570,10.1207/s15327035ex1304_1,Tutoring and Literacy: Insights From One-to-One Tutoring Programs,2005,
one to one tutoring effectiveness meta-analysis,crossref,ok,8121570,10.1371/journal.pone.0132935,The Effectiveness of Interventions on Sustained Childhood Physical Activity: A Systematic Review and Meta-Analysis of Controlled Studies,2015,
one to one tutoring effectiveness meta-analysis,crossref,ok,8121570,10.1371/journal.pone.0252623,The effectiveness of peer-support for people living with HIV: A systematic review and meta-analysis,2021,"Background
                    The practice of involving people living with HIV in the development and provision of healthcare has gained increasing traction. Peer-support for people living with HIV is assistance and encouragement by an individual considered equal, in taking an active role in self-management of their chronic health condition. The objective of this systematic review was to assess the effects of peer-support for people living with HIV.
                  
                  
                    Methods
                    We conducted a systematic review in accordance with international guidelines. Following systematic searches of eight databases until May 2020, two reviewers performed independent screening of studies according to preset inclusion criteria. We conducted risk of bias assessments and meta-analyses of the available evidence in randomised controlled trials (RCTs). The certainty of the evidence for each primary outcome was evaluated with the Grading of Recommendations Assessment, Development, and Evaluation system.
                  
                  
                    Results
                    After screening 219 full texts we included 20 RCTs comprising 7605 participants at baseline from nine different countries. The studies generally had low risk of bias. Main outcomes with high certainty of evidence showed modest, but superior retention in care (Risk Ratio [RR] 1.07; Confidence Interval [CI] 95% 1.02–1.12 at 12 months follow-up), antiretroviral therapy (ART) adherence (RR 1.06; CI 95% 1.01–1.10 at 3 months follow-up), and viral suppression (Odds Ratio up to 6.24; CI 95% 1.28–30.5 at 6 months follow-up) for peer-support participants. The results showed that the current state of evidence for most other main outcomes (ART initiation, CD4 cell count, quality of life, mental health) was promising, but too uncertain for firm conclusions.
                  
                  
                    Conclusions
                    Overall, peer-support with routine medical care is superior to routine clinic follow-up in improving outcomes for people living with HIV. It is a feasible and effective approach for linking and retaining people living with HIV to HIV care, which can help shoulder existing services.
                  
                  
                    Trial registration
                    
                      CRD42020173433
                      ."
one to one tutoring effectiveness meta-analysis,crossref,ok,8121570,10.1371/journal.pone.0290808,"The clinical effectiveness of one-dose vaccination with an HPV vaccine: A meta-analysis of 902,368 vaccinated women",2024,"Background
The comprehensive effectiveness of the HPV vaccine has been widely acknowledged. However, challenges such as dosing adherence and limited budgets have led to delays in HPV vaccination implementation in many countries. A potential solution to these issues could lie in a one-dose vaccination with an HPV vaccine, as indicated by promising outcomes in multiple studies.


Methods
In this systematic review and meta-analysis, we examine the comparative effectiveness of the one-dose vaccination with an HPV vaccine against two- and three-dose regimens. Our investigation focuses on clinical efficacy, encompassing the prevention of HPV16, HPV18, and hrHPV infections, HSIL or ASC-H incidence, and CIN2/3 incidence.


Results
Our analysis suggests that a single-dose HPV vaccine may offer effectiveness on par with two- or three-dose schedules. This conclusion is drawn from its capacity to confer immunogenic protection for at least 8 years of follow-up, coupled with its ability to mitigate infections and pre-cancerous occurrences.


Conclusion
While our findings underscore the potential of the one-dose vaccination with an HPV vaccine, further research and prolonged study durations are necessary to establish robust evidence supporting this recommendation. As such, continued investigation will be critical for informing vaccination strategies"
one to one tutoring effectiveness meta-analysis,crossref,ok,8121570,10.7771/2832-9414.1825,"""Challenge Accepted"": Cooperative Tutoring as an Alternative to One-to-One Tutoring",2017,
one to one tutoring effectiveness meta-analysis,crossref,ok,8121570,10.1371/journal.pone.0155720,The Effectiveness of Mindfulness-Based Interventions in the Perinatal Period: A Systematic Review and Meta-Analysis,2016,
one to one tutoring effectiveness meta-analysis,crossref,ok,8121570,10.4324/9781410617071-20,Understanding the Student Input,2006,
one to one tutoring effectiveness meta-analysis,crossref,ok,8121570,10.1371/journal.pone.0316658,Effectiveness of physiotherapist-led exercise interventions for burn rehabilitation: A systematic review and meta-analysis,2024,"Background
Exercise is utilised by physiotherapists to prevent complications and improve overall function and quality of life post-burn. However, the effect of physiotherapist-led exercise has not been comprehensively reviewed. Consequently, this study aimed to investigate the effectiveness of physiotherapy exercises for persons’ post-burn.


Methods
PubMed, CINAHL, Cochrane Library, and Web of Science were searched from database inception to September 27, 2024, to identify relevant studies. Two independent reviewers screened and selected the articles. Studies were included if they were randomised controlled trials of physiotherapy exercises to improve functional outcomes in persons with post burn injuries. Extracted data included author’s surname and year, country, population type, sample size, age, and total body surface area, mode, frequency and duration of exercise. The quality of the evidence was assessed with the Cochrane risk of bias (RoB 2.0) tool. Narrative synthesis and meta-analysis were conducted to examine exercise effect on physical, physiological and psychological outcomes.


Results
Out of 3610 records screened, eight articles involving 393 participants were deemed eligible for inclusion. Physiotherapy exercises significantly improved lean body mass and pulmonary function but did not improve quality of life. Meta-analysis showed significant effects for aerobic capacity (Hedge’s g = 1.13, 95% confidence interval: 0.44–1.83, p = 0.00) and muscle strength (Hedge’s g = 2.27, 95% confidence interval: 0.42–4.13, p = 0.02).


Conclusion
Physiotherapy exercises have positive impacts on physical, physiological and psychological outcomes particularly aerobic capacity and muscle strength in individuals’ post burns. The heterogeneity in effects for all outcomes highlights the need for further research."
one to one tutoring effectiveness meta-analysis,crossref,ok,8121570,10.4324/9781410617071-29,What We Have Learned,2006,
one to one tutoring effectiveness meta-analysis,crossref,ok,8121570,10.4324/9780203016497-14,Supervising and supporting students one-to-one at a distance,2013,
one to one tutoring effectiveness meta-analysis,crossref,ok,8121570,10.4324/9781410617071-27,Machine Tutors and Natural Language,2006,
one to one tutoring effectiveness meta-analysis,crossref,ok,8121570,10.1007/11774303_113,Affect in One-to-One Tutoring,2006,
one to one tutoring effectiveness meta-analysis,crossref,ok,8121570,10.1371/journal.pone.0198730,Clinical effectiveness of family therapeutic interventions in the prevention and treatment of perinatal depression: A systematic review and meta-analysis,2018,
one to one tutoring effectiveness meta-analysis,crossref,ok,8121570,10.19088/ids.2021.050,Closing England's Maths Attainment Gap through One-to-One Tutoring – Global Solutions,2021,"In the aftermath of COVID-related school closures in the UK, students lost two months of learning, but the loss among the 1.7 million disadvantaged students has been much larger at seven months. This disadvantaged gap is almost entirely driven by maths attainment. One-to-one tutoring is proven to be effective at helping students catch up, but private tutoring is most likely to be taken up by children from affluent households, further widening the disadvantaged gap in learning. This report discusses the feasibility of an innovative tutoring delivery model that uses the global graduate market to deliver tutoring at a scale that can solve this problem and a price that schools can afford. While the report discusses the overall opportunity that the emerging market economies of South- and South-East Asia provide, it also presents the Third Space Learning model in Sri Lanka as a case study to investigate the practicalities of the global online tutoring model."
one to one tutoring effectiveness meta-analysis,crossref,ok,8121570,10.1371/journal.pone.0166801,Effectiveness and Safety of Interventions for Treating Adults with Displaced Proximal Humeral Fracture: A Network Meta-Analysis and Systematic Review,2016,
one to one tutoring effectiveness meta-analysis,crossref,ok,8121570,10.4324/9781410617071-26,CIRCSIM-Tutor in the Classroom,2006,
one to one tutoring effectiveness meta-analysis,crossref,ok,8121570,10.1371/journal.pone.0238601,Effectiveness of insecticide-impregnated dog collars in reducing incidence rate of canine visceral leishmaniasis: A systematic review and meta-analysis,2020,
one to one tutoring effectiveness meta-analysis,crossref,ok,8121570,10.4324/9781410617071-16,How Effective Are Human Tutors?,2006,
one to one tutoring effectiveness meta-analysis,crossref,ok,8121570,10.4324/9780203016497-7,"An introduction to the skills and the roles: Coaching, mentoring, supervising and personal tutoring",2013,
para-professional tutor versus expert tutor outcomes,crossref,ok,2964680,10.54499/2025.21758.prt,,2026,
para-professional tutor versus expert tutor outcomes,crossref,ok,2964680,10.21956/mep.19573.r29041,Peer Review Report For: Exploring tutor perceptions and current practices in facilitating diagnostic reasoning in preclinical medical students: Implications for tutor professional development needs [version 1],2018,
para-professional tutor versus expert tutor outcomes,crossref,ok,2964680,10.17143/ciaed/xxvciaed.2019.33932,DE TUTOR PARA TUTOR: UMA EXPERIÊNCIA DE FORMAÇÃO,2019,
para-professional tutor versus expert tutor outcomes,crossref,ok,2964680,10.21956/mep.19573.r29043,Peer Review Report For: Exploring tutor perceptions and current practices in facilitating diagnostic reasoning in preclinical medical students: Implications for tutor professional development needs [version 1],2018,
para-professional tutor versus expert tutor outcomes,crossref,ok,2964680,10.17771/pucrio.acad.71420,SISTEMA TUTOR PARA APLICAçãO DE CIêNCIA DE DADOS,,
para-professional tutor versus expert tutor outcomes,crossref,ok,2964680,10.7765/9781526164759.00008,Authorship versus influence,2022,
para-professional tutor versus expert tutor outcomes,crossref,ok,2964680,10.5220/0013277900003932,AI Tutor: Adaptive e-Learning System Using Expert Fuzzy Controllers,2025,
para-professional tutor versus expert tutor outcomes,crossref,ok,2964680,10.21956/mep.19573.r29042,Peer Review Report For: Exploring tutor perceptions and current practices in facilitating diagnostic reasoning in preclinical medical students: Implications for tutor professional development needs [version 1],2018,
para-professional tutor versus expert tutor outcomes,crossref,ok,2964680,10.5353/th_b3122706,An intelligent tutor : Smart Tutor,,
para-professional tutor versus expert tutor outcomes,crossref,ok,2964680,10.21236/ada461495,An Expert System and Tutor for Maritime Navigation Rules,2002,
para-professional tutor versus expert tutor outcomes,crossref,ok,2964680,10.1257/rct.18215-1.0,AI Tutor in the Business Economics Classroom,2026,
para-professional tutor versus expert tutor outcomes,crossref,ok,2964680,10.4016/9362.01,Edukit Video Tutor,2008,
para-professional tutor versus expert tutor outcomes,crossref,ok,2964680,10.36229/978-65-86127-10-2.cap.13,De tutor para tutor: Uma experiência de formação,2020,
para-professional tutor versus expert tutor outcomes,crossref,ok,2964680,10.1080/0305763750020104,Professional Tutor or Teacher Tutor: What's in a Name?,1975,
para-professional tutor versus expert tutor outcomes,crossref,ok,2964680,10.11606/d.3.1997.tde-08112024-095001,Um tutor Inteligente para análise orientada a objetos.,,
para-professional tutor versus expert tutor outcomes,crossref,ok,2964680,10.15694/mep.2018.0000106.1,Exploring tutor perceptions and current practices in facilitating diagnostic reasoning in preclinical medical students: Implications for tutor professional development needs,2018,"This article was migrated. The article was marked as recommended. Introduction: This study explores tutors' experience of teaching diagnostic reasoning (DR) - a key component of clinical reasoning - to build understanding into the use of explicit strategies in facilitating development of DR skills in preclinical medical students. Methods: A qualitative, interpretive study was undertaken with 14 preclinical problem-based learning tutors who participated in semi-structured interviews. A thematic analysis was conducted to identify key factors that influence students' learning of diagnostic reasoning. Results: Tutor dispositions towards facilitating learning of DR were variable in this study. Explicit strategies to teach DR were thought to exert positive influences on the development of DR skills, through improving student knowledge and reducing potential error. The advantages of using explicit strategies to teach DR outweighed the perceived difficulties identified in this context. Explicit strategies may need modification for preclinical students and the focus should be on building knowledge of classic presentations and developing metacognitive awareness. Conclusion: The use of explicit educational strategies will contribute to facilitating preclinical student learning of DR skills. Tutor professional development is a key component in the successful implementation of these strategies."
para-professional tutor versus expert tutor outcomes,crossref,ok,2964680,10.1257/rct.18215,AI Tutor in the Business Economics Classroom,2026,
para-professional tutor versus expert tutor outcomes,crossref,ok,2964680,10.7203/clinicajuridica.20817,"Informe para la Asociación Española Pro Derechos Humanos (APDHE). Denuncia sobre la falta de independencia del Poder Judicial español en la investigación de los crímenes del franquismo. Valencia, 14 de junio de 2019",2021,"Informe para la Asociación Española Pro Derechos Humanos (APDHE). Denuncia sobre la falta de independencia del Poder Judicial español en la investigación de los crímenes del franquismo. Valencia, 14 de junio de 2019."
para-professional tutor versus expert tutor outcomes,crossref,ok,2964680,10.1016/j.nedt.2025.106819,Peer tutor preparations' impact on tutor-tutee-congruence: Insights from expert interviews,2025,
para-professional tutor versus expert tutor outcomes,crossref,ok,2964680,10.11606/d.27.2025.tde-23012026-131651,Sistema Tutor Dalhi: buscando o fluxo para o treinamento auditivo,,
para-professional tutor versus expert tutor outcomes,crossref,ok,2964680,10.5353/th_b3123450,"Tutor supervision, tutoring behaviours and outcomes in peer tutored paired reading",,
para-professional tutor versus expert tutor outcomes,crossref,ok,2964680,10.37811/cli_w920,Consejos y herramientas para triunfar como un tutor virtual,2023,Consejos y herramientas para triunfar como un tutor virtual
para-professional tutor versus expert tutor outcomes,crossref,ok,2964680,10.4324/9780203125229-5,Introduction,2012,
para-professional tutor versus expert tutor outcomes,crossref,ok,2964680,10.11606/d.55.2018.tde-19032018-143626,O Sistema Tutor de um Ambiente Inteligente para Treinamento e Ensino,,
para-professional tutor versus expert tutor outcomes,crossref,ok,2964680,10.15448/1981-2582.2018.1.29766,Intervenções psicoeducacionais positivas para promoção de resiliência: o profissional da educação como tutor de desenvolvimento,2018,"O presente artigo pretende contribuir com reflexões acerca do papel dos educadores em iniciativas de intervenções psicoeducacionais positivas nas situações caracterizadas por riscos psicossociais. Para tanto, apresenta-se o conceito de intervenções positivas, balizado por pressupostos da Psicologia Positiva e pelo fenômeno de resiliência. Argumenta-se que o olhar apreciativo e otimista do profissional educador em contextos de vulnerabilidade requer práticas de bons tratos e de tutoria de resiliência que configuram padrões de relações profissionais respeitosas e solidárias. Estas podem ser preventivas de ambientes socialmente tóxicos e auxiliar na proteção e prevenção das inúmeras ameaças ao desenvolvimento humano de crianças, adolescentes e de suas famílias. São apresentados dois exemplos de práticas de intervenção positiva no contexto escolar e seus respectivos resultados."
para-professional tutor versus expert tutor outcomes,crossref,ok,2964680,10.11606/d.55.2018.tde-20032018-085616,Sistemas Hipermídia para o Ensino: Estendendo as Facilidades para o Tutor e o Estudante,,
para-professional tutor versus expert tutor outcomes,crossref,ok,2964680,10.11606/t.12.2019.tde-22082019-160042,Framework para sistema tutor adaptativo ao raciocínio crítico em contabilidade - STARCC,,
para-professional tutor versus expert tutor outcomes,crossref,ok,2964680,10.1093/ww/9780199540884.013.u58732,"Braggins, Peter Charles Deverell, (born 10 July 1945), Senior Lecturer, and Professional Tutor for Teach First, Canterbury Christ Church University, 2006–14",2007,
para-professional tutor versus expert tutor outcomes,crossref,ok,2964680,10.25683/volbi.2019.48.364,ТЬЮТОРСКОЕСОПРОВОЖДЕНИЕВОБУЧЕНИИСПЕЦИАЛИСТОВБИЗНЕС-СФЕРЫКАКОТВЕТНАПРОБЛЕМУРЕСУРСАНЕПРЕРЫВНОГОПРОФЕССИОНАЛЬНОГООБРАЗОВАНИЯ,2019,"Статья посвящена актуальной на сегодняшний день проблеме непрерывного профессионального образования в контексте индивидуализации. В условиях современной экономической ситуации необходимость реализации непрерывного профессионального образования в коммерческом секторе  бизнессфере  звучит особенно остро в силу постоянной ожесточенной конкурентной борьбы, политической и экономической неопределенности, высокой скорости развития технологий и устаревания информации, а также возрастающих запросов рынка труда. Работодатели устанавливают требования перед уровнем компетентности специалистов бизнессферы, которые невозможно реализовать без создания и успешного функционирования системы непрерывного профессионального образования. Данная система должна быть разработана с учетом возможности реализации индивидуальных образовательных программ специалистов как средства повышения их субьектной включенности и в процесс обучения и развития, и в процессы реализации профессиональных задач. В статье рассмотрено понятие непрерывного профессионального образования, подходы к его исследованию и разработке, проанализированы феномены индивидуализации и индивидуального подхода в обучении. В статье описываются методы тьюторского сопровождения, функции и задачи тьютора. В работе синтезированы и систематизированы материалы, описывающие реализацию принципа индивидуализации в обучении специалистов бизнессферы через тьюторское сопровождение, которое, в свою очередь, может выступать ресурсом для реализации непрерывного образования специалистов бизнессферы. Особое внимание уделено описанию практической возможности реализации тьюторского сопровождения специалистов бизнессферы в реальных условиях коммерческой организации. В заключении статьи даются выводы о необходимых педагогических условиях для осуществления тьюторского сопровождения в обучении специалистов бизнессферы
                                                                                                            The article is devoted to the relevant for nowadays problem of continuing professional education in the context of individualization. Today, in the current economic situation, the need for continuous professional education in the commercial sector (business sector) is extremely urgent due to the constant competitive competition, conditions of political and economical uncertainty, high speed of technology development and information obsolescence, as well as the increasing demands of the labor market. Employers set requirements for the level of competencies of specialists in the business sphere, which couldnt be realized without design and successful functioning of the system of continuous professional education, which should be based on the development and implementation of individual educational programs of specialists to increase their subjective involvement in the process of training and development, and in the professional tasks and projects. The article describes the concept of continuing professional education, approaches to its research and development, analyzes the phenomena of individualization and individual approach to learning. The article describes the methods of tutor support, functions and tasks of the tutor position. The work synthesizes and systematizes materials describing the relealization of the principle of individualization in the training of business professionals through tutor support, which, in turn, can be a resource for the implementation of continuous professional education of business professionals. Special attention is paid to the description of the practical possibility of implementation of tutor support of specialists in the business sphere in the real conditions of a commercial organization. In conclusion, the article describes necessary pedagogical conditions for the implementation of tutor support in the training process of specialists in the business sphere"
para-professional tutor versus expert tutor outcomes,crossref,ok,2964680,10.1093/ww/9780199540884.013.58732,"Braggins, Peter Charles Deverell, (born 10 July 1945), Senior Lecturer, and Professional Tutor for Teach First, Canterbury Christ Church University, 2006–14",2007,
para-professional tutor versus expert tutor outcomes,crossref,ok,2964680,10.11606/d.45.2005.tde-20210729-144719,Diagnóstico baseado em modelos num sistema tutor inteligente para programação com padrões pedagógicos,,
para-professional tutor versus expert tutor outcomes,crossref,ok,2964680,10.21573/vol42n12026.154371,O tutor de prática profissional: uma comparação analítica internacional,2026,"O supervisor de estágio é uma figura-chave no ensino superior, atuando como mediador entre a formação acadêmica e os contextos profissionais do mundo real. Seu papel transcende a mera supervisão administrativa, incorporando tarefas como apoio pedagógico, avaliação formativa, orientação profissional e desenvolvimento do pensamento crítico. No entanto, os modelos institucionais que regulamentam esse papel apresentam considerável heterogeneidade, dependendo dos marcos regulatórios, tradições educacionais e recursos disponíveis em cada país. Este estudo analisa comparativamente o papel do supervisor de estágio em diferentes contextos universitários internacionais (Espanha, Portugal, França, Malásia, Filipinas, Estados Unidos, Reino Unido e Canadá), incorporando duas análises aprofundadas. Primeiro, examina-se o caso chileno, diferenciando entre universidades pertencentes ao Conselho de Reitores das Universidades Chilenas (CRUCH) e universidades privadas. Em segundo lugar, aborda-se o caso espanhol, com especial atenção ao modelo desenvolvido em uma universidade pública de ensino a distância, devido à sua relevância para o estudo da supervisão de estágio em contextos não presenciais. Com base em uma revisão sistemática da literatura, identificam-se as funções, os requisitos de formação, as ferramentas e os desafios associados ao papel do tutor profissional. Os resultados demonstram um amplo reconhecimento da importância do tutor profissional, juntamente com lacunas persistentes em sua formação específica, reconhecimento institucional e coordenação com a universidade. Além disso, a análise destaca o potencial de modelos estruturados de tutoria para fortalecer a dimensão pedagógica do estágio supervisionado. O estudo conclui que há necessidade de avançar em direção a modelos mais padronizados e profissionalizados que aprimorem a qualidade do estágio supervisionado e a coerência entre teoria e prática."
para-professional tutor versus expert tutor outcomes,crossref,ok,2964680,10.38159/npub.eb2021501,African Piano Tutor – Pianoforte Tutor Beginners Level 1,2021,"Music is an integral part of African society and the life of an African revolves around music. Musical instrument play is part and parcel of African music. Thus, learning a musical instrument is part of the African culture. The piano although not African in origin, has been adopted in Africa through globalization and glocalization. This book introduces the learner to piano playing using African rhythm as its theme. It introduces the learner to basic rhythms and basic finger positions to play the simple pieces that are in the book. This book is a result of the author’s many years of teaching piano to beginners. The author hopes that this book forms a foundation for students to learn African rhythms and to love African music for further progression."
para-professional tutor versus expert tutor outcomes,crossref,ok,2964680,10.20868/upm.thesis.1936,A model for 3D virtual environment for learning based on the detection of collaboration through an autonomous virtual tutor = Modelo para Detectar la Colaboración en un Entorno Virtual 3D para la Mejora de la Enseñanza Basada en un Tutor Virtual Autónomo,,
para-professional tutor versus expert tutor outcomes,crossref,ok,2964680,10.7717/peerj-cs.315/fig-3,"Figure 3: Mean satisfaction and engagement scores with error bars representing SE, for the predictor of learning condition within immersive virtual environments (no tutor, humanoid tutor, abstract tutor).",,
para-professional tutor versus expert tutor outcomes,crossref,ok,2964680,10.1590/1981-5271v47.2-2022-0332,ECG Tutor: desenvolvimento e avaliação de um sistema tutor inteligente gamificado para ensino de eletrocardiograma,2023,"Resumo:  Introdução:  Novas abordagens metodológicas têm sido sugeridas na tentativa de aprimorar a aquisição de habilidades em interpretação de eletrocardiograma (ECG), comprovadamente complexa e de difícil assimilação. Diante da expansão das metodologias ativas e do estímulo às inovações tecnológicas para o ensino médico, o uso de tecnologias de internet (e-learning) ganha força, destacando a utilização de plataformas com inteligência artificial, como os sistemas tutores inteligentes (STI), por sua capacidade de promover instrução adaptativa. Pesquisadores têm utilizado gamificação (técnicas de design de jogos) em conjunto com os STI, reportando maior engajamento.  Objetivo: Buscando melhorar o desempenho de aprendizagem em ECG entre graduandos de Medicina por meio do desenvolvimento de novas metodologias e considerando os benefícios dos STI e do uso da gamificação na educação médica, o presente estudo objetivou explorar o interesse e a motivação dos acadêmicos de Medicina na utilização conjunta de tais tecnologias para estudar ECG.  Método: Trata-se de uma pesquisa exploratória e quantitativa, na qual protótipos do design gráfico de STI gamificado instrutor de ECG foram idealizados por professores do curso médico e avaliados por acadêmicos de Medicina de uma universidade pública e outra particular após aprimoramento para um formato interativo, com a contribuição de uma equipe interdisciplinar.  Resultado: No primeiro momento, participaram da pesquisa 53 graduandos do quinto ao 11º período do curso. Reduziu-se esse número para 14 na segunda etapa. A análise mostrou aprovação nos aspectos relacionados à facilidade de uso percebida, à utilidade percebida, à atitude em direção ao uso e à intenção de uso. Evidenciou-se a premência de adaptação também para dispositivos móveis e aperfeiçoamento nos elementos de gamificação e estética.  Conclusão: Os resultados obtidos permitem concluir que os alunos de Medicina demonstraram intenção de uso futuro do ECG Tutor, implicando a necessidade de desenvolvimento de uma solução computacional do sistema e mensuração do seu impacto no aprendizado dos estudantes."
para-professional tutor versus expert tutor outcomes,crossref,ok,2964680,10.3389/feduc.2026.1896839,"Retrieval-augmented generation for pedagogically aware educational AI: an expert-rated comparison of a prompt-only LLM tutor and an integrated, learner-state-aware RAG tutor",2026,"Introduction
                    Large language models can produce fluent tutoring dialogue, but their educational use remains limited by weak grounding, uneven pedagogical control, and the risk of unsupported content. This study compared two controlled algebra tutoring workflows built on the same foundation model, Gemini 2.5 Flash.
                  
                  
                    Methods
                    The first condition was a prompt-only tutor that used the immediate task and scripted follow-up only. The second was an integrated pedagogical RAG tutor that combined a curated algebra corpus, learner-state variables, and a pedagogical response policy. In total, 24 two-turn algebra episodes were evaluated. No students were recruited, no classroom intervention was conducted, and no learning outcomes were measured. Eight expert reviewers scored anonymized response pairs for solution accuracy, conceptual support, instructional quality, instructional helpfulness, and unsupported content.
                  
                  
                    Results
                    
                      The pedagogical RAG condition received higher task-level expert ratings for conceptual support (M = 4.69 vs. 4.31), instructional quality (M = 4.61 vs. 4.29), and instructional helpfulness (M = 4.65 vs. 4.39). It also achieved a higher pedagogical-quality composite score (M = 4.65 vs. 4.33; Wilcoxon
                      p
                       = .00024; rank-biserial r = .86). Solution accuracy was high in both conditions and showed only a small descriptive difference (M = 4.84 vs. 4.74;
                      p
                       = .0769). However, unsupported content flags were more frequent in the RAG condition, occurring in 13 of 192 rating cells compared with one of 192 rating cells in the baseline condition. Fisher's exact test yielded
                      p
                       = .0015.
                    
                  
                  
                    Discussion
                    These findings do not establish learning gains, classroom efficacy, or the separate causal value of retrieval alone. They indicate that an integrated learner-state-aware RAG architecture can receive stronger expert ratings for pedagogical text quality on a fixed task set while also introducing trace leakage and evidence-boundary risks that must be controlled before deployment"
para-professional tutor versus expert tutor outcomes,crossref,ok,2964680,10.7554/elife.29087.026,Audio file 4. A song file of tutor Black 45 (the tutor for Yellow 30).,,
para-professional tutor versus expert tutor outcomes,crossref,ok,2964680,10.1590/1981-5271v47.2-2022-0332.ing,ECG Tutor: a gamified intelligent tutoring system for electrocardiogram teaching,2023,"Abstract:  Introduction:  New methodological approaches have been suggested in an attempt to improve the acquisition of skills in electrocardiogram (ECG) interpretation, known to be complex and difficult to assimilate. Considering the expansion of active methodologies and the encouragement of technological innovations for medical education, the use of internet technologies (e-learning) has gained strength, highlighting the use of artificial intelligence platforms, such as intelligent tutoring systems (ITS), for their capacity to promote adaptive instruction. Researchers have used gamification (game design techniques) in conjunction with ITS, reporting greater engagement.  Objective: Seeking to improve ECG learning performance among medical students through the development of new methodologies and considering the benefits of ITS and the use of gamification in medical education, the present study aimed to explore the interest and motivation of medical students in the use joint use of these technologies to study ECG.  Method:  This is an exploratory, quantitative study, in which graphic design prototypes of a gamified ECG instructor ITS were created by teachers of the medical course and evaluated by medical students from a public university and another private university after improvement into an interactive format, with the contribution of an interdisciplinary team.  Result:  At first, 53 undergraduate students from the 5th to the 11th semesters of the course participated in the study. That number was reduced to 14 in the second stage. The analysis showed approval of aspects related to perceived easy-to-use format, perceived usefulness, attitude towards use and intention to use. On the other hand, an urgent need to adapt to mobile devices and improve gamification and aesthetic elements was observed.  Conclusion: The obtained results allowed us to conclude that medical students intend to use the ECG Tutor in the future, implying the need to develop a computational solution for the system and measure its impact on student learning."
para-professional tutor versus expert tutor outcomes,crossref,ok,2964680,10.14483//udistrital.jour.rc.2017.29.a9,Sistema tutor para la aplicación de la programación mediante análisis de inteligencias - Tutor system for the application of programming through intelligence analysis,2017,"El presente artículo forma parte de la investigación para la elaboración de un sistema tutor inteligente, que permita la aplicación de la programación mediante análisis de inteligencias y conceptos en la Universidad José Martí de Sancti–Spíritus (UNISS). El objetivo de la implementación de este sistema es potenciar la gestión del conocimiento referido a los temas de programación y mejorar la orientación en la solución de problemas relacionados con el aprendizaje dentro de la universidad. Para llevar a cabo la implementación del sistema tutor inteligente fueron analizados con alto nivel de profundidad los sistemas tutores existentes dentro del ámbito de la programación a nivel nacional e internacional; se describieron las herramientas y tecnologías utilizadas en la solución desarrollada (metodología, patrones, herramientas informáticas, lenguajes de programación, etc.) que permitieron una implementación eficiente en tiempo prudencial del sistema propuesto. Lo antes descrito se refleja de manera positiva en una mejor satisfacción de los estudiantes, y por consiguiente, en un mayor rendimiento en el proceso enseñanza aprendizaje de la universidad."
para-professional tutor versus expert tutor outcomes,crossref,ok,2964680,10.14393/ufu.te.2024.5007,Sistema tutor inteligente baseado em aprendizado de máquina para ensino-aprendizagem de manutenção de software,,
para-professional tutor versus expert tutor outcomes,crossref,ok,2964680,10.1093/oso/9780198829690.003.0002,Noble Tutor,2018,"This chapter investigates Hobbes’s teaching of William Cavendish, second Earl of Devonshire, at Hardwick Hall, Derbyshire in the 1610s. It sets Hobbes’s tutoring in the general context of aristocratic education in early-modern England, and, through evidence of library purchases and surviving manuscripts, explores the particular context of tutoring at Hardwick. In so doing it confirms the distinctively aristocratic and Tacitean complexion of humanism at Hardwick. The chapter examines the composition of the Discourse against Flatterie and the other essays and discourses appearing in Horae subsecivae, evaluating the influence on them of Bacon, and demonstrating their dependence on Joseph Lange’s anthology, Polyanthea nova. These works are shown to constitute something of an apology for young Cavendish’s various indiscretions."
para-professional tutor versus expert tutor outcomes,crossref,ok,2964680,10.53358/ideas.v4i1.696,Hybrid external tutor for fractures reduction in the leg bones,2022,"Se desarrolla una solución para un fijador externo hibrido para miembros inferiores tibia y peroné. Para tal fin se generan los modelos 3D de propuestas de solución, basadas en las características esperadas y en sus limitaciones. Para cada alternativa se evalúan los parámetros establecidos y se selecciona la mejor alternativa. Posteriormente, se selecciona un material basado en las normas hospitalarias y que cuente con disponibilidad en el mercado nacional. Se establecen las condiciones de contorno, considerando las restricciones y las cargas a las cuales se encontrará sometido el dispositivo en escenarios de operación. Se lleva a cabo un análisis de esfuerzos empleando un programa computacional basado en el método de elementos finitos. Los resultados obtenidos a partir del análisis reportan que cada uno de los elementos que conforman el tutor externo no presentan condición de falla para las condiciones impuestas."
para-professional tutor versus expert tutor outcomes,crossref,ok,2964680,10.4324/9780203125229-7,The Dilemmas of Negotiation,2012,
para-professional tutor versus expert tutor outcomes,crossref,ok,2964680,10.2139/ssrn.5555222,“Article Laundry” or “Tutor in Pocket?”: Multilingual Writers’ Generative AI-Assisted Writing in Professional Settings,2025,
para-professional tutor versus expert tutor outcomes,crossref,ok,2964680,10.1093/gmo/9781561592630.article.28557,"Tuder [Tudor, Tutor], John",2001,
para-professional tutor versus expert tutor outcomes,crossref,ok,2964680,10.4324/9780203125229-11,Learning from Evaluation and Assessment,2012,
para-professional tutor versus expert tutor outcomes,crossref,ok,2964680,10.3030/739813,,2017,
para-professional tutor versus expert tutor outcomes,crossref,ok,2964680,10.4324/9781315174242-3,Building the Tutor Team,2018,
para-professional tutor versus expert tutor outcomes,crossref,ok,2964680,10.1080/0305569960220202,"Effects of Tutor‐Tutee Intimacy, Tutoring Conditions and Tutor Background on College Student Tutor Satisfaction",1996,
adult skill coaching remote text mediated effectiveness,crossref,ok,2373567,10.5220/0009925412241230,The Effectiveness of using English Self-video Recording on Students’ Speaking Skill of Recount Text,2018,
adult skill coaching remote text mediated effectiveness,crossref,ok,2373567,10.71284/asc.2025116,THE EFFECTIVENESS OF DUOLINGO IN IMPROVING STUDENTS’ LISTENING SKILL,2025,"The improvements in computer and communication technologies enabled the Artificial Intelligence (AI) to develop. AI-supported language learning tools provide support for many aspects of language skills. Im- proving listening skill is one of the opportunities provided by AI in language learning. Listening is the first acquired skill in both the mother language and foreign language. Expertise in listening supports compe- tence also in speaking, reading and writing and provides faster progress in language learning. AI-integrated Mobile Assisted Language Learning (MALL) tools provide more efficient listening learning processes with speech recognition and immediate feedback offering customized listening practice according to the learn- er’s level.
Secondary school students enjoy interactive, engaging activities that keep them motivated. Those activities foster a positive attitude toward language learning. Duolingo is a popular language learning application used by millions of people in the field of MALL. It provides gamified learning, in this way simplifies learn- ing with enjoyable elements. While many studies have investigated the general effectiveness of Duolingo in improving language proficiency, there is a gap in the literature regarding its specific impact on listening proficiency, especially for secondary school students.
The main aim of this study is to examine the impact of utilizing the Duolingo application on the listening comprehension of 7-th grade students. A quantitative single group pretest-posttest design was employed, integrating mobile assisted autonomous learning alongside routine education at school. The participants of the study were 34 students and the implementation lasted for 8 weeks. The students used the application for 15 minutes every day along with the routine learning during that period. Throughout the process, they kept diaries on Padlet. They shared their thoughts and experiences with screenshots there. Pre- and post- listening tests were utilized to assess the listening proficiency before and after the implementation. A lis- tening proficiency test was used from Ahead with English 7: Practice Book. It consists of two sections. At first section, students are asked to write the words they hear. At second section there are 5 multiple-choice questions.
The data collected was analyzed using descriptive statistics (mean, median, mode) and inferential statistics (t-tests) to decide about the effectiveness of the implementation. Due to the number of samples more than 30 students, Kolmogorov-Smirnova was used. Normality tests indicated that the pre-test (p = ,018) and post-test (p = ,002) data (p ≤ 0.05) do not demonstrate a normal distribution. So, Wilcoxon Signed-Rank Test was used to analyze the data in this study to see whether there is a difference between the two pre-test and post-test scores. The findings of the analysis of pre and post listening proficiency tests indicated that Duolingo enhanced listening comprehension of 7th grade EFL students. The findings of this study may inspire language teachers to integrate digital tools like Duolingo while teaching listening. They can use Duolingo as a resource for listening practice both inside and outside the classroom. This may make courses more varied and technology-supported."
adult skill coaching remote text mediated effectiveness,crossref,ok,2373567,10.1007/978-3-032-11842-4_4,Coaching Effectiveness,2026,
adult skill coaching remote text mediated effectiveness,crossref,ok,2373567,10.1177/17479541261436950,Individualized heart rate variability on a strength 6-week training program. A remote-coaching effectiveness study,2026,"Exercise physiologists, kinesiologists and coaches prescribe strength training to diverse populations with individual goals. Data-driven coaching is especially crucial with the rise of remote coaching, particularly in rural areas, to compensate for lack of direct supervision. Heart rate variability (HRV) has become a useful tool for measuring the effects of training stress on the autonomic nervous system and is easily accessible via wearables. The purpose of this study was to assess the effectiveness of using HRV to adjust strength training frequency in a remote coaching setting led by a group of recreationally trained participants. The participants completed a 6-week strength training program with pre- and post-lab testing (strength, body composition, blood pressure). HRV was collected daily by the participants, and an HRV threshold was calculated to determine whether they should train each day. Training data and a daily questionnaire were also completed and submitted to the leading researcher. The main findings showed that adherence to the protocol was high compared to other interventions in the general population and that the protocol led to significant strength gains without significantly impacting autonomic modulation. This study contributes to preliminary evidence supporting the effectiveness of HRV-guided strength training in remote settings."
adult skill coaching remote text mediated effectiveness,crossref,ok,2373567,10.4324/9780203483466-9,Skill-Focused Coaching with Executives,2004,
adult skill coaching remote text mediated effectiveness,crossref,ok,2373567,10.1515/9783111002415-009,Chapter 9 Coaching Skill: Reframing,2024,
adult skill coaching remote text mediated effectiveness,crossref,ok,2373567,10.1515/9783111002415-010,Chapter 10 Coaching Skill: Providing Insights,2024,
adult skill coaching remote text mediated effectiveness,crossref,ok,2373567,10.1177/1747954118812461,The effectiveness of constraints-led training on skill development in interceptive sports: A systematic review,2018,"There has been a recent increase in constraints-led training to assist the development of technical and cognitive skill in sports. While the benefits of constraints-led training appear obvious, the evidence for this type of training is not clear. Therefore, a systematic review of the literature was conducted to establish the effectiveness of this approach to training within interceptive sports. Four databases (Google Scholar, JURN, Mendeley and Science Direct) were searched for journal articles focused on skill acquisition within interceptive sports. A methodological and reporting quality assessment was done to determine the quality of each article. Eighteen articles were selected for review. The results of these two quality assessments revealed poor quality scores for the majority of the studies. However, 77.7% of the studies found a positive effect in skill acquisition following manipulation in training protocol; therefore, the implementation of the constraints-led approach within interceptive sport can be advocated. Key methodological structures were identified as well as aspects of methodology that should be avoided to ensure reliable results for future studies. Further research is required to determine the effectiveness of constraints-led training on interceptive sporting performance."
adult skill coaching remote text mediated effectiveness,crossref,ok,2373567,10.30653/005.201812.16,The Effectiveness of Text Completion Technique towards Students’ Speaking Skill,2018,"This research paper aims to investigate the Effectiveness of text Completion Technique towards Students’ Speaking Skill at Eleventh Grade of Madrasah Aliyah Mathla’ul Anwar Pusat Menes. The research paper employs the quantitative research, with the quasy experimental design. Then, the researcher uses observation and performance test in which students of both classes use procedural text as the specific speaking material. In the data collecting technique, it compares pre-test and post-test results of both experimental and control class. Therefore, to analyze the data, the researcher used statistical computation. It works to count scoring, the result of the test, calculating the mean of both experimental and control class. Besides that, it calculated the standard deviation of each group and then found out the significant difference by using t-test. Based on the result of data analysis and interpretation of the research, it is clear that there is a significant difference after teaching speaking by using text completion technique in experimental class and teaching speaking by using lecture technique in control class."
adult skill coaching remote text mediated effectiveness,crossref,ok,2373567,10.1515/9783111002415-011,Chapter 11 Coaching Skill: Developing Support,2024,
adult skill coaching remote text mediated effectiveness,crossref,ok,2373567,10.1007/978-3-032-11842-4_8,The Impact of Psychological Mindedness on Executive Coaching Effectiveness,2026,
adult skill coaching remote text mediated effectiveness,crossref,ok,2373567,10.1515/9783111002415-006,Chapter 6 Coaching Skill: Providing Feedback,2024,
adult skill coaching remote text mediated effectiveness,crossref,ok,2373567,10.1007/978-3-032-11842-4_6,The Development of the Coaching Effectiveness Scale: Study 1,2026,
adult skill coaching remote text mediated effectiveness,crossref,ok,2373567,10.1515/9783111002415-007,Chapter 7 Coaching Skill: Listening for Understanding,2024,
adult skill coaching remote text mediated effectiveness,crossref,ok,2373567,10.1515/9783111002415-008,Chapter 8 Coaching Skill: Asking Powerful Questions,2024,
adult skill coaching remote text mediated effectiveness,crossref,ok,2373567,10.23860/diss-lynch-kenneth-2020,"STRUCTURED, INDIVIDUALIZED, VIDEO-BASED COACHING TO IMPROVE TECHNICAL SKILL ACQUISITION",,
adult skill coaching remote text mediated effectiveness,crossref,ok,2373567,10.1177/07417136241279159,Enhancing Adult Literacy in Morocco: A Quasi-Experimental Analysis of Program Effectiveness and Skill Development,2024,"This article presents a quasi-experimental study evaluating Morocco's Agency for Adult Education “Literacy for Empowerment” program, using propensity score matching to compare data from participants and nonparticipants. Framed within a theory supporting an all-inclusive concept of literacy, the study was guided by two main questions, and data was collected through literacy-relevant test instruments and a questionnaire. The results suggest that individuals who participated in the program had better skills than those who did not (counterfactual). These skills include: (1) literacy skills, (2) personal life, (3) family sphere, (4) inclusive decision-making skills, (5) social skills, (6) community engagement, and (7) economic empowerment. The article concludes that only a comprehensive approach to literacy education would enhance both the quality and benefits derivable from adult literacy programs, advocating for its expansion throughout both rural and urban areas to ensure universal access to basic education and promote active citizen participation in development initiatives."
adult skill coaching remote text mediated effectiveness,crossref,ok,2373567,10.4135/9781446251577.n13,Developing Coaching Theory,2012,
adult skill coaching remote text mediated effectiveness,crossref,ok,2373567,10.4324/9781315260051-15,Skill checklists,,
adult skill coaching remote text mediated effectiveness,crossref,ok,2373567,10.4324/9780203850688-20,Physical and movement skill development,2011,
adult skill coaching remote text mediated effectiveness,crossref,ok,2373567,10.1007/s00779-017-1026-0,An e-coaching ecosystem: design and effectiveness analysis of the engagement of remote coaching on athletes,2017,
adult skill coaching remote text mediated effectiveness,crossref,ok,2373567,10.4135/9781446251577.n7,From Friendship to Coaching: A Brief Genealogy of Coaching: Conclusion,2012,
adult skill coaching remote text mediated effectiveness,crossref,ok,2373567,10.4135/9781446251577.n6,Post-Modernity: Coaching Hybridity,2012,
adult skill coaching remote text mediated effectiveness,crossref,ok,2373567,10.31219/osf.io/jc2vr,Penerapan Coaching Face to Face Oleh Perawat Manager Untuk Mengembangkan Hard Skill dan Soft Skill Perawat,2020,"Perawat manager dapat menggunakan coaching sebagai cara untuk meningkatkan skill perawat untuk menciptakan layanan yang sangat baik di rumah sakit. Coaching adalah alat yang dapat meningkatkan motivasi dan kinerja perawat. Kajian  ini bertujuan untuk mendapatkan penjelasan tentang hubungan coaching, motivasi dan kinerja di rumah sakit. Metode yang digunakan kajian ini dilakukan dengan mencari  sumber data baik dari jurnal maupun buku-buku yang berhubungan dengan kepemimpinan kepala ruangan dalam menerapkan budaya keselamatan pasien. Artikel penelitian yang digunakan bersumber dari Repository USU, Scholar Google. Pemimpin  dapat menggunakan coaching sebagai alat utama untuk  pengembangan  kepemimpinan  dan manajemen untuk membantu perawat memiliki  nilai  dan  potensi yang tinggi, serta mengembangkan soft skill dan hard skill. Diharapkan Kepala Ruang mampu memberikan coaching face to face di ruangan untuk menciptakan keterampilan perawat yang sangat baik sehingga menghasilkan asuhan keperawatan yang berkualitas. Coaching dapat dilakukan dalam bentuk pelatihan untuk melakukan upgrade skill perawat sesuai dengan perkembangan pendidikan atau SOP yang terstandard."
adult skill coaching remote text mediated effectiveness,crossref,ok,2373567,10.1007/978-3-032-11842-4_3,Executive Coaching,2026,
adult skill coaching remote text mediated effectiveness,crossref,ok,2373567,10.4135/9781473935587,Peer Coaching,2015,
adult skill coaching remote text mediated effectiveness,crossref,ok,2373567,10.4135/9781446288375.n8,Coaching and Adult Learning,2014,
adult skill coaching remote text mediated effectiveness,crossref,ok,2373567,10.4135/9789351507956.n11,Measuring Corporate Coaching Effectiveness,2014,
adult skill coaching remote text mediated effectiveness,crossref,ok,2373567,10.1177/1747954120971755,"Servant leadership, leader effectiveness, and the role of political skill: A study of interscholastic sport administrators and coaches",2020,"Servant leadership is a model of leadership based on ethics and benevolent service to others and has been associated with numerous positive outcomes for employees and organizations. Due to a limited number of studies examining servant leadership (SL) within sport, the purpose of this study was to investigate the relation of servant leadership and leader effectiveness outcomes in sport administration and to examine if political skill (i.e., how people influence others), was a moderator of servant leader effectiveness. A multilevel model was used to examine these questions within a sample of interscholastic athletic directors and head coaches. Findings revealed servant leadership was directly related to leader effectiveness (LE), affective organizational commitment (AOC), and job satisfaction (JS) of head coaches. Moreover, there was a significant negative interaction between servant leadership and political skill. The negative interaction may indicate that extreme values of servant leadership have opposite relations to leader effectiveness and other outcomes when political skill is present. Though a minimal effect, political skill detracts from LE in those who are perceived as exhibiting strong servant leader behaviors. Findings and limitations are discussed; questions for future research are suggested."
adult skill coaching remote text mediated effectiveness,crossref,ok,2373567,10.21274/ls.2019.11.1.183-192,THE EFFECTIVENESS OF MENTOR COACHING ON PREPARING TEXT-BASED LESSON PLAN BY STUDENT TEACHERS,2019,
adult skill coaching remote text mediated effectiveness,crossref,ok,2373567,10.31599/ckwdzh87,The Effectiveness Of The Massed And Distributed Methods On The Low Pass Skill In Volleyball Game,2024,"The aims this reseach to determine the effect of method of massed on the volleyball skills of passing, the effect of distributed of method on the volleyball skills of passing, and to know the difference between the methods of massed and distributed method for passing the volleyball skills. This type of research is a thrue experiment with Randomized Group Pretest - Posttest Design. The independent variable is the method of massed and distributed methods while the dependent variable was passing the volleyball skills. The subjects were male students grade 2 SMA Negeri 1 Gangking district Gantarang Bulukumba learning year 2011/2012, as many as 30 people are purposive random sampling. The results showed that there was a significant effect of massed method for passing down skills in the game of volleyball (p &lt;0.05), there was a significant effect of distributed method for passing down skills in the game of volleyball (p &lt;0.05), and better distributed method increases passing down the skills in the game of volleyball than massed method (p &lt;0.05)."
adult skill coaching remote text mediated effectiveness,crossref,ok,2373567,10.4135/9781446251577.n2,A Critical Theory Approach to Coaching,2012,
adult skill coaching remote text mediated effectiveness,crossref,ok,2373567,10.1007/978-3-032-11842-4,Quantifying Executive Coaching,2026,
adult skill coaching remote text mediated effectiveness,crossref,ok,2373567,10.4135/9781446251577.n15,"Coaching Formation: Coach Education and
                    Pedagogies",2012,
adult skill coaching remote text mediated effectiveness,crossref,ok,2373567,10.4135/9781446251577.n10,The Managerial Discourse: Coaching the Role Self,2012,
adult skill coaching remote text mediated effectiveness,crossref,ok,2373567,10.5195/jyd.2008.290,Perceived Effectiveness of Youth-Adult Partnerships on Enhancing Life Skill Development through 4-H,2008,"The purpose of this study was to determine if youth and adult participants in the 4-H Environmental Impact program perceive youth?adult partnerships as an effective means to enhance the youths’ development of life skills. The study further sought to discover the perceived obstacles that may keep youth and adults from participating in equal partnerships. The life skills of: Leadership, Cooperation, Service Learning, and Planning and organizing were enhanced through the youths’ participation in the youth-adult partnership.  Through this research there was evidence that many of the youth participants did perceive themselves as equal team members when participating in this youth-adult partnership. The research indicated the greatest perceived obstacle that kept youth from engaging was not much time after homework and other activities. It is recommended that all participants in newly formed youth-adult partnerships receive training on how to implement this type of program, and how to participate equally."
adult skill coaching remote text mediated effectiveness,crossref,ok,2373567,10.4324/9780203132623.ch12,Defining Coaching Effectiveness,,
adult skill coaching remote text mediated effectiveness,crossref,ok,2373567,10.52121/alacrity.v2i3.117,The Effectiveness Of Using Picture Series On Students’ English Writing Skill Of Recount Text At SMA Dharma Bakti Medan,2022,"This research consist to determine the effectiveness of using picture series on students' writing skills in recount texts at SMA Dharma bakti Medan. The design of this research is experimental research. They consist of 150 students and the sample consists of 40 students then divided into two class; The experimental class of 20 students (X-IPA) was taught using serial pictures while the control class of 20 students (X-IPS) was taught without serial pictures. The research instrument used a written test, The test is to make a story text analyzing the general structure of the story text. the score of a text can be obtained from the general structure and grammatical arrangement of the text. After applying the test to the students, the writer analyzes the data using the t-test formula which is commonly used. after calculating and analyzing the data, it was concluded that the  was higher than the  (4.47&gt; 1.70). it shows that there is a significant difference. The experimental pre-test score was 39 and the post-test score was 60.25, the difference was -21.25. The value of  is greater than  (4.47&gt;1.70) df is 38, and the level of significance is 0.05. it is stated that the effectiveness of the use of picture series has a significant influence on students' ability to write story texts, Based on the test results above, it shows that picture series can improve students' writing skills in writing story texts. it can be concluded that this research hypothesis is accepted."
adult skill coaching remote text mediated effectiveness,crossref,ok,2373567,10.4324/9780203118665-12,Support-for-Thought: Adult-to-Adult Communication,2013,
adult skill coaching remote text mediated effectiveness,crossref,ok,2373567,10.31004/jele.v11i4.2714,The Effectiveness of Pictures Series on Students’ Writing Skill of Procedure Text,2026,"Many junior high school students encounter difficulties in writing procedure texts, particularly in organizing ideas and presenting sequential steps coherently. This study aimed to investigate the effect of picture series media on students' writing skill in procedure texts. A quasi-experimental design involving an experimental and a control class was employed. The participants were 62 ninth-grade students of SMP Swasta Santo Petrus Medan, comprising 31 students in each class. Data were collected through pre-test and post-test writing assessments. The findings indicated that the mean score of the experimental class increased from 55.55 to 79.65, whereas the control class improved from 55.94 to 64.45. The independent samples t-test showed that the t-value was 8.149 with degrees of freedom (df) = 60. The t-table value at α = 0.05 was 1.67065. Since t-value (8.149)  t-table (1.67065), and p  .001, the null hypothesis was rejected. Therefore, picture series media had a significant positive effect on students' writing skill in procedure texts."
adult skill coaching remote text mediated effectiveness,crossref,ok,2373567,10.4135/9781446251577.n12,"Discourse Mapping: Coaching across and between
                    Discourses",2012,
adult skill coaching remote text mediated effectiveness,crossref,ok,2373567,10.1177/17479541251388881,Impact of traditional and game-based teaching methods on skill acquisition and psychological responses of young adult beginner tennis players,2025,"Research on tennis coaching primarily targets beginner children, with limited focus on adults. This study compared traditional (TRT) and game-based (GBT) methods for their effects on technical skills and perceptual responses in beginner young players. Thirty-two males (age 21.5 ± 2.4 years) with no tennis experience were randomized into TRT (n = 16) and GBT (n = 16) groups, training twice weekly for six weeks with adapted equipment. Pre- and post-tests included the International Tennis Number (ITN) and Tennis-Specific Skills Test (TSST), ratings of perceived exertion (RPE), rating scale of mental effort (RSME), and physical enjoyment scale (PES). TRT showed greater technical improvements (ITN: p &lt; 0.05, η
                    2
                    p = 0.470; TSST: p &lt; 0.05, η
                    2
                    p = 0.332–0.622). GBT achieved smaller but significant gains (ITN: p &lt; 0.05, η
                    2
                    p = 0.294–0.339; TSST: p &lt; 0.05, η
                    2
                    p = 0.16–0.19) with higher enjoyment (PES: GBT 46.0 ± 3.9 vs. TRT 35.4 ± 2.9, p &lt; 0.05) and lower exertion (RPE: GBT 12.3 ± 0.7 vs. TRT 15.7 ± 1.0, p &lt; 0.05). TRT methods seem to be more effective for rapid technical skill acquisition, while GBT approaches may offer a more engaging and less stressful learning experience. Coaches should balance skill acquisition and engagement for optimal learning."
adult skill coaching remote text mediated effectiveness,crossref,ok,2373567,10.4135/9781446251577.n14,"Creating a New Coaching Meta-Theory: The Micro-Practices
                    and the Macro-Social of Coaching",2012,
adult skill coaching remote text mediated effectiveness,crossref,ok,2373567,10.1177/1747954119829918,"The effectiveness of constraint-led training on skill development in interceptive sports: A systematic review (Clark, McEwan and Christie) – A Commentary",2019,
adult skill coaching remote text mediated effectiveness,crossref,ok,2373567,10.4324/9781003159063-12,Political Skill in Community Sport Coaching Work,2021,
adult skill coaching remote text mediated effectiveness,crossref,ok,2373567,10.26226/morressier.60780408dc2fa1af56246908,EFFECTIVENESS OF PHARMACIST-LED REMOTE PATIENT MONITORING IN THE MANAGEMENT OF UNCONTROLLED HYPERTENSION IN ADULT AMBULATORY CARE PATIENTS,2021,
adult skill coaching remote text mediated effectiveness,crossref,ok,2373567,10.21043/jetli.v1i1.4490,"The Effectiveness of The Role, Audience, Format and Topic (RAFT) Technique on Students’ Skill in Writing Expository Text",2018,"This research examines the effectiveness of RAFT and conventional technique in improving high and low motivated students’ skill in writing expository text and explained the motivation interaction to their skill.  RAFT is a system to help students understand their role as a writer, audience, varied formats for writing, and expected content. This research uses factorial design with 36 students of experimental group and 34 in control group. They are eleventh graders of &lt;em&gt;MA Tarbiyatul Banin&lt;/em&gt;, Winong-Pati. The result shows that RAFT is effective in improving the high and low motivated students’ skill in writing expository text on the level of significance 0.05, the conventional technique is effective in improving the high and low motivated students’ skill in writing expository text on the level of significance 0.05. There is interaction of the students’ motivation to students’ skill in writing expository text using RAFT and conventional technique. By using RAFT, the high motivated students’ skill get more improvement and by using conventional technique, the low motivated students’ skill get more improvement. Further, the use of RAFT in improving the students’ skill in writing expository text is more effective than the use of conventional technique."
adult skill coaching remote text mediated effectiveness,crossref,ok,2373567,10.4324/9781003051343-16,Athlete-Centred Coaching,2024,
adult skill coaching remote text mediated effectiveness,crossref,ok,2373567,10.4324/9780429299360-6,Biomechanics and Skill Analysis,2019,
adult skill coaching remote text mediated effectiveness,crossref,ok,2373567,10.4324/9781315796253-20,Skill acquisition and the role of the coach,2014,
recognition primed decision making expert judgment coaching,crossref,ok,2173679,10.1016/j.eswa.2024.125907,Probabilistic memory-enhanced recognition-primed decision model and its application to pilot decision-making in midair encounters,2025,
recognition primed decision making expert judgment coaching,crossref,ok,2173679,10.14236/ewic/ndm2009.57,The Variations of Recognition Primed Decision-Making and How it Informs Design Decision-Making,2009,
recognition primed decision making expert judgment coaching,crossref,ok,2173679,10.1007/978-3-642-86679-1_15,Expert Systems as Cognitive Tools for Human Decision Making,1987,
recognition primed decision making expert judgment coaching,crossref,ok,2173679,10.1007/978-3-642-86679-1_17,Descriptive and Prescriptive Models for Judgment and Decision Making: Implications for Knowledge Engineering,1987,
recognition primed decision making expert judgment coaching,crossref,ok,2173679,10.21236/ada199076,Knowledge Elicitation of Recognition-Primed Decision Making,1988,
recognition primed decision making expert judgment coaching,crossref,ok,2173679,10.4324/9780203141939-11,Judgment and decision making,2013,
recognition primed decision making expert judgment coaching,crossref,ok,2173679,10.1037/e587382011-001,MoCog1: A Computer Simulation of Recognition-Primed Human Decision Making,1991,
recognition primed decision making expert judgment coaching,crossref,ok,2173679,10.1123/iscj.2016-0037,"Metacognition and Professional Judgment and Decision Making in Coaching: Importance, Application and Evaluation",2016,"Previous research has emphasised the dynamic nature of coaching practice and the need to consider both individual performer needs and necessary contextual trade-offs in providing optimum solutions. In this regard, a Professional Judgment and Decision Making framework has been suggested to facilitate an optimum blend of actions against these complex and dynamic demands. Accordingly, we extend this work and address recent calls for greater focus on expertise-oriented assessments, by postulating on the aspirant/developing coach’s capacity for and development of metacognition (i.e., active control over cognitive processes) as a ‘tool’ within the reflective process. Specifically, we propose that metacognition enables essential active cognitive processing for deep learning and impactful application, together with construction and refinement of useable knowledge to inform coaching decisions. Metacognition, therefore, helps to contextualise knowledge provided in training, further optimising the experience, particularly before certification. Finally, we exemplify how metacognition can be developed in coaches through the use of cognitive apprenticeships and decision training tools; and evaluated via a series of observed coaching episodes, with reasoning articulated through pre and postsession interview. Despite challenging traditional competency-based approaches to coach education, we believe that a considered mixed approach represents a vital next step in further professionalising sports coaching."
recognition primed decision making expert judgment coaching,crossref,ok,2173679,10.1177/155534341000400404,A Comparison of the Decision Ladder and the Recognition-Primed Decision Model,2010,"Cognitive work analysis and cognitive task analysis approach the analysis of decisions in ways that are at least superficially dissimilar. In this paper, I review the two approaches, work (or control) task analysis and naturalistic decision making, to identify similarities and differences, and I assess the implications of looking at decisions from these two different perspectives. I conclude that although these two approaches are superficially dissimilar, they are theoretically compatible. However, the standard form of decision ladder, which is the representational product of work (or control) task analysis, does not take full account of contemporary insights from the three-stage model of situation awareness, the distinction between implicit and explicit cognitive processing, or the principles of naturalistic decision making. I propose modifications of the decision ladder to incorporate these ideas."
recognition primed decision making expert judgment coaching,crossref,ok,2173679,10.1093/oso/9780198871569.003.0004,Why Intuition Often Gets It Right,2023,"Abstract
               The main idea of this chapter is that experienced decision-makers are able to make fast, accurate judgements and take effective decisions through the intuitive processes of pattern recognition and pattern matching. The model of how this works is called the ‘recognition-primed decision (RPD) model’. It is one of the cornerstones of the field of ‘naturalistic decision-making’ (NDM) research. The work of the applied psychologist Gary Klein is centre stage. In common with fast-and-frugal heuristics, and unlike heuristics and biases, it is based on the idea that intuition can be a source of decision-making power when exercised by the right person, the right way, under the right circumstances. By emphasizing pattern recognition and pattern matching the RPD model resonates with Herbert Simon’s definition of intuitions as analyses frozen into habit and the capacity for rapid response through recognition. RPD’s applications in business are discussed and a potential new variant of it, ‘intuition-based inquiry’, is presented."
recognition primed decision making expert judgment coaching,crossref,ok,2173679,10.70675/44877e66z223cz4847z9dbfzd4aba600800b,A Sustainability-Oriented 4-Step Integrated Decision-Making Algorithm for Battery Selection : Integrating Expert Judgment and Bootstrapping Analysis,,"Méthode intégrée en quatre étapes pour la sélection durable de batteries : intégration du jugement d'experts avec analyse par bootstrap
                La durabilité joue un rôle de plus en plus essentiel dans l'élaboration des politiques, des technologies et des comportements individuels, en particulier dans le cadre de la réalisation des objectifs du Green Deal européen. Parmi les secteurs contribuant de manière significative aux émissions de gaz à effet de serre (GES), le transport se distingue comme une source majeure de préoccupation. Les véhicules électriques (VE) offrent une solution prometteuse pour réduire ces émissions, en raison de l'absence de moteur à combustion et d'émissions nulles à l'échappement pendant leur fonctionnement. Cependant, les impacts environnementaux et sociétaux liés à leur production — notamment lors de l'extraction des matières premières nécessaires à la fabrication des batteries — soulèvent des inquiétudes importantes. Ces préoccupations concernent l'environnement, la société, la gouvernance ainsi que la disponibilité à long terme de ressources critiques. Face à ces enjeux, cette thèse propose un cadre de sélection des batteries pour VE fondé sur une méthode intégrée d'aide à la décision multicritère (MCDM) en quatre étapes. La méthodologie évalue 12 alternatives de batteries selon un ensemble de critères liés à la durabilité, en intégrant les avis à la fois des décideurs (DM) et des citoyens, ces derniers représentant les utilisateurs finaux des VE. Contrairement aux études antérieures, qui s'appuient uniquement sur les évaluations des décideurs ou des clients, ce travail intègre les perspectives du grand public, en reconnaissant que les préférences des consommateurs influencent fortement l'adoption durable. Les résultats soulignent la sensibilité du choix final de la batterie aux préférences citoyennes, mettant en évidence l'importance d'une prise de décision participative dans la conception durable. Afin d'approfondir l'analyse de la robustesse et de la précision de la pondération des critères, la seconde partie de la thèse introduit l'utilisation du bootstrap appliqué aux méthodes DEMATEL et AHP dans un environnement flou. Cette phase examine l'impact du nombre de décideurs et de la sensibilité des échelles linguistiques d'évaluation sur la stabilité des résultats, en fonction du nombre de critères. Les résultats montrent qu'un nombre plus élevé de décideurs réduit l'erreur dans le calcul des pondérations, et que des échelles linguistiques moins sensibles produisent des résultats plus cohérents et convergents. Par ailleurs, lorsque le nombre de critères augmente, un nombre moindre de décideurs est nécessaire pour obtenir des résultats fiables, ce qui démontre l'efficacité et la scalabilité de l'approche proposée."
recognition primed decision making expert judgment coaching,crossref,ok,2173679,10.1177/15553434261472960,Susceptibility to Misinformation: Exploring Persuasion and Prior Orientation in Recognition-Primed Decision Pathways,2026,"Misinformation poses growing risks to public well-being, contributing to vaccine refusal, climate inaction, and erosion of democratic institutions. A body of research has examined who is vulnerable to misinformation and the psychological and social mechanisms shaping belief, including analytic reasoning, motivated cognition, identity, and social and source cues. However, less attention has been given to how individuals evaluate misinformation in context and how this evaluation interacts with their prior topic-specific associative orientations. This study investigates how these orientations and persuasive framing interact within recognition-primed decision pathways when individuals encounter narratives. Using a qualitative Cognitive Task Analysis guided by the Recognition-Primed Decision framework, six participants evaluated misinformation narratives across three domains: vaccines, climate change, and bioweapons, presented using systematically varied rhetorical framings. Implicit Association Tests were used descriptively to indicate topic-specific associative patterns. Reasoning processes were examined through think-aloud protocols and Critical Decision Method interviews, tracing cue recognition, interpretation, and judgment. The findings illustrate how alignment between narrative cues and participants’ associative orientations can reinforce confirmation tendencies, whereas mismatches may trigger skepticism and reconsideration. The study provides an exploratory process-level account of how persuasion cues interact with prior orientations during recognition-based decision pathways, illustrating susceptibility as a context-sensitive evaluation process."
recognition primed decision making expert judgment coaching,crossref,ok,2173679,10.3233/978-1-61499-203-5-107,Neuroanatomical Basis for Recognition Primed Decision Making,2013,"Effective decision making under time constraints is often overlooked in medical decision making. The recognition primed decision making (RPDM) model was developed by Gary Klein based on previous recognized situations to develop a satisfactory solution to the current problem. Bayes Theorem is the most popular decision making model in medicine but is limited by the need for adequate time to consider all probabilities. Unlike other decision making models, there is a potential neurobiological basis for RPDM. This model has significant implication for health informatics and medical education."
recognition primed decision making expert judgment coaching,crossref,ok,2173679,10.1093/hesc/9780197771563.003.0009,Judgment and Decision-Making,2026,"This chapter examines judgment and decision-making by using organ donation disparities to demonstrate how policy design and cognition shape behaviour and deviate from rational choice. It distinguishes fast thinking (System 1) from slow thinking (System 2) and shows how heuristics support efficient judgments under uncertainty while introducing biases such as representativeness, availability, and anchoring. The chapter investigates errors arising from base-rate neglect, the conjunction fallacy, and the gambler's fallacy, and explains how sample size and the law of large numbers of influence probability judgments. It evaluates decisions under risk by introducing utility, expected value, and normative and descriptive theories, emphasizing subjective value, loss aversion, and prospect theory. Finally, the chapter explains framing effects, status quo bias, nudges, and optimal defaults, showing how context and choice architecture systematically guide behaviour and improve decision-making competence."
recognition primed decision making expert judgment coaching,crossref,ok,2173679,10.1007/978-3-642-86679-1_8,Interactive Decision Support Systems for Enhancing Expert Judgment,1987,
recognition primed decision making expert judgment coaching,crossref,ok,2173679,10.1093/hesc/9780199950638.003.0009,Judgment and Decision Making,2021,"This chapter delves into the dual processes of human thought, contrasting the rapid, instinctive ‘fast thinking’ (System 1) with the deliberate, analytical ‘slow thinking’ (System 2). It examines how heuristics—mental shortcuts—aid in making judgments under uncertainty, though they often lead to biases such as representativeness and availability. The chapter then explores decision-making strategies, highlighting how emotions, subjective value, and risk perceptions deviate from rational norms, as explained by Prospect Theory and concepts such as loss aversion and framing. It also introduces neuroeconomics as an interdisciplinary approach, revealing how brain mechanisms underpin decision-making, reward evaluation, and individual variability in preferences. Through studies on brain activity and the effects of damage, the chapter connects cognitive processes to economic behaviours and the potential of tools like neuromarketing, raising ethical considerations for their application."
recognition primed decision making expert judgment coaching,crossref,ok,2173679,10.1017/s1930297500001388,On the use of recognition in inferential decision making: An overview of the debate,2011,"AbstractI describe and discuss the sometimes heated controversy surrounding the recognition heuristic (RH) as a model of inferential decision making. After briefly recapitulating the history of the RH up to its current version, I critically evaluate several specific assumptions and predictions of the RH and its surrounding framework: recognition as a memory-based process; the RH as a cognitive process model; proper conditions of testing the RH; measures of using the RH; reasons for not using the RH; the RH as a non-compensatory strategy; evidence for a Less-is-more effect (LIME); and the RH as part of the toolbox. The collection of these controversial issues may help to better understand the debate, to further sharpen the RH theory, and to develop ideas for future research."
recognition primed decision making expert judgment coaching,crossref,ok,2173679,10.4324/9780203141939-30,Assessing adolescent decision-making competence,2013,
recognition primed decision making expert judgment coaching,crossref,ok,2173679,10.14236/ewic/ndm2009.11,Modeling the Dynamics of Recognition-Primed Decision Making,2009,
recognition primed decision making expert judgment coaching,crossref,ok,2173679,10.1142/9789813146976_0021,A NEW APPROACH OF COMBINING EXPERT JUDGMENT AND DATA KNOWLEDGE IN MULTI-ATTRIBUTE DECISION MAKING,2016,
recognition primed decision making expert judgment coaching,crossref,ok,2173679,10.4324/9781410617675-24,Mats Björkman and Swedish Studies of Judgment and Decision Making,2007,
recognition primed decision making expert judgment coaching,crossref,ok,2173679,10.1093/oso/9780190059538.003.0001,Frameworks and Models in Decision-Making and Judgment in Child Welfare and Protection,2020,"This chapter presents the basic concepts, theoretical perspectives, and areas of scholarship that bear on decisions in child welfare—making choices in decision environments characterized by high levels of uncertainty. The authors distinguish between normative models that predict what decision-makers ought to choose when faced with alternatives and descriptive models that describe how they tend to make these choices in real life. The chapter reviews those challenges that may be especially relevant in the complex context of child welfare and protection. One way in which decision-makers overcome task complexities and limitations in human information processing (bounded rationality) is by using heuristics to navigate complex tasks. The chapter reviews strategies to correct some limitations in judgment. The authors examine the relationships between workers’ predictions of what would be the outcomes of the case and the actual outcomes and describe two types of error (false positive and false negative) and the related concepts of specificity and sensitivity. These issues are followed by a description of the Lens Model and some of its implications for child welfare decision-making, including predictive risk modeling and studies on information processing models. The final section presents current theoretical models in child welfare decision-making and describes Decision-Making Ecology (DME) and Judgments and Decision Processes in Context (JUDPiC). The chapter concludes with suggestions for future research on child welfare decision-making that could contribute to our conceptual understanding and have practical utility as well."
recognition primed decision making expert judgment coaching,crossref,ok,2173679,10.1002/9780470752937.ch2,Normative Models of Judgment and Decision Making,2004,
recognition primed decision making expert judgment coaching,crossref,ok,2173679,10.1002/bdm.3960050306,A case study of expert judgment: Economists' probabilities versus base‐rate model forecasts,1992,"AbstractIn this case study of economists' forecasts concerning economic downturn, we examine key issues concerning the psychology of prediction and the controversy surrounding the value of expertise in forecasting. We examine when experts' knowledge promotes forecast accuracy and whether biases found in psychological studies (including underutilization of relevant base rates and tendencies to extreme prediction) occur in these economic forecasts. Experts' forecasts were compared to forecasts derived from base‐rate models that relied on the historical frequencies of economic downturns. The performance patterns of the experts and models crossed over the forecast horizon. Experts outperformed models in shorter‐term forecasting, whereas models outperformed experts in longer‐term forecasting. These results highlight the abilities and limits of experts and models in prediction and the sources of their inaccuracy."
recognition primed decision making expert judgment coaching,crossref,ok,2173679,10.1177/1555343416672557,Analysis of In-Game Communication as an Indicator of Recognition Primed Decision Making in Elite Australian Rules Football Umpires,2016,"In sport, decision-making research has identified consistent results among the three variations of the recognition primed decision (RPD) model. Despite the fact that officials in sport are a key component of sports systems, previous research has explored the RPD model in players only. This paper addresses this by applying the RPD model to examine the decision making of umpires in Australian Rules football (Australian Football League [AFL]). Method: Audible communication instances of AFL field umpiring teams overseeing three games were transcribed. The data were coded into “decision moments”; each decision moment was classified into one of the three RPD model variations. Results: Within the 6,025 communication instances, 887 decision moments were identified. Of the decision moments, 78.70% were classified as Variation 1, 19.75% as Variation 2, and 1.35% as Variation 3. Discussion: The results demonstrate that AFL umpire decision making can be characterized by a similar RPD breakdown as that by players in sport. RPD variation in AFL umpiring is influenced by the game situation and the type of adjudication being made. The implications for research and practice are discussed, including extending the analysis to multirole officiating teams (e.g., soccer) and the provision of tailored decision-making training."
recognition primed decision making expert judgment coaching,crossref,ok,2173679,10.1002/9780470752937.ch30,"Judgment, Decision Making, and Public Policy",2004,
recognition primed decision making expert judgment coaching,crossref,ok,2173679,10.37075/jomsa.2025.2.01,HYBRID STRATEGIC DECISION-MAKING: THE SYNERGY BETWEEN EXPERT JUDGMENT AND AI SYSTEM RECOMMENDATIONS,2025,"The study examines the transformation of organizational management through the integration of Artificial Intelligence (AI) and human expertise. It demonstrates that hybrid decision-making systems outperform purely human or purely algorithmic approaches by leveraging the mechanisms of cognitive complementarity and distributed cognition.
The analysis identifies key success factors, including Explainable AI (XAI), the proper calibration of trust, and overcoming challenges such as automation bias. It also explores the implementation of collaborative frameworks across sectors like finance and operations management.
The primary conclusion is that strategic effectiveness does not depend on choosing between human or machine intelligence, but rather on designing architectures that utilize the specific cognitive capital of both agents. Success lies in the systematic integration of their complementary roles."
recognition primed decision making expert judgment coaching,crossref,ok,2173679,10.1017/cbo9781139015684.013,Learning judgment and decision making from feedback,2011,
recognition primed decision making expert judgment coaching,crossref,ok,2173679,10.1017/9781009002042.018,Thurstonian Uncertainty in Self-Determined Judgment and Decision Making,2023,
recognition primed decision making expert judgment coaching,crossref,ok,2173679,10.1007/978-1-4757-6846-6_2,Judgment and Decision Making Under Time Pressure,1993,
recognition primed decision making expert judgment coaching,crossref,ok,2173679,10.1017/cbo9781139015684.008,Judgment and decision making in adolescents,2011,
recognition primed decision making expert judgment coaching,crossref,ok,2173679,10.1017/cbo9780511720420.008,Judgment and decision-making research in auditing,1995,
recognition primed decision making expert judgment coaching,crossref,ok,2173679,10.2139/ssrn.5954659,Judgment Assurance: Governing Institutional Judgment in AI-Mediated Decision-Making,2026,
recognition primed decision making expert judgment coaching,crossref,ok,2173679,10.1016/b978-0-12-816636-9.00006-2,Correlations between judgment and decision-making tasks in developmental samples,2022,
recognition primed decision making expert judgment coaching,crossref,ok,2173679,10.1037/e552972012-001,Judgment and Decision Making,,
recognition primed decision making expert judgment coaching,crossref,ok,2173679,10.4324/9780203141939,Judgment and Decision Making,2013,
recognition primed decision making expert judgment coaching,crossref,ok,2173679,10.1017/cbo9781139015684.007,Judgment and decision making in young children,2011,
recognition primed decision making expert judgment coaching,crossref,ok,2173679,10.1016/b978-0-12-099975-0.x5000-3,"Measurement, Judgment and Decision Making",1998,
recognition primed decision making expert judgment coaching,crossref,ok,2173679,10.1017/cbo9781139015684.016,Aiding judgment and decision making,2011,
recognition primed decision making expert judgment coaching,crossref,ok,2173679,10.1518/155534309x474488,System Dynamics Modeling of the Time Course of the Recognition-Primed Decision Model,2009,"Two types of decision-making processes have been identified in the literature: an analytical process and an intuitive process. One conceptual model of the latter is the recognition-primed decision (RPD) model (e.g., Klein, 2008). According to this model, decision making in naturalistic contexts entails a situational pattern-recognition process that, if subsequent expectancies are confirmed, leads the decision maker to render a decision to engage in a given course of action. In this paper, we describe a system dynamics model of Klein's RPD framework that focuses upon the dynamics of the decision-making process. The structure of our RPD model is based on a model of a set of laboratory phenomena called conjunction benefits and costs (e.g., L. R. Fournier, Patterson, Dyre, Wiediger, &amp; Winters, 2007), which was extended to encompass the RPD framework. The results of our simulations suggest that decision priming (a bias toward rendering a given decision based on prior information) is a phenomenon that should occur in many naturalistic settings."
recognition primed decision making expert judgment coaching,crossref,ok,2173679,10.1017/s193029750000348x,When less is more in the recognition heuristic,2010,"AbstractThe “less is more effect” (LIME) occurs when a recognition-dependent agent has a greater probability of choosing the better item than a more knowledgeable agent who recognizes more items. Goldstein and Gigerenzer (2002) define α as the probability that a correct choice is made on the basis of recognition alone and β the probability that a correct choice is made when both items are recognized (via additional cues). They claim that a LIME occurs if α &gt; β (α &gt; 1/2) and α and β remain constant as the number of recognized items, n, varies. In fact, it can be shown that neither of these parameters generally remains constant as n varies, and neither of them are simple functions of n. Therefore, a new theoretical basis for the LIME is needed. This paper provides mathematical results for understanding when the LIME can occur and elucidates implications of these results. The major findings presented here are as follows:Demonstrations that the LIME can occur when α ≤ β and fail to occur when α &gt; β, and derivation of the conditions for these co-occurrences;A new characterization of the conditions under which the LIME occurs;Generalizations of this characterization to handle imperfect recognition; andCharacterization of when the LIME occurs as more items become recognized.The primary implication of these results is that the advantage of the recognition cue depends not only on cue validities, but also on the order in which items are learned. This realization, in turn, suggests that research in this area should incorporate a more dynamic focus on learning and memory processes, and the effects of reputational information."
recognition primed decision making expert judgment coaching,crossref,ok,2173679,10.1017/cbo9781139015684.005,Neural bases of judgment and decision making,2011,
recognition primed decision making expert judgment coaching,crossref,ok,2173679,10.1017/s1930297500004137,Editorial: Methodology in judgment and decision making research,2011,"AbstractIn this introduction to the special issue on methodology, we provide background on its original motivation and a systematic overview of the contributions. The latter are discussed with correspondence to the phase of the scientific process they (most strongly) refer to: Theory construction, design, data analysis, and cumulative development of scientific knowledge. Several contributions propose novel measurement techniques and paradigms that will allow for new insights and can thus avail researchers in JDM and beyond. Another set of contributions centers around how models can best be tested and/or compared. Especially when viewed in combination, the papers on this topic spell out vital necessities for model comparisons and provide approaches that solve noteworthy problems prior work has been faced with."
recognition primed decision making expert judgment coaching,crossref,ok,2173679,10.1017/cbo9781139015684.012,Causal models in judgment and decision making,2011,
recognition primed decision making expert judgment coaching,crossref,ok,2173679,10.1007/978-3-642-86679-1_16,Psychological Characteristics of Expert Decision Makers,1987,
recognition primed decision making expert judgment coaching,crossref,ok,2173679,10.4324/9781315727080-20,Two systems of judgment and decision making?,2015,
recognition primed decision making expert judgment coaching,crossref,ok,2173679,10.1016/b978-0-12-816636-9.00010-4,Defining cognitive sophistication in the development of judgment and decision-making,2022,
recognition primed decision making expert judgment coaching,crossref,ok,2173679,10.1016/s1474-6670(17)40097-8,Modelling Recognition-Primed Decision Making Under Time Pressure and Multiple Situational Contexts,1998,
recognition primed decision making expert judgment coaching,crossref,ok,2173679,10.21236/ada226887,Recognition-Primed Decision Strategies,1990,
recognition primed decision making expert judgment coaching,crossref,ok,2173679,10.1017/s1930297500002060,Threshold models of recognition and the recognition heuristic,2011,"Abstract
                  According to the recognition heuristic (RH) theory, decisions follow the recognition principle: Given a high validity of the recognition cue, people should prefer recognized choice options compared to unrecognized ones. Assuming that the memory strength of choice options is strongly correlated with both the choice criterion and recognition judgments, the RH is a reasonable strategy that approximates optimal decisions with a minimum of cognitive effort (Davis-Stober, Dana, &amp; Budescu, 2010). However, theories of recognition memory are not generally compatible with this assumption. For example, some threshold models of recognition presume that recognition judgments can arise from two types of cognitive states: (1) certainty states in which judgments are almost perfectly correlated with memory strength and (2) uncertainty states in which recognition judgments reflect guessing rather than differences in memory strength. We report an experiment designed to test the prediction that the RH applies to certainty states only. Our results show that memory states rather than recognition judgments affect use of recognition information in binary decisions."
naturalistic decision making expert practitioners sport,crossref,ok,1873346,10.4337/9780857936370.00014,Expert Intuition and Naturalistic Decision Making,2011,
naturalistic decision making expert practitioners sport,crossref,ok,1873346,10.4324/9781410604200-9,"""Outsider:"" Impressions of Naturalistic Decision Making",2001,
naturalistic decision making expert practitioners sport,crossref,ok,1873346,10.4324/9781315212944-14,Qualitative or Naturalistic Inquiry,2017,
naturalistic decision making expert practitioners sport,crossref,ok,1873346,10.1201/9781315597584-2,The Macrocognition Framework of Naturalistic Decision Making,2017,
naturalistic decision making expert practitioners sport,crossref,ok,1873346,10.4324/9781410604200-8,Expertise and Naturalistic Decision Making: An Overview,2001,
naturalistic decision making expert practitioners sport,crossref,ok,1873346,10.1201/9781315597584-4,Technology and “Naturalistic” Decision Making: Myths and Realities,2017,
naturalistic decision making expert practitioners sport,crossref,ok,1873346,10.1201/9781315597584-19,Cognitive Engineering Based on Expert Skill: Notes on Success and Surprises,2017,
naturalistic decision making expert practitioners sport,crossref,ok,1873346,10.4324/9781410604200-18,Reflective Versus Nonreflective Thinking: Motivated Cognition in Naturalistic Decision Making,2001,
naturalistic decision making expert practitioners sport,crossref,ok,1873346,10.1017/9781316480748.025,Expert Professional Judgments and “Naturalistic Decision Making”,,
naturalistic decision making expert practitioners sport,crossref,ok,1873346,10.4324/9781410604200-19,The Management of Temporal Constraints in Naturalistic Decision Making: The Case of Anesthesia,2001,
naturalistic decision making expert practitioners sport,crossref,ok,1873346,10.1201/9781315597584-12,Strategies in Naturalistic Decision Making: A Cognitive Task Analysis of Naval Weather Forecasting,2017,
naturalistic decision making expert practitioners sport,crossref,ok,1873346,10.4324/9781410604200-35,Tactical Mission Analysis by Means of Naturalistic Decision Making and Cognitive Systems Engineering,2001,
naturalistic decision making expert practitioners sport,crossref,ok,1873346,10.1123/iscj.2014-0118,Naturalistic Decision Making in High Performance Team Sport Coaching,2015,"A defining element of coaching expertise is characterised by the coach’s ability to make decisions. Recent literature has explored the potential of Naturalistic Decision Making (NDM) as a useful framework for research into coaches’ in situ decision making behaviour. The purpose of this paper was to investigate whether the NDM paradigm offered a valid mechanism for exploring three high performance coaches’ decision-making behaviour in competition and training settings. The approach comprised three phases: 1) existing literature was synthesised to develop a conceptual framework of decision-making cues to guide and shape the exploration of empirical data; 2) data were generated from stimulated recall procedures to populate the framework; 3) existing theory was combined with empirical evidence to generate a set of concepts that offer explanations for the coaches’ decision-making behaviour. Findings revealed that NDM offered a suitable framework to apply to coaches’ decision-making behaviour. This behaviour was guided by the emergence of a slow, interactive script that evolves through a process of pattern recognition and/or problem framing. This revealed ‘key attractors’ that formed the initial catalyst and the potential necessity for the coach to make a decision through the breaching of a ‘threshold’. These were the critical factors for coaches’ interventions."
naturalistic decision making expert practitioners sport,crossref,ok,1873346,10.1002/bdm.384,What is really naturalistic in naturalistic decision‐making research?,2001,
naturalistic decision making expert practitioners sport,crossref,ok,1873346,10.14264/107315,"Expert perceptual and decision-making skill: Identification, development and acquisition in a team invasion sport",,
naturalistic decision making expert practitioners sport,crossref,ok,1873346,10.1080/00140130701393452,Naturalistic decision-making in expert badminton players,2007,
naturalistic decision making expert practitioners sport,crossref,ok,1873346,10.5040/9781492596257.ch-008,Expert Athletes,2003,
naturalistic decision making expert practitioners sport,crossref,ok,1873346,10.4324/9781315146270-21,Transfer of expert visual-perceptual-motor skill in sport,2019,
naturalistic decision making expert practitioners sport,crossref,ok,1873346,10.1017/cbo9780511816796.023,Professional Judgments and “Naturalistic Decision Making”,2006,
naturalistic decision making expert practitioners sport,crossref,ok,1873346,10.1111/j.1556-4029.2011.01714.x,Naturalistic Decision Making in Forensic Science: Toward a Better Understanding of Decision Making by Forensic Team Leaders,2011,
naturalistic decision making expert practitioners sport,crossref,ok,1873346,10.1201/9781315597584-10,Cultural Variations in Mental Models of Collaborative Decision Making,2017,
naturalistic decision making expert practitioners sport,crossref,ok,1873346,10.4324/9781410604200-20,Analyzing Submarine Decision Making: A Question of Levels,2001,
naturalistic decision making expert practitioners sport,crossref,ok,1873346,10.3389/fpsyg.2022.936140,Naturalistic Decision-Making in Sport: How Current Advances Into Recognition Primed Decision Model Offer Insights for Future Research in Sport Settings?,2022,
naturalistic decision making expert practitioners sport,crossref,ok,1873346,10.4324/9781315806129,Naturalistic Decision Making,2014,
naturalistic decision making expert practitioners sport,crossref,ok,1873346,10.21203/rs.3.rs-9923765/v1,Whose decision is it? Mapping and reconciling expert disagreement over athlete participation in elite-sport decision-making,2026,"Abstract
                Calls to give elite athletes a greater say in the decisions that govern their bodies, careers and sports have become a defining feature of contemporary sport policy. Yet the scholarly literature that underpins these calls is marked by deep and persistent disagreement: experts cannot agree on what athlete participation is, where it should occur, how much of it is desirable, or whether existing arrangements represent genuine power-sharing or its cosmetic substitute. This article treats that disagreement itself as the object of analysis. Drawing on an interpretive synthesis of a curated corpus of seventy-seven sources spanning sport management, bioethics, sociology, political theory, organizational behaviour, health promotion and rehabilitation science, it identifies five recurring axes along which experts divide: real power versus tokenism; individual autonomy versus institutional duty of care; interactional versus institutional loci of participation; the athlete as performer versus the athlete as citizen; and power as granted from above versus claimed from below. The article argues that these disagreements are not simply empirical or ideological but disciplinary in origin: each camp imports the normative commitments, units of analysis and validity criteria of its parent field, so that scholars often talk past rather than against one another. Building on this diagnosis, the article advances a contingent, multidimensional framework that disaggregates participation into degree, level, domain, initiator, form and influence, and shows how apparently irreconcilable claims frequently describe different regions of this space. Reframing participation as a configuration rather than a quantity helps dissolve several apparent controversies, clarifies the genuinely contested ones, and yields a research agenda centred on measurement, contingency and the detection of tokenism. The contribution is a cross-disciplinary map intended to help sport-governance debates move beyond the question of whether athletes should participate towards the more tractable question of which configuration of participation fits which decision."
naturalistic decision making expert practitioners sport,crossref,ok,1873346,10.1177/1555343418789831,"Evidence-Based Medicine, Best Practices, Transductive Models, and Naturalistic Decision Making: Commentary on Paul R. Falzer, Naturalistic Decision Making and the Practice of Health Care",2018,"Expert and informed decision making is an essential process in all of health care. Evidence-Based Medicine (EBM) purports to support and enhance this process by the timely infusion of high-quality, pertinent evidence from health research, tailored as closely as possible to the individual and their health problem. Doing so is not an easy task for many reasons, beginning with imperfections and incompleteness in the evidence and ending with the complexities of the dual decision making required by individuals and their care providers. EBM needs a lot of help supporting decision-making processes and welcomes further interdisciplinary collaboration. The “conformist principle,” “best practice regimens,” and “transductive models” should not be considered as barriers to such collaboration: These are not part of EBM. Rather, EBM has always seen evidence from health research as but one of many inputs to decision making by providers and patients. An overarching problem for collaboration to address is understanding the decision-making process well enough to develop effective means to bolster it, so that people are consistently offered the current best options for their problems in a way that fits their circumstances and that they can understand and judge."
naturalistic decision making expert practitioners sport,crossref,ok,1873346,10.1017/cbo9780511584169.015,Naturalistic decision making and the new organizational context,1996,
naturalistic decision making expert practitioners sport,crossref,ok,1873346,10.1002/bdm.385,Naturalistic decision making and decision analysis,2001,
naturalistic decision making expert practitioners sport,crossref,ok,1873346,10.21236/ada492114,Naturalistic Decision Making: Implications for Design,1993,
naturalistic decision making expert practitioners sport,crossref,ok,1873346,10.1002/bdm.383,Naturalistic decision making and prescriptive decision theory,2001,
naturalistic decision making expert practitioners sport,crossref,ok,1873346,10.4324/9781410604200-34,The Nature of Constraints on Collaborative Decision Making in Health Care Settings,2001,
naturalistic decision making expert practitioners sport,crossref,ok,1873346,10.1002/bdm.380,Forum on naturalistic decision making,2001,
naturalistic decision making expert practitioners sport,crossref,ok,1873346,10.4324/9781410604200-29,Tool Retention and Fatalities in Wildland Fire Settings: Conceptualizing the Naturalistic,2001,
naturalistic decision making expert practitioners sport,crossref,ok,1873346,10.4324/9781410604200-24,Representing Expertise,2001,
naturalistic decision making expert practitioners sport,crossref,ok,1873346,10.1049/ic:19971217,Quick thinking and naturalistic decision making - the same thing?,1997,
naturalistic decision making expert practitioners sport,crossref,ok,1873346,10.1002/bdm.387,Naturalistic decision making and clinical judgment,2001,
naturalistic decision making expert practitioners sport,crossref,ok,1873346,10.4324/9781410604200-12,Identifying and Testing a Naturalistic Approach for Cognitive Skill Training,2001,
naturalistic decision making expert practitioners sport,crossref,ok,1873346,10.1002/bdm.391,Ambivalence in (not about ) naturalistic decision making,2001,
naturalistic decision making expert practitioners sport,crossref,ok,1873346,10.1002/bdm.393,Naturalistic decision making: still finding its way,2001,
naturalistic decision making expert practitioners sport,crossref,ok,1873346,10.1002/bdm.380.abs,Forum on naturalistic decision making,2001,
naturalistic decision making expert practitioners sport,crossref,ok,1873346,10.4324/9781410604200-11,Decision Skills Training: Facilitating Learning From Experience,2001,
naturalistic decision making expert practitioners sport,crossref,ok,1873346,10.4324/9781410604200-28,Driving Proficiency: The Development of Decision Skills,2001,
naturalistic decision making expert practitioners sport,crossref,ok,1873346,10.1002/bdm.397,Perspectives on naturalistic decision making from organizational behavior,2001,
naturalistic decision making expert practitioners sport,crossref,ok,1873346,10.4324/9781410604200-17,"Self-Evaluation, Stress, and Performance: A Model of Decision Making Under Acute Stress",2001,
naturalistic decision making expert practitioners sport,crossref,ok,1873346,10.1093/ptj/71.3.190,Expert Decision Making in Physical Therapy—A Survey of Practitioners,1991,
naturalistic decision making expert practitioners sport,crossref,ok,1873346,10.4324/9781410604200,Linking Expertise and Naturalistic Decision Making,2001,
naturalistic decision making expert practitioners sport,crossref,ok,1873346,10.4324/9781315095080-2,Focus Article: Taking Stock of Naturalistic Decision Making,2017,
naturalistic decision making expert practitioners sport,crossref,ok,1873346,10.1201/9781315597584-1,Orientation,,
naturalistic decision making expert practitioners sport,crossref,ok,1873346,10.1002/bdm.386,Pursuing an integrated decision science:does ‘naturalistic decision making’ help or hinder?,2001,
naturalistic decision making expert practitioners sport,crossref,ok,1873346,10.1177/1555343416654629,Decision Errors and Accidents,2016,"When faced with dynamic and often ill-structured situations, experienced decision makers can quickly recognize and respond to the situations they encounter, a process referred to as naturalistic decision making. Naturalistic decision-making research has addressed decision-making errors in complex systems, including those that have resulted in accidents, and explained the decision making that led to the errors. Although much research has been suggested by accident investigations, little has been written about how accident investigators apply naturalistic decision-making research to decision-making errors in the accidents they investigate. The purpose of this paper is to illustrate the contribution of naturalistic decision making to accident investigation by describing how investigators explicated decision making in an accident that lacked much of the data that investigators and researchers have typically depended on to examine errors and determine accident causation."
